{"level":"error","message":"✘ Failed to rebuild document Failed to parse niveles.wlk: \n-- PARSING FAILED --------------------------------------------------\n\n  162 |                     transition.desactive()  \n  163 |                 }\n> 164 |             })\n      |             ^\n  165 |             y = y - 1\n  166 |         })\n\nExpected one of the following: \n\n'@', 'class', 'const', 'describe', 'mixin', 'object', 'only', 'package', 'program', 'test', 'var', '{', EOF, comment, not \"}\", whitespace\n","stack":"Error: Failed to parse niveles.wlk: \n-- PARSING FAILED --------------------------------------------------\n\n  162 |                     transition.desactive()  \n  163 |                 }\n> 164 |             })\n      |             ^\n  165 |             y = y - 1\n  166 |         })\n\nExpected one of the following: \n\n'@', 'class', 'const', 'describe', 'mixin', 'object', 'only', 'package', 'program', 'test', 'var', '{', EOF, comment, not \"}\", whitespace\n\n    at c:\\Users\\santi\\.vscode\\extensions\\uqbar.wollok-lsp-ide-0.5.4\\out\\server\\src\\server.js:2353:13026\n    at Array.map (<anonymous>)\n    at U1n (c:\\Users\\santi\\.vscode\\extensions\\uqbar.wollok-lsp-ide-0.5.4\\out\\server\\src\\server.js:2353:12950)\n    at H2.buildEnvironmentFrom (c:\\Users\\santi\\.vscode\\extensions\\uqbar.wollok-lsp-ide-0.5.4\\out\\server\\src\\server.js:2398:5254)\n    at H2.updateEnvironmentWith (c:\\Users\\santi\\.vscode\\extensions\\uqbar.wollok-lsp-ide-0.5.4\\out\\server\\src\\server.js:2398:4989)\n    at GF (c:\\Users\\santi\\.vscode\\extensions\\uqbar.wollok-lsp-ide-0.5.4\\out\\server\\src\\server.js:2398:7383)\n    at V3.invoke (c:\\Users\\santi\\.vscode\\extensions\\uqbar.wollok-lsp-ide-0.5.4\\out\\server\\src\\server.js:3:157328)\n    at o.fire (c:\\Users\\santi\\.vscode\\extensions\\uqbar.wollok-lsp-ide-0.5.4\\out\\server\\src\\server.js:3:158098)\n    at c:\\Users\\santi\\.vscode\\extensions\\uqbar.wollok-lsp-ide-0.5.4\\out\\server\\src\\server.js:37:57871\n    at nd (c:\\Users\\santi\\.vscode\\extensions\\uqbar.wollok-lsp-ide-0.5.4\\out\\server\\src\\server.js:8:1561)","timestamp":"2026-06-06T16:06:22.948Z"}
{"level":"info","message":"⌛ Building environment","timeElapsed":257,"timestamp":"2026-06-06T16:06:29.612Z"}
{"level":"info","message":"⌛ Validating niveles.wlk","timeElapsed":149,"timestamp":"2026-06-06T16:06:29.798Z"}
{"level":"info","message":"⌛ Building environment","timeElapsed":224,"timestamp":"2026-06-06T16:06:30.067Z"}
{"level":"info","message":"⌛ Validating niveles.wlk","timeElapsed":174,"timestamp":"2026-06-06T16:06:30.245Z"}
{"level":"info","message":"⌛ Building environment","timeElapsed":244,"timestamp":"2026-06-06T16:06:30.549Z"}
{"level":"info","message":"⌛ Building environment","timeElapsed":281,"timestamp":"2026-06-06T16:06:30.844Z"}
{"level":"info","message":"⌛ Validating niveles.wlk","timeElapsed":142,"timestamp":"2026-06-06T16:06:30.986Z"}
{"level":"info","message":"⌛ Validating niveles.wlk","timeElapsed":128,"timestamp":"2026-06-06T16:06:31.123Z"}
{"level":"info","message":"⌛ Building environment","timeElapsed":332,"timestamp":"2026-06-06T16:06:37.084Z"}
{"level":"info","message":"⌛ Building environment","timeElapsed":303,"timestamp":"2026-06-06T16:06:37.388Z"}
{"level":"info","message":"⌛ Validating niveles.wlk","timeElapsed":139,"timestamp":"2026-06-06T16:06:37.573Z"}
{"level":"info","message":"⌛ Validating niveles.wlk","timeElapsed":182,"timestamp":"2026-06-06T16:06:37.756Z"}
{"level":"info","message":"⌛ Building environment","timeElapsed":204,"timestamp":"2026-06-06T16:06:38.484Z"}
{"level":"info","message":"⌛ Validating niveles.wlk","timeElapsed":175,"timestamp":"2026-06-06T16:06:38.669Z"}
{"level":"info","message":"⌛ Building environment","timeElapsed":278,"timestamp":"2026-06-06T16:06:39.028Z"}
{"level":"error","message":"✘ Completions for node Send ([136:50, 136:69] - niveles.wlk) failed: Error: [Send]{02f70c} at niveles.wlk:136 exhausted all cases without a match [Send]{02f70c} at niveles.wlk:136 exhausted all cases without a match","stack":"Error: [Send]{02f70c} at niveles.wlk:136 exhausted all cases without a match\n    at c:\\Users\\santi\\.vscode\\extensions\\uqbar.wollok-lsp-ide-0.5.4\\out\\server\\src\\server.js:38:6142\n    at L2 (c:\\Users\\santi\\.vscode\\extensions\\uqbar.wollok-lsp-ide-0.5.4\\out\\server\\src\\server.js:2389:42)\n    at Jh (c:\\Users\\santi\\.vscode\\extensions\\uqbar.wollok-lsp-ide-0.5.4\\out\\server\\src\\server.js:2389:1092)\n    at M5n (c:\\Users\\santi\\.vscode\\extensions\\uqbar.wollok-lsp-ide-0.5.4\\out\\server\\src\\server.js:2389:1248)\n    at c:\\Users\\santi\\.vscode\\extensions\\uqbar.wollok-lsp-ide-0.5.4\\out\\server\\src\\server.js:38:6131\n    at L2 (c:\\Users\\santi\\.vscode\\extensions\\uqbar.wollok-lsp-ide-0.5.4\\out\\server\\src\\server.js:2389:42)\n    at c:\\Users\\santi\\.vscode\\extensions\\uqbar.wollok-lsp-ide-0.5.4\\out\\server\\src\\server.js:2389:2988\n    at c:\\Users\\santi\\.vscode\\extensions\\uqbar.wollok-lsp-ide-0.5.4\\out\\server\\src\\server.js:2398:8440\n    at c:\\Users\\santi\\.vscode\\extensions\\uqbar.wollok-lsp-ide-0.5.4\\out\\server\\src\\server.js:37:74872\n    at Ke (c:\\Users\\santi\\.vscode\\extensions\\uqbar.wollok-lsp-ide-0.5.4\\out\\server\\src\\server.js:7:8527)","timestamp":"2026-06-06T16:06:39.065Z"}
{"level":"error","message":"✘ Completions for node Send ([136:47, 136:69] - niveles.wlk) failed: Error: [Send]{e4c094} at niveles.wlk:136 exhausted all cases without a match [Send]{e4c094} at niveles.wlk:136 exhausted all cases without a match","stack":"Error: [Send]{e4c094} at niveles.wlk:136 exhausted all cases without a match\n    at c:\\Users\\santi\\.vscode\\extensions\\uqbar.wollok-lsp-ide-0.5.4\\out\\server\\src\\server.js:38:6142\n    at L2 (c:\\Users\\santi\\.vscode\\extensions\\uqbar.wollok-lsp-ide-0.5.4\\out\\server\\src\\server.js:2389:42)\n    at Jh (c:\\Users\\santi\\.vscode\\extensions\\uqbar.wollok-lsp-ide-0.5.4\\out\\server\\src\\server.js:2389:1092)\n    at L2 (c:\\Users\\santi\\.vscode\\extensions\\uqbar.wollok-lsp-ide-0.5.4\\out\\server\\src\\server.js:2389:544)\n    at Jh (c:\\Users\\santi\\.vscode\\extensions\\uqbar.wollok-lsp-ide-0.5.4\\out\\server\\src\\server.js:2389:1092)\n    at M5n (c:\\Users\\santi\\.vscode\\extensions\\uqbar.wollok-lsp-ide-0.5.4\\out\\server\\src\\server.js:2389:1248)\n    at c:\\Users\\santi\\.vscode\\extensions\\uqbar.wollok-lsp-ide-0.5.4\\out\\server\\src\\server.js:38:6131\n    at L2 (c:\\Users\\santi\\.vscode\\extensions\\uqbar.wollok-lsp-ide-0.5.4\\out\\server\\src\\server.js:2389:42)\n    at c:\\Users\\santi\\.vscode\\extensions\\uqbar.wollok-lsp-ide-0.5.4\\out\\server\\src\\server.js:2389:2988\n    at c:\\Users\\santi\\.vscode\\extensions\\uqbar.wollok-lsp-ide-0.5.4\\out\\server\\src\\server.js:2398:8440","timestamp":"2026-06-06T16:06:39.065Z"}
{"level":"error","message":"✘ Completions for node Send ([136:46, 136:80] - niveles.wlk) failed: Error: [Send]{6cd177} at niveles.wlk:136 exhausted all cases without a match [Send]{6cd177} at niveles.wlk:136 exhausted all cases without a match","stack":"Error: [Send]{6cd177} at niveles.wlk:136 exhausted all cases without a match\n    at c:\\Users\\santi\\.vscode\\extensions\\uqbar.wollok-lsp-ide-0.5.4\\out\\server\\src\\server.js:38:6142\n    at L2 (c:\\Users\\santi\\.vscode\\extensions\\uqbar.wollok-lsp-ide-0.5.4\\out\\server\\src\\server.js:2389:42)\n    at Jh (c:\\Users\\santi\\.vscode\\extensions\\uqbar.wollok-lsp-ide-0.5.4\\out\\server\\src\\server.js:2389:1092)\n    at L2 (c:\\Users\\santi\\.vscode\\extensions\\uqbar.wollok-lsp-ide-0.5.4\\out\\server\\src\\server.js:2389:544)\n    at Jh (c:\\Users\\santi\\.vscode\\extensions\\uqbar.wollok-lsp-ide-0.5.4\\out\\server\\src\\server.js:2389:1092)\n    at L2 (c:\\Users\\santi\\.vscode\\extensions\\uqbar.wollok-lsp-ide-0.5.4\\out\\server\\src\\server.js:2389:544)\n    at Jh (c:\\Users\\santi\\.vscode\\extensions\\uqbar.wollok-lsp-ide-0.5.4\\out\\server\\src\\server.js:2389:1092)\n    at M5n (c:\\Users\\santi\\.vscode\\extensions\\uqbar.wollok-lsp-ide-0.5.4\\out\\server\\src\\server.js:2389:1248)\n    at c:\\Users\\santi\\.vscode\\extensions\\uqbar.wollok-lsp-ide-0.5.4\\out\\server\\src\\server.js:38:6131\n    at L2 (c:\\Users\\santi\\.vscode\\extensions\\uqbar.wollok-lsp-ide-0.5.4\\out\\server\\src\\server.js:2389:42)","timestamp":"2026-06-06T16:06:39.066Z"}
{"level":"error","message":"✘ Completions for node Send ([136:28, 136:82] - niveles.wlk) failed: Error: [Send]{722543} at niveles.wlk:136 exhausted all cases without a match [Send]{722543} at niveles.wlk:136 exhausted all cases without a match","stack":"Error: [Send]{722543} at niveles.wlk:136 exhausted all cases without a match\n    at c:\\Users\\santi\\.vscode\\extensions\\uqbar.wollok-lsp-ide-0.5.4\\out\\server\\src\\server.js:38:6142\n    at L2 (c:\\Users\\santi\\.vscode\\extensions\\uqbar.wollok-lsp-ide-0.5.4\\out\\server\\src\\server.js:2389:42)\n    at Jh (c:\\Users\\santi\\.vscode\\extensions\\uqbar.wollok-lsp-ide-0.5.4\\out\\server\\src\\server.js:2389:1092)\n    at L2 (c:\\Users\\santi\\.vscode\\extensions\\uqbar.wollok-lsp-ide-0.5.4\\out\\server\\src\\server.js:2389:544)\n    at Jh (c:\\Users\\santi\\.vscode\\extensions\\uqbar.wollok-lsp-ide-0.5.4\\out\\server\\src\\server.js:2389:1092)\n    at L2 (c:\\Users\\santi\\.vscode\\extensions\\uqbar.wollok-lsp-ide-0.5.4\\out\\server\\src\\server.js:2389:544)\n    at Jh (c:\\Users\\santi\\.vscode\\extensions\\uqbar.wollok-lsp-ide-0.5.4\\out\\server\\src\\server.js:2389:1092)\n    at L2 (c:\\Users\\santi\\.vscode\\extensions\\uqbar.wollok-lsp-ide-0.5.4\\out\\server\\src\\server.js:2389:544)\n    at Jh (c:\\Users\\santi\\.vscode\\extensions\\uqbar.wollok-lsp-ide-0.5.4\\out\\server\\src\\server.js:2389:1092)\n    at M5n (c:\\Users\\santi\\.vscode\\extensions\\uqbar.wollok-lsp-ide-0.5.4\\out\\server\\src\\server.js:2389:1248)","timestamp":"2026-06-06T16:06:39.066Z"}
{"level":"error","message":"✘ Completions for node Return (undefined - niveles.wlk) failed: Error: [Return]{615d6d} at niveles.wlk:-- exhausted all cases without a match [Return]{615d6d} at niveles.wlk:-- exhausted all cases without a match","stack":"Error: [Return]{615d6d} at niveles.wlk:-- exhausted all cases without a match\n    at c:\\Users\\santi\\.vscode\\extensions\\uqbar.wollok-lsp-ide-0.5.4\\out\\server\\src\\server.js:38:6142\n    at L2 (c:\\Users\\santi\\.vscode\\extensions\\uqbar.wollok-lsp-ide-0.5.4\\out\\server\\src\\server.js:2389:42)\n    at Jh (c:\\Users\\santi\\.vscode\\extensions\\uqbar.wollok-lsp-ide-0.5.4\\out\\server\\src\\server.js:2389:1092)\n    at L2 (c:\\Users\\santi\\.vscode\\extensions\\uqbar.wollok-lsp-ide-0.5.4\\out\\server\\src\\server.js:2389:544)\n    at Jh (c:\\Users\\santi\\.vscode\\extensions\\uqbar.wollok-lsp-ide-0.5.4\\out\\server\\src\\server.js:2389:1092)\n    at L2 (c:\\Users\\santi\\.vscode\\extensions\\uqbar.wollok-lsp-ide-0.5.4\\out\\server\\src\\server.js:2389:544)\n    at Jh (c:\\Users\\santi\\.vscode\\extensions\\uqbar.wollok-lsp-ide-0.5.4\\out\\server\\src\\server.js:2389:1092)\n    at L2 (c:\\Users\\santi\\.vscode\\extensions\\uqbar.wollok-lsp-ide-0.5.4\\out\\server\\src\\server.js:2389:544)\n    at Jh (c:\\Users\\santi\\.vscode\\extensions\\uqbar.wollok-lsp-ide-0.5.4\\out\\server\\src\\server.js:2389:1092)\n    at L2 (c:\\Users\\santi\\.vscode\\extensions\\uqbar.wollok-lsp-ide-0.5.4\\out\\server\\src\\server.js:2389:544)","timestamp":"2026-06-06T16:06:39.066Z"}
{"level":"info","message":"⌛ Validating niveles.wlk","timeElapsed":132,"timestamp":"2026-06-06T16:06:39.269Z"}
{"level":"info","message":"⌛ Building environment","timeElapsed":321,"timestamp":"2026-06-06T16:06:43.697Z"}
{"level":"info","message":"⌛ Validating niveles.wlk","timeElapsed":163,"timestamp":"2026-06-06T16:06:44.024Z"}
{"level":"info","message":"⌛ Building environment","timeElapsed":321,"timestamp":"2026-06-06T16:06:51.315Z"}
{"level":"info","message":"⌛ Validating niveles.wlk","timeElapsed":168,"timestamp":"2026-06-06T16:06:51.680Z"}
{"level":"info","message":"⌛ Building environment","timeElapsed":234,"timestamp":"2026-06-06T16:07:00.027Z"}
{"level":"info","message":"⌛ Validating niveles.wlk","timeElapsed":204,"timestamp":"2026-06-06T16:07:00.234Z"}
{"level":"info","message":"⌛ Building environment","timeElapsed":249,"timestamp":"2026-06-06T16:07:00.499Z"}
{"level":"info","message":"⌛ Validating niveles.wlk","timeElapsed":141,"timestamp":"2026-06-06T16:07:00.661Z"}
{"level":"info","message":"⌛ Building environment","timeElapsed":207,"timestamp":"2026-06-06T16:07:01.301Z"}
{"level":"info","message":"⌛ Building environment","timeElapsed":370,"timestamp":"2026-06-06T16:07:01.684Z"}
{"level":"info","message":"⌛ Validating niveles.wlk","timeElapsed":158,"timestamp":"2026-06-06T16:07:01.842Z"}
{"level":"info","message":"⌛ Validating niveles.wlk","timeElapsed":189,"timestamp":"2026-06-06T16:07:02.081Z"}
{"level":"info","message":"⌛ Building environment","timeElapsed":407,"timestamp":"2026-06-06T16:07:20.848Z"}
{"level":"info","message":"⌛ Building environment","timeElapsed":285,"timestamp":"2026-06-06T16:07:21.134Z"}
{"level":"info","message":"⌛ Validating niveles.wlk","timeElapsed":152,"timestamp":"2026-06-06T16:07:21.296Z"}
{"level":"info","message":"⌛ Validating niveles.wlk","timeElapsed":200,"timestamp":"2026-06-06T16:07:21.500Z"}
{"level":"error","message":"✘ Failed to rebuild document Failed to parse niveles.wlk: \n-- PARSING FAILED --------------------------------------------------\n\n  68 | \n  69 |                 self.procesarCelda(celda, posX, posY)\n> 70 |             })\n     |             ^\n  71 |         })\n  72 |     }\n\nExpected one of the following: \n\n'@', 'class', 'const', 'describe', 'mixin', 'object', 'only', 'package', 'program', 'test', 'var', '{', EOF, comment, not \"}\", whitespace\n","stack":"Error: Failed to parse niveles.wlk: \n-- PARSING FAILED --------------------------------------------------\n\n  68 | \n  69 |                 self.procesarCelda(celda, posX, posY)\n> 70 |             })\n     |             ^\n  71 |         })\n  72 |     }\n\nExpected one of the following: \n\n'@', 'class', 'const', 'describe', 'mixin', 'object', 'only', 'package', 'program', 'test', 'var', '{', EOF, comment, not \"}\", whitespace\n\n    at c:\\Users\\santi\\.vscode\\extensions\\uqbar.wollok-lsp-ide-0.5.4\\out\\server\\src\\server.js:2353:13026\n    at Array.map (<anonymous>)\n    at U1n (c:\\Users\\santi\\.vscode\\extensions\\uqbar.wollok-lsp-ide-0.5.4\\out\\server\\src\\server.js:2353:12950)\n    at H2.buildEnvironmentFrom (c:\\Users\\santi\\.vscode\\extensions\\uqbar.wollok-lsp-ide-0.5.4\\out\\server\\src\\server.js:2398:5254)\n    at H2.updateEnvironmentWith (c:\\Users\\santi\\.vscode\\extensions\\uqbar.wollok-lsp-ide-0.5.4\\out\\server\\src\\server.js:2398:4989)\n    at GF (c:\\Users\\santi\\.vscode\\extensions\\uqbar.wollok-lsp-ide-0.5.4\\out\\server\\src\\server.js:2398:7383)\n    at V3.invoke (c:\\Users\\santi\\.vscode\\extensions\\uqbar.wollok-lsp-ide-0.5.4\\out\\server\\src\\server.js:3:157328)\n    at o.fire (c:\\Users\\santi\\.vscode\\extensions\\uqbar.wollok-lsp-ide-0.5.4\\out\\server\\src\\server.js:3:158098)\n    at c:\\Users\\santi\\.vscode\\extensions\\uqbar.wollok-lsp-ide-0.5.4\\out\\server\\src\\server.js:37:57871\n    at nd (c:\\Users\\santi\\.vscode\\extensions\\uqbar.wollok-lsp-ide-0.5.4\\out\\server\\src\\server.js:8:1561)","timestamp":"2026-06-06T16:07:21.529Z"}
{"level":"info","message":"⌛ Building environment","timeElapsed":313,"timestamp":"2026-06-06T16:07:21.897Z"}
{"level":"info","message":"⌛ Validating niveles.wlk","timeElapsed":167,"timestamp":"2026-06-06T16:07:22.153Z"}
{"level":"info","message":"⌛ Building environment","timeElapsed":277,"timestamp":"2026-06-06T16:07:22.433Z"}
{"level":"info","message":"⌛ Building environment","timeElapsed":226,"timestamp":"2026-06-06T16:07:22.659Z"}
{"level":"info","message":"⌛ Building environment","timeElapsed":286,"timestamp":"2026-06-06T16:07:22.946Z"}
{"level":"info","message":"⌛ Building environment","timeElapsed":243,"timestamp":"2026-06-06T16:07:23.222Z"}
{"level":"info","message":"⌛ Building environment","timeElapsed":317,"timestamp":"2026-06-06T16:07:23.542Z"}
{"level":"info","message":"⌛ Validating niveles.wlk","timeElapsed":172,"timestamp":"2026-06-06T16:07:23.715Z"}
{"level":"info","message":"⌛ Validating niveles.wlk","timeElapsed":172,"timestamp":"2026-06-06T16:07:23.887Z"}
{"level":"info","message":"⌛ Building environment","timeElapsed":229,"timestamp":"2026-06-06T16:07:24.117Z"}
{"level":"info","message":"⌛ Building environment","timeElapsed":232,"timestamp":"2026-06-06T16:07:24.349Z"}
{"level":"info","message":"⌛ Validating niveles.wlk","timeElapsed":143,"timestamp":"2026-06-06T16:07:24.492Z"}
{"level":"info","message":"⌛ Validating niveles.wlk","timeElapsed":151,"timestamp":"2026-06-06T16:07:24.715Z"}
{"level":"info","message":"⌛ Validating niveles.wlk","timeElapsed":145,"timestamp":"2026-06-06T16:07:24.860Z"}
{"level":"info","message":"⌛ Validating niveles.wlk","timeElapsed":178,"timestamp":"2026-06-06T16:07:25.039Z"}
{"level":"info","message":"⌛ Building environment","timeElapsed":312,"timestamp":"2026-06-06T16:07:25.353Z"}
{"level":"info","message":"⌛ Validating niveles.wlk","timeElapsed":131,"timestamp":"2026-06-06T16:07:25.534Z"}
{"level":"info","message":"⌛ Building environment","timeElapsed":241,"timestamp":"2026-06-06T16:07:25.776Z"}
{"level":"info","message":"⌛ Building environment","timeElapsed":309,"timestamp":"2026-06-06T16:07:26.087Z"}
{"level":"info","message":"⌛ Autocomplete - Reference","timeElapsed":112,"timestamp":"2026-06-06T16:07:26.223Z"}
{"level":"info","message":"⌛ Validating niveles.wlk","timeElapsed":141,"timestamp":"2026-06-06T16:07:26.368Z"}
{"level":"info","message":"⌛ Building environment","timeElapsed":248,"timestamp":"2026-06-06T16:07:26.634Z"}
{"level":"info","message":"⌛ Validating niveles.wlk","timeElapsed":148,"timestamp":"2026-06-06T16:07:26.782Z"}
{"level":"info","message":"⌛ Validating niveles.wlk","timeElapsed":156,"timestamp":"2026-06-06T16:07:26.948Z"}
{"level":"info","message":"⌛ Validating niveles.wlk","timeElapsed":233,"timestamp":"2026-06-06T16:07:27.184Z"}
{"level":"info","message":"⌛ Building environment","timeElapsed":204,"timestamp":"2026-06-06T16:08:06.445Z"}
{"level":"info","message":"⌛ Autocomplete - Reference","timeElapsed":102,"timestamp":"2026-06-06T16:08:06.565Z"}
{"level":"info","message":"⌛ Validating niveles.wlk","timeElapsed":231,"timestamp":"2026-06-06T16:08:06.797Z"}
{"level":"info","message":"⌛ Building environment","timeElapsed":458,"timestamp":"2026-06-06T16:08:07.257Z"}
{"level":"info","message":"⌛ Building environment","timeElapsed":305,"timestamp":"2026-06-06T16:08:07.574Z"}
{"level":"info","message":"⌛ Building environment","timeElapsed":294,"timestamp":"2026-06-06T16:08:07.868Z"}
{"level":"info","message":"⌛ Building environment","timeElapsed":229,"timestamp":"2026-06-06T16:08:08.099Z"}
{"level":"info","message":"⌛ Building environment","timeElapsed":664,"timestamp":"2026-06-06T16:08:08.765Z"}
{"level":"info","message":"⌛ Building environment","timeElapsed":318,"timestamp":"2026-06-06T16:08:09.100Z"}
{"level":"info","message":"⌛ Validating niveles.wlk","timeElapsed":221,"timestamp":"2026-06-06T16:08:09.321Z"}
{"level":"info","message":"⌛ Building environment","timeElapsed":212,"timestamp":"2026-06-06T16:08:09.533Z"}
{"level":"info","message":"⌛ Validating niveles.wlk","timeElapsed":127,"timestamp":"2026-06-06T16:08:09.711Z"}
{"level":"info","message":"⌛ Building environment","timeElapsed":192,"timestamp":"2026-06-06T16:08:09.905Z"}
{"level":"info","message":"⌛ Building environment","timeElapsed":357,"timestamp":"2026-06-06T16:08:10.272Z"}
{"level":"info","message":"⌛ Building environment","timeElapsed":221,"timestamp":"2026-06-06T16:08:10.495Z"}
{"level":"info","message":"⌛ Validating niveles.wlk","timeElapsed":175,"timestamp":"2026-06-06T16:08:10.670Z"}
{"level":"info","message":"⌛ Validating niveles.wlk","timeElapsed":194,"timestamp":"2026-06-06T16:08:10.887Z"}
{"level":"info","message":"⌛ Building environment","timeElapsed":232,"timestamp":"2026-06-06T16:08:11.120Z"}
{"level":"info","message":"⌛ Validating niveles.wlk","timeElapsed":169,"timestamp":"2026-06-06T16:08:11.289Z"}
{"level":"info","message":"⌛ Building environment","timeElapsed":215,"timestamp":"2026-06-06T16:08:11.506Z"}
{"level":"info","message":"⌛ Validating niveles.wlk","timeElapsed":165,"timestamp":"2026-06-06T16:08:11.750Z"}
{"level":"info","message":"⌛ Validating niveles.wlk","timeElapsed":167,"timestamp":"2026-06-06T16:08:11.920Z"}
{"level":"info","message":"⌛ Validating niveles.wlk","timeElapsed":209,"timestamp":"2026-06-06T16:08:12.142Z"}
{"level":"info","message":"⌛ Building environment","timeElapsed":459,"timestamp":"2026-06-06T16:08:12.614Z"}
{"level":"error","message":"✘ Completions for node Send ([48:9, 49:23] - niveles.wlk) failed: Error: [Send]{aa4233} at niveles.wlk:48 exhausted all cases without a match [Send]{aa4233} at niveles.wlk:48 exhausted all cases without a match","stack":"Error: [Send]{aa4233} at niveles.wlk:48 exhausted all cases without a match\n    at c:\\Users\\santi\\.vscode\\extensions\\uqbar.wollok-lsp-ide-0.5.4\\out\\server\\src\\server.js:38:6142\n    at L2 (c:\\Users\\santi\\.vscode\\extensions\\uqbar.wollok-lsp-ide-0.5.4\\out\\server\\src\\server.js:2389:42)\n    at Jh (c:\\Users\\santi\\.vscode\\extensions\\uqbar.wollok-lsp-ide-0.5.4\\out\\server\\src\\server.js:2389:1092)\n    at M5n (c:\\Users\\santi\\.vscode\\extensions\\uqbar.wollok-lsp-ide-0.5.4\\out\\server\\src\\server.js:2389:1248)\n    at c:\\Users\\santi\\.vscode\\extensions\\uqbar.wollok-lsp-ide-0.5.4\\out\\server\\src\\server.js:38:6131\n    at L2 (c:\\Users\\santi\\.vscode\\extensions\\uqbar.wollok-lsp-ide-0.5.4\\out\\server\\src\\server.js:2389:42)\n    at c:\\Users\\santi\\.vscode\\extensions\\uqbar.wollok-lsp-ide-0.5.4\\out\\server\\src\\server.js:2389:2988\n    at c:\\Users\\santi\\.vscode\\extensions\\uqbar.wollok-lsp-ide-0.5.4\\out\\server\\src\\server.js:2398:8440\n    at c:\\Users\\santi\\.vscode\\extensions\\uqbar.wollok-lsp-ide-0.5.4\\out\\server\\src\\server.js:37:74872\n    at Ke (c:\\Users\\santi\\.vscode\\extensions\\uqbar.wollok-lsp-ide-0.5.4\\out\\server\\src\\server.js:7:8527)","timestamp":"2026-06-06T16:08:12.657Z"}
{"level":"info","message":"⌛ Validating niveles.wlk","timeElapsed":161,"timestamp":"2026-06-06T16:08:12.822Z"}
{"level":"info","message":"⌛ Building environment","timeElapsed":228,"timestamp":"2026-06-06T16:08:13.051Z"}
{"level":"info","message":"⌛ Building environment","timeElapsed":208,"timestamp":"2026-06-06T16:08:13.259Z"}
{"level":"info","message":"⌛ Validating niveles.wlk","timeElapsed":137,"timestamp":"2026-06-06T16:08:13.396Z"}
{"level":"info","message":"⌛ Building environment","timeElapsed":318,"timestamp":"2026-06-06T16:08:13.715Z"}
{"level":"info","message":"⌛ Building environment","timeElapsed":265,"timestamp":"2026-06-06T16:08:13.981Z"}
{"level":"info","message":"⌛ Validating niveles.wlk","timeElapsed":276,"timestamp":"2026-06-06T16:08:14.298Z"}
{"level":"info","message":"⌛ Building environment","timeElapsed":284,"timestamp":"2026-06-06T16:08:14.583Z"}
{"level":"info","message":"⌛ Validating niveles.wlk","timeElapsed":186,"timestamp":"2026-06-06T16:08:14.784Z"}
{"level":"info","message":"⌛ Building environment","timeElapsed":249,"timestamp":"2026-06-06T16:08:15.059Z"}
{"level":"info","message":"⌛ Building environment","timeElapsed":239,"timestamp":"2026-06-06T16:08:15.305Z"}
{"level":"info","message":"⌛ Building environment","timeElapsed":440,"timestamp":"2026-06-06T16:08:15.747Z"}
{"level":"info","message":"⌛ Building environment","timeElapsed":218,"timestamp":"2026-06-06T16:08:15.966Z"}
{"level":"info","message":"⌛ Building environment","timeElapsed":283,"timestamp":"2026-06-06T16:08:16.250Z"}
{"level":"info","message":"⌛ Validating niveles.wlk","timeElapsed":191,"timestamp":"2026-06-06T16:08:16.476Z"}
{"level":"info","message":"⌛ Validating niveles.wlk","timeElapsed":157,"timestamp":"2026-06-06T16:08:16.633Z"}
{"level":"info","message":"⌛ Validating niveles.wlk","timeElapsed":142,"timestamp":"2026-06-06T16:08:16.790Z"}
{"level":"info","message":"⌛ Building environment","timeElapsed":206,"timestamp":"2026-06-06T16:08:16.996Z"}
{"level":"info","message":"⌛ Validating niveles.wlk","timeElapsed":153,"timestamp":"2026-06-06T16:08:17.217Z"}
{"level":"info","message":"⌛ Building environment","timeElapsed":364,"timestamp":"2026-06-06T16:08:17.583Z"}
{"level":"info","message":"⌛ Validating niveles.wlk","timeElapsed":149,"timestamp":"2026-06-06T16:08:17.741Z"}
{"level":"info","message":"⌛ Building environment","timeElapsed":259,"timestamp":"2026-06-06T16:08:18.010Z"}
{"level":"info","message":"⌛ Building environment","timeElapsed":226,"timestamp":"2026-06-06T16:08:18.241Z"}
{"level":"info","message":"⌛ Building environment","timeElapsed":228,"timestamp":"2026-06-06T16:08:18.470Z"}
{"level":"info","message":"⌛ Validating niveles.wlk","timeElapsed":181,"timestamp":"2026-06-06T16:08:18.668Z"}
{"level":"info","message":"⌛ Building environment","timeElapsed":204,"timestamp":"2026-06-06T16:08:18.874Z"}
{"level":"info","message":"⌛ Building environment","timeElapsed":233,"timestamp":"2026-06-06T16:08:19.116Z"}
{"level":"info","message":"⌛ Building environment","timeElapsed":244,"timestamp":"2026-06-06T16:08:19.360Z"}
{"level":"info","message":"⌛ Validating niveles.wlk","timeElapsed":281,"timestamp":"2026-06-06T16:08:19.643Z"}
{"level":"info","message":"⌛ Building environment","timeElapsed":302,"timestamp":"2026-06-06T16:08:19.947Z"}
{"level":"info","message":"⌛ Validating niveles.wlk","timeElapsed":193,"timestamp":"2026-06-06T16:08:20.181Z"}
{"level":"info","message":"⌛ Validating niveles.wlk","timeElapsed":180,"timestamp":"2026-06-06T16:08:20.362Z"}
{"level":"info","message":"⌛ Validating niveles.wlk","timeElapsed":185,"timestamp":"2026-06-06T16:08:20.548Z"}
{"level":"info","message":"⌛ Validating niveles.wlk","timeElapsed":141,"timestamp":"2026-06-06T16:08:20.690Z"}
{"level":"info","message":"⌛ Validating niveles.wlk","timeElapsed":151,"timestamp":"2026-06-06T16:08:20.841Z"}
{"level":"info","message":"⌛ Validating niveles.wlk","timeElapsed":178,"timestamp":"2026-06-06T16:08:21.040Z"}
{"level":"info","message":"⌛ Validating niveles.wlk","timeElapsed":178,"timestamp":"2026-06-06T16:08:21.220Z"}
{"level":"info","message":"⌛ Validating niveles.wlk","timeElapsed":153,"timestamp":"2026-06-06T16:08:21.389Z"}
{"level":"info","message":"⌛ Validating niveles.wlk","timeElapsed":163,"timestamp":"2026-06-06T16:08:21.553Z"}
{"level":"info","message":"⌛ Validating niveles.wlk","timeElapsed":200,"timestamp":"2026-06-06T16:08:21.790Z"}
{"level":"info","message":"⌛ Validating niveles.wlk","timeElapsed":141,"timestamp":"2026-06-06T16:08:21.943Z"}
{"level":"info","message":"⌛ Validating niveles.wlk","timeElapsed":179,"timestamp":"2026-06-06T16:08:22.123Z"}
{"level":"info","message":"⌛ Validating niveles.wlk","timeElapsed":194,"timestamp":"2026-06-06T16:08:22.340Z"}
{"level":"info","message":"⌛ Building environment","timeElapsed":212,"timestamp":"2026-06-06T16:08:25.682Z"}
{"level":"info","message":"⌛ Validating niveles.wlk","timeElapsed":160,"timestamp":"2026-06-06T16:08:25.851Z"}
{"level":"info","message":"⌛ Building environment","timeElapsed":425,"timestamp":"2026-06-06T16:08:26.364Z"}
{"level":"info","message":"⌛ Building environment","timeElapsed":339,"timestamp":"2026-06-06T16:08:26.744Z"}
{"level":"info","message":"⌛ Building environment","timeElapsed":451,"timestamp":"2026-06-06T16:08:27.196Z"}
{"level":"info","message":"⌛ Building environment","timeElapsed":275,"timestamp":"2026-06-06T16:08:27.473Z"}
{"level":"info","message":"⌛ Validating niveles.wlk","timeElapsed":143,"timestamp":"2026-06-06T16:08:27.616Z"}
{"level":"info","message":"⌛ Building environment","timeElapsed":207,"timestamp":"2026-06-06T16:08:27.824Z"}
{"level":"info","message":"⌛ Building environment","timeElapsed":295,"timestamp":"2026-06-06T16:08:28.166Z"}
{"level":"info","message":"⌛ Validating niveles.wlk","timeElapsed":141,"timestamp":"2026-06-06T16:08:28.325Z"}
{"level":"info","message":"⌛ Validating niveles.wlk","timeElapsed":175,"timestamp":"2026-06-06T16:08:28.500Z"}
{"level":"info","message":"⌛ Validating niveles.wlk","timeElapsed":183,"timestamp":"2026-06-06T16:08:28.687Z"}
{"level":"info","message":"⌛ Validating niveles.wlk","timeElapsed":168,"timestamp":"2026-06-06T16:08:28.855Z"}
{"level":"info","message":"⌛ Building environment","timeElapsed":378,"timestamp":"2026-06-06T16:08:29.257Z"}
{"level":"info","message":"⌛ Validating niveles.wlk","timeElapsed":186,"timestamp":"2026-06-06T16:08:29.443Z"}
{"level":"info","message":"⌛ Building environment","timeElapsed":372,"timestamp":"2026-06-06T16:08:29.815Z"}
{"level":"info","message":"⌛ Building environment","timeElapsed":250,"timestamp":"2026-06-06T16:08:30.065Z"}
{"level":"info","message":"⌛ Building environment","timeElapsed":278,"timestamp":"2026-06-06T16:08:30.343Z"}
{"level":"info","message":"⌛ Building environment","timeElapsed":279,"timestamp":"2026-06-06T16:08:30.622Z"}
{"level":"info","message":"⌛ Building environment","timeElapsed":213,"timestamp":"2026-06-06T16:08:30.906Z"}
{"level":"info","message":"⌛ Building environment","timeElapsed":272,"timestamp":"2026-06-06T16:08:31.203Z"}
{"level":"info","message":"⌛ Validating niveles.wlk","timeElapsed":134,"timestamp":"2026-06-06T16:08:31.357Z"}
{"level":"info","message":"⌛ Building environment","timeElapsed":238,"timestamp":"2026-06-06T16:08:31.598Z"}
{"level":"info","message":"⌛ Validating niveles.wlk","timeElapsed":148,"timestamp":"2026-06-06T16:08:31.746Z"}
{"level":"info","message":"⌛ Validating niveles.wlk","timeElapsed":289,"timestamp":"2026-06-06T16:08:32.061Z"}
{"level":"info","message":"⌛ Building environment","timeElapsed":272,"timestamp":"2026-06-06T16:08:32.334Z"}
{"level":"info","message":"⌛ Validating niveles.wlk","timeElapsed":148,"timestamp":"2026-06-06T16:08:32.482Z"}
{"level":"info","message":"⌛ Validating niveles.wlk","timeElapsed":199,"timestamp":"2026-06-06T16:08:32.707Z"}
{"level":"info","message":"⌛ Validating niveles.wlk","timeElapsed":176,"timestamp":"2026-06-06T16:08:32.884Z"}
{"level":"info","message":"⌛ Validating niveles.wlk","timeElapsed":174,"timestamp":"2026-06-06T16:08:33.059Z"}
{"level":"info","message":"⌛ Validating niveles.wlk","timeElapsed":189,"timestamp":"2026-06-06T16:08:33.249Z"}
{"level":"info","message":"⌛ Validating niveles.wlk","timeElapsed":157,"timestamp":"2026-06-06T16:08:33.441Z"}
{"level":"info","message":"⌛ Building environment","timeElapsed":243,"timestamp":"2026-06-06T16:08:37.491Z"}
{"level":"info","message":"⌛ Validating niveles.wlk","timeElapsed":174,"timestamp":"2026-06-06T16:08:37.699Z"}
{"level":"info","message":"⌛ Building environment","timeElapsed":229,"timestamp":"2026-06-06T16:08:37.961Z"}
{"level":"info","message":"⌛ Validating niveles.wlk","timeElapsed":217,"timestamp":"2026-06-06T16:08:38.180Z"}
{"level":"info","message":"⌛ Building environment","timeElapsed":230,"timestamp":"2026-06-06T16:08:38.410Z"}
{"level":"info","message":"⌛ Building environment","timeElapsed":272,"timestamp":"2026-06-06T16:08:38.722Z"}
{"level":"info","message":"⌛ Validating niveles.wlk","timeElapsed":242,"timestamp":"2026-06-06T16:08:38.965Z"}
{"level":"info","message":"⌛ Validating niveles.wlk","timeElapsed":163,"timestamp":"2026-06-06T16:08:39.150Z"}
{"level":"info","message":"⌛ Building environment","timeElapsed":908,"timestamp":"2026-06-06T16:09:05.275Z"}
{"level":"info","message":"⌛ Building environment","timeElapsed":388,"timestamp":"2026-06-06T16:09:05.716Z"}
{"level":"info","message":"⌛ Building environment","timeElapsed":230,"timestamp":"2026-06-06T16:09:05.976Z"}
{"level":"info","message":"⌛ Validating niveles.wlk","timeElapsed":138,"timestamp":"2026-06-06T16:09:06.150Z"}
{"level":"info","message":"⌛ Validating niveles.wlk","timeElapsed":162,"timestamp":"2026-06-06T16:09:06.315Z"}
{"level":"info","message":"⌛ Validating niveles.wlk","timeElapsed":157,"timestamp":"2026-06-06T16:09:06.473Z"}
{"level":"error","message":"✘ Failed to get type description: Error: Failed to print, found malformed node Failed to print, found malformed node","node":{"id":"f55a80e7-5781-4596-b93a-0746e7b09000","metadata":[],"problems":[{"code":"malformedSentence","sourceMap":{"end":{"column":56,"line":40,"offset":990},"start":{"column":29,"line":40,"offset":963}}},{"code":"malformedSentence","sourceMap":{"end":{"column":40,"line":48,"offset":1236},"start":{"column":33,"line":48,"offset":1229}}}],"scope":{"containerScope":{"containerScope":{"containerScope":{"containerScope":{"contributions":{},"includedScopes":[]},"contributions":{},"includedScopes":[{"contributions":{},"includedScopes":[]},{"contributions":{},"includedScopes":[]},{"contributions":{},"includedScopes":[]},{"contributions":{},"includedScopes":[]},{"contributions":{},"includedScopes":[]},{"contributions":{},"includedScopes":[]}]},"contributions":{},"includedScopes":[{"containerScope":{"containerScope":{"containerScope":{"contributions":{},"includedScopes":[]},"contributions":{},"includedScopes":[]},"contributions":{},"includedScopes":[]},"contributions":{},"includedScopes":[]}]},"contributions":{},"includedScopes":[]},"contributions":{},"includedScopes":[]},"sentences":[{"args":[],"id":"01f09857-a585-4688-8884-75b40fbba439","message":"clear","metadata":[],"receiver":{"id":"52afdb67-029e-4aa3-bba3-bc85cc52d11b","metadata":[],"name":"game","scope":{"containerScope":{"containerScope":{"containerScope":{"containerScope":{"containerScope":{"containerScope":{"contributions":{},"includedScopes":[]},"contributions":{},"includedScopes":[{"contributions":{},"includedScopes":[]},{"contributions":{},"includedScopes":[]},{"contributions":{},"includedScopes":[]},{"contributions":{},"includedScopes":[]},{"contributions":{},"includedScopes":[]},{"contributions":{},"includedScopes":[]}]},"contributions":{},"includedScopes":[{"containerScope":{"containerScope":{"containerScope":{"contributions":{},"includedScopes":[]},"contributions":{},"includedScopes":[]},"contributions":{},"includedScopes":[]},"contributions":{},"includedScopes":[]}]},"contributions":{},"includedScopes":[]},"contributions":{},"includedScopes":[]},"contributions":{},"includedScopes":[]},"contributions":{},"includedScopes":[]},"sourceMap":{"end":{"column":13,"line":35,"offset":810},"start":{"column":9,"line":35,"offset":806}}},"scope":{"containerScope":{"containerScope":{"containerScope":{"containerScope":{"containerScope":{"contributions":{},"includedScopes":[]},"contributions":{},"includedScopes":[{"contributions":{},"includedScopes":[]},{"contributions":{},"includedScopes":[]},{"contributions":{},"includedScopes":[]},{"contributions":{},"includedScopes":[]},{"contributions":{},"includedScopes":[]},{"contributions":{},"includedScopes":[]}]},"contributions":{},"includedScopes":[{"containerScope":{"containerScope":{"containerScope":{"contributions":{},"includedScopes":[]},"contributions":{},"includedScopes":[]},"contributions":{},"includedScopes":[]},"contributions":{},"includedScopes":[]}]},"contributions":{},"includedScopes":[]},"contributions":{},"includedScopes":[]},"contributions":{},"includedScopes":[]},"sourceMap":{"end":{"column":21,"line":35,"offset":818},"start":{"column":9,"line":35,"offset":806}}},{"args":[],"id":"86b50a0f-3c57-40b0-8eff-6362cc862a1d","message":"clear","metadata":[],"receiver":{"id":"4e3e568d-702f-43d8-bbc4-74c8b096f8b9","metadata":[],"name":"juego.mapaObjetos","scope":{"containerScope":{"containerScope":{"containerScope":{"containerScope":{"containerScope":{"containerScope":{"contributions":{},"includedScopes":[]},"contributions":{},"includedScopes":[{"contributions":{},"includedScopes":[]},{"contributions":{},"includedScopes":[]},{"contributions":{},"includedScopes":[]},{"contributions":{},"includedScopes":[]},{"contributions":{},"includedScopes":[]},{"contributions":{},"includedScopes":[]}]},"contributions":{},"includedScopes":[{"containerScope":{"containerScope":{"containerScope":{"contributions":{},"includedScopes":[]},"contributions":{},"includedScopes":[]},"contributions":{},"includedScopes":[]},"contributions":{},"includedScopes":[]}]},"contributions":{},"includedScopes":[]},"contributions":{},"includedScopes":[]},"contributions":{},"includedScopes":[]},"contributions":{},"includedScopes":[]},"sourceMap":{"end":{"column":26,"line":36,"offset":845},"start":{"column":9,"line":36,"offset":828}}},"scope":{"containerScope":{"containerScope":{"containerScope":{"containerScope":{"containerScope":{"contributions":{},"includedScopes":[]},"contributions":{},"includedScopes":[{"contributions":{},"includedScopes":[]},{"contributions":{},"includedScopes":[]},{"contributions":{},"includedScopes":[]},{"contributions":{},"includedScopes":[]},{"contributions":{},"includedScopes":[]},{"contributions":{},"includedScopes":[]}]},"contributions":{},"includedScopes":[{"containerScope":{"containerScope":{"containerScope":{"contributions":{},"includedScopes":[]},"contributions":{},"includedScopes":[]},"contributions":{},"includedScopes":[]},"contributions":{},"includedScopes":[]}]},"contributions":{},"includedScopes":[]},"contributions":{},"includedScopes":[]},"contributions":{},"includedScopes":[]},"sourceMap":{"end":{"column":34,"line":36,"offset":853},"start":{"column":8,"line":36,"offset":828}}},{"args":[{"id":"81ac41e6-c304-4dad-9e8d-ff2cd4c73f10","metadata":[],"name":"personaje","scope":{"containerScope":{"containerScope":{"containerScope":{"containerScope":{"containerScope":{"containerScope":{"contributions":{},"includedScopes":[]},"contributions":{},"includedScopes":[{"contributions":{},"includedScopes":[]},{"contributions":{},"includedScopes":[]},{"contributions":{},"includedScopes":[]},{"contributions":{},"includedScopes":[]},{"contributions":{},"includedScopes":[]},{"contributions":{},"includedScopes":[]}]},"contributions":{},"includedScopes":[{"containerScope":{"containerScope":{"containerScope":{"contributions":{},"includedScopes":[]},"contributions":{},"includedScopes":[]},"contributions":{},"includedScopes":[]},"contributions":{},"includedScopes":[]}]},"contributions":{},"includedScopes":[]},"contributions":{},"includedScopes":[]},"contributions":{},"includedScopes":[]},"contributions":{},"includedScopes":[]},"sourceMap":{"end":{"column":33,"line":37,"offset":887},"start":{"column":24,"line":37,"offset":878}}}],"id":"a096d8dc-cb10-4218-8e4d-2f19cd4363ee","message":"addVisual","metadata":[],"receiver":{"id":"5be48d95-0038-4e59-8e52-d1a386aa9536","metadata":[],"name":"game","scope":{"containerScope":{"containerScope":{"containerScope":{"containerScope":{"containerScope":{"containerScope":{"contributions":{},"includedScopes":[]},"contributions":{},"includedScopes":[{"contributions":{},"includedScopes":[]},{"contributions":{},"includedScopes":[]},{"contributions":{},"includedScopes":[]},{"contributions":{},"includedScopes":[]},{"contributions":{},"includedScopes":[]},{"contributions":{},"includedScopes":[]}]},"contributions":{},"includedScopes":[{"containerScope":{"containerScope":{"containerScope":{"contributions":{},"includedScopes":[]},"contributions":{},"includedScopes":[]},"contributions":{},"includedScopes":[]},"contributions":{},"includedScopes":[]}]},"contributions":{},"includedScopes":[]},"contributions":{},"includedScopes":[]},"contributions":{},"includedScopes":[]},"contributions":{},"includedScopes":[]},"sourceMap":{"end":{"column":13,"line":37,"offset":867},"start":{"column":9,"line":37,"offset":863}}},"scope":{"containerScope":{"containerScope":{"containerScope":{"containerScope":{"containerScope":{"contributions":{},"includedScopes":[]},"contributions":{},"includedScopes":[{"contributions":{},"includedScopes":[]},{"contributions":{},"includedScopes":[]},{"contributions":{},"includedScopes":[]},{"contributions":{},"includedScopes":[]},{"contributions":{},"includedScopes":[]},{"contributions":{},"includedScopes":[]}]},"contributions":{},"includedScopes":[{"containerScope":{"containerScope":{"containerScope":{"contributions":{},"includedScopes":[]},"contributions":{},"includedScopes":[]},"contributions":{},"includedScopes":[]},"contributions":{},"includedScopes":[]}]},"contributions":{},"includedScopes":[]},"contributions":{},"includedScopes":[]},"contributions":{},"includedScopes":[]},"sourceMap":{"end":{"column":34,"line":37,"offset":888},"start":{"column":8,"line":37,"offset":863}}},{"args":[{"args":[{"id":"210409c0-14d8-486c-87a4-e365b7ae906b","metadata":[],"scope":{"containerScope":{"containerScope":{"containerScope":{"containerScope":{"containerScope":{"containerScope":{"containerScope":{"contributions":{},"includedScopes":[]},"contributions":{},"includedScopes":[{"contributions":{},"includedScopes":[]},{"contributions":{},"includedScopes":[]},{"contributions":{},"includedScopes":[]},{"contributions":{},"includedScopes":[]},{"contributions":{},"includedScopes":[]},{"contributions":{},"includedScopes":[]}]},"contributions":{},"includedScopes":[{"containerScope":{"containerScope":{"containerScope":{"contributions":{},"includedScopes":[]},"contributions":{},"includedScopes":[]},"contributions":{},"includedScopes":[]},"contributions":{},"includedScopes":[]}]},"contributions":{},"includedScopes":[]},"contributions":{},"includedScopes":[]},"contributions":{},"includedScopes":[]},"contributions":{},"includedScopes":[]},"contributions":{},"includedScopes":[]},"sourceMap":{"end":{"column":37,"line":38,"offset":926},"start":{"column":36,"line":38,"offset":925}},"value":5},{"id":"eae3d8a1-49fb-40f7-bbc6-74949bbc6500","metadata":[],"scope":{"containerScope":{"containerScope":{"containerScope":{"containerScope":{"containerScope":{"containerScope":{"containerScope":{"contributions":{},"includedScopes":[]},"contributions":{},"includedScopes":[{"contributions":{},"includedScopes":[]},{"contributions":{},"includedScopes":[]},{"contributions":{},"includedScopes":[]},{"contributions":{},"includedScopes":[]},{"contributions":{},"includedScopes":[]},{"contributions":{},"includedScopes":[]}]},"contributions":{},"includedScopes":[{"containerScope":{"containerScope":{"containerScope":{"contributions":{},"includedScopes":[]},"contributions":{},"includedScopes":[]},"contributions":{},"includedScopes":[]},"contributions":{},"includedScopes":[]}]},"contributions":{},"includedScopes":[]},"contributions":{},"includedScopes":[]},"contributions":{},"includedScopes":[]},"contributions":{},"includedScopes":[]},"contributions":{},"includedScopes":[]},"sourceMap":{"end":{"column":40,"line":38,"offset":929},"start":{"column":39,"line":38,"offset":928}},"value":4}],"id":"31dd8f76-93db-4195-b726-bf26d9344235","message":"at","metadata":[],"receiver":{"id":"220647cb-0c23-4114-bab1-8938441f3ae1","metadata":[],"name":"game","scope":{"containerScope":{"containerScope":{"containerScope":{"containerScope":{"containerScope":{"containerScope":{"containerScope":{"contributions":{},"includedScopes":[]},"contributions":{},"includedScopes":[{"contributions":{},"includedScopes":[]},{"contributions":{},"includedScopes":[]},{"contributions":{},"includedScopes":[]},{"contributions":{},"includedScopes":[]},{"contributions":{},"includedScopes":[]},{"contributions":{},"includedScopes":[]}]},"contributions":{},"includedScopes":[{"containerScope":{"containerScope":{"containerScope":{"contributions":{},"includedScopes":[]},"contributions":{},"includedScopes":[]},"contributions":{},"includedScopes":[]},"contributions":{},"includedScopes":[]}]},"contributions":{},"includedScopes":[]},"contributions":{},"includedScopes":[]},"contributions":{},"includedScopes":[]},"contributions":{},"includedScopes":[]},"contributions":{},"includedScopes":[]},"sourceMap":{"end":{"column":32,"line":38,"offset":921},"start":{"column":28,"line":38,"offset":917}}},"scope":{"containerScope":{"containerScope":{"containerScope":{"containerScope":{"containerScope":{"containerScope":{"contributions":{},"includedScopes":[]},"contributions":{},"includedScopes":[{"contributions":{},"includedScopes":[]},{"contributions":{},"includedScopes":[]},{"contributions":{},"includedScopes":[]},{"contributions":{},"includedScopes":[]},{"contributions":{},"includedScopes":[]},{"contributions":{},"includedScopes":[]}]},"contributions":{},"includedScopes":[{"containerScope":{"containerScope":{"containerScope":{"contributions":{},"includedScopes":[]},"contributions":{},"includedScopes":[]},"contributions":{},"includedScopes":[]},"contributions":{},"includedScopes":[]}]},"contributions":{},"includedScopes":[]},"contributions":{},"includedScopes":[]},"contributions":{},"includedScopes":[]},"contributions":{},"includedScopes":[]},"sourceMap":{"end":{"column":41,"line":38,"offset":930},"start":{"column":28,"line":38,"offset":917}}}],"id":"8d978cdf-9923-4ef9-9aad-3b7434fd4f43","message":"position","metadata":[],"receiver":{"id":"99566485-82db-4189-81b1-e8d270ed3988","metadata":[],"name":"personaje","scope":{"containerScope":{"containerScope":{"containerScope":{"containerScope":{"containerScope":{"containerScope":{"contributions":{},"includedScopes":[]},"contributions":{},"includedScopes":[{"contributions":{},"includedScopes":[]},{"contributions":{},"includedScopes":[]},{"contributions":{},"includedScopes":[]},{"contributions":{},"includedScopes":[]},{"contributions":{},"includedScopes":[]},{"contributions":{},"includedScopes":[]}]},"contributions":{},"includedScopes":[{"containerScope":{"containerScope":{"containerScope":{"contributions":{},"includedScopes":[]},"contributions":{},"includedScopes":[]},"contributions":{},"includedScopes":[]},"contributions":{},"includedScopes":[]}]},"contributions":{},"includedScopes":[]},"contributions":{},"includedScopes":[]},"contributions":{},"includedScopes":[]},"contributions":{},"includedScopes":[]},"sourceMap":{"end":{"column":18,"line":38,"offset":907},"start":{"column":9,"line":38,"offset":898}}},"scope":{"containerScope":{"containerScope":{"containerScope":{"containerScope":{"containerScope":{"contributions":{},"includedScopes":[]},"contributions":{},"includedScopes":[{"contributions":{},"includedScopes":[]},{"contributions":{},"includedScopes":[]},{"contributions":{},"includedScopes":[]},{"contributions":{},"includedScopes":[]},{"contributions":{},"includedScopes":[]},{"contributions":{},"includedScopes":[]}]},"contributions":{},"includedScopes":[{"containerScope":{"containerScope":{"containerScope":{"contributions":{},"includedScopes":[]},"contributions":{},"includedScopes":[]},"contributions":{},"includedScopes":[]},"contributions":{},"includedScopes":[]}]},"contributions":{},"includedScopes":[]},"contributions":{},"includedScopes":[]},"contributions":{},"includedScopes":[]},"sourceMap":{"end":{"column":42,"line":38,"offset":931},"start":{"column":8,"line":38,"offset":898}}},{"id":"35ddea21-f026-4755-9d9b-8392686a7cbf","isConstant":true,"metadata":[],"name":"mapa","scope":{"containerScope":{"containerScope":{"containerScope":{"containerScope":{"containerScope":{"contributions":{},"includedScopes":[]},"contributions":{},"includedScopes":[{"contributions":{},"includedScopes":[]},{"contributions":{},"includedScopes":[]},{"contributions":{},"includedScopes":[]},{"contributions":{},"includedScopes":[]},{"contributions":{},"includedScopes":[]},{"contributions":{},"includedScopes":[]}]},"contributions":{},"includedScopes":[{"containerScope":{"containerScope":{"containerScope":{"contributions":{},"includedScopes":[]},"contributions":{},"includedScopes":[]},"contributions":{},"includedScopes":[]},"contributions":{},"includedScopes":[]}]},"contributions":{},"includedScopes":[]},"contributions":{},"includedScopes":[]},"contributions":{},"includedScopes":[]},"sourceMap":{"end":{"column":29,"line":40,"offset":963},"start":{"column":9,"line":40,"offset":943}},"value":{"id":"bbe9e7d0-6893-4b05-b79c-9f5969f39c0b","metadata":[],"name":"niveles","scope":{"containerScope":{"containerScope":{"containerScope":{"containerScope":{"containerScope":{"containerScope":{"contributions":{},"includedScopes":[]},"contributions":{},"includedScopes":[{"contributions":{},"includedScopes":[]},{"contributions":{},"includedScopes":[]},{"contributions":{},"includedScopes":[]},{"contributions":{},"includedScopes":[]},{"contributions":{},"includedScopes":[]},{"contributions":{},"includedScopes":[]}]},"contributions":{},"includedScopes":[{"containerScope":{"containerScope":{"containerScope":{"contributions":{},"includedScopes":[]},"contributions":{},"includedScopes":[]},"contributions":{},"includedScopes":[]},"contributions":{},"includedScopes":[]}]},"contributions":{},"includedScopes":[]},"contributions":{},"includedScopes":[]},"contributions":{},"includedScopes":[]},"contributions":{},"includedScopes":[]},"sourceMap":{"end":{"column":29,"line":40,"offset":963},"start":{"column":22,"line":40,"offset":956}}}},{"id":"e473b5c1-9dda-4a03-94d6-c158bdb226f2","isConstant":true,"metadata":[],"name":"background","scope":{"containerScope":{"containerScope":{"containerScope":{"containerScope":{"containerScope":{"contributions":{},"includedScopes":[]},"contributions":{},"includedScopes":[{"contributions":{},"includedScopes":[]},{"contributions":{},"includedScopes":[]},{"contributions":{},"includedScopes":[]},{"contributions":{},"includedScopes":[]},{"contributions":{},"includedScopes":[]},{"contributions":{},"includedScopes":[]}]},"contributions":{},"includedScopes":[{"containerScope":{"containerScope":{"containerScope":{"contributions":{},"includedScopes":[]},"contributions":{},"includedScopes":[]},"contributions":{},"includedScopes":[]},"contributions":{},"includedScopes":[]}]},"contributions":{},"includedScopes":[]},"contributions":{},"includedScopes":[]},"contributions":{},"includedScopes":[]},"sourceMap":{"end":{"column":67,"line":41,"offset":1058},"start":{"column":9,"line":41,"offset":1000}},"value":{"args":[],"id":"8b82f26c-dcae-4859-b83e-599cd6350760","message":"background","metadata":[],"receiver":{"args":[{"args":[{"id":"b4036539-46b6-4dbf-b289-49c1f8c39c2b","metadata":[],"scope":{"containerScope":{"containerScope":{"containerScope":{"containerScope":{"containerScope":{"containerScope":{"containerScope":{"containerScope":{"containerScope":{"contributions":{},"includedScopes":[]},"contributions":{},"includedScopes":[{"contributions":{},"includedScopes":[]},{"contributions":{},"includedScopes":[]},{"contributions":{},"includedScopes":[]},{"contributions":{},"includedScopes":[]},{"contributions":{},"includedScopes":[]},{"contributions":{},"includedScopes":[]}]},"contributions":{},"includedScopes":[{"containerScope":{"containerScope":{"containerScope":{"contributions":{},"includedScopes":[]},"contributions":{},"includedScopes":[]},"contributions":{},"includedScopes":[]},"contributions":{},"includedScopes":[]}]},"contributions":{},"includedScopes":[]},"contributions":{},"includedScopes":[]},"contributions":{},"includedScopes":[]},"contributions":{},"includedScopes":[]},"contributions":{},"includedScopes":[]},"contributions":{},"includedScopes":[]},"contributions":{},"includedScopes":[]},"sourceMap":{"end":{"column":53,"line":41,"offset":1044},"start":{"column":52,"line":41,"offset":1043}},"value":1}],"id":"82b7865d-2e56-4b4f-8620-8fd9f63b39ef","message":"-","metadata":[],"receiver":{"id":"c358a60c-f317-48ed-a5b1-f3ad12ddcb65","metadata":[],"name":"nivelActual","scope":{"containerScope":{"containerScope":{"containerScope":{"containerScope":{"containerScope":{"containerScope":{"containerScope":{"containerScope":{"containerScope":{"contributions":{},"includedScopes":[]},"contributions":{},"includedScopes":[{"contributions":{},"includedScopes":[]},{"contributions":{},"includedScopes":[]},{"contributions":{},"includedScopes":[]},{"contributions":{},"includedScopes":[]},{"contributions":{},"includedScopes":[]},{"contributions":{},"includedScopes":[]}]},"contributions":{},"includedScopes":[{"containerScope":{"containerScope":{"containerScope":{"contributions":{},"includedScopes":[]},"contributions":{},"includedScopes":[]},"contributions":{},"includedScopes":[]},"contributions":{},"includedScopes":[]}]},"contributions":{},"includedScopes":[]},"contributions":{},"includedScopes":[]},"contributions":{},"includedScopes":[]},"contributions":{},"includedScopes":[]},"contributions":{},"includedScopes":[]},"contributions":{},"includedScopes":[]},"contributions":{},"includedScopes":[]},"sourceMap":{"end":{"column":51,"line":41,"offset":1042},"start":{"column":40,"line":41,"offset":1031}}},"scope":{"containerScope":{"containerScope":{"containerScope":{"containerScope":{"containerScope":{"containerScope":{"containerScope":{"containerScope":{"contributions":{},"includedScopes":[]},"contributions":{},"includedScopes":[{"contributions":{},"includedScopes":[]},{"contributions":{},"includedScopes":[]},{"contributions":{},"includedScopes":[]},{"contributions":{},"includedScopes":[]},{"contributions":{},"includedScopes":[]},{"contributions":{},"includedScopes":[]}]},"contributions":{},"includedScopes":[{"containerScope":{"containerScope":{"containerScope":{"contributions":{},"includedScopes":[]},"contributions":{},"includedScopes":[]},"contributions":{},"includedScopes":[]},"contributions":{},"includedScopes":[]}]},"contributions":{},"includedScopes":[]},"contributions":{},"includedScopes":[]},"contributions":{},"includedScopes":[]},"contributions":{},"includedScopes":[]},"contributions":{},"includedScopes":[]},"contributions":{},"includedScopes":[]},"sourceMap":{"end":{"column":53,"line":41,"offset":1044},"start":{"column":40,"line":41,"offset":1031}}}],"id":"670f1e56-d8da-467c-b43f-146bf78d8211","message":"get","metadata":[],"receiver":{"id":"8ebda35d-414d-4e92-9bce-d7205502cdab","metadata":[],"name":"niveles","scope":{"containerScope":{"containerScope":{"containerScope":{"containerScope":{"containerScope":{"containerScope":{"containerScope":{"containerScope":{"contributions":{},"includedScopes":[]},"contributions":{},"includedScopes":[{"contributions":{},"includedScopes":[]},{"contributions":{},"includedScopes":[]},{"contributions":{},"includedScopes":[]},{"contributions":{},"includedScopes":[]},{"contributions":{},"includedScopes":[]},{"contributions":{},"includedScopes":[]}]},"contributions":{},"includedScopes":[{"containerScope":{"containerScope":{"containerScope":{"contributions":{},"includedScopes":[]},"contributions":{},"includedScopes":[]},"contributions":{},"includedScopes":[]},"contributions":{},"includedScopes":[]}]},"contributions":{},"includedScopes":[]},"contributions":{},"includedScopes":[]},"contributions":{},"includedScopes":[]},"contributions":{},"includedScopes":[]},"contributions":{},"includedScopes":[]},"contributions":{},"includedScopes":[]},"sourceMap":{"end":{"column":35,"line":41,"offset":1026},"start":{"column":28,"line":41,"offset":1019}}},"scope":{"containerScope":{"containerScope":{"containerScope":{"containerScope":{"containerScope":{"containerScope":{"containerScope":{"contributions":{},"includedScopes":[]},"contributions":{},"includedScopes":[{"contributions":{},"includedScopes":[]},{"contributions":{},"includedScopes":[]},{"contributions":{},"includedScopes":[]},{"contributions":{},"includedScopes":[]},{"contributions":{},"includedScopes":[]},{"contributions":{},"includedScopes":[]}]},"contributions":{},"includedScopes":[{"containerScope":{"containerScope":{"containerScope":{"contributions":{},"includedScopes":[]},"contributions":{},"includedScopes":[]},"contributions":{},"includedScopes":[]},"contributions":{},"includedScopes":[]}]},"contributions":{},"includedScopes":[]},"contributions":{},"includedScopes":[]},"contributions":{},"includedScopes":[]},"contributions":{},"includedScopes":[]},"contributions":{},"includedScopes":[]},"sourceMap":{"end":{"column":54,"line":41,"offset":1045},"start":{"column":28,"line":41,"offset":1019}}},"scope":{"containerScope":{"containerScope":{"containerScope":{"containerScope":{"containerScope":{"containerScope":{"contributions":{},"includedScopes":[]},"contributions":{},"includedScopes":[{"contributions":{},"includedScopes":[]},{"contributions":{},"includedScopes":[]},{"contributions":{},"includedScopes":[]},{"contributions":{},"includedScopes":[]},{"contributions":{},"includedScopes":[]},{"contributions":{},"includedScopes":[]}]},"contributions":{},"includedScopes":[{"containerScope":{"containerScope":{"containerScope":{"contributions":{},"includedScopes":[]},"contributions":{},"includedScopes":[]},"contributions":{},"includedScopes":[]},"contributions":{},"includedScopes":[]}]},"contributions":{},"includedScopes":[]},"contributions":{},"includedScopes":[]},"contributions":{},"includedScopes":[]},"contributions":{},"includedScopes":[]},"sourceMap":{"end":{"column":67,"line":41,"offset":1058},"start":{"column":28,"line":41,"offset":1019}}}},{"args":[{"id":"ca792d58-d6c1-4f54-97fe-81751026b96e","metadata":[],"name":"mapa","scope":{"containerScope":{"containerScope":{"containerScope":{"containerScope":{"containerScope":{"containerScope":{"contributions":{},"includedScopes":[]},"contributions":{},"includedScopes":[{"contributions":{},"includedScopes":[]},{"contributions":{},"includedScopes":[]},{"contributions":{},"includedScopes":[]},{"contributions":{},"includedScopes":[]},{"contributions":{},"includedScopes":[]},{"contributions":{},"includedScopes":[]}]},"contributions":{},"includedScopes":[{"containerScope":{"containerScope":{"containerScope":{"contributions":{},"includedScopes":[]},"contributions":{},"includedScopes":[]},"contributions":{},"includedScopes":[]},"contributions":{},"includedScopes":[]}]},"contributions":{},"includedScopes":[]},"contributions":{},"includedScopes":[]},"contributions":{},"includedScopes":[]},"contributions":{},"includedScopes":[]},"sourceMap":{"end":{"column":32,"line":43,"offset":1093},"start":{"column":28,"line":43,"offset":1089}}}],"id":"5f6f8fec-a78c-4253-a6b2-0a6ebe679270","message":"construirMapa","metadata":[],"receiver":{"id":"70d96b80-901d-4ef0-8fd7-be68d708700f","metadata":[],"scope":{"containerScope":{"containerScope":{"containerScope":{"containerScope":{"containerScope":{"containerScope":{"contributions":{},"includedScopes":[]},"contributions":{},"includedScopes":[{"contributions":{},"includedScopes":[]},{"contributions":{},"includedScopes":[]},{"contributions":{},"includedScopes":[]},{"contributions":{},"includedScopes":[]},{"contributions":{},"includedScopes":[]},{"contributions":{},"includedScopes":[]}]},"contributions":{},"includedScopes":[{"containerScope":{"containerScope":{"containerScope":{"contributions":{},"includedScopes":[]},"contributions":{},"includedScopes":[]},"contributions":{},"includedScopes":[]},"contributions":{},"includedScopes":[]}]},"contributions":{},"includedScopes":[]},"contributions":{},"includedScopes":[]},"contributions":{},"includedScopes":[]},"contributions":{},"includedScopes":[]},"sourceMap":{"end":{"column":13,"line":43,"offset":1074},"start":{"column":9,"line":43,"offset":1070}}},"scope":{"containerScope":{"containerScope":{"containerScope":{"containerScope":{"containerScope":{"contributions":{},"includedScopes":[]},"contributions":{},"includedScopes":[{"contributions":{},"includedScopes":[]},{"contributions":{},"includedScopes":[]},{"contributions":{},"includedScopes":[]},{"contributions":{},"includedScopes":[]},{"contributions":{},"includedScopes":[]},{"contributions":{},"includedScopes":[]}]},"contributions":{},"includedScopes":[{"containerScope":{"containerScope":{"containerScope":{"contributions":{},"includedScopes":[]},"contributions":{},"includedScopes":[]},"contributions":{},"includedScopes":[]},"contributions":{},"includedScopes":[]}]},"contributions":{},"includedScopes":[]},"contributions":{},"includedScopes":[]},"contributions":{},"includedScopes":[]},"sourceMap":{"end":{"column":33,"line":43,"offset":1094},"start":{"column":9,"line":43,"offset":1070}}},{"args":[],"id":"d44d5e69-becf-45e9-a32b-839a2123b6cf","message":"iniciar","metadata":[],"receiver":{"id":"a728c36a-5d9b-41a5-a53f-dcc6a8607d81","metadata":[],"name":"animadorGlobal","scope":{"containerScope":{"containerScope":{"containerScope":{"containerScope":{"containerScope":{"containerScope":{"contributions":{},"includedScopes":[]},"contributions":{},"includedScopes":[{"contributions":{},"includedScopes":[]},{"contributions":{},"includedScopes":[]},{"contributions":{},"includedScopes":[]},{"contributions":{},"includedScopes":[]},{"contributions":{},"includedScopes":[]},{"contributions":{},"includedScopes":[]}]},"contributions":{},"includedScopes":[{"containerScope":{"containerScope":{"containerScope":{"contributions":{},"includedScopes":[]},"contributions":{},"includedScopes":[]},"contributions":{},"includedScopes":[]},"contributions":{},"includedScopes":[]}]},"contributions":{},"includedScopes":[]},"contributions":{},"includedScopes":[]},"contributions":{},"includedScopes":[]},"contributions":{},"includedScopes":[]},"sourceMap":{"end":{"column":23,"line":44,"offset":1118},"start":{"column":9,"line":44,"offset":1104}}},"scope":{"containerScope":{"containerScope":{"containerScope":{"containerScope":{"containerScope":{"contributions":{},"includedScopes":[]},"contributions":{},"includedScopes":[{"contributions":{},"includedScopes":[]},{"contributions":{},"includedScopes":[]},{"contributions":{},"includedScopes":[]},{"contributions":{},"includedScopes":[]},{"contributions":{},"includedScopes":[]},{"contributions":{},"includedScopes":[]}]},"contributions":{},"includedScopes":[{"containerScope":{"containerScope":{"containerScope":{"contributions":{},"includedScopes":[]},"contributions":{},"includedScopes":[]},"contributions":{},"includedScopes":[]},"contributions":{},"includedScopes":[]}]},"contributions":{},"includedScopes":[]},"contributions":{},"includedScopes":[]},"contributions":{},"includedScopes":[]},"sourceMap":{"end":{"column":33,"line":44,"offset":1128},"start":{"column":8,"line":44,"offset":1104}}},{"args":[],"id":"0d9e35cd-c9ee-4ed9-afcc-9d3f6bee4973","message":"comenzarMovimiento","metadata":[],"receiver":{"id":"f7490bbd-baa5-4837-a098-26160f5807a0","metadata":[],"name":"gestorDeEnemigos","scope":{"containerScope":{"containerScope":{"containerScope":{"containerScope":{"containerScope":{"containerScope":{"contributions":{},"includedScopes":[]},"contributions":{},"includedScopes":[{"contributions":{},"includedScopes":[]},{"contributions":{},"includedScopes":[]},{"contributions":{},"includedScopes":[]},{"contributions":{},"includedScopes":[]},{"contributions":{},"includedScopes":[]},{"contributions":{},"includedScopes":[]}]},"contributions":{},"includedScopes":[{"containerScope":{"containerScope":{"containerScope":{"contributions":{},"includedScopes":[]},"contributions":{},"includedScopes":[]},"contributions":{},"includedScopes":[]},"contributions":{},"includedScopes":[]}]},"contributions":{},"includedScopes":[]},"contributions":{},"includedScopes":[]},"contributions":{},"includedScopes":[]},"contributions":{},"includedScopes":[]},"sourceMap":{"end":{"column":25,"line":45,"offset":1154},"start":{"column":9,"line":45,"offset":1138}}},"scope":{"containerScope":{"containerScope":{"containerScope":{"containerScope":{"containerScope":{"contributions":{},"includedScopes":[]},"contributions":{},"includedScopes":[{"contributions":{},"includedScopes":[]},{"contributions":{},"includedScopes":[]},{"contributions":{},"includedScopes":[]},{"contributions":{},"includedScopes":[]},{"contributions":{},"includedScopes":[]},{"contributions":{},"includedScopes":[]}]},"contributions":{},"includedScopes":[{"containerScope":{"containerScope":{"containerScope":{"contributions":{},"includedScopes":[]},"contributions":{},"includedScopes":[]},"contributions":{},"includedScopes":[]},"contributions":{},"includedScopes":[]}]},"contributions":{},"includedScopes":[]},"contributions":{},"includedScopes":[]},"contributions":{},"includedScopes":[]},"sourceMap":{"end":{"column":46,"line":45,"offset":1175},"start":{"column":8,"line":45,"offset":1138}}},{"args":[{"id":"f8017727-637e-4861-9d4a-3c8ce8f14276","metadata":[],"name":"nivelActual","scope":{"containerScope":{"containerScope":{"containerScope":{"containerScope":{"containerScope":{"containerScope":{"contributions":{},"includedScopes":[]},"contributions":{},"includedScopes":[{"contributions":{},"includedScopes":[]},{"contributions":{},"includedScopes":[]},{"contributions":{},"includedScopes":[]},{"contributions":{},"includedScopes":[]},{"contributions":{},"includedScopes":[]},{"contributions":{},"includedScopes":[]}]},"contributions":{},"includedScopes":[{"containerScope":{"containerScope":{"containerScope":{"contributions":{},"includedScopes":[]},"contributions":{},"includedScopes":[]},"contributions":{},"includedScopes":[]},"contributions":{},"includedScopes":[]}]},"contributions":{},"includedScopes":[]},"contributions":{},"includedScopes":[]},"contributions":{},"includedScopes":[]},"contributions":{},"includedScopes":[]},"sourceMap":{"end":{"column":32,"line":48,"offset":1228},"start":{"column":21,"line":48,"offset":1217}}}],"id":"cdacb948-e32d-4f70-b203-0b690faae351","message":"get","metadata":[],"receiver":{"id":"d5bfe40e-aeda-493f-abf4-a8b36e6f14c2","metadata":[{"args":{"position":"start","text":"//musica"},"name":"comment"}],"name":"niveles","scope":{"containerScope":{"containerScope":{"containerScope":{"containerScope":{"containerScope":{"containerScope":{"contributions":{},"includedScopes":[]},"contributions":{},"includedScopes":[{"contributions":{},"includedScopes":[]},{"contributions":{},"includedScopes":[]},{"contributions":{},"includedScopes":[]},{"contributions":{},"includedScopes":[]},{"contributions":{},"includedScopes":[]},{"contributions":{},"includedScopes":[]}]},"contributions":{},"includedScopes":[{"containerScope":{"containerScope":{"containerScope":{"contributions":{},"includedScopes":[]},"contributions":{},"includedScopes":[]},"contributions":{},"includedScopes":[]},"contributions":{},"includedScopes":[]}]},"contributions":{},"includedScopes":[]},"contributions":{},"includedScopes":[]},"contributions":{},"includedScopes":[]},"contributions":{},"includedScopes":[]},"sourceMap":{"end":{"column":16,"line":48,"offset":1212},"start":{"column":9,"line":48,"offset":1205}}},"scope":{"containerScope":{"containerScope":{"containerScope":{"containerScope":{"containerScope":{"contributions":{},"includedScopes":[]},"contributions":{},"includedScopes":[{"contributions":{},"includedScopes":[]},{"contributions":{},"includedScopes":[]},{"contributions":{},"includedScopes":[]},{"contributions":{},"includedScopes":[]},{"contributions":{},"includedScopes":[]},{"contributions":{},"includedScopes":[]}]},"contributions":{},"includedScopes":[{"containerScope":{"containerScope":{"containerScope":{"contributions":{},"includedScopes":[]},"contributions":{},"includedScopes":[]},"contributions":{},"includedScopes":[]},"contributions":{},"includedScopes":[]}]},"contributions":{},"includedScopes":[]},"contributions":{},"includedScopes":[]},"contributions":{},"includedScopes":[]},"sourceMap":{"end":{"column":33,"line":48,"offset":1229},"start":{"column":9,"line":47,"offset":1187}}}],"sourceMap":{"end":{"column":6,"line":49,"offset":1243},"start":{"column":5,"line":34,"offset":795}}},"stack":"Error: Failed to print, found malformed node\n    at c:\\Users\\santi\\.vscode\\extensions\\uqbar.wollok-lsp-ide-0.5.4\\out\\server\\src\\server.js:68:3585\n    at c:\\Users\\santi\\.vscode\\extensions\\uqbar.wollok-lsp-ide-0.5.4\\out\\server\\src\\server.js:68:5370\n    at c:\\Users\\santi\\.vscode\\extensions\\uqbar.wollok-lsp-ide-0.5.4\\out\\server\\src\\server.js:38:6131\n    at c:\\Users\\santi\\.vscode\\extensions\\uqbar.wollok-lsp-ide-0.5.4\\out\\server\\src\\server.js:68:3664\n    at Kbn (c:\\Users\\santi\\.vscode\\extensions\\uqbar.wollok-lsp-ide-0.5.4\\out\\server\\src\\server.js:68:3396)\n    at c:\\Users\\santi\\.vscode\\extensions\\uqbar.wollok-lsp-ide-0.5.4\\out\\server\\src\\server.js:2398:847\n    at c:\\Users\\santi\\.vscode\\extensions\\uqbar.wollok-lsp-ide-0.5.4\\out\\server\\src\\server.js:2398:8440\n    at c:\\Users\\santi\\.vscode\\extensions\\uqbar.wollok-lsp-ide-0.5.4\\out\\server\\src\\server.js:37:74770\n    at Ke (c:\\Users\\santi\\.vscode\\extensions\\uqbar.wollok-lsp-ide-0.5.4\\out\\server\\src\\server.js:7:8527)\n    at Lt (c:\\Users\\santi\\.vscode\\extensions\\uqbar.wollok-lsp-ide-0.5.4\\out\\server\\src\\server.js:7:6189)","timestamp":"2026-06-06T16:09:06.499Z"}
{"level":"info","message":"⌛ Building environment","timeElapsed":277,"timestamp":"2026-06-06T16:09:06.872Z"}
{"level":"info","message":"⌛ Validating niveles.wlk","timeElapsed":200,"timestamp":"2026-06-06T16:09:07.121Z"}
{"level":"info","message":"⌛ Building environment","timeElapsed":257,"timestamp":"2026-06-06T16:09:07.383Z"}
{"level":"info","message":"⌛ Building environment","timeElapsed":324,"timestamp":"2026-06-06T16:09:07.708Z"}
{"level":"info","message":"⌛ Building environment","timeElapsed":281,"timestamp":"2026-06-06T16:09:07.990Z"}
{"level":"info","message":"⌛ Building environment","timeElapsed":259,"timestamp":"2026-06-06T16:09:08.249Z"}
{"level":"info","message":"⌛ Building environment","timeElapsed":273,"timestamp":"2026-06-06T16:09:08.524Z"}
{"level":"info","message":"⌛ Building environment","timeElapsed":245,"timestamp":"2026-06-06T16:09:08.770Z"}
{"level":"info","message":"⌛ Validating niveles.wlk","timeElapsed":275,"timestamp":"2026-06-06T16:09:09.052Z"}
{"level":"info","message":"⌛ Building environment","timeElapsed":307,"timestamp":"2026-06-06T16:09:09.361Z"}
{"level":"info","message":"⌛ Building environment","timeElapsed":244,"timestamp":"2026-06-06T16:09:09.607Z"}
{"level":"info","message":"⌛ Validating niveles.wlk","timeElapsed":176,"timestamp":"2026-06-06T16:09:09.783Z"}
{"level":"info","message":"⌛ Building environment","timeElapsed":221,"timestamp":"2026-06-06T16:09:10.005Z"}
{"level":"info","message":"⌛ Building environment","timeElapsed":244,"timestamp":"2026-06-06T16:09:10.250Z"}
{"level":"info","message":"⌛ Validating niveles.wlk","timeElapsed":157,"timestamp":"2026-06-06T16:09:10.408Z"}
{"level":"info","message":"⌛ Building environment","timeElapsed":230,"timestamp":"2026-06-06T16:09:10.640Z"}
{"level":"info","message":"⌛ Validating niveles.wlk","timeElapsed":122,"timestamp":"2026-06-06T16:09:10.788Z"}
{"level":"info","message":"⌛ Validating niveles.wlk","timeElapsed":159,"timestamp":"2026-06-06T16:09:10.987Z"}
{"level":"info","message":"⌛ Validating niveles.wlk","timeElapsed":139,"timestamp":"2026-06-06T16:09:11.126Z"}
{"level":"info","message":"⌛ Validating niveles.wlk","timeElapsed":172,"timestamp":"2026-06-06T16:09:11.348Z"}
{"level":"info","message":"⌛ Validating niveles.wlk","timeElapsed":196,"timestamp":"2026-06-06T16:09:11.572Z"}
{"level":"info","message":"⌛ Validating niveles.wlk","timeElapsed":197,"timestamp":"2026-06-06T16:09:11.805Z"}
{"level":"info","message":"⌛ Validating niveles.wlk","timeElapsed":149,"timestamp":"2026-06-06T16:09:11.967Z"}
{"level":"info","message":"⌛ Validating niveles.wlk","timeElapsed":216,"timestamp":"2026-06-06T16:09:12.196Z"}
{"level":"info","message":"⌛ Building environment","timeElapsed":263,"timestamp":"2026-06-06T16:09:17.982Z"}
{"level":"info","message":"⌛ Building environment","timeElapsed":274,"timestamp":"2026-06-06T16:09:18.256Z"}
{"level":"error","message":"✘ Completions for node Send ([41:28, 41:43] - niveles.wlk) failed: Error: [Send]{7af2dd} at niveles.wlk:41 exhausted all cases without a match [Send]{7af2dd} at niveles.wlk:41 exhausted all cases without a match","stack":"Error: [Send]{7af2dd} at niveles.wlk:41 exhausted all cases without a match\n    at c:\\Users\\santi\\.vscode\\extensions\\uqbar.wollok-lsp-ide-0.5.4\\out\\server\\src\\server.js:38:6142\n    at L2 (c:\\Users\\santi\\.vscode\\extensions\\uqbar.wollok-lsp-ide-0.5.4\\out\\server\\src\\server.js:2389:42)\n    at Jh (c:\\Users\\santi\\.vscode\\extensions\\uqbar.wollok-lsp-ide-0.5.4\\out\\server\\src\\server.js:2389:1092)\n    at M5n (c:\\Users\\santi\\.vscode\\extensions\\uqbar.wollok-lsp-ide-0.5.4\\out\\server\\src\\server.js:2389:1248)\n    at c:\\Users\\santi\\.vscode\\extensions\\uqbar.wollok-lsp-ide-0.5.4\\out\\server\\src\\server.js:38:6131\n    at L2 (c:\\Users\\santi\\.vscode\\extensions\\uqbar.wollok-lsp-ide-0.5.4\\out\\server\\src\\server.js:2389:42)\n    at c:\\Users\\santi\\.vscode\\extensions\\uqbar.wollok-lsp-ide-0.5.4\\out\\server\\src\\server.js:2389:2988\n    at c:\\Users\\santi\\.vscode\\extensions\\uqbar.wollok-lsp-ide-0.5.4\\out\\server\\src\\server.js:2398:8440\n    at c:\\Users\\santi\\.vscode\\extensions\\uqbar.wollok-lsp-ide-0.5.4\\out\\server\\src\\server.js:37:74872\n    at Ke (c:\\Users\\santi\\.vscode\\extensions\\uqbar.wollok-lsp-ide-0.5.4\\out\\server\\src\\server.js:7:8527)","timestamp":"2026-06-06T16:09:18.376Z"}
{"level":"error","message":"✘ Completions for node Variable ([41:9, 41:43] - niveles.wlk) failed: Error: background [Variable]{8e578f} at niveles.wlk:41 exhausted all cases without a match background [Variable]{8e578f} at niveles.wlk:41 exhausted all cases without a match","stack":"Error: background [Variable]{8e578f} at niveles.wlk:41 exhausted all cases without a match\n    at c:\\Users\\santi\\.vscode\\extensions\\uqbar.wollok-lsp-ide-0.5.4\\out\\server\\src\\server.js:38:6142\n    at L2 (c:\\Users\\santi\\.vscode\\extensions\\uqbar.wollok-lsp-ide-0.5.4\\out\\server\\src\\server.js:2389:42)\n    at Jh (c:\\Users\\santi\\.vscode\\extensions\\uqbar.wollok-lsp-ide-0.5.4\\out\\server\\src\\server.js:2389:1092)\n    at L2 (c:\\Users\\santi\\.vscode\\extensions\\uqbar.wollok-lsp-ide-0.5.4\\out\\server\\src\\server.js:2389:544)\n    at Jh (c:\\Users\\santi\\.vscode\\extensions\\uqbar.wollok-lsp-ide-0.5.4\\out\\server\\src\\server.js:2389:1092)\n    at M5n (c:\\Users\\santi\\.vscode\\extensions\\uqbar.wollok-lsp-ide-0.5.4\\out\\server\\src\\server.js:2389:1248)\n    at c:\\Users\\santi\\.vscode\\extensions\\uqbar.wollok-lsp-ide-0.5.4\\out\\server\\src\\server.js:38:6131\n    at L2 (c:\\Users\\santi\\.vscode\\extensions\\uqbar.wollok-lsp-ide-0.5.4\\out\\server\\src\\server.js:2389:42)\n    at c:\\Users\\santi\\.vscode\\extensions\\uqbar.wollok-lsp-ide-0.5.4\\out\\server\\src\\server.js:2389:2988\n    at c:\\Users\\santi\\.vscode\\extensions\\uqbar.wollok-lsp-ide-0.5.4\\out\\server\\src\\server.js:2398:8440","timestamp":"2026-06-06T16:09:18.377Z"}
{"level":"info","message":"⌛ Validating niveles.wlk","timeElapsed":200,"timestamp":"2026-06-06T16:09:18.604Z"}
{"level":"info","message":"⌛ Validating niveles.wlk","timeElapsed":162,"timestamp":"2026-06-06T16:09:18.778Z"}
{"level":"info","message":"⌛ Building environment","timeElapsed":322,"timestamp":"2026-06-06T16:09:19.101Z"}
{"level":"error","message":"✘ Completions for node Send ([41:28, 41:44] - niveles.wlk) failed: Error: [Send]{bc5128} at niveles.wlk:41 exhausted all cases without a match [Send]{bc5128} at niveles.wlk:41 exhausted all cases without a match","stack":"Error: [Send]{bc5128} at niveles.wlk:41 exhausted all cases without a match\n    at c:\\Users\\santi\\.vscode\\extensions\\uqbar.wollok-lsp-ide-0.5.4\\out\\server\\src\\server.js:38:6142\n    at L2 (c:\\Users\\santi\\.vscode\\extensions\\uqbar.wollok-lsp-ide-0.5.4\\out\\server\\src\\server.js:2389:42)\n    at Jh (c:\\Users\\santi\\.vscode\\extensions\\uqbar.wollok-lsp-ide-0.5.4\\out\\server\\src\\server.js:2389:1092)\n    at M5n (c:\\Users\\santi\\.vscode\\extensions\\uqbar.wollok-lsp-ide-0.5.4\\out\\server\\src\\server.js:2389:1248)\n    at c:\\Users\\santi\\.vscode\\extensions\\uqbar.wollok-lsp-ide-0.5.4\\out\\server\\src\\server.js:38:6131\n    at L2 (c:\\Users\\santi\\.vscode\\extensions\\uqbar.wollok-lsp-ide-0.5.4\\out\\server\\src\\server.js:2389:42)\n    at c:\\Users\\santi\\.vscode\\extensions\\uqbar.wollok-lsp-ide-0.5.4\\out\\server\\src\\server.js:2389:2988\n    at c:\\Users\\santi\\.vscode\\extensions\\uqbar.wollok-lsp-ide-0.5.4\\out\\server\\src\\server.js:2398:8440\n    at c:\\Users\\santi\\.vscode\\extensions\\uqbar.wollok-lsp-ide-0.5.4\\out\\server\\src\\server.js:37:74872\n    at Ke (c:\\Users\\santi\\.vscode\\extensions\\uqbar.wollok-lsp-ide-0.5.4\\out\\server\\src\\server.js:7:8527)","timestamp":"2026-06-06T16:09:19.184Z"}
{"level":"error","message":"✘ Completions for node Variable ([41:9, 41:44] - niveles.wlk) failed: Error: background [Variable]{865539} at niveles.wlk:41 exhausted all cases without a match background [Variable]{865539} at niveles.wlk:41 exhausted all cases without a match","stack":"Error: background [Variable]{865539} at niveles.wlk:41 exhausted all cases without a match\n    at c:\\Users\\santi\\.vscode\\extensions\\uqbar.wollok-lsp-ide-0.5.4\\out\\server\\src\\server.js:38:6142\n    at L2 (c:\\Users\\santi\\.vscode\\extensions\\uqbar.wollok-lsp-ide-0.5.4\\out\\server\\src\\server.js:2389:42)\n    at Jh (c:\\Users\\santi\\.vscode\\extensions\\uqbar.wollok-lsp-ide-0.5.4\\out\\server\\src\\server.js:2389:1092)\n    at L2 (c:\\Users\\santi\\.vscode\\extensions\\uqbar.wollok-lsp-ide-0.5.4\\out\\server\\src\\server.js:2389:544)\n    at Jh (c:\\Users\\santi\\.vscode\\extensions\\uqbar.wollok-lsp-ide-0.5.4\\out\\server\\src\\server.js:2389:1092)\n    at M5n (c:\\Users\\santi\\.vscode\\extensions\\uqbar.wollok-lsp-ide-0.5.4\\out\\server\\src\\server.js:2389:1248)\n    at c:\\Users\\santi\\.vscode\\extensions\\uqbar.wollok-lsp-ide-0.5.4\\out\\server\\src\\server.js:38:6131\n    at L2 (c:\\Users\\santi\\.vscode\\extensions\\uqbar.wollok-lsp-ide-0.5.4\\out\\server\\src\\server.js:2389:42)\n    at c:\\Users\\santi\\.vscode\\extensions\\uqbar.wollok-lsp-ide-0.5.4\\out\\server\\src\\server.js:2389:2988\n    at c:\\Users\\santi\\.vscode\\extensions\\uqbar.wollok-lsp-ide-0.5.4\\out\\server\\src\\server.js:2398:8440","timestamp":"2026-06-06T16:09:19.185Z"}
{"level":"info","message":"⌛ Building environment","timeElapsed":247,"timestamp":"2026-06-06T16:09:19.442Z"}
{"level":"info","message":"⌛ Validating niveles.wlk","timeElapsed":177,"timestamp":"2026-06-06T16:09:19.654Z"}
{"level":"info","message":"⌛ Building environment","timeElapsed":230,"timestamp":"2026-06-06T16:09:19.885Z"}
{"level":"info","message":"⌛ Building environment","timeElapsed":257,"timestamp":"2026-06-06T16:09:20.143Z"}
{"level":"info","message":"⌛ Building environment","timeElapsed":334,"timestamp":"2026-06-06T16:09:20.478Z"}
{"level":"info","message":"⌛ Building environment","timeElapsed":233,"timestamp":"2026-06-06T16:09:20.747Z"}
{"level":"info","message":"⌛ Validating niveles.wlk","timeElapsed":149,"timestamp":"2026-06-06T16:09:20.897Z"}
{"level":"info","message":"⌛ Building environment","timeElapsed":211,"timestamp":"2026-06-06T16:09:21.127Z"}
{"level":"info","message":"⌛ Validating niveles.wlk","timeElapsed":166,"timestamp":"2026-06-06T16:09:21.294Z"}
{"level":"error","message":"✘ Completions for node Send ([41:28, 41:42] - niveles.wlk) failed: Error: [Send]{904e04} at niveles.wlk:41 exhausted all cases without a match [Send]{904e04} at niveles.wlk:41 exhausted all cases without a match","stack":"Error: [Send]{904e04} at niveles.wlk:41 exhausted all cases without a match\n    at c:\\Users\\santi\\.vscode\\extensions\\uqbar.wollok-lsp-ide-0.5.4\\out\\server\\src\\server.js:38:6142\n    at L2 (c:\\Users\\santi\\.vscode\\extensions\\uqbar.wollok-lsp-ide-0.5.4\\out\\server\\src\\server.js:2389:42)\n    at Jh (c:\\Users\\santi\\.vscode\\extensions\\uqbar.wollok-lsp-ide-0.5.4\\out\\server\\src\\server.js:2389:1092)\n    at M5n (c:\\Users\\santi\\.vscode\\extensions\\uqbar.wollok-lsp-ide-0.5.4\\out\\server\\src\\server.js:2389:1248)\n    at c:\\Users\\santi\\.vscode\\extensions\\uqbar.wollok-lsp-ide-0.5.4\\out\\server\\src\\server.js:38:6131\n    at L2 (c:\\Users\\santi\\.vscode\\extensions\\uqbar.wollok-lsp-ide-0.5.4\\out\\server\\src\\server.js:2389:42)\n    at c:\\Users\\santi\\.vscode\\extensions\\uqbar.wollok-lsp-ide-0.5.4\\out\\server\\src\\server.js:2389:2988\n    at c:\\Users\\santi\\.vscode\\extensions\\uqbar.wollok-lsp-ide-0.5.4\\out\\server\\src\\server.js:2398:8440\n    at c:\\Users\\santi\\.vscode\\extensions\\uqbar.wollok-lsp-ide-0.5.4\\out\\server\\src\\server.js:37:74872\n    at Ke (c:\\Users\\santi\\.vscode\\extensions\\uqbar.wollok-lsp-ide-0.5.4\\out\\server\\src\\server.js:7:8527)","timestamp":"2026-06-06T16:09:21.327Z"}
{"level":"error","message":"✘ Completions for node Variable ([41:9, 41:42] - niveles.wlk) failed: Error: background [Variable]{00ade1} at niveles.wlk:41 exhausted all cases without a match background [Variable]{00ade1} at niveles.wlk:41 exhausted all cases without a match","stack":"Error: background [Variable]{00ade1} at niveles.wlk:41 exhausted all cases without a match\n    at c:\\Users\\santi\\.vscode\\extensions\\uqbar.wollok-lsp-ide-0.5.4\\out\\server\\src\\server.js:38:6142\n    at L2 (c:\\Users\\santi\\.vscode\\extensions\\uqbar.wollok-lsp-ide-0.5.4\\out\\server\\src\\server.js:2389:42)\n    at Jh (c:\\Users\\santi\\.vscode\\extensions\\uqbar.wollok-lsp-ide-0.5.4\\out\\server\\src\\server.js:2389:1092)\n    at L2 (c:\\Users\\santi\\.vscode\\extensions\\uqbar.wollok-lsp-ide-0.5.4\\out\\server\\src\\server.js:2389:544)\n    at Jh (c:\\Users\\santi\\.vscode\\extensions\\uqbar.wollok-lsp-ide-0.5.4\\out\\server\\src\\server.js:2389:1092)\n    at M5n (c:\\Users\\santi\\.vscode\\extensions\\uqbar.wollok-lsp-ide-0.5.4\\out\\server\\src\\server.js:2389:1248)\n    at c:\\Users\\santi\\.vscode\\extensions\\uqbar.wollok-lsp-ide-0.5.4\\out\\server\\src\\server.js:38:6131\n    at L2 (c:\\Users\\santi\\.vscode\\extensions\\uqbar.wollok-lsp-ide-0.5.4\\out\\server\\src\\server.js:2389:42)\n    at c:\\Users\\santi\\.vscode\\extensions\\uqbar.wollok-lsp-ide-0.5.4\\out\\server\\src\\server.js:2389:2988\n    at c:\\Users\\santi\\.vscode\\extensions\\uqbar.wollok-lsp-ide-0.5.4\\out\\server\\src\\server.js:2398:8440","timestamp":"2026-06-06T16:09:21.327Z"}
{"level":"info","message":"⌛ Building environment","timeElapsed":259,"timestamp":"2026-06-06T16:09:21.606Z"}
{"level":"info","message":"⌛ Building environment","timeElapsed":250,"timestamp":"2026-06-06T16:09:21.858Z"}
{"level":"info","message":"⌛ Validating niveles.wlk","timeElapsed":185,"timestamp":"2026-06-06T16:09:22.043Z"}
{"level":"info","message":"⌛ Building environment","timeElapsed":219,"timestamp":"2026-06-06T16:09:22.286Z"}
{"level":"info","message":"⌛ Building environment","timeElapsed":236,"timestamp":"2026-06-06T16:09:22.537Z"}
{"level":"info","message":"⌛ Validating niveles.wlk","timeElapsed":126,"timestamp":"2026-06-06T16:09:22.664Z"}
{"level":"info","message":"⌛ Validating niveles.wlk","timeElapsed":151,"timestamp":"2026-06-06T16:09:22.835Z"}
{"level":"info","message":"⌛ Building environment","timeElapsed":276,"timestamp":"2026-06-06T16:09:23.113Z"}
{"level":"info","message":"⌛ Validating niveles.wlk","timeElapsed":158,"timestamp":"2026-06-06T16:09:23.286Z"}
{"level":"info","message":"⌛ Building environment","timeElapsed":245,"timestamp":"2026-06-06T16:09:23.542Z"}
{"level":"info","message":"⌛ Validating niveles.wlk","timeElapsed":172,"timestamp":"2026-06-06T16:09:23.730Z"}
{"level":"info","message":"⌛ Building environment","timeElapsed":323,"timestamp":"2026-06-06T16:09:24.055Z"}
{"level":"info","message":"⌛ Building environment","timeElapsed":247,"timestamp":"2026-06-06T16:09:24.315Z"}
{"level":"info","message":"⌛ Building environment","timeElapsed":590,"timestamp":"2026-06-06T16:09:24.906Z"}
{"level":"info","message":"⌛ Validating niveles.wlk","timeElapsed":151,"timestamp":"2026-06-06T16:09:25.058Z"}
{"level":"info","message":"⌛ Building environment","timeElapsed":211,"timestamp":"2026-06-06T16:09:25.272Z"}
{"level":"info","message":"⌛ Validating niveles.wlk","timeElapsed":151,"timestamp":"2026-06-06T16:09:25.434Z"}
{"level":"info","message":"⌛ Validating niveles.wlk","timeElapsed":183,"timestamp":"2026-06-06T16:09:25.641Z"}
{"level":"info","message":"⌛ Validating niveles.wlk","timeElapsed":161,"timestamp":"2026-06-06T16:09:25.830Z"}
{"level":"info","message":"⌛ Validating niveles.wlk","timeElapsed":168,"timestamp":"2026-06-06T16:09:25.998Z"}
{"level":"info","message":"⌛ Validating niveles.wlk","timeElapsed":155,"timestamp":"2026-06-06T16:09:26.153Z"}
{"level":"info","message":"⌛ Validating niveles.wlk","timeElapsed":164,"timestamp":"2026-06-06T16:09:26.347Z"}
{"level":"info","message":"⌛ Validating niveles.wlk","timeElapsed":170,"timestamp":"2026-06-06T16:09:26.519Z"}
{"level":"info","message":"⌛ Validating niveles.wlk","timeElapsed":150,"timestamp":"2026-06-06T16:09:26.669Z"}
{"level":"info","message":"⌛ Building environment","timeElapsed":219,"timestamp":"2026-06-06T16:09:43.906Z"}
{"level":"info","message":"⌛ Validating niveles.wlk","timeElapsed":239,"timestamp":"2026-06-06T16:09:44.149Z"}
{"level":"info","message":"⌛ Building environment","timeElapsed":383,"timestamp":"2026-06-06T16:09:45.411Z"}
{"level":"info","message":"⌛ Building environment","timeElapsed":315,"timestamp":"2026-06-06T16:09:45.744Z"}
{"level":"info","message":"⌛ Building environment","timeElapsed":252,"timestamp":"2026-06-06T16:09:45.997Z"}
{"level":"info","message":"⌛ Validating niveles.wlk","timeElapsed":132,"timestamp":"2026-06-06T16:09:46.130Z"}
{"level":"info","message":"⌛ Building environment","timeElapsed":306,"timestamp":"2026-06-06T16:09:46.468Z"}
{"level":"info","message":"⌛ Validating niveles.wlk","timeElapsed":245,"timestamp":"2026-06-06T16:09:46.714Z"}
{"level":"info","message":"⌛ Validating niveles.wlk","timeElapsed":181,"timestamp":"2026-06-06T16:09:46.897Z"}
{"level":"info","message":"⌛ Building environment","timeElapsed":279,"timestamp":"2026-06-06T16:09:47.189Z"}
{"level":"info","message":"⌛ Building environment","timeElapsed":329,"timestamp":"2026-06-06T16:09:47.533Z"}
{"level":"info","message":"⌛ Building environment","timeElapsed":427,"timestamp":"2026-06-06T16:09:47.968Z"}
{"level":"info","message":"⌛ Validating niveles.wlk","timeElapsed":363,"timestamp":"2026-06-06T16:09:48.331Z"}
{"level":"info","message":"⌛ Building environment","timeElapsed":261,"timestamp":"2026-06-06T16:09:48.593Z"}
{"level":"info","message":"⌛ Building environment","timeElapsed":231,"timestamp":"2026-06-06T16:09:48.825Z"}
{"level":"info","message":"⌛ Building environment","timeElapsed":253,"timestamp":"2026-06-06T16:09:49.079Z"}
{"level":"info","message":"⌛ Building environment","timeElapsed":228,"timestamp":"2026-06-06T16:09:49.321Z"}
{"level":"info","message":"⌛ Validating niveles.wlk","timeElapsed":161,"timestamp":"2026-06-06T16:09:49.482Z"}
{"level":"info","message":"⌛ Building environment","timeElapsed":267,"timestamp":"2026-06-06T16:09:49.749Z"}
{"level":"info","message":"⌛ Building environment","timeElapsed":277,"timestamp":"2026-06-06T16:09:50.043Z"}
{"level":"info","message":"⌛ Validating niveles.wlk","timeElapsed":166,"timestamp":"2026-06-06T16:09:50.210Z"}
{"level":"info","message":"⌛ Validating niveles.wlk","timeElapsed":172,"timestamp":"2026-06-06T16:09:50.411Z"}
{"level":"info","message":"⌛ Validating niveles.wlk","timeElapsed":142,"timestamp":"2026-06-06T16:09:50.553Z"}
{"level":"info","message":"⌛ Validating niveles.wlk","timeElapsed":262,"timestamp":"2026-06-06T16:09:50.838Z"}
{"level":"info","message":"⌛ Validating niveles.wlk","timeElapsed":234,"timestamp":"2026-06-06T16:09:51.072Z"}
{"level":"info","message":"⌛ Building environment","timeElapsed":228,"timestamp":"2026-06-06T16:09:51.301Z"}
{"level":"info","message":"⌛ Validating niveles.wlk","timeElapsed":177,"timestamp":"2026-06-06T16:09:51.479Z"}
{"level":"info","message":"⌛ Building environment","timeElapsed":248,"timestamp":"2026-06-06T16:09:51.732Z"}
{"level":"info","message":"⌛ Building environment","timeElapsed":302,"timestamp":"2026-06-06T16:09:52.034Z"}
{"level":"info","message":"⌛ Validating niveles.wlk","timeElapsed":152,"timestamp":"2026-06-06T16:09:52.187Z"}
{"level":"info","message":"⌛ Validating niveles.wlk","timeElapsed":145,"timestamp":"2026-06-06T16:09:52.359Z"}
{"level":"info","message":"⌛ Building environment","timeElapsed":388,"timestamp":"2026-06-06T16:09:52.747Z"}
{"level":"info","message":"⌛ Building environment","timeElapsed":297,"timestamp":"2026-06-06T16:09:53.044Z"}
{"level":"info","message":"⌛ Building environment","timeElapsed":228,"timestamp":"2026-06-06T16:09:53.272Z"}
{"level":"info","message":"⌛ Building environment","timeElapsed":254,"timestamp":"2026-06-06T16:09:53.537Z"}
{"level":"info","message":"⌛ Building environment","timeElapsed":223,"timestamp":"2026-06-06T16:09:53.760Z"}
{"level":"info","message":"⌛ Building environment","timeElapsed":216,"timestamp":"2026-06-06T16:09:53.977Z"}
{"level":"info","message":"⌛ Validating niveles.wlk","timeElapsed":162,"timestamp":"2026-06-06T16:09:54.140Z"}
{"level":"info","message":"⌛ Building environment","timeElapsed":220,"timestamp":"2026-06-06T16:09:54.362Z"}
{"level":"info","message":"⌛ Building environment","timeElapsed":215,"timestamp":"2026-06-06T16:09:54.588Z"}
{"level":"info","message":"⌛ Validating niveles.wlk","timeElapsed":142,"timestamp":"2026-06-06T16:09:54.731Z"}
{"level":"info","message":"⌛ Validating niveles.wlk","timeElapsed":191,"timestamp":"2026-06-06T16:09:54.932Z"}
{"level":"info","message":"⌛ Building environment","timeElapsed":224,"timestamp":"2026-06-06T16:09:55.157Z"}
{"level":"info","message":"⌛ Building environment","timeElapsed":243,"timestamp":"2026-06-06T16:09:55.409Z"}
{"level":"info","message":"⌛ Validating niveles.wlk","timeElapsed":166,"timestamp":"2026-06-06T16:09:55.586Z"}
{"level":"info","message":"⌛ Building environment","timeElapsed":207,"timestamp":"2026-06-06T16:09:55.814Z"}
{"level":"info","message":"⌛ Building environment","timeElapsed":257,"timestamp":"2026-06-06T16:09:56.072Z"}
{"level":"info","message":"⌛ Validating niveles.wlk","timeElapsed":211,"timestamp":"2026-06-06T16:09:56.284Z"}
{"level":"info","message":"⌛ Building environment","timeElapsed":287,"timestamp":"2026-06-06T16:09:56.572Z"}
{"level":"info","message":"⌛ Building environment","timeElapsed":241,"timestamp":"2026-06-06T16:09:56.815Z"}
{"level":"info","message":"⌛ Validating niveles.wlk","timeElapsed":185,"timestamp":"2026-06-06T16:09:57.000Z"}
{"level":"info","message":"⌛ Validating niveles.wlk","timeElapsed":302,"timestamp":"2026-06-06T16:09:57.335Z"}
{"level":"info","message":"⌛ Building environment","timeElapsed":295,"timestamp":"2026-06-06T16:09:57.632Z"}
{"level":"info","message":"⌛ Validating niveles.wlk","timeElapsed":201,"timestamp":"2026-06-06T16:09:57.834Z"}
{"level":"info","message":"⌛ Building environment","timeElapsed":292,"timestamp":"2026-06-06T16:09:58.129Z"}
{"level":"info","message":"⌛ Validating niveles.wlk","timeElapsed":270,"timestamp":"2026-06-06T16:09:58.433Z"}
{"level":"info","message":"⌛ Validating niveles.wlk","timeElapsed":273,"timestamp":"2026-06-06T16:09:58.707Z"}
{"level":"info","message":"⌛ Building environment","timeElapsed":431,"timestamp":"2026-06-06T16:09:59.160Z"}
{"level":"info","message":"⌛ Building environment","timeElapsed":1005,"timestamp":"2026-06-06T16:10:00.165Z"}
{"level":"info","message":"⌛ Validating niveles.wlk","timeElapsed":180,"timestamp":"2026-06-06T16:10:00.346Z"}
{"level":"info","message":"⌛ Building environment","timeElapsed":994,"timestamp":"2026-06-06T16:10:01.343Z"}
{"level":"info","message":"⌛ Building environment","timeElapsed":413,"timestamp":"2026-06-06T16:10:01.758Z"}
{"level":"info","message":"⌛ Building environment","timeElapsed":409,"timestamp":"2026-06-06T16:10:02.168Z"}
{"level":"info","message":"⌛ Building environment","timeElapsed":265,"timestamp":"2026-06-06T16:10:02.448Z"}
{"level":"info","message":"⌛ Validating niveles.wlk","timeElapsed":153,"timestamp":"2026-06-06T16:10:02.601Z"}
{"level":"info","message":"⌛ Validating niveles.wlk","timeElapsed":142,"timestamp":"2026-06-06T16:10:02.764Z"}
{"level":"info","message":"⌛ Validating niveles.wlk","timeElapsed":198,"timestamp":"2026-06-06T16:10:02.963Z"}
{"level":"info","message":"⌛ Validating niveles.wlk","timeElapsed":168,"timestamp":"2026-06-06T16:10:03.150Z"}
{"level":"info","message":"⌛ Validating niveles.wlk","timeElapsed":140,"timestamp":"2026-06-06T16:10:03.304Z"}
{"level":"info","message":"⌛ Validating niveles.wlk","timeElapsed":157,"timestamp":"2026-06-06T16:10:03.461Z"}
{"level":"info","message":"⌛ Validating niveles.wlk","timeElapsed":137,"timestamp":"2026-06-06T16:10:03.627Z"}
{"level":"info","message":"⌛ Validating niveles.wlk","timeElapsed":140,"timestamp":"2026-06-06T16:10:03.776Z"}
{"level":"info","message":"⌛ Validating niveles.wlk","timeElapsed":160,"timestamp":"2026-06-06T16:10:03.962Z"}
{"level":"info","message":"⌛ Validating niveles.wlk","timeElapsed":145,"timestamp":"2026-06-06T16:10:04.108Z"}
{"level":"info","message":"⌛ Building environment","timeElapsed":247,"timestamp":"2026-06-06T16:10:04.382Z"}
{"level":"info","message":"⌛ Building environment","timeElapsed":237,"timestamp":"2026-06-06T16:10:04.621Z"}
{"level":"info","message":"⌛ Validating niveles.wlk","timeElapsed":187,"timestamp":"2026-06-06T16:10:04.815Z"}
{"level":"info","message":"⌛ Validating niveles.wlk","timeElapsed":144,"timestamp":"2026-06-06T16:10:04.986Z"}
{"level":"info","message":"⌛ Validating niveles.wlk","timeElapsed":157,"timestamp":"2026-06-06T16:10:05.144Z"}
{"level":"info","message":"⌛ Validating niveles.wlk","timeElapsed":160,"timestamp":"2026-06-06T16:10:05.304Z"}
{"level":"info","message":"⌛ Building environment","timeElapsed":235,"timestamp":"2026-06-06T16:10:05.569Z"}
{"level":"info","message":"⌛ Building environment","timeElapsed":239,"timestamp":"2026-06-06T16:10:05.818Z"}
{"level":"info","message":"⌛ Building environment","timeElapsed":234,"timestamp":"2026-06-06T16:10:06.064Z"}
{"level":"info","message":"⌛ Validating niveles.wlk","timeElapsed":185,"timestamp":"2026-06-06T16:10:06.249Z"}
{"level":"info","message":"⌛ Validating niveles.wlk","timeElapsed":145,"timestamp":"2026-06-06T16:10:06.414Z"}
{"level":"info","message":"⌛ Building environment","timeElapsed":243,"timestamp":"2026-06-06T16:10:06.657Z"}
{"level":"info","message":"⌛ Building environment","timeElapsed":247,"timestamp":"2026-06-06T16:10:06.912Z"}
{"level":"info","message":"⌛ Building environment","timeElapsed":605,"timestamp":"2026-06-06T16:10:07.518Z"}
{"level":"info","message":"⌛ Building environment","timeElapsed":248,"timestamp":"2026-06-06T16:10:07.768Z"}
{"level":"info","message":"⌛ Validating niveles.wlk","timeElapsed":193,"timestamp":"2026-06-06T16:10:07.961Z"}
{"level":"info","message":"⌛ Building environment","timeElapsed":236,"timestamp":"2026-06-06T16:10:08.198Z"}
{"level":"info","message":"⌛ Building environment","timeElapsed":277,"timestamp":"2026-06-06T16:10:08.488Z"}
{"level":"info","message":"⌛ Building environment","timeElapsed":224,"timestamp":"2026-06-06T16:10:08.713Z"}
{"level":"info","message":"⌛ Validating niveles.wlk","timeElapsed":143,"timestamp":"2026-06-06T16:10:08.856Z"}
{"level":"info","message":"⌛ Building environment","timeElapsed":274,"timestamp":"2026-06-06T16:10:09.133Z"}
{"level":"info","message":"⌛ Validating niveles.wlk","timeElapsed":203,"timestamp":"2026-06-06T16:10:09.351Z"}
{"level":"info","message":"⌛ Building environment","timeElapsed":255,"timestamp":"2026-06-06T16:10:09.607Z"}
{"level":"info","message":"⌛ Building environment","timeElapsed":210,"timestamp":"2026-06-06T16:10:09.827Z"}
{"level":"info","message":"⌛ Building environment","timeElapsed":255,"timestamp":"2026-06-06T16:10:10.083Z"}
{"level":"info","message":"⌛ Building environment","timeElapsed":744,"timestamp":"2026-06-06T16:10:10.829Z"}
{"level":"info","message":"⌛ Validating niveles.wlk","timeElapsed":155,"timestamp":"2026-06-06T16:10:10.989Z"}
{"level":"info","message":"⌛ Validating niveles.wlk","timeElapsed":140,"timestamp":"2026-06-06T16:10:11.152Z"}
{"level":"info","message":"⌛ Validating niveles.wlk","timeElapsed":128,"timestamp":"2026-06-06T16:10:11.280Z"}
{"level":"info","message":"⌛ Validating niveles.wlk","timeElapsed":133,"timestamp":"2026-06-06T16:10:11.413Z"}
{"level":"info","message":"⌛ Validating niveles.wlk","timeElapsed":163,"timestamp":"2026-06-06T16:10:11.577Z"}
{"level":"info","message":"⌛ Validating niveles.wlk","timeElapsed":153,"timestamp":"2026-06-06T16:10:11.740Z"}
{"level":"info","message":"⌛ Validating niveles.wlk","timeElapsed":141,"timestamp":"2026-06-06T16:10:11.883Z"}
{"level":"info","message":"⌛ Validating niveles.wlk","timeElapsed":135,"timestamp":"2026-06-06T16:10:12.031Z"}
{"level":"info","message":"⌛ Building environment","timeElapsed":241,"timestamp":"2026-06-06T16:10:12.273Z"}
{"level":"info","message":"⌛ Validating niveles.wlk","timeElapsed":247,"timestamp":"2026-06-06T16:10:12.543Z"}
{"level":"info","message":"⌛ Validating niveles.wlk","timeElapsed":230,"timestamp":"2026-06-06T16:10:12.814Z"}
{"level":"info","message":"⌛ Validating niveles.wlk","timeElapsed":271,"timestamp":"2026-06-06T16:10:13.086Z"}
{"level":"info","message":"⌛ Validating niveles.wlk","timeElapsed":159,"timestamp":"2026-06-06T16:10:13.246Z"}
{"level":"info","message":"⌛ Validating niveles.wlk","timeElapsed":150,"timestamp":"2026-06-06T16:10:13.495Z"}
{"level":"info","message":"⌛ Building environment","timeElapsed":220,"timestamp":"2026-06-06T16:10:14.197Z"}
{"level":"info","message":"⌛ Validating niveles.wlk","timeElapsed":202,"timestamp":"2026-06-06T16:10:14.406Z"}
{"level":"info","message":"⌛ Building environment","timeElapsed":233,"timestamp":"2026-06-06T16:10:14.642Z"}
{"level":"info","message":"⌛ Building environment","timeElapsed":245,"timestamp":"2026-06-06T16:10:14.897Z"}
{"level":"info","message":"⌛ Validating niveles.wlk","timeElapsed":165,"timestamp":"2026-06-06T16:10:15.063Z"}
{"level":"info","message":"⌛ Building environment","timeElapsed":249,"timestamp":"2026-06-06T16:10:15.337Z"}
{"level":"info","message":"⌛ Validating niveles.wlk","timeElapsed":155,"timestamp":"2026-06-06T16:10:15.493Z"}
{"level":"info","message":"⌛ Building environment","timeElapsed":246,"timestamp":"2026-06-06T16:10:15.740Z"}
{"level":"info","message":"⌛ Validating niveles.wlk","timeElapsed":254,"timestamp":"2026-06-06T16:10:15.995Z"}
{"level":"info","message":"⌛ Building environment","timeElapsed":232,"timestamp":"2026-06-06T16:10:16.255Z"}
{"level":"info","message":"⌛ Validating niveles.wlk","timeElapsed":155,"timestamp":"2026-06-06T16:10:16.412Z"}
{"level":"info","message":"⌛ Building environment","timeElapsed":225,"timestamp":"2026-06-06T16:10:16.665Z"}
{"level":"info","message":"⌛ Building environment","timeElapsed":232,"timestamp":"2026-06-06T16:10:16.898Z"}
{"level":"info","message":"⌛ Building environment","timeElapsed":244,"timestamp":"2026-06-06T16:10:17.143Z"}
{"level":"info","message":"⌛ Validating niveles.wlk","timeElapsed":141,"timestamp":"2026-06-06T16:10:17.285Z"}
{"level":"info","message":"⌛ Building environment","timeElapsed":212,"timestamp":"2026-06-06T16:10:17.498Z"}
{"level":"info","message":"⌛ Building environment","timeElapsed":848,"timestamp":"2026-06-06T16:10:18.347Z"}
{"level":"info","message":"⌛ Validating niveles.wlk","timeElapsed":181,"timestamp":"2026-06-06T16:10:18.529Z"}
{"level":"info","message":"⌛ Building environment","timeElapsed":214,"timestamp":"2026-06-06T16:10:18.743Z"}
{"level":"info","message":"⌛ Building environment","timeElapsed":233,"timestamp":"2026-06-06T16:10:18.977Z"}
{"level":"info","message":"⌛ Validating niveles.wlk","timeElapsed":169,"timestamp":"2026-06-06T16:10:19.147Z"}
{"level":"info","message":"⌛ Validating niveles.wlk","timeElapsed":165,"timestamp":"2026-06-06T16:10:19.334Z"}
{"level":"info","message":"⌛ Building environment","timeElapsed":248,"timestamp":"2026-06-06T16:10:19.583Z"}
{"level":"info","message":"⌛ Validating niveles.wlk","timeElapsed":182,"timestamp":"2026-06-06T16:10:19.766Z"}
{"level":"info","message":"⌛ Building environment","timeElapsed":244,"timestamp":"2026-06-06T16:10:20.011Z"}
{"level":"info","message":"⌛ Building environment","timeElapsed":250,"timestamp":"2026-06-06T16:10:20.295Z"}
{"level":"info","message":"⌛ Building environment","timeElapsed":265,"timestamp":"2026-06-06T16:10:20.567Z"}
{"level":"info","message":"⌛ Validating niveles.wlk","timeElapsed":152,"timestamp":"2026-06-06T16:10:20.764Z"}
{"level":"info","message":"⌛ Validating niveles.wlk","timeElapsed":193,"timestamp":"2026-06-06T16:10:20.959Z"}
{"level":"info","message":"⌛ Building environment","timeElapsed":350,"timestamp":"2026-06-06T16:10:21.321Z"}
{"level":"info","message":"⌛ Validating niveles.wlk","timeElapsed":226,"timestamp":"2026-06-06T16:10:21.564Z"}
{"level":"info","message":"⌛ Building environment","timeElapsed":301,"timestamp":"2026-06-06T16:10:21.866Z"}
{"level":"info","message":"⌛ Building environment","timeElapsed":317,"timestamp":"2026-06-06T16:10:22.209Z"}
{"level":"info","message":"⌛ Building environment","timeElapsed":260,"timestamp":"2026-06-06T16:10:22.471Z"}
{"level":"info","message":"⌛ Building environment","timeElapsed":233,"timestamp":"2026-06-06T16:10:22.706Z"}
{"level":"info","message":"⌛ Building environment","timeElapsed":241,"timestamp":"2026-06-06T16:10:22.947Z"}
{"level":"info","message":"⌛ Validating niveles.wlk","timeElapsed":173,"timestamp":"2026-06-06T16:10:23.120Z"}
{"level":"info","message":"⌛ Building environment","timeElapsed":222,"timestamp":"2026-06-06T16:10:23.345Z"}
{"level":"info","message":"⌛ Building environment","timeElapsed":442,"timestamp":"2026-06-06T16:10:23.816Z"}
{"level":"info","message":"⌛ Building environment","timeElapsed":283,"timestamp":"2026-06-06T16:10:24.100Z"}
{"level":"info","message":"⌛ Building environment","timeElapsed":309,"timestamp":"2026-06-06T16:10:24.410Z"}
{"level":"info","message":"⌛ Validating niveles.wlk","timeElapsed":155,"timestamp":"2026-06-06T16:10:24.566Z"}
{"level":"info","message":"⌛ Building environment","timeElapsed":280,"timestamp":"2026-06-06T16:10:24.848Z"}
{"level":"info","message":"⌛ Building environment","timeElapsed":229,"timestamp":"2026-06-06T16:10:25.093Z"}
{"level":"info","message":"⌛ Validating niveles.wlk","timeElapsed":189,"timestamp":"2026-06-06T16:10:25.282Z"}
{"level":"info","message":"⌛ Building environment","timeElapsed":227,"timestamp":"2026-06-06T16:10:25.511Z"}
{"level":"info","message":"⌛ Building environment","timeElapsed":240,"timestamp":"2026-06-06T16:10:25.759Z"}
{"level":"info","message":"⌛ Validating niveles.wlk","timeElapsed":130,"timestamp":"2026-06-06T16:10:25.890Z"}
{"level":"info","message":"⌛ Building environment","timeElapsed":220,"timestamp":"2026-06-06T16:10:26.111Z"}
{"level":"info","message":"⌛ Building environment","timeElapsed":240,"timestamp":"2026-06-06T16:10:26.364Z"}
{"level":"info","message":"⌛ Building environment","timeElapsed":248,"timestamp":"2026-06-06T16:10:26.612Z"}
{"level":"info","message":"⌛ Building environment","timeElapsed":247,"timestamp":"2026-06-06T16:10:26.859Z"}
{"level":"info","message":"⌛ Building environment","timeElapsed":332,"timestamp":"2026-06-06T16:10:27.193Z"}
{"level":"info","message":"⌛ Building environment","timeElapsed":412,"timestamp":"2026-06-06T16:10:27.607Z"}
{"level":"info","message":"⌛ Building environment","timeElapsed":393,"timestamp":"2026-06-06T16:10:28.002Z"}
{"level":"info","message":"⌛ Validating niveles.wlk","timeElapsed":148,"timestamp":"2026-06-06T16:10:28.150Z"}
{"level":"info","message":"⌛ Building environment","timeElapsed":344,"timestamp":"2026-06-06T16:10:28.495Z"}
{"level":"info","message":"⌛ Building environment","timeElapsed":296,"timestamp":"2026-06-06T16:10:28.808Z"}
{"level":"info","message":"⌛ Building environment","timeElapsed":552,"timestamp":"2026-06-06T16:10:29.362Z"}
{"level":"info","message":"⌛ Validating niveles.wlk","timeElapsed":198,"timestamp":"2026-06-06T16:10:29.595Z"}
{"level":"info","message":"⌛ Validating niveles.wlk","timeElapsed":168,"timestamp":"2026-06-06T16:10:29.765Z"}
{"level":"info","message":"⌛ Validating niveles.wlk","timeElapsed":162,"timestamp":"2026-06-06T16:10:29.929Z"}
{"level":"info","message":"⌛ Validating niveles.wlk","timeElapsed":165,"timestamp":"2026-06-06T16:10:30.095Z"}
{"level":"info","message":"⌛ Validating niveles.wlk","timeElapsed":154,"timestamp":"2026-06-06T16:10:30.250Z"}
{"level":"info","message":"⌛ Validating niveles.wlk","timeElapsed":403,"timestamp":"2026-06-06T16:10:30.661Z"}
{"level":"info","message":"⌛ Validating niveles.wlk","timeElapsed":138,"timestamp":"2026-06-06T16:10:30.812Z"}
{"level":"info","message":"⌛ Validating niveles.wlk","timeElapsed":205,"timestamp":"2026-06-06T16:10:31.018Z"}
{"level":"info","message":"⌛ Validating niveles.wlk","timeElapsed":173,"timestamp":"2026-06-06T16:10:31.191Z"}
{"level":"info","message":"⌛ Building environment","timeElapsed":505,"timestamp":"2026-06-06T16:10:31.697Z"}
{"level":"info","message":"⌛ Building environment","timeElapsed":283,"timestamp":"2026-06-06T16:10:31.981Z"}
{"level":"info","message":"⌛ Building environment","timeElapsed":304,"timestamp":"2026-06-06T16:10:32.286Z"}
{"level":"info","message":"⌛ Validating niveles.wlk","timeElapsed":211,"timestamp":"2026-06-06T16:10:32.497Z"}
{"level":"info","message":"⌛ Validating niveles.wlk","timeElapsed":165,"timestamp":"2026-06-06T16:10:32.663Z"}
{"level":"info","message":"⌛ Validating niveles.wlk","timeElapsed":170,"timestamp":"2026-06-06T16:10:32.844Z"}
{"level":"info","message":"⌛ Validating niveles.wlk","timeElapsed":184,"timestamp":"2026-06-06T16:10:33.029Z"}
{"level":"info","message":"⌛ Building environment","timeElapsed":223,"timestamp":"2026-06-06T16:10:33.253Z"}
{"level":"info","message":"⌛ Building environment","timeElapsed":288,"timestamp":"2026-06-06T16:10:33.542Z"}
{"level":"info","message":"⌛ Validating niveles.wlk","timeElapsed":143,"timestamp":"2026-06-06T16:10:33.686Z"}
{"level":"info","message":"⌛ Validating niveles.wlk","timeElapsed":149,"timestamp":"2026-06-06T16:10:33.858Z"}
{"level":"info","message":"⌛ Building environment","timeElapsed":227,"timestamp":"2026-06-06T16:10:34.085Z"}
{"level":"info","message":"⌛ Building environment","timeElapsed":242,"timestamp":"2026-06-06T16:10:34.340Z"}
{"level":"info","message":"⌛ Building environment","timeElapsed":378,"timestamp":"2026-06-06T16:10:34.737Z"}
{"level":"info","message":"⌛ Validating niveles.wlk","timeElapsed":302,"timestamp":"2026-06-06T16:10:35.040Z"}
{"level":"info","message":"⌛ Building environment","timeElapsed":220,"timestamp":"2026-06-06T16:10:35.263Z"}
{"level":"info","message":"⌛ Validating niveles.wlk","timeElapsed":150,"timestamp":"2026-06-06T16:10:35.425Z"}
{"level":"info","message":"⌛ Building environment","timeElapsed":318,"timestamp":"2026-06-06T16:10:35.761Z"}
{"level":"info","message":"⌛ Building environment","timeElapsed":218,"timestamp":"2026-06-06T16:10:35.979Z"}
{"level":"info","message":"⌛ Validating niveles.wlk","timeElapsed":154,"timestamp":"2026-06-06T16:10:36.134Z"}
{"level":"info","message":"⌛ Building environment","timeElapsed":214,"timestamp":"2026-06-06T16:10:36.349Z"}
{"level":"info","message":"⌛ Building environment","timeElapsed":210,"timestamp":"2026-06-06T16:10:36.579Z"}
{"level":"info","message":"⌛ Validating niveles.wlk","timeElapsed":212,"timestamp":"2026-06-06T16:10:36.800Z"}
{"level":"info","message":"⌛ Building environment","timeElapsed":231,"timestamp":"2026-06-06T16:10:37.061Z"}
{"level":"info","message":"⌛ Validating niveles.wlk","timeElapsed":199,"timestamp":"2026-06-06T16:10:37.260Z"}
{"level":"info","message":"⌛ Building environment","timeElapsed":223,"timestamp":"2026-06-06T16:10:37.484Z"}
{"level":"info","message":"⌛ Building environment","timeElapsed":260,"timestamp":"2026-06-06T16:10:37.744Z"}
{"level":"info","message":"⌛ Building environment","timeElapsed":263,"timestamp":"2026-06-06T16:10:38.008Z"}
{"level":"info","message":"⌛ Validating niveles.wlk","timeElapsed":158,"timestamp":"2026-06-06T16:10:38.166Z"}
{"level":"info","message":"⌛ Building environment","timeElapsed":306,"timestamp":"2026-06-06T16:10:38.473Z"}
{"level":"info","message":"⌛ Building environment","timeElapsed":309,"timestamp":"2026-06-06T16:10:38.782Z"}
{"level":"info","message":"⌛ Building environment","timeElapsed":601,"timestamp":"2026-06-06T16:10:39.384Z"}
{"level":"info","message":"⌛ Validating niveles.wlk","timeElapsed":248,"timestamp":"2026-06-06T16:10:39.632Z"}
{"level":"info","message":"⌛ Building environment","timeElapsed":351,"timestamp":"2026-06-06T16:10:39.984Z"}
{"level":"info","message":"⌛ Building environment","timeElapsed":263,"timestamp":"2026-06-06T16:10:40.248Z"}
{"level":"info","message":"⌛ Building environment","timeElapsed":230,"timestamp":"2026-06-06T16:10:40.479Z"}
{"level":"info","message":"⌛ Building environment","timeElapsed":228,"timestamp":"2026-06-06T16:10:40.707Z"}
{"level":"info","message":"⌛ Building environment","timeElapsed":216,"timestamp":"2026-06-06T16:10:40.938Z"}
{"level":"info","message":"⌛ Validating niveles.wlk","timeElapsed":138,"timestamp":"2026-06-06T16:10:41.077Z"}
{"level":"info","message":"⌛ Building environment","timeElapsed":209,"timestamp":"2026-06-06T16:10:41.288Z"}
{"level":"info","message":"⌛ Building environment","timeElapsed":215,"timestamp":"2026-06-06T16:10:41.513Z"}
{"level":"info","message":"⌛ Building environment","timeElapsed":220,"timestamp":"2026-06-06T16:10:41.733Z"}
{"level":"info","message":"⌛ Building environment","timeElapsed":194,"timestamp":"2026-06-06T16:10:41.928Z"}
{"level":"info","message":"⌛ Building environment","timeElapsed":220,"timestamp":"2026-06-06T16:10:42.149Z"}
{"level":"info","message":"⌛ Building environment","timeElapsed":365,"timestamp":"2026-06-06T16:10:42.514Z"}
{"level":"info","message":"⌛ Building environment","timeElapsed":217,"timestamp":"2026-06-06T16:10:42.732Z"}
{"level":"info","message":"⌛ Building environment","timeElapsed":485,"timestamp":"2026-06-06T16:10:43.218Z"}
{"level":"info","message":"⌛ Validating niveles.wlk","timeElapsed":182,"timestamp":"2026-06-06T16:10:43.441Z"}
{"level":"info","message":"⌛ Validating niveles.wlk","timeElapsed":228,"timestamp":"2026-06-06T16:10:43.681Z"}
{"level":"info","message":"⌛ Validating niveles.wlk","timeElapsed":186,"timestamp":"2026-06-06T16:10:43.868Z"}
{"level":"info","message":"⌛ Validating niveles.wlk","timeElapsed":171,"timestamp":"2026-06-06T16:10:44.054Z"}
{"level":"info","message":"⌛ Validating niveles.wlk","timeElapsed":162,"timestamp":"2026-06-06T16:10:44.228Z"}
{"level":"error","message":"✘ Failed to get type description: Error: Failed to print, found malformed node Failed to print, found malformed node","node":{"id":"7750dbcc-43d9-4280-82b5-e3bd768f1b34","metadata":[],"problems":[{"code":"malformedSentence","sourceMap":{"end":{"column":40,"line":54,"offset":1360},"start":{"column":33,"line":54,"offset":1353}}}],"scope":{"containerScope":{"containerScope":{"containerScope":{"containerScope":{"contributions":{},"includedScopes":[]},"contributions":{},"includedScopes":[{"contributions":{},"includedScopes":[]},{"contributions":{},"includedScopes":[]},{"contributions":{},"includedScopes":[]},{"contributions":{},"includedScopes":[]},{"contributions":{},"includedScopes":[]},{"contributions":{},"includedScopes":[]}]},"contributions":{},"includedScopes":[{"containerScope":{"containerScope":{"containerScope":{"contributions":{},"includedScopes":[]},"contributions":{},"includedScopes":[]},"contributions":{},"includedScopes":[]},"contributions":{},"includedScopes":[]}]},"contributions":{},"includedScopes":[]},"contributions":{},"includedScopes":[]},"sentences":[{"args":[],"id":"af69c6bb-14cb-4d82-ade1-41ffb1af04d8","message":"clear","metadata":[],"receiver":{"id":"32d24f44-fd65-480c-a00b-dd32fd0b1381","metadata":[{"args":{"position":"start","text":"// borrar anterior nivel"},"name":"comment"}],"name":"game","scope":{"containerScope":{"containerScope":{"containerScope":{"containerScope":{"containerScope":{"containerScope":{"contributions":{},"includedScopes":[]},"contributions":{},"includedScopes":[{"contributions":{},"includedScopes":[]},{"contributions":{},"includedScopes":[]},{"contributions":{},"includedScopes":[]},{"contributions":{},"includedScopes":[]},{"contributions":{},"includedScopes":[]},{"contributions":{},"includedScopes":[]}]},"contributions":{},"includedScopes":[{"containerScope":{"containerScope":{"containerScope":{"contributions":{},"includedScopes":[]},"contributions":{},"includedScopes":[]},"contributions":{},"includedScopes":[]},"contributions":{},"includedScopes":[]}]},"contributions":{},"includedScopes":[]},"contributions":{},"includedScopes":[]},"contributions":{},"includedScopes":[]},"contributions":{},"includedScopes":[]},"sourceMap":{"end":{"column":13,"line":36,"offset":844},"start":{"column":9,"line":36,"offset":840}}},"scope":{"containerScope":{"containerScope":{"containerScope":{"containerScope":{"containerScope":{"contributions":{},"includedScopes":[]},"contributions":{},"includedScopes":[{"contributions":{},"includedScopes":[]},{"contributions":{},"includedScopes":[]},{"contributions":{},"includedScopes":[]},{"contributions":{},"includedScopes":[]},{"contributions":{},"includedScopes":[]},{"contributions":{},"includedScopes":[]}]},"contributions":{},"includedScopes":[{"containerScope":{"containerScope":{"containerScope":{"contributions":{},"includedScopes":[]},"contributions":{},"includedScopes":[]},"contributions":{},"includedScopes":[]},"contributions":{},"includedScopes":[]}]},"contributions":{},"includedScopes":[]},"contributions":{},"includedScopes":[]},"contributions":{},"includedScopes":[]},"sourceMap":{"end":{"column":21,"line":36,"offset":852},"start":{"column":9,"line":35,"offset":806}}},{"args":[],"id":"1d2b6081-c427-467f-8354-bb18f72b017d","message":"clear","metadata":[],"receiver":{"id":"79fa9f9e-1a87-4b2b-a1ee-2bf449f947da","metadata":[],"name":"juego.mapaObjetos","scope":{"containerScope":{"containerScope":{"containerScope":{"containerScope":{"containerScope":{"containerScope":{"contributions":{},"includedScopes":[]},"contributions":{},"includedScopes":[{"contributions":{},"includedScopes":[]},{"contributions":{},"includedScopes":[]},{"contributions":{},"includedScopes":[]},{"contributions":{},"includedScopes":[]},{"contributions":{},"includedScopes":[]},{"contributions":{},"includedScopes":[]}]},"contributions":{},"includedScopes":[{"containerScope":{"containerScope":{"containerScope":{"contributions":{},"includedScopes":[]},"contributions":{},"includedScopes":[]},"contributions":{},"includedScopes":[]},"contributions":{},"includedScopes":[]}]},"contributions":{},"includedScopes":[]},"contributions":{},"includedScopes":[]},"contributions":{},"includedScopes":[]},"contributions":{},"includedScopes":[]},"sourceMap":{"end":{"column":26,"line":37,"offset":879},"start":{"column":9,"line":37,"offset":862}}},"scope":{"containerScope":{"containerScope":{"containerScope":{"containerScope":{"containerScope":{"contributions":{},"includedScopes":[]},"contributions":{},"includedScopes":[{"contributions":{},"includedScopes":[]},{"contributions":{},"includedScopes":[]},{"contributions":{},"includedScopes":[]},{"contributions":{},"includedScopes":[]},{"contributions":{},"includedScopes":[]},{"contributions":{},"includedScopes":[]}]},"contributions":{},"includedScopes":[{"containerScope":{"containerScope":{"containerScope":{"contributions":{},"includedScopes":[]},"contributions":{},"includedScopes":[]},"contributions":{},"includedScopes":[]},"contributions":{},"includedScopes":[]}]},"contributions":{},"includedScopes":[]},"contributions":{},"includedScopes":[]},"contributions":{},"includedScopes":[]},"sourceMap":{"end":{"column":34,"line":37,"offset":887},"start":{"column":8,"line":37,"offset":862}}},{"args":[{"id":"12533039-1371-42d7-a4fb-bddf4085ba9a","metadata":[],"name":"personaje","scope":{"containerScope":{"containerScope":{"containerScope":{"containerScope":{"containerScope":{"containerScope":{"contributions":{},"includedScopes":[]},"contributions":{},"includedScopes":[{"contributions":{},"includedScopes":[]},{"contributions":{},"includedScopes":[]},{"contributions":{},"includedScopes":[]},{"contributions":{},"includedScopes":[]},{"contributions":{},"includedScopes":[]},{"contributions":{},"includedScopes":[]}]},"contributions":{},"includedScopes":[{"containerScope":{"containerScope":{"containerScope":{"contributions":{},"includedScopes":[]},"contributions":{},"includedScopes":[]},"contributions":{},"includedScopes":[]},"contributions":{},"includedScopes":[]}]},"contributions":{},"includedScopes":[]},"contributions":{},"includedScopes":[]},"contributions":{},"includedScopes":[]},"contributions":{},"includedScopes":[]},"sourceMap":{"end":{"column":33,"line":40,"offset":945},"start":{"column":24,"line":40,"offset":936}}}],"id":"f5676a69-7d1e-4804-957c-d7018445f1fc","message":"addVisual","metadata":[],"receiver":{"id":"0723bf4a-51a7-4514-b120-2cb82b8b4879","metadata":[{"args":{"position":"start","text":"// personaje"},"name":"comment"}],"name":"game","scope":{"containerScope":{"containerScope":{"containerScope":{"containerScope":{"containerScope":{"containerScope":{"contributions":{},"includedScopes":[]},"contributions":{},"includedScopes":[{"contributions":{},"includedScopes":[]},{"contributions":{},"includedScopes":[]},{"contributions":{},"includedScopes":[]},{"contributions":{},"includedScopes":[]},{"contributions":{},"includedScopes":[]},{"contributions":{},"includedScopes":[]}]},"contributions":{},"includedScopes":[{"containerScope":{"containerScope":{"containerScope":{"contributions":{},"includedScopes":[]},"contributions":{},"includedScopes":[]},"contributions":{},"includedScopes":[]},"contributions":{},"includedScopes":[]}]},"contributions":{},"includedScopes":[]},"contributions":{},"includedScopes":[]},"contributions":{},"includedScopes":[]},"contributions":{},"includedScopes":[]},"sourceMap":{"end":{"column":13,"line":40,"offset":925},"start":{"column":9,"line":40,"offset":921}}},"scope":{"containerScope":{"containerScope":{"containerScope":{"containerScope":{"containerScope":{"contributions":{},"includedScopes":[]},"contributions":{},"includedScopes":[{"contributions":{},"includedScopes":[]},{"contributions":{},"includedScopes":[]},{"contributions":{},"includedScopes":[]},{"contributions":{},"includedScopes":[]},{"contributions":{},"includedScopes":[]},{"contributions":{},"includedScopes":[]}]},"contributions":{},"includedScopes":[{"containerScope":{"containerScope":{"containerScope":{"contributions":{},"includedScopes":[]},"contributions":{},"includedScopes":[]},"contributions":{},"includedScopes":[]},"contributions":{},"includedScopes":[]}]},"contributions":{},"includedScopes":[]},"contributions":{},"includedScopes":[]},"contributions":{},"includedScopes":[]},"sourceMap":{"end":{"column":34,"line":40,"offset":946},"start":{"column":9,"line":39,"offset":899}}},{"args":[{"args":[{"id":"e53e8dad-458e-4945-8cb8-d19550dff172","metadata":[],"scope":{"containerScope":{"containerScope":{"containerScope":{"containerScope":{"containerScope":{"containerScope":{"containerScope":{"contributions":{},"includedScopes":[]},"contributions":{},"includedScopes":[{"contributions":{},"includedScopes":[]},{"contributions":{},"includedScopes":[]},{"contributions":{},"includedScopes":[]},{"contributions":{},"includedScopes":[]},{"contributions":{},"includedScopes":[]},{"contributions":{},"includedScopes":[]}]},"contributions":{},"includedScopes":[{"containerScope":{"containerScope":{"containerScope":{"contributions":{},"includedScopes":[]},"contributions":{},"includedScopes":[]},"contributions":{},"includedScopes":[]},"contributions":{},"includedScopes":[]}]},"contributions":{},"includedScopes":[]},"contributions":{},"includedScopes":[]},"contributions":{},"includedScopes":[]},"contributions":{},"includedScopes":[]},"contributions":{},"includedScopes":[]},"sourceMap":{"end":{"column":37,"line":41,"offset":984},"start":{"column":36,"line":41,"offset":983}},"value":5},{"id":"303df5bc-d31f-4506-a9d0-9bd32bd72b5e","metadata":[],"scope":{"containerScope":{"containerScope":{"containerScope":{"containerScope":{"containerScope":{"containerScope":{"containerScope":{"contributions":{},"includedScopes":[]},"contributions":{},"includedScopes":[{"contributions":{},"includedScopes":[]},{"contributions":{},"includedScopes":[]},{"contributions":{},"includedScopes":[]},{"contributions":{},"includedScopes":[]},{"contributions":{},"includedScopes":[]},{"contributions":{},"includedScopes":[]}]},"contributions":{},"includedScopes":[{"containerScope":{"containerScope":{"containerScope":{"contributions":{},"includedScopes":[]},"contributions":{},"includedScopes":[]},"contributions":{},"includedScopes":[]},"contributions":{},"includedScopes":[]}]},"contributions":{},"includedScopes":[]},"contributions":{},"includedScopes":[]},"contributions":{},"includedScopes":[]},"contributions":{},"includedScopes":[]},"contributions":{},"includedScopes":[]},"sourceMap":{"end":{"column":40,"line":41,"offset":987},"start":{"column":39,"line":41,"offset":986}},"value":4}],"id":"0e6ae302-b4f0-44c4-8b5d-b4c6b1fac9dc","message":"at","metadata":[],"receiver":{"id":"9ed207e3-8fa3-4332-965e-126d70e5dafb","metadata":[],"name":"game","scope":{"containerScope":{"containerScope":{"containerScope":{"containerScope":{"containerScope":{"containerScope":{"containerScope":{"contributions":{},"includedScopes":[]},"contributions":{},"includedScopes":[{"contributions":{},"includedScopes":[]},{"contributions":{},"includedScopes":[]},{"contributions":{},"includedScopes":[]},{"contributions":{},"includedScopes":[]},{"contributions":{},"includedScopes":[]},{"contributions":{},"includedScopes":[]}]},"contributions":{},"includedScopes":[{"containerScope":{"containerScope":{"containerScope":{"contributions":{},"includedScopes":[]},"contributions":{},"includedScopes":[]},"contributions":{},"includedScopes":[]},"contributions":{},"includedScopes":[]}]},"contributions":{},"includedScopes":[]},"contributions":{},"includedScopes":[]},"contributions":{},"includedScopes":[]},"contributions":{},"includedScopes":[]},"contributions":{},"includedScopes":[]},"sourceMap":{"end":{"column":32,"line":41,"offset":979},"start":{"column":28,"line":41,"offset":975}}},"scope":{"containerScope":{"containerScope":{"containerScope":{"containerScope":{"containerScope":{"containerScope":{"contributions":{},"includedScopes":[]},"contributions":{},"includedScopes":[{"contributions":{},"includedScopes":[]},{"contributions":{},"includedScopes":[]},{"contributions":{},"includedScopes":[]},{"contributions":{},"includedScopes":[]},{"contributions":{},"includedScopes":[]},{"contributions":{},"includedScopes":[]}]},"contributions":{},"includedScopes":[{"containerScope":{"containerScope":{"containerScope":{"contributions":{},"includedScopes":[]},"contributions":{},"includedScopes":[]},"contributions":{},"includedScopes":[]},"contributions":{},"includedScopes":[]}]},"contributions":{},"includedScopes":[]},"contributions":{},"includedScopes":[]},"contributions":{},"includedScopes":[]},"contributions":{},"includedScopes":[]},"sourceMap":{"end":{"column":41,"line":41,"offset":988},"start":{"column":28,"line":41,"offset":975}}}],"id":"3479da57-55a1-4d6e-9fef-fc086a27e953","message":"position","metadata":[],"receiver":{"id":"d508bfe4-9122-4b06-b3ef-1881e400c490","metadata":[],"name":"personaje","scope":{"containerScope":{"containerScope":{"containerScope":{"containerScope":{"containerScope":{"containerScope":{"contributions":{},"includedScopes":[]},"contributions":{},"includedScopes":[{"contributions":{},"includedScopes":[]},{"contributions":{},"includedScopes":[]},{"contributions":{},"includedScopes":[]},{"contributions":{},"includedScopes":[]},{"contributions":{},"includedScopes":[]},{"contributions":{},"includedScopes":[]}]},"contributions":{},"includedScopes":[{"containerScope":{"containerScope":{"containerScope":{"contributions":{},"includedScopes":[]},"contributions":{},"includedScopes":[]},"contributions":{},"includedScopes":[]},"contributions":{},"includedScopes":[]}]},"contributions":{},"includedScopes":[]},"contributions":{},"includedScopes":[]},"contributions":{},"includedScopes":[]},"contributions":{},"includedScopes":[]},"sourceMap":{"end":{"column":18,"line":41,"offset":965},"start":{"column":9,"line":41,"offset":956}}},"scope":{"containerScope":{"containerScope":{"containerScope":{"containerScope":{"containerScope":{"contributions":{},"includedScopes":[]},"contributions":{},"includedScopes":[{"contributions":{},"includedScopes":[]},{"contributions":{},"includedScopes":[]},{"contributions":{},"includedScopes":[]},{"contributions":{},"includedScopes":[]},{"contributions":{},"includedScopes":[]},{"contributions":{},"includedScopes":[]}]},"contributions":{},"includedScopes":[{"containerScope":{"containerScope":{"containerScope":{"contributions":{},"includedScopes":[]},"contributions":{},"includedScopes":[]},"contributions":{},"includedScopes":[]},"contributions":{},"includedScopes":[]}]},"contributions":{},"includedScopes":[]},"contributions":{},"includedScopes":[]},"contributions":{},"includedScopes":[]},"sourceMap":{"end":{"column":42,"line":41,"offset":989},"start":{"column":8,"line":41,"offset":956}}},{"id":"edcd4d8b-d560-4c59-b459-3d538db517a3","isConstant":true,"metadata":[{"args":{"position":"start","text":"// referencias"},"name":"comment"}],"name":"mapa","scope":{"containerScope":{"containerScope":{"containerScope":{"containerScope":{"containerScope":{"contributions":{},"includedScopes":[]},"contributions":{},"includedScopes":[{"contributions":{},"includedScopes":[]},{"contributions":{},"includedScopes":[]},{"contributions":{},"includedScopes":[]},{"contributions":{},"includedScopes":[]},{"contributions":{},"includedScopes":[]},{"contributions":{},"includedScopes":[]}]},"contributions":{},"includedScopes":[{"containerScope":{"containerScope":{"containerScope":{"contributions":{},"includedScopes":[]},"contributions":{},"includedScopes":[]},"contributions":{},"includedScopes":[]},"contributions":{},"includedScopes":[]}]},"contributions":{},"includedScopes":[]},"contributions":{},"includedScopes":[]},"contributions":{},"includedScopes":[]},"sourceMap":{"end":{"column":44,"line":44,"offset":1060},"start":{"column":9,"line":44,"offset":1025}},"value":{"args":[],"id":"fd607f5e-0eff-46b3-a6a2-c1af711c2ad6","message":"mapaData","metadata":[],"receiver":{"id":"74a084c8-e7a5-4b24-8a77-0f948481dad3","metadata":[],"name":"nivelActual","scope":{"containerScope":{"containerScope":{"containerScope":{"containerScope":{"containerScope":{"containerScope":{"containerScope":{"contributions":{},"includedScopes":[]},"contributions":{},"includedScopes":[{"contributions":{},"includedScopes":[]},{"contributions":{},"includedScopes":[]},{"contributions":{},"includedScopes":[]},{"contributions":{},"includedScopes":[]},{"contributions":{},"includedScopes":[]},{"contributions":{},"includedScopes":[]}]},"contributions":{},"includedScopes":[{"containerScope":{"containerScope":{"containerScope":{"contributions":{},"includedScopes":[]},"contributions":{},"includedScopes":[]},"contributions":{},"includedScopes":[]},"contributions":{},"includedScopes":[]}]},"contributions":{},"includedScopes":[]},"contributions":{},"includedScopes":[]},"contributions":{},"includedScopes":[]},"contributions":{},"includedScopes":[]},"contributions":{},"includedScopes":[]},"sourceMap":{"end":{"column":33,"line":44,"offset":1049},"start":{"column":22,"line":44,"offset":1038}}},"scope":{"containerScope":{"containerScope":{"containerScope":{"containerScope":{"containerScope":{"containerScope":{"contributions":{},"includedScopes":[]},"contributions":{},"includedScopes":[{"contributions":{},"includedScopes":[]},{"contributions":{},"includedScopes":[]},{"contributions":{},"includedScopes":[]},{"contributions":{},"includedScopes":[]},{"contributions":{},"includedScopes":[]},{"contributions":{},"includedScopes":[]}]},"contributions":{},"includedScopes":[{"containerScope":{"containerScope":{"containerScope":{"contributions":{},"includedScopes":[]},"contributions":{},"includedScopes":[]},"contributions":{},"includedScopes":[]},"contributions":{},"includedScopes":[]}]},"contributions":{},"includedScopes":[]},"contributions":{},"includedScopes":[]},"contributions":{},"includedScopes":[]},"contributions":{},"includedScopes":[]},"sourceMap":{"end":{"column":44,"line":44,"offset":1060},"start":{"column":22,"line":44,"offset":1038}}}},{"id":"77d0a911-c167-487f-8c3d-dde00dd4877c","isConstant":true,"metadata":[],"name":"background","scope":{"containerScope":{"containerScope":{"containerScope":{"containerScope":{"containerScope":{"contributions":{},"includedScopes":[]},"contributions":{},"includedScopes":[{"contributions":{},"includedScopes":[]},{"contributions":{},"includedScopes":[]},{"contributions":{},"includedScopes":[]},{"contributions":{},"includedScopes":[]},{"contributions":{},"includedScopes":[]},{"contributions":{},"includedScopes":[]}]},"contributions":{},"includedScopes":[{"containerScope":{"containerScope":{"containerScope":{"contributions":{},"includedScopes":[]},"contributions":{},"includedScopes":[]},"contributions":{},"includedScopes":[]},"contributions":{},"includedScopes":[]}]},"contributions":{},"includedScopes":[]},"contributions":{},"includedScopes":[]},"contributions":{},"includedScopes":[]},"sourceMap":{"end":{"column":52,"line":45,"offset":1113},"start":{"column":9,"line":45,"offset":1070}},"value":{"args":[],"id":"07a7b945-0c40-4fe6-8dde-548daecbf54c","message":"background","metadata":[],"receiver":{"id":"5c8584de-89d3-4e74-bbc4-9fa7a72ea539","metadata":[],"name":"nivelActual","scope":{"containerScope":{"containerScope":{"containerScope":{"containerScope":{"containerScope":{"containerScope":{"containerScope":{"contributions":{},"includedScopes":[]},"contributions":{},"includedScopes":[{"contributions":{},"includedScopes":[]},{"contributions":{},"includedScopes":[]},{"contributions":{},"includedScopes":[]},{"contributions":{},"includedScopes":[]},{"contributions":{},"includedScopes":[]},{"contributions":{},"includedScopes":[]}]},"contributions":{},"includedScopes":[{"containerScope":{"containerScope":{"containerScope":{"contributions":{},"includedScopes":[]},"contributions":{},"includedScopes":[]},"contributions":{},"includedScopes":[]},"contributions":{},"includedScopes":[]}]},"contributions":{},"includedScopes":[]},"contributions":{},"includedScopes":[]},"contributions":{},"includedScopes":[]},"contributions":{},"includedScopes":[]},"contributions":{},"includedScopes":[]},"sourceMap":{"end":{"column":39,"line":45,"offset":1100},"start":{"column":28,"line":45,"offset":1089}}},"scope":{"containerScope":{"containerScope":{"containerScope":{"containerScope":{"containerScope":{"containerScope":{"contributions":{},"includedScopes":[]},"contributions":{},"includedScopes":[{"contributions":{},"includedScopes":[]},{"contributions":{},"includedScopes":[]},{"contributions":{},"includedScopes":[]},{"contributions":{},"includedScopes":[]},{"contributions":{},"includedScopes":[]},{"contributions":{},"includedScopes":[]}]},"contributions":{},"includedScopes":[{"containerScope":{"containerScope":{"containerScope":{"contributions":{},"includedScopes":[]},"contributions":{},"includedScopes":[]},"contributions":{},"includedScopes":[]},"contributions":{},"includedScopes":[]}]},"contributions":{},"includedScopes":[]},"contributions":{},"includedScopes":[]},"contributions":{},"includedScopes":[]},"contributions":{},"includedScopes":[]},"sourceMap":{"end":{"column":52,"line":45,"offset":1113},"start":{"column":28,"line":45,"offset":1089}}}},{"args":[{"id":"fefb52af-9837-4f66-9ad6-e73369577a3c","metadata":[],"name":"mapa","scope":{"containerScope":{"containerScope":{"containerScope":{"containerScope":{"containerScope":{"containerScope":{"contributions":{},"includedScopes":[]},"contributions":{},"includedScopes":[{"contributions":{},"includedScopes":[]},{"contributions":{},"includedScopes":[]},{"contributions":{},"includedScopes":[]},{"contributions":{},"includedScopes":[]},{"contributions":{},"includedScopes":[]},{"contributions":{},"includedScopes":[]}]},"contributions":{},"includedScopes":[{"containerScope":{"containerScope":{"containerScope":{"contributions":{},"includedScopes":[]},"contributions":{},"includedScopes":[]},"contributions":{},"includedScopes":[]},"contributions":{},"includedScopes":[]}]},"contributions":{},"includedScopes":[]},"contributions":{},"includedScopes":[]},"contributions":{},"includedScopes":[]},"contributions":{},"includedScopes":[]},"sourceMap":{"end":{"column":32,"line":47,"offset":1148},"start":{"column":28,"line":47,"offset":1144}}}],"id":"74ba3a08-c624-4ebe-99ee-a1f579c976b5","message":"construirMapa","metadata":[],"receiver":{"id":"0eadefa7-32aa-47ea-997c-9631cc632209","metadata":[],"scope":{"containerScope":{"containerScope":{"containerScope":{"containerScope":{"containerScope":{"containerScope":{"contributions":{},"includedScopes":[]},"contributions":{},"includedScopes":[{"contributions":{},"includedScopes":[]},{"contributions":{},"includedScopes":[]},{"contributions":{},"includedScopes":[]},{"contributions":{},"includedScopes":[]},{"contributions":{},"includedScopes":[]},{"contributions":{},"includedScopes":[]}]},"contributions":{},"includedScopes":[{"containerScope":{"containerScope":{"containerScope":{"contributions":{},"includedScopes":[]},"contributions":{},"includedScopes":[]},"contributions":{},"includedScopes":[]},"contributions":{},"includedScopes":[]}]},"contributions":{},"includedScopes":[]},"contributions":{},"includedScopes":[]},"contributions":{},"includedScopes":[]},"contributions":{},"includedScopes":[]},"sourceMap":{"end":{"column":13,"line":47,"offset":1129},"start":{"column":9,"line":47,"offset":1125}}},"scope":{"containerScope":{"containerScope":{"containerScope":{"containerScope":{"containerScope":{"contributions":{},"includedScopes":[]},"contributions":{},"includedScopes":[{"contributions":{},"includedScopes":[]},{"contributions":{},"includedScopes":[]},{"contributions":{},"includedScopes":[]},{"contributions":{},"includedScopes":[]},{"contributions":{},"includedScopes":[]},{"contributions":{},"includedScopes":[]}]},"contributions":{},"includedScopes":[{"containerScope":{"containerScope":{"containerScope":{"contributions":{},"includedScopes":[]},"contributions":{},"includedScopes":[]},"contributions":{},"includedScopes":[]},"contributions":{},"includedScopes":[]}]},"contributions":{},"includedScopes":[]},"contributions":{},"includedScopes":[]},"contributions":{},"includedScopes":[]},"sourceMap":{"end":{"column":33,"line":47,"offset":1149},"start":{"column":9,"line":47,"offset":1125}}},{"args":[],"id":"89f5413c-200d-4799-8fcf-e8e48e9c2bbc","message":"iniciar","metadata":[],"receiver":{"id":"bec17309-3b8a-49ee-bad3-280b652a4bd4","metadata":[{"args":{"position":"start","text":"// inicializacion de animaciones y movimiento de enemigos"},"name":"comment"}],"name":"animadorGlobal","scope":{"containerScope":{"containerScope":{"containerScope":{"containerScope":{"containerScope":{"containerScope":{"contributions":{},"includedScopes":[]},"contributions":{},"includedScopes":[{"contributions":{},"includedScopes":[]},{"contributions":{},"includedScopes":[]},{"contributions":{},"includedScopes":[]},{"contributions":{},"includedScopes":[]},{"contributions":{},"includedScopes":[]},{"contributions":{},"includedScopes":[]}]},"contributions":{},"includedScopes":[{"containerScope":{"containerScope":{"containerScope":{"contributions":{},"includedScopes":[]},"contributions":{},"includedScopes":[]},"contributions":{},"includedScopes":[]},"contributions":{},"includedScopes":[]}]},"contributions":{},"includedScopes":[]},"contributions":{},"includedScopes":[]},"contributions":{},"includedScopes":[]},"contributions":{},"includedScopes":[]},"sourceMap":{"end":{"column":23,"line":50,"offset":1242},"start":{"column":9,"line":50,"offset":1228}}},"scope":{"containerScope":{"containerScope":{"containerScope":{"containerScope":{"containerScope":{"contributions":{},"includedScopes":[]},"contributions":{},"includedScopes":[{"contributions":{},"includedScopes":[]},{"contributions":{},"includedScopes":[]},{"contributions":{},"includedScopes":[]},{"contributions":{},"includedScopes":[]},{"contributions":{},"includedScopes":[]},{"contributions":{},"includedScopes":[]}]},"contributions":{},"includedScopes":[{"containerScope":{"containerScope":{"containerScope":{"contributions":{},"includedScopes":[]},"contributions":{},"includedScopes":[]},"contributions":{},"includedScopes":[]},"contributions":{},"includedScopes":[]}]},"contributions":{},"includedScopes":[]},"contributions":{},"includedScopes":[]},"contributions":{},"includedScopes":[]},"sourceMap":{"end":{"column":33,"line":50,"offset":1252},"start":{"column":9,"line":49,"offset":1161}}},{"args":[],"id":"bb218adc-3ba9-430c-96bc-2650dbf50932","message":"comenzarMovimiento","metadata":[],"receiver":{"id":"cffc2db7-ac0b-4a0c-8b94-09f5661ee5ea","metadata":[],"name":"gestorDeEnemigos","scope":{"containerScope":{"containerScope":{"containerScope":{"containerScope":{"containerScope":{"containerScope":{"contributions":{},"includedScopes":[]},"contributions":{},"includedScopes":[{"contributions":{},"includedScopes":[]},{"contributions":{},"includedScopes":[]},{"contributions":{},"includedScopes":[]},{"contributions":{},"includedScopes":[]},{"contributions":{},"includedScopes":[]},{"contributions":{},"includedScopes":[]}]},"contributions":{},"includedScopes":[{"containerScope":{"containerScope":{"containerScope":{"contributions":{},"includedScopes":[]},"contributions":{},"includedScopes":[]},"contributions":{},"includedScopes":[]},"contributions":{},"includedScopes":[]}]},"contributions":{},"includedScopes":[]},"contributions":{},"includedScopes":[]},"contributions":{},"includedScopes":[]},"contributions":{},"includedScopes":[]},"sourceMap":{"end":{"column":25,"line":51,"offset":1278},"start":{"column":9,"line":51,"offset":1262}}},"scope":{"containerScope":{"containerScope":{"containerScope":{"containerScope":{"containerScope":{"contributions":{},"includedScopes":[]},"contributions":{},"includedScopes":[{"contributions":{},"includedScopes":[]},{"contributions":{},"includedScopes":[]},{"contributions":{},"includedScopes":[]},{"contributions":{},"includedScopes":[]},{"contributions":{},"includedScopes":[]},{"contributions":{},"includedScopes":[]}]},"contributions":{},"includedScopes":[{"containerScope":{"containerScope":{"containerScope":{"contributions":{},"includedScopes":[]},"contributions":{},"includedScopes":[]},"contributions":{},"includedScopes":[]},"contributions":{},"includedScopes":[]}]},"contributions":{},"includedScopes":[]},"contributions":{},"includedScopes":[]},"contributions":{},"includedScopes":[]},"sourceMap":{"end":{"column":46,"line":51,"offset":1299},"start":{"column":8,"line":51,"offset":1262}}},{"args":[{"id":"9e1e4842-cb95-49f5-89e7-2906136bb627","metadata":[],"name":"nivelActual","scope":{"containerScope":{"containerScope":{"containerScope":{"containerScope":{"containerScope":{"containerScope":{"contributions":{},"includedScopes":[]},"contributions":{},"includedScopes":[{"contributions":{},"includedScopes":[]},{"contributions":{},"includedScopes":[]},{"contributions":{},"includedScopes":[]},{"contributions":{},"includedScopes":[]},{"contributions":{},"includedScopes":[]},{"contributions":{},"includedScopes":[]}]},"contributions":{},"includedScopes":[{"containerScope":{"containerScope":{"containerScope":{"contributions":{},"includedScopes":[]},"contributions":{},"includedScopes":[]},"contributions":{},"includedScopes":[]},"contributions":{},"includedScopes":[]}]},"contributions":{},"includedScopes":[]},"contributions":{},"includedScopes":[]},"contributions":{},"includedScopes":[]},"contributions":{},"includedScopes":[]},"sourceMap":{"end":{"column":32,"line":54,"offset":1352},"start":{"column":21,"line":54,"offset":1341}}}],"id":"3e115f2b-0965-4321-a823-781ffb72a542","message":"get","metadata":[],"receiver":{"id":"b3b203ea-acf6-4980-9db9-684074b704fd","metadata":[{"args":{"position":"start","text":"//musica"},"name":"comment"}],"name":"niveles","scope":{"containerScope":{"containerScope":{"containerScope":{"containerScope":{"containerScope":{"containerScope":{"contributions":{},"includedScopes":[]},"contributions":{},"includedScopes":[{"contributions":{},"includedScopes":[]},{"contributions":{},"includedScopes":[]},{"contributions":{},"includedScopes":[]},{"contributions":{},"includedScopes":[]},{"contributions":{},"includedScopes":[]},{"contributions":{},"includedScopes":[]}]},"contributions":{},"includedScopes":[{"containerScope":{"containerScope":{"containerScope":{"contributions":{},"includedScopes":[]},"contributions":{},"includedScopes":[]},"contributions":{},"includedScopes":[]},"contributions":{},"includedScopes":[]}]},"contributions":{},"includedScopes":[]},"contributions":{},"includedScopes":[]},"contributions":{},"includedScopes":[]},"contributions":{},"includedScopes":[]},"sourceMap":{"end":{"column":16,"line":54,"offset":1336},"start":{"column":9,"line":54,"offset":1329}}},"scope":{"containerScope":{"containerScope":{"containerScope":{"containerScope":{"containerScope":{"contributions":{},"includedScopes":[]},"contributions":{},"includedScopes":[{"contributions":{},"includedScopes":[]},{"contributions":{},"includedScopes":[]},{"contributions":{},"includedScopes":[]},{"contributions":{},"includedScopes":[]},{"contributions":{},"includedScopes":[]},{"contributions":{},"includedScopes":[]}]},"contributions":{},"includedScopes":[{"containerScope":{"containerScope":{"containerScope":{"contributions":{},"includedScopes":[]},"contributions":{},"includedScopes":[]},"contributions":{},"includedScopes":[]},"contributions":{},"includedScopes":[]}]},"contributions":{},"includedScopes":[]},"contributions":{},"includedScopes":[]},"contributions":{},"includedScopes":[]},"sourceMap":{"end":{"column":33,"line":54,"offset":1353},"start":{"column":9,"line":53,"offset":1311}}}],"sourceMap":{"end":{"column":6,"line":55,"offset":1367},"start":{"column":5,"line":34,"offset":795}}},"stack":"Error: Failed to print, found malformed node\n    at c:\\Users\\santi\\.vscode\\extensions\\uqbar.wollok-lsp-ide-0.5.4\\out\\server\\src\\server.js:68:3585\n    at c:\\Users\\santi\\.vscode\\extensions\\uqbar.wollok-lsp-ide-0.5.4\\out\\server\\src\\server.js:68:5370\n    at c:\\Users\\santi\\.vscode\\extensions\\uqbar.wollok-lsp-ide-0.5.4\\out\\server\\src\\server.js:38:6131\n    at c:\\Users\\santi\\.vscode\\extensions\\uqbar.wollok-lsp-ide-0.5.4\\out\\server\\src\\server.js:68:3664\n    at Kbn (c:\\Users\\santi\\.vscode\\extensions\\uqbar.wollok-lsp-ide-0.5.4\\out\\server\\src\\server.js:68:3396)\n    at c:\\Users\\santi\\.vscode\\extensions\\uqbar.wollok-lsp-ide-0.5.4\\out\\server\\src\\server.js:2398:847\n    at c:\\Users\\santi\\.vscode\\extensions\\uqbar.wollok-lsp-ide-0.5.4\\out\\server\\src\\server.js:2398:8440\n    at c:\\Users\\santi\\.vscode\\extensions\\uqbar.wollok-lsp-ide-0.5.4\\out\\server\\src\\server.js:37:74770\n    at Ke (c:\\Users\\santi\\.vscode\\extensions\\uqbar.wollok-lsp-ide-0.5.4\\out\\server\\src\\server.js:7:8527)\n    at Lt (c:\\Users\\santi\\.vscode\\extensions\\uqbar.wollok-lsp-ide-0.5.4\\out\\server\\src\\server.js:7:6189)","timestamp":"2026-06-06T16:10:44.257Z"}
{"level":"info","message":"⌛ Validating niveles.wlk","timeElapsed":130,"timestamp":"2026-06-06T16:10:44.389Z"}
{"level":"error","message":"✘ Failed to get type description: Error: Failed to print, found malformed node Failed to print, found malformed node","node":{"id":"7750dbcc-43d9-4280-82b5-e3bd768f1b34","metadata":[],"problems":[{"code":"malformedSentence","sourceMap":{"end":{"column":40,"line":54,"offset":1360},"start":{"column":33,"line":54,"offset":1353}}}],"scope":{"containerScope":{"containerScope":{"containerScope":{"containerScope":{"contributions":{},"includedScopes":[]},"contributions":{},"includedScopes":[{"contributions":{},"includedScopes":[]},{"contributions":{},"includedScopes":[]},{"contributions":{},"includedScopes":[]},{"contributions":{},"includedScopes":[]},{"contributions":{},"includedScopes":[]},{"contributions":{},"includedScopes":[]}]},"contributions":{},"includedScopes":[{"containerScope":{"containerScope":{"containerScope":{"contributions":{},"includedScopes":[]},"contributions":{},"includedScopes":[]},"contributions":{},"includedScopes":[]},"contributions":{},"includedScopes":[]}]},"contributions":{},"includedScopes":[]},"contributions":{},"includedScopes":[]},"sentences":[{"args":[],"id":"af69c6bb-14cb-4d82-ade1-41ffb1af04d8","message":"clear","metadata":[],"receiver":{"id":"32d24f44-fd65-480c-a00b-dd32fd0b1381","metadata":[{"args":{"position":"start","text":"// borrar anterior nivel"},"name":"comment"}],"name":"game","scope":{"containerScope":{"containerScope":{"containerScope":{"containerScope":{"containerScope":{"containerScope":{"contributions":{},"includedScopes":[]},"contributions":{},"includedScopes":[{"contributions":{},"includedScopes":[]},{"contributions":{},"includedScopes":[]},{"contributions":{},"includedScopes":[]},{"contributions":{},"includedScopes":[]},{"contributions":{},"includedScopes":[]},{"contributions":{},"includedScopes":[]}]},"contributions":{},"includedScopes":[{"containerScope":{"containerScope":{"containerScope":{"contributions":{},"includedScopes":[]},"contributions":{},"includedScopes":[]},"contributions":{},"includedScopes":[]},"contributions":{},"includedScopes":[]}]},"contributions":{},"includedScopes":[]},"contributions":{},"includedScopes":[]},"contributions":{},"includedScopes":[]},"contributions":{},"includedScopes":[]},"sourceMap":{"end":{"column":13,"line":36,"offset":844},"start":{"column":9,"line":36,"offset":840}}},"scope":{"containerScope":{"containerScope":{"containerScope":{"containerScope":{"containerScope":{"contributions":{},"includedScopes":[]},"contributions":{},"includedScopes":[{"contributions":{},"includedScopes":[]},{"contributions":{},"includedScopes":[]},{"contributions":{},"includedScopes":[]},{"contributions":{},"includedScopes":[]},{"contributions":{},"includedScopes":[]},{"contributions":{},"includedScopes":[]}]},"contributions":{},"includedScopes":[{"containerScope":{"containerScope":{"containerScope":{"contributions":{},"includedScopes":[]},"contributions":{},"includedScopes":[]},"contributions":{},"includedScopes":[]},"contributions":{},"includedScopes":[]}]},"contributions":{},"includedScopes":[]},"contributions":{},"includedScopes":[]},"contributions":{},"includedScopes":[]},"sourceMap":{"end":{"column":21,"line":36,"offset":852},"start":{"column":9,"line":35,"offset":806}}},{"args":[],"id":"1d2b6081-c427-467f-8354-bb18f72b017d","message":"clear","metadata":[],"receiver":{"id":"79fa9f9e-1a87-4b2b-a1ee-2bf449f947da","metadata":[],"name":"juego.mapaObjetos","scope":{"containerScope":{"containerScope":{"containerScope":{"containerScope":{"containerScope":{"containerScope":{"contributions":{},"includedScopes":[]},"contributions":{},"includedScopes":[{"contributions":{},"includedScopes":[]},{"contributions":{},"includedScopes":[]},{"contributions":{},"includedScopes":[]},{"contributions":{},"includedScopes":[]},{"contributions":{},"includedScopes":[]},{"contributions":{},"includedScopes":[]}]},"contributions":{},"includedScopes":[{"containerScope":{"containerScope":{"containerScope":{"contributions":{},"includedScopes":[]},"contributions":{},"includedScopes":[]},"contributions":{},"includedScopes":[]},"contributions":{},"includedScopes":[]}]},"contributions":{},"includedScopes":[]},"contributions":{},"includedScopes":[]},"contributions":{},"includedScopes":[]},"contributions":{},"includedScopes":[]},"sourceMap":{"end":{"column":26,"line":37,"offset":879},"start":{"column":9,"line":37,"offset":862}}},"scope":{"containerScope":{"containerScope":{"containerScope":{"containerScope":{"containerScope":{"contributions":{},"includedScopes":[]},"contributions":{},"includedScopes":[{"contributions":{},"includedScopes":[]},{"contributions":{},"includedScopes":[]},{"contributions":{},"includedScopes":[]},{"contributions":{},"includedScopes":[]},{"contributions":{},"includedScopes":[]},{"contributions":{},"includedScopes":[]}]},"contributions":{},"includedScopes":[{"containerScope":{"containerScope":{"containerScope":{"contributions":{},"includedScopes":[]},"contributions":{},"includedScopes":[]},"contributions":{},"includedScopes":[]},"contributions":{},"includedScopes":[]}]},"contributions":{},"includedScopes":[]},"contributions":{},"includedScopes":[]},"contributions":{},"includedScopes":[]},"sourceMap":{"end":{"column":34,"line":37,"offset":887},"start":{"column":8,"line":37,"offset":862}}},{"args":[{"id":"12533039-1371-42d7-a4fb-bddf4085ba9a","metadata":[],"name":"personaje","scope":{"containerScope":{"containerScope":{"containerScope":{"containerScope":{"containerScope":{"containerScope":{"contributions":{},"includedScopes":[]},"contributions":{},"includedScopes":[{"contributions":{},"includedScopes":[]},{"contributions":{},"includedScopes":[]},{"contributions":{},"includedScopes":[]},{"contributions":{},"includedScopes":[]},{"contributions":{},"includedScopes":[]},{"contributions":{},"includedScopes":[]}]},"contributions":{},"includedScopes":[{"containerScope":{"containerScope":{"containerScope":{"contributions":{},"includedScopes":[]},"contributions":{},"includedScopes":[]},"contributions":{},"includedScopes":[]},"contributions":{},"includedScopes":[]}]},"contributions":{},"includedScopes":[]},"contributions":{},"includedScopes":[]},"contributions":{},"includedScopes":[]},"contributions":{},"includedScopes":[]},"sourceMap":{"end":{"column":33,"line":40,"offset":945},"start":{"column":24,"line":40,"offset":936}}}],"id":"f5676a69-7d1e-4804-957c-d7018445f1fc","message":"addVisual","metadata":[],"receiver":{"id":"0723bf4a-51a7-4514-b120-2cb82b8b4879","metadata":[{"args":{"position":"start","text":"// personaje"},"name":"comment"}],"name":"game","scope":{"containerScope":{"containerScope":{"containerScope":{"containerScope":{"containerScope":{"containerScope":{"contributions":{},"includedScopes":[]},"contributions":{},"includedScopes":[{"contributions":{},"includedScopes":[]},{"contributions":{},"includedScopes":[]},{"contributions":{},"includedScopes":[]},{"contributions":{},"includedScopes":[]},{"contributions":{},"includedScopes":[]},{"contributions":{},"includedScopes":[]}]},"contributions":{},"includedScopes":[{"containerScope":{"containerScope":{"containerScope":{"contributions":{},"includedScopes":[]},"contributions":{},"includedScopes":[]},"contributions":{},"includedScopes":[]},"contributions":{},"includedScopes":[]}]},"contributions":{},"includedScopes":[]},"contributions":{},"includedScopes":[]},"contributions":{},"includedScopes":[]},"contributions":{},"includedScopes":[]},"sourceMap":{"end":{"column":13,"line":40,"offset":925},"start":{"column":9,"line":40,"offset":921}}},"scope":{"containerScope":{"containerScope":{"containerScope":{"containerScope":{"containerScope":{"contributions":{},"includedScopes":[]},"contributions":{},"includedScopes":[{"contributions":{},"includedScopes":[]},{"contributions":{},"includedScopes":[]},{"contributions":{},"includedScopes":[]},{"contributions":{},"includedScopes":[]},{"contributions":{},"includedScopes":[]},{"contributions":{},"includedScopes":[]}]},"contributions":{},"includedScopes":[{"containerScope":{"containerScope":{"containerScope":{"contributions":{},"includedScopes":[]},"contributions":{},"includedScopes":[]},"contributions":{},"includedScopes":[]},"contributions":{},"includedScopes":[]}]},"contributions":{},"includedScopes":[]},"contributions":{},"includedScopes":[]},"contributions":{},"includedScopes":[]},"sourceMap":{"end":{"column":34,"line":40,"offset":946},"start":{"column":9,"line":39,"offset":899}}},{"args":[{"args":[{"id":"e53e8dad-458e-4945-8cb8-d19550dff172","metadata":[],"scope":{"containerScope":{"containerScope":{"containerScope":{"containerScope":{"containerScope":{"containerScope":{"containerScope":{"contributions":{},"includedScopes":[]},"contributions":{},"includedScopes":[{"contributions":{},"includedScopes":[]},{"contributions":{},"includedScopes":[]},{"contributions":{},"includedScopes":[]},{"contributions":{},"includedScopes":[]},{"contributions":{},"includedScopes":[]},{"contributions":{},"includedScopes":[]}]},"contributions":{},"includedScopes":[{"containerScope":{"containerScope":{"containerScope":{"contributions":{},"includedScopes":[]},"contributions":{},"includedScopes":[]},"contributions":{},"includedScopes":[]},"contributions":{},"includedScopes":[]}]},"contributions":{},"includedScopes":[]},"contributions":{},"includedScopes":[]},"contributions":{},"includedScopes":[]},"contributions":{},"includedScopes":[]},"contributions":{},"includedScopes":[]},"sourceMap":{"end":{"column":37,"line":41,"offset":984},"start":{"column":36,"line":41,"offset":983}},"value":5},{"id":"303df5bc-d31f-4506-a9d0-9bd32bd72b5e","metadata":[],"scope":{"containerScope":{"containerScope":{"containerScope":{"containerScope":{"containerScope":{"containerScope":{"containerScope":{"contributions":{},"includedScopes":[]},"contributions":{},"includedScopes":[{"contributions":{},"includedScopes":[]},{"contributions":{},"includedScopes":[]},{"contributions":{},"includedScopes":[]},{"contributions":{},"includedScopes":[]},{"contributions":{},"includedScopes":[]},{"contributions":{},"includedScopes":[]}]},"contributions":{},"includedScopes":[{"containerScope":{"containerScope":{"containerScope":{"contributions":{},"includedScopes":[]},"contributions":{},"includedScopes":[]},"contributions":{},"includedScopes":[]},"contributions":{},"includedScopes":[]}]},"contributions":{},"includedScopes":[]},"contributions":{},"includedScopes":[]},"contributions":{},"includedScopes":[]},"contributions":{},"includedScopes":[]},"contributions":{},"includedScopes":[]},"sourceMap":{"end":{"column":40,"line":41,"offset":987},"start":{"column":39,"line":41,"offset":986}},"value":4}],"id":"0e6ae302-b4f0-44c4-8b5d-b4c6b1fac9dc","message":"at","metadata":[],"receiver":{"id":"9ed207e3-8fa3-4332-965e-126d70e5dafb","metadata":[],"name":"game","scope":{"containerScope":{"containerScope":{"containerScope":{"containerScope":{"containerScope":{"containerScope":{"containerScope":{"contributions":{},"includedScopes":[]},"contributions":{},"includedScopes":[{"contributions":{},"includedScopes":[]},{"contributions":{},"includedScopes":[]},{"contributions":{},"includedScopes":[]},{"contributions":{},"includedScopes":[]},{"contributions":{},"includedScopes":[]},{"contributions":{},"includedScopes":[]}]},"contributions":{},"includedScopes":[{"containerScope":{"containerScope":{"containerScope":{"contributions":{},"includedScopes":[]},"contributions":{},"includedScopes":[]},"contributions":{},"includedScopes":[]},"contributions":{},"includedScopes":[]}]},"contributions":{},"includedScopes":[]},"contributions":{},"includedScopes":[]},"contributions":{},"includedScopes":[]},"contributions":{},"includedScopes":[]},"contributions":{},"includedScopes":[]},"sourceMap":{"end":{"column":32,"line":41,"offset":979},"start":{"column":28,"line":41,"offset":975}}},"scope":{"containerScope":{"containerScope":{"containerScope":{"containerScope":{"containerScope":{"containerScope":{"contributions":{},"includedScopes":[]},"contributions":{},"includedScopes":[{"contributions":{},"includedScopes":[]},{"contributions":{},"includedScopes":[]},{"contributions":{},"includedScopes":[]},{"contributions":{},"includedScopes":[]},{"contributions":{},"includedScopes":[]},{"contributions":{},"includedScopes":[]}]},"contributions":{},"includedScopes":[{"containerScope":{"containerScope":{"containerScope":{"contributions":{},"includedScopes":[]},"contributions":{},"includedScopes":[]},"contributions":{},"includedScopes":[]},"contributions":{},"includedScopes":[]}]},"contributions":{},"includedScopes":[]},"contributions":{},"includedScopes":[]},"contributions":{},"includedScopes":[]},"contributions":{},"includedScopes":[]},"sourceMap":{"end":{"column":41,"line":41,"offset":988},"start":{"column":28,"line":41,"offset":975}}}],"id":"3479da57-55a1-4d6e-9fef-fc086a27e953","message":"position","metadata":[],"receiver":{"id":"d508bfe4-9122-4b06-b3ef-1881e400c490","metadata":[],"name":"personaje","scope":{"containerScope":{"containerScope":{"containerScope":{"containerScope":{"containerScope":{"containerScope":{"contributions":{},"includedScopes":[]},"contributions":{},"includedScopes":[{"contributions":{},"includedScopes":[]},{"contributions":{},"includedScopes":[]},{"contributions":{},"includedScopes":[]},{"contributions":{},"includedScopes":[]},{"contributions":{},"includedScopes":[]},{"contributions":{},"includedScopes":[]}]},"contributions":{},"includedScopes":[{"containerScope":{"containerScope":{"containerScope":{"contributions":{},"includedScopes":[]},"contributions":{},"includedScopes":[]},"contributions":{},"includedScopes":[]},"contributions":{},"includedScopes":[]}]},"contributions":{},"includedScopes":[]},"contributions":{},"includedScopes":[]},"contributions":{},"includedScopes":[]},"contributions":{},"includedScopes":[]},"sourceMap":{"end":{"column":18,"line":41,"offset":965},"start":{"column":9,"line":41,"offset":956}}},"scope":{"containerScope":{"containerScope":{"containerScope":{"containerScope":{"containerScope":{"contributions":{},"includedScopes":[]},"contributions":{},"includedScopes":[{"contributions":{},"includedScopes":[]},{"contributions":{},"includedScopes":[]},{"contributions":{},"includedScopes":[]},{"contributions":{},"includedScopes":[]},{"contributions":{},"includedScopes":[]},{"contributions":{},"includedScopes":[]}]},"contributions":{},"includedScopes":[{"containerScope":{"containerScope":{"containerScope":{"contributions":{},"includedScopes":[]},"contributions":{},"includedScopes":[]},"contributions":{},"includedScopes":[]},"contributions":{},"includedScopes":[]}]},"contributions":{},"includedScopes":[]},"contributions":{},"includedScopes":[]},"contributions":{},"includedScopes":[]},"sourceMap":{"end":{"column":42,"line":41,"offset":989},"start":{"column":8,"line":41,"offset":956}}},{"id":"edcd4d8b-d560-4c59-b459-3d538db517a3","isConstant":true,"metadata":[{"args":{"position":"start","text":"// referencias"},"name":"comment"}],"name":"mapa","scope":{"containerScope":{"containerScope":{"containerScope":{"containerScope":{"containerScope":{"contributions":{},"includedScopes":[]},"contributions":{},"includedScopes":[{"contributions":{},"includedScopes":[]},{"contributions":{},"includedScopes":[]},{"contributions":{},"includedScopes":[]},{"contributions":{},"includedScopes":[]},{"contributions":{},"includedScopes":[]},{"contributions":{},"includedScopes":[]}]},"contributions":{},"includedScopes":[{"containerScope":{"containerScope":{"containerScope":{"contributions":{},"includedScopes":[]},"contributions":{},"includedScopes":[]},"contributions":{},"includedScopes":[]},"contributions":{},"includedScopes":[]}]},"contributions":{},"includedScopes":[]},"contributions":{},"includedScopes":[]},"contributions":{},"includedScopes":[]},"sourceMap":{"end":{"column":44,"line":44,"offset":1060},"start":{"column":9,"line":44,"offset":1025}},"value":{"args":[],"id":"fd607f5e-0eff-46b3-a6a2-c1af711c2ad6","message":"mapaData","metadata":[],"receiver":{"id":"74a084c8-e7a5-4b24-8a77-0f948481dad3","metadata":[],"name":"nivelActual","scope":{"containerScope":{"containerScope":{"containerScope":{"containerScope":{"containerScope":{"containerScope":{"containerScope":{"contributions":{},"includedScopes":[]},"contributions":{},"includedScopes":[{"contributions":{},"includedScopes":[]},{"contributions":{},"includedScopes":[]},{"contributions":{},"includedScopes":[]},{"contributions":{},"includedScopes":[]},{"contributions":{},"includedScopes":[]},{"contributions":{},"includedScopes":[]}]},"contributions":{},"includedScopes":[{"containerScope":{"containerScope":{"containerScope":{"contributions":{},"includedScopes":[]},"contributions":{},"includedScopes":[]},"contributions":{},"includedScopes":[]},"contributions":{},"includedScopes":[]}]},"contributions":{},"includedScopes":[]},"contributions":{},"includedScopes":[]},"contributions":{},"includedScopes":[]},"contributions":{},"includedScopes":[]},"contributions":{},"includedScopes":[]},"sourceMap":{"end":{"column":33,"line":44,"offset":1049},"start":{"column":22,"line":44,"offset":1038}}},"scope":{"containerScope":{"containerScope":{"containerScope":{"containerScope":{"containerScope":{"containerScope":{"contributions":{},"includedScopes":[]},"contributions":{},"includedScopes":[{"contributions":{},"includedScopes":[]},{"contributions":{},"includedScopes":[]},{"contributions":{},"includedScopes":[]},{"contributions":{},"includedScopes":[]},{"contributions":{},"includedScopes":[]},{"contributions":{},"includedScopes":[]}]},"contributions":{},"includedScopes":[{"containerScope":{"containerScope":{"containerScope":{"contributions":{},"includedScopes":[]},"contributions":{},"includedScopes":[]},"contributions":{},"includedScopes":[]},"contributions":{},"includedScopes":[]}]},"contributions":{},"includedScopes":[]},"contributions":{},"includedScopes":[]},"contributions":{},"includedScopes":[]},"contributions":{},"includedScopes":[]},"sourceMap":{"end":{"column":44,"line":44,"offset":1060},"start":{"column":22,"line":44,"offset":1038}}}},{"id":"77d0a911-c167-487f-8c3d-dde00dd4877c","isConstant":true,"metadata":[],"name":"background","scope":{"containerScope":{"containerScope":{"containerScope":{"containerScope":{"containerScope":{"contributions":{},"includedScopes":[]},"contributions":{},"includedScopes":[{"contributions":{},"includedScopes":[]},{"contributions":{},"includedScopes":[]},{"contributions":{},"includedScopes":[]},{"contributions":{},"includedScopes":[]},{"contributions":{},"includedScopes":[]},{"contributions":{},"includedScopes":[]}]},"contributions":{},"includedScopes":[{"containerScope":{"containerScope":{"containerScope":{"contributions":{},"includedScopes":[]},"contributions":{},"includedScopes":[]},"contributions":{},"includedScopes":[]},"contributions":{},"includedScopes":[]}]},"contributions":{},"includedScopes":[]},"contributions":{},"includedScopes":[]},"contributions":{},"includedScopes":[]},"sourceMap":{"end":{"column":52,"line":45,"offset":1113},"start":{"column":9,"line":45,"offset":1070}},"value":{"args":[],"id":"07a7b945-0c40-4fe6-8dde-548daecbf54c","message":"background","metadata":[],"receiver":{"id":"5c8584de-89d3-4e74-bbc4-9fa7a72ea539","metadata":[],"name":"nivelActual","scope":{"containerScope":{"containerScope":{"containerScope":{"containerScope":{"containerScope":{"containerScope":{"containerScope":{"contributions":{},"includedScopes":[]},"contributions":{},"includedScopes":[{"contributions":{},"includedScopes":[]},{"contributions":{},"includedScopes":[]},{"contributions":{},"includedScopes":[]},{"contributions":{},"includedScopes":[]},{"contributions":{},"includedScopes":[]},{"contributions":{},"includedScopes":[]}]},"contributions":{},"includedScopes":[{"containerScope":{"containerScope":{"containerScope":{"contributions":{},"includedScopes":[]},"contributions":{},"includedScopes":[]},"contributions":{},"includedScopes":[]},"contributions":{},"includedScopes":[]}]},"contributions":{},"includedScopes":[]},"contributions":{},"includedScopes":[]},"contributions":{},"includedScopes":[]},"contributions":{},"includedScopes":[]},"contributions":{},"includedScopes":[]},"sourceMap":{"end":{"column":39,"line":45,"offset":1100},"start":{"column":28,"line":45,"offset":1089}}},"scope":{"containerScope":{"containerScope":{"containerScope":{"containerScope":{"containerScope":{"containerScope":{"contributions":{},"includedScopes":[]},"contributions":{},"includedScopes":[{"contributions":{},"includedScopes":[]},{"contributions":{},"includedScopes":[]},{"contributions":{},"includedScopes":[]},{"contributions":{},"includedScopes":[]},{"contributions":{},"includedScopes":[]},{"contributions":{},"includedScopes":[]}]},"contributions":{},"includedScopes":[{"containerScope":{"containerScope":{"containerScope":{"contributions":{},"includedScopes":[]},"contributions":{},"includedScopes":[]},"contributions":{},"includedScopes":[]},"contributions":{},"includedScopes":[]}]},"contributions":{},"includedScopes":[]},"contributions":{},"includedScopes":[]},"contributions":{},"includedScopes":[]},"contributions":{},"includedScopes":[]},"sourceMap":{"end":{"column":52,"line":45,"offset":1113},"start":{"column":28,"line":45,"offset":1089}}}},{"args":[{"id":"fefb52af-9837-4f66-9ad6-e73369577a3c","metadata":[],"name":"mapa","scope":{"containerScope":{"containerScope":{"containerScope":{"containerScope":{"containerScope":{"containerScope":{"contributions":{},"includedScopes":[]},"contributions":{},"includedScopes":[{"contributions":{},"includedScopes":[]},{"contributions":{},"includedScopes":[]},{"contributions":{},"includedScopes":[]},{"contributions":{},"includedScopes":[]},{"contributions":{},"includedScopes":[]},{"contributions":{},"includedScopes":[]}]},"contributions":{},"includedScopes":[{"containerScope":{"containerScope":{"containerScope":{"contributions":{},"includedScopes":[]},"contributions":{},"includedScopes":[]},"contributions":{},"includedScopes":[]},"contributions":{},"includedScopes":[]}]},"contributions":{},"includedScopes":[]},"contributions":{},"includedScopes":[]},"contributions":{},"includedScopes":[]},"contributions":{},"includedScopes":[]},"sourceMap":{"end":{"column":32,"line":47,"offset":1148},"start":{"column":28,"line":47,"offset":1144}}}],"id":"74ba3a08-c624-4ebe-99ee-a1f579c976b5","message":"construirMapa","metadata":[],"receiver":{"id":"0eadefa7-32aa-47ea-997c-9631cc632209","metadata":[],"scope":{"containerScope":{"containerScope":{"containerScope":{"containerScope":{"containerScope":{"containerScope":{"contributions":{},"includedScopes":[]},"contributions":{},"includedScopes":[{"contributions":{},"includedScopes":[]},{"contributions":{},"includedScopes":[]},{"contributions":{},"includedScopes":[]},{"contributions":{},"includedScopes":[]},{"contributions":{},"includedScopes":[]},{"contributions":{},"includedScopes":[]}]},"contributions":{},"includedScopes":[{"containerScope":{"containerScope":{"containerScope":{"contributions":{},"includedScopes":[]},"contributions":{},"includedScopes":[]},"contributions":{},"includedScopes":[]},"contributions":{},"includedScopes":[]}]},"contributions":{},"includedScopes":[]},"contributions":{},"includedScopes":[]},"contributions":{},"includedScopes":[]},"contributions":{},"includedScopes":[]},"sourceMap":{"end":{"column":13,"line":47,"offset":1129},"start":{"column":9,"line":47,"offset":1125}}},"scope":{"containerScope":{"containerScope":{"containerScope":{"containerScope":{"containerScope":{"contributions":{},"includedScopes":[]},"contributions":{},"includedScopes":[{"contributions":{},"includedScopes":[]},{"contributions":{},"includedScopes":[]},{"contributions":{},"includedScopes":[]},{"contributions":{},"includedScopes":[]},{"contributions":{},"includedScopes":[]},{"contributions":{},"includedScopes":[]}]},"contributions":{},"includedScopes":[{"containerScope":{"containerScope":{"containerScope":{"contributions":{},"includedScopes":[]},"contributions":{},"includedScopes":[]},"contributions":{},"includedScopes":[]},"contributions":{},"includedScopes":[]}]},"contributions":{},"includedScopes":[]},"contributions":{},"includedScopes":[]},"contributions":{},"includedScopes":[]},"sourceMap":{"end":{"column":33,"line":47,"offset":1149},"start":{"column":9,"line":47,"offset":1125}}},{"args":[],"id":"89f5413c-200d-4799-8fcf-e8e48e9c2bbc","message":"iniciar","metadata":[],"receiver":{"id":"bec17309-3b8a-49ee-bad3-280b652a4bd4","metadata":[{"args":{"position":"start","text":"// inicializacion de animaciones y movimiento de enemigos"},"name":"comment"}],"name":"animadorGlobal","scope":{"containerScope":{"containerScope":{"containerScope":{"containerScope":{"containerScope":{"containerScope":{"contributions":{},"includedScopes":[]},"contributions":{},"includedScopes":[{"contributions":{},"includedScopes":[]},{"contributions":{},"includedScopes":[]},{"contributions":{},"includedScopes":[]},{"contributions":{},"includedScopes":[]},{"contributions":{},"includedScopes":[]},{"contributions":{},"includedScopes":[]}]},"contributions":{},"includedScopes":[{"containerScope":{"containerScope":{"containerScope":{"contributions":{},"includedScopes":[]},"contributions":{},"includedScopes":[]},"contributions":{},"includedScopes":[]},"contributions":{},"includedScopes":[]}]},"contributions":{},"includedScopes":[]},"contributions":{},"includedScopes":[]},"contributions":{},"includedScopes":[]},"contributions":{},"includedScopes":[]},"sourceMap":{"end":{"column":23,"line":50,"offset":1242},"start":{"column":9,"line":50,"offset":1228}}},"scope":{"containerScope":{"containerScope":{"containerScope":{"containerScope":{"containerScope":{"contributions":{},"includedScopes":[]},"contributions":{},"includedScopes":[{"contributions":{},"includedScopes":[]},{"contributions":{},"includedScopes":[]},{"contributions":{},"includedScopes":[]},{"contributions":{},"includedScopes":[]},{"contributions":{},"includedScopes":[]},{"contributions":{},"includedScopes":[]}]},"contributions":{},"includedScopes":[{"containerScope":{"containerScope":{"containerScope":{"contributions":{},"includedScopes":[]},"contributions":{},"includedScopes":[]},"contributions":{},"includedScopes":[]},"contributions":{},"includedScopes":[]}]},"contributions":{},"includedScopes":[]},"contributions":{},"includedScopes":[]},"contributions":{},"includedScopes":[]},"sourceMap":{"end":{"column":33,"line":50,"offset":1252},"start":{"column":9,"line":49,"offset":1161}}},{"args":[],"id":"bb218adc-3ba9-430c-96bc-2650dbf50932","message":"comenzarMovimiento","metadata":[],"receiver":{"id":"cffc2db7-ac0b-4a0c-8b94-09f5661ee5ea","metadata":[],"name":"gestorDeEnemigos","scope":{"containerScope":{"containerScope":{"containerScope":{"containerScope":{"containerScope":{"containerScope":{"contributions":{},"includedScopes":[]},"contributions":{},"includedScopes":[{"contributions":{},"includedScopes":[]},{"contributions":{},"includedScopes":[]},{"contributions":{},"includedScopes":[]},{"contributions":{},"includedScopes":[]},{"contributions":{},"includedScopes":[]},{"contributions":{},"includedScopes":[]}]},"contributions":{},"includedScopes":[{"containerScope":{"containerScope":{"containerScope":{"contributions":{},"includedScopes":[]},"contributions":{},"includedScopes":[]},"contributions":{},"includedScopes":[]},"contributions":{},"includedScopes":[]}]},"contributions":{},"includedScopes":[]},"contributions":{},"includedScopes":[]},"contributions":{},"includedScopes":[]},"contributions":{},"includedScopes":[]},"sourceMap":{"end":{"column":25,"line":51,"offset":1278},"start":{"column":9,"line":51,"offset":1262}}},"scope":{"containerScope":{"containerScope":{"containerScope":{"containerScope":{"containerScope":{"contributions":{},"includedScopes":[]},"contributions":{},"includedScopes":[{"contributions":{},"includedScopes":[]},{"contributions":{},"includedScopes":[]},{"contributions":{},"includedScopes":[]},{"contributions":{},"includedScopes":[]},{"contributions":{},"includedScopes":[]},{"contributions":{},"includedScopes":[]}]},"contributions":{},"includedScopes":[{"containerScope":{"containerScope":{"containerScope":{"contributions":{},"includedScopes":[]},"contributions":{},"includedScopes":[]},"contributions":{},"includedScopes":[]},"contributions":{},"includedScopes":[]}]},"contributions":{},"includedScopes":[]},"contributions":{},"includedScopes":[]},"contributions":{},"includedScopes":[]},"sourceMap":{"end":{"column":46,"line":51,"offset":1299},"start":{"column":8,"line":51,"offset":1262}}},{"args":[{"id":"9e1e4842-cb95-49f5-89e7-2906136bb627","metadata":[],"name":"nivelActual","scope":{"containerScope":{"containerScope":{"containerScope":{"containerScope":{"containerScope":{"containerScope":{"contributions":{},"includedScopes":[]},"contributions":{},"includedScopes":[{"contributions":{},"includedScopes":[]},{"contributions":{},"includedScopes":[]},{"contributions":{},"includedScopes":[]},{"contributions":{},"includedScopes":[]},{"contributions":{},"includedScopes":[]},{"contributions":{},"includedScopes":[]}]},"contributions":{},"includedScopes":[{"containerScope":{"containerScope":{"containerScope":{"contributions":{},"includedScopes":[]},"contributions":{},"includedScopes":[]},"contributions":{},"includedScopes":[]},"contributions":{},"includedScopes":[]}]},"contributions":{},"includedScopes":[]},"contributions":{},"includedScopes":[]},"contributions":{},"includedScopes":[]},"contributions":{},"includedScopes":[]},"sourceMap":{"end":{"column":32,"line":54,"offset":1352},"start":{"column":21,"line":54,"offset":1341}}}],"id":"3e115f2b-0965-4321-a823-781ffb72a542","message":"get","metadata":[],"receiver":{"id":"b3b203ea-acf6-4980-9db9-684074b704fd","metadata":[{"args":{"position":"start","text":"//musica"},"name":"comment"}],"name":"niveles","scope":{"containerScope":{"containerScope":{"containerScope":{"containerScope":{"containerScope":{"containerScope":{"contributions":{},"includedScopes":[]},"contributions":{},"includedScopes":[{"contributions":{},"includedScopes":[]},{"contributions":{},"includedScopes":[]},{"contributions":{},"includedScopes":[]},{"contributions":{},"includedScopes":[]},{"contributions":{},"includedScopes":[]},{"contributions":{},"includedScopes":[]}]},"contributions":{},"includedScopes":[{"containerScope":{"containerScope":{"containerScope":{"contributions":{},"includedScopes":[]},"contributions":{},"includedScopes":[]},"contributions":{},"includedScopes":[]},"contributions":{},"includedScopes":[]}]},"contributions":{},"includedScopes":[]},"contributions":{},"includedScopes":[]},"contributions":{},"includedScopes":[]},"contributions":{},"includedScopes":[]},"sourceMap":{"end":{"column":16,"line":54,"offset":1336},"start":{"column":9,"line":54,"offset":1329}}},"scope":{"containerScope":{"containerScope":{"containerScope":{"containerScope":{"containerScope":{"contributions":{},"includedScopes":[]},"contributions":{},"includedScopes":[{"contributions":{},"includedScopes":[]},{"contributions":{},"includedScopes":[]},{"contributions":{},"includedScopes":[]},{"contributions":{},"includedScopes":[]},{"contributions":{},"includedScopes":[]},{"contributions":{},"includedScopes":[]}]},"contributions":{},"includedScopes":[{"containerScope":{"containerScope":{"containerScope":{"contributions":{},"includedScopes":[]},"contributions":{},"includedScopes":[]},"contributions":{},"includedScopes":[]},"contributions":{},"includedScopes":[]}]},"contributions":{},"includedScopes":[]},"contributions":{},"includedScopes":[]},"contributions":{},"includedScopes":[]},"sourceMap":{"end":{"column":33,"line":54,"offset":1353},"start":{"column":9,"line":53,"offset":1311}}}],"sourceMap":{"end":{"column":6,"line":55,"offset":1367},"start":{"column":5,"line":34,"offset":795}}},"stack":"Error: Failed to print, found malformed node\n    at c:\\Users\\santi\\.vscode\\extensions\\uqbar.wollok-lsp-ide-0.5.4\\out\\server\\src\\server.js:68:3585\n    at c:\\Users\\santi\\.vscode\\extensions\\uqbar.wollok-lsp-ide-0.5.4\\out\\server\\src\\server.js:68:5370\n    at c:\\Users\\santi\\.vscode\\extensions\\uqbar.wollok-lsp-ide-0.5.4\\out\\server\\src\\server.js:38:6131\n    at c:\\Users\\santi\\.vscode\\extensions\\uqbar.wollok-lsp-ide-0.5.4\\out\\server\\src\\server.js:68:3664\n    at Kbn (c:\\Users\\santi\\.vscode\\extensions\\uqbar.wollok-lsp-ide-0.5.4\\out\\server\\src\\server.js:68:3396)\n    at c:\\Users\\santi\\.vscode\\extensions\\uqbar.wollok-lsp-ide-0.5.4\\out\\server\\src\\server.js:2398:847\n    at c:\\Users\\santi\\.vscode\\extensions\\uqbar.wollok-lsp-ide-0.5.4\\out\\server\\src\\server.js:2398:8440\n    at c:\\Users\\santi\\.vscode\\extensions\\uqbar.wollok-lsp-ide-0.5.4\\out\\server\\src\\server.js:37:74770\n    at Ke (c:\\Users\\santi\\.vscode\\extensions\\uqbar.wollok-lsp-ide-0.5.4\\out\\server\\src\\server.js:7:8527)\n    at Lt (c:\\Users\\santi\\.vscode\\extensions\\uqbar.wollok-lsp-ide-0.5.4\\out\\server\\src\\server.js:7:6189)","timestamp":"2026-06-06T16:10:44.434Z"}
{"level":"info","message":"⌛ Validating niveles.wlk","timeElapsed":146,"timestamp":"2026-06-06T16:10:44.581Z"}
{"level":"info","message":"⌛ Validating niveles.wlk","timeElapsed":165,"timestamp":"2026-06-06T16:10:44.780Z"}
{"level":"info","message":"⌛ Validating niveles.wlk","timeElapsed":145,"timestamp":"2026-06-06T16:10:44.946Z"}
{"level":"info","message":"⌛ Validating niveles.wlk","timeElapsed":146,"timestamp":"2026-06-06T16:10:45.105Z"}
{"level":"info","message":"⌛ Validating niveles.wlk","timeElapsed":195,"timestamp":"2026-06-06T16:10:45.300Z"}
{"level":"info","message":"⌛ Validating niveles.wlk","timeElapsed":314,"timestamp":"2026-06-06T16:10:45.615Z"}
{"level":"info","message":"⌛ Validating niveles.wlk","timeElapsed":175,"timestamp":"2026-06-06T16:10:45.818Z"}
{"level":"info","message":"⌛ Building environment","timeElapsed":274,"timestamp":"2026-06-06T16:10:46.092Z"}
{"level":"info","message":"⌛ Building environment","timeElapsed":309,"timestamp":"2026-06-06T16:10:46.478Z"}
{"level":"info","message":"⌛ Building environment","timeElapsed":316,"timestamp":"2026-06-06T16:10:46.795Z"}
{"level":"info","message":"⌛ Building environment","timeElapsed":231,"timestamp":"2026-06-06T16:10:47.027Z"}
{"level":"info","message":"⌛ Building environment","timeElapsed":205,"timestamp":"2026-06-06T16:10:47.233Z"}
{"level":"info","message":"⌛ Validating niveles.wlk","timeElapsed":153,"timestamp":"2026-06-06T16:10:47.385Z"}
{"level":"info","message":"⌛ Building environment","timeElapsed":206,"timestamp":"2026-06-06T16:10:47.614Z"}
{"level":"info","message":"⌛ Validating niveles.wlk","timeElapsed":151,"timestamp":"2026-06-06T16:10:47.766Z"}
{"level":"info","message":"⌛ Validating niveles.wlk","timeElapsed":149,"timestamp":"2026-06-06T16:10:47.916Z"}
{"level":"info","message":"⌛ Building environment","timeElapsed":279,"timestamp":"2026-06-06T16:10:48.215Z"}
{"level":"info","message":"⌛ Validating niveles.wlk","timeElapsed":159,"timestamp":"2026-06-06T16:10:48.384Z"}
{"level":"info","message":"⌛ Building environment","timeElapsed":214,"timestamp":"2026-06-06T16:10:48.599Z"}
{"level":"info","message":"⌛ Building environment","timeElapsed":245,"timestamp":"2026-06-06T16:10:48.845Z"}
{"level":"info","message":"⌛ Building environment","timeElapsed":220,"timestamp":"2026-06-06T16:10:49.065Z"}
{"level":"info","message":"⌛ Validating niveles.wlk","timeElapsed":231,"timestamp":"2026-06-06T16:10:49.297Z"}
{"level":"info","message":"⌛ Building environment","timeElapsed":209,"timestamp":"2026-06-06T16:10:49.507Z"}
{"level":"info","message":"⌛ Validating niveles.wlk","timeElapsed":165,"timestamp":"2026-06-06T16:10:49.697Z"}
{"level":"info","message":"⌛ Validating niveles.wlk","timeElapsed":160,"timestamp":"2026-06-06T16:10:49.859Z"}
{"level":"info","message":"⌛ Validating niveles.wlk","timeElapsed":139,"timestamp":"2026-06-06T16:10:49.998Z"}
{"level":"info","message":"⌛ Validating niveles.wlk","timeElapsed":149,"timestamp":"2026-06-06T16:10:50.158Z"}
{"level":"info","message":"⌛ Validating niveles.wlk","timeElapsed":190,"timestamp":"2026-06-06T16:10:50.348Z"}
{"level":"info","message":"⌛ Validating niveles.wlk","timeElapsed":130,"timestamp":"2026-06-06T16:10:50.525Z"}
{"level":"info","message":"⌛ Validating niveles.wlk","timeElapsed":205,"timestamp":"2026-06-06T16:10:50.730Z"}
{"level":"info","message":"⌛ Validating niveles.wlk","timeElapsed":214,"timestamp":"2026-06-06T16:10:50.945Z"}
{"level":"info","message":"⌛ Validating niveles.wlk","timeElapsed":197,"timestamp":"2026-06-06T16:10:51.183Z"}
{"level":"info","message":"⌛ Validating niveles.wlk","timeElapsed":183,"timestamp":"2026-06-06T16:10:51.367Z"}
{"level":"info","message":"⌛ Validating niveles.wlk","timeElapsed":158,"timestamp":"2026-06-06T16:10:51.526Z"}
{"level":"info","message":"⌛ Validating niveles.wlk","timeElapsed":170,"timestamp":"2026-06-06T16:10:51.696Z"}
{"level":"info","message":"⌛ Validating niveles.wlk","timeElapsed":159,"timestamp":"2026-06-06T16:10:51.855Z"}
{"level":"info","message":"⌛ Validating niveles.wlk","timeElapsed":158,"timestamp":"2026-06-06T16:10:52.016Z"}
{"level":"info","message":"⌛ Building environment","timeElapsed":239,"timestamp":"2026-06-06T16:10:52.256Z"}
{"level":"info","message":"⌛ Building environment","timeElapsed":236,"timestamp":"2026-06-06T16:10:52.574Z"}
{"level":"info","message":"⌛ Validating niveles.wlk","timeElapsed":198,"timestamp":"2026-06-06T16:10:52.774Z"}
{"level":"info","message":"⌛ Building environment","timeElapsed":254,"timestamp":"2026-06-06T16:10:53.030Z"}
{"level":"info","message":"⌛ Building environment","timeElapsed":268,"timestamp":"2026-06-06T16:10:53.299Z"}
{"level":"info","message":"⌛ Building environment","timeElapsed":217,"timestamp":"2026-06-06T16:10:53.517Z"}
{"level":"info","message":"⌛ Building environment","timeElapsed":248,"timestamp":"2026-06-06T16:10:53.764Z"}
{"level":"info","message":"⌛ Building environment","timeElapsed":219,"timestamp":"2026-06-06T16:10:53.983Z"}
{"level":"info","message":"⌛ Building environment","timeElapsed":220,"timestamp":"2026-06-06T16:10:54.215Z"}
{"level":"info","message":"⌛ Building environment","timeElapsed":240,"timestamp":"2026-06-06T16:10:54.463Z"}
{"level":"info","message":"⌛ Building environment","timeElapsed":217,"timestamp":"2026-06-06T16:10:54.680Z"}
{"level":"info","message":"⌛ Validating niveles.wlk","timeElapsed":161,"timestamp":"2026-06-06T16:10:54.851Z"}
{"level":"info","message":"⌛ Validating niveles.wlk","timeElapsed":225,"timestamp":"2026-06-06T16:10:55.093Z"}
{"level":"info","message":"⌛ Validating niveles.wlk","timeElapsed":185,"timestamp":"2026-06-06T16:10:55.278Z"}
{"level":"info","message":"⌛ Validating niveles.wlk","timeElapsed":139,"timestamp":"2026-06-06T16:10:55.418Z"}
{"level":"info","message":"⌛ Validating niveles.wlk","timeElapsed":144,"timestamp":"2026-06-06T16:10:55.563Z"}
{"level":"info","message":"⌛ Validating niveles.wlk","timeElapsed":164,"timestamp":"2026-06-06T16:10:55.728Z"}
{"level":"info","message":"⌛ Validating niveles.wlk","timeElapsed":130,"timestamp":"2026-06-06T16:10:55.890Z"}
{"level":"info","message":"⌛ Validating niveles.wlk","timeElapsed":164,"timestamp":"2026-06-06T16:10:56.081Z"}
{"level":"info","message":"⌛ Validating niveles.wlk","timeElapsed":186,"timestamp":"2026-06-06T16:10:56.315Z"}
{"level":"info","message":"⌛ Validating niveles.wlk","timeElapsed":175,"timestamp":"2026-06-06T16:10:56.490Z"}
{"level":"info","message":"⌛ Validating niveles.wlk","timeElapsed":180,"timestamp":"2026-06-06T16:10:56.698Z"}
{"level":"info","message":"⌛ Validating niveles.wlk","timeElapsed":148,"timestamp":"2026-06-06T16:10:56.886Z"}
{"level":"info","message":"⌛ Validating niveles.wlk","timeElapsed":137,"timestamp":"2026-06-06T16:10:57.034Z"}
{"level":"info","message":"⌛ Validating niveles.wlk","timeElapsed":158,"timestamp":"2026-06-06T16:10:57.194Z"}
{"level":"info","message":"⌛ Validating niveles.wlk","timeElapsed":147,"timestamp":"2026-06-06T16:10:57.349Z"}
{"level":"info","message":"⌛ Validating niveles.wlk","timeElapsed":172,"timestamp":"2026-06-06T16:10:57.522Z"}
{"level":"info","message":"⌛ Validating niveles.wlk","timeElapsed":207,"timestamp":"2026-06-06T16:10:57.731Z"}
{"level":"info","message":"⌛ Validating niveles.wlk","timeElapsed":212,"timestamp":"2026-06-06T16:10:57.943Z"}
{"level":"info","message":"⌛ Validating niveles.wlk","timeElapsed":202,"timestamp":"2026-06-06T16:10:58.145Z"}
{"level":"info","message":"⌛ Building environment","timeElapsed":207,"timestamp":"2026-06-06T16:10:58.353Z"}
{"level":"info","message":"⌛ Autocomplete - Body","timeElapsed":188,"timestamp":"2026-06-06T16:10:58.564Z"}
{"level":"info","message":"⌛ Validating niveles.wlk","timeElapsed":175,"timestamp":"2026-06-06T16:10:58.742Z"}
{"level":"info","message":"⌛ Validating niveles.wlk","timeElapsed":181,"timestamp":"2026-06-06T16:10:58.935Z"}
{"level":"info","message":"⌛ Building environment","timeElapsed":296,"timestamp":"2026-06-06T16:10:59.233Z"}
{"level":"info","message":"⌛ Validating niveles.wlk","timeElapsed":143,"timestamp":"2026-06-06T16:10:59.411Z"}
{"level":"info","message":"⌛ Validating niveles.wlk","timeElapsed":173,"timestamp":"2026-06-06T16:10:59.645Z"}
{"level":"info","message":"⌛ Building environment","timeElapsed":219,"timestamp":"2026-06-06T16:10:59.865Z"}
{"level":"error","message":"✘ Completions for node Send ([53:9, 54:36] - niveles.wlk) failed: Error: [Send]{772fa3} at niveles.wlk:53 exhausted all cases without a match [Send]{772fa3} at niveles.wlk:53 exhausted all cases without a match","stack":"Error: [Send]{772fa3} at niveles.wlk:53 exhausted all cases without a match\n    at c:\\Users\\santi\\.vscode\\extensions\\uqbar.wollok-lsp-ide-0.5.4\\out\\server\\src\\server.js:38:6142\n    at L2 (c:\\Users\\santi\\.vscode\\extensions\\uqbar.wollok-lsp-ide-0.5.4\\out\\server\\src\\server.js:2389:42)\n    at Jh (c:\\Users\\santi\\.vscode\\extensions\\uqbar.wollok-lsp-ide-0.5.4\\out\\server\\src\\server.js:2389:1092)\n    at M5n (c:\\Users\\santi\\.vscode\\extensions\\uqbar.wollok-lsp-ide-0.5.4\\out\\server\\src\\server.js:2389:1248)\n    at c:\\Users\\santi\\.vscode\\extensions\\uqbar.wollok-lsp-ide-0.5.4\\out\\server\\src\\server.js:38:6131\n    at L2 (c:\\Users\\santi\\.vscode\\extensions\\uqbar.wollok-lsp-ide-0.5.4\\out\\server\\src\\server.js:2389:42)\n    at c:\\Users\\santi\\.vscode\\extensions\\uqbar.wollok-lsp-ide-0.5.4\\out\\server\\src\\server.js:2389:2988\n    at c:\\Users\\santi\\.vscode\\extensions\\uqbar.wollok-lsp-ide-0.5.4\\out\\server\\src\\server.js:2398:8440\n    at c:\\Users\\santi\\.vscode\\extensions\\uqbar.wollok-lsp-ide-0.5.4\\out\\server\\src\\server.js:37:74872\n    at Ke (c:\\Users\\santi\\.vscode\\extensions\\uqbar.wollok-lsp-ide-0.5.4\\out\\server\\src\\server.js:7:8527)","timestamp":"2026-06-06T16:10:59.933Z"}
{"level":"info","message":"⌛ Building environment","timeElapsed":244,"timestamp":"2026-06-06T16:11:00.182Z"}
{"level":"info","message":"⌛ Validating niveles.wlk","timeElapsed":137,"timestamp":"2026-06-06T16:11:00.320Z"}
{"level":"info","message":"⌛ Building environment","timeElapsed":261,"timestamp":"2026-06-06T16:11:00.581Z"}
{"level":"info","message":"⌛ Building environment","timeElapsed":349,"timestamp":"2026-06-06T16:11:00.932Z"}
{"level":"info","message":"⌛ Validating niveles.wlk","timeElapsed":155,"timestamp":"2026-06-06T16:11:01.086Z"}
{"level":"info","message":"⌛ Validating niveles.wlk","timeElapsed":141,"timestamp":"2026-06-06T16:11:01.266Z"}
{"level":"info","message":"⌛ Validating niveles.wlk","timeElapsed":267,"timestamp":"2026-06-06T16:11:01.547Z"}
{"level":"info","message":"⌛ Building environment","timeElapsed":317,"timestamp":"2026-06-06T16:11:01.865Z"}
{"level":"info","message":"⌛ Building environment","timeElapsed":290,"timestamp":"2026-06-06T16:11:02.213Z"}
{"level":"info","message":"⌛ Building environment","timeElapsed":217,"timestamp":"2026-06-06T16:11:02.430Z"}
{"level":"info","message":"⌛ Building environment","timeElapsed":222,"timestamp":"2026-06-06T16:11:02.664Z"}
{"level":"info","message":"⌛ Building environment","timeElapsed":214,"timestamp":"2026-06-06T16:11:02.878Z"}
{"level":"info","message":"⌛ Building environment","timeElapsed":231,"timestamp":"2026-06-06T16:11:03.109Z"}
{"level":"info","message":"⌛ Validating niveles.wlk","timeElapsed":141,"timestamp":"2026-06-06T16:11:03.251Z"}
{"level":"info","message":"⌛ Validating niveles.wlk","timeElapsed":149,"timestamp":"2026-06-06T16:11:03.432Z"}
{"level":"info","message":"⌛ Validating niveles.wlk","timeElapsed":146,"timestamp":"2026-06-06T16:11:03.579Z"}
{"level":"info","message":"⌛ Validating niveles.wlk","timeElapsed":148,"timestamp":"2026-06-06T16:11:03.728Z"}
{"level":"info","message":"⌛ Validating niveles.wlk","timeElapsed":223,"timestamp":"2026-06-06T16:11:03.951Z"}
{"level":"info","message":"⌛ Building environment","timeElapsed":245,"timestamp":"2026-06-06T16:11:04.197Z"}
{"level":"info","message":"⌛ Validating niveles.wlk","timeElapsed":146,"timestamp":"2026-06-06T16:11:04.344Z"}
{"level":"error","message":"✘ Failed to get type description: Error: Failed to print, found malformed node Failed to print, found malformed node","node":{"id":"281e1447-e0ef-49cf-a373-0bf8a074432d","metadata":[],"problems":[{"code":"malformedSentence","sourceMap":{"end":{"column":46,"line":54,"offset":1366},"start":{"column":13,"line":54,"offset":1333}}}],"scope":{"containerScope":{"containerScope":{"containerScope":{"containerScope":{"contributions":{},"includedScopes":[]},"contributions":{},"includedScopes":[{"contributions":{},"includedScopes":[]},{"contributions":{},"includedScopes":[]},{"contributions":{},"includedScopes":[]},{"contributions":{},"includedScopes":[]},{"contributions":{},"includedScopes":[]},{"contributions":{},"includedScopes":[]}]},"contributions":{},"includedScopes":[{"containerScope":{"containerScope":{"containerScope":{"contributions":{},"includedScopes":[]},"contributions":{},"includedScopes":[]},"contributions":{},"includedScopes":[]},"contributions":{},"includedScopes":[]}]},"contributions":{},"includedScopes":[]},"contributions":{},"includedScopes":[]},"sentences":[{"args":[],"id":"3022fc43-31d0-499d-895a-efd28b32b888","message":"clear","metadata":[],"receiver":{"id":"2990cba2-d0df-440b-97f1-4e65dcc8f5bb","metadata":[{"args":{"position":"start","text":"// borrar anterior nivel"},"name":"comment"}],"name":"game","scope":{"containerScope":{"containerScope":{"containerScope":{"containerScope":{"containerScope":{"containerScope":{"contributions":{},"includedScopes":[]},"contributions":{},"includedScopes":[{"contributions":{},"includedScopes":[]},{"contributions":{},"includedScopes":[]},{"contributions":{},"includedScopes":[]},{"contributions":{},"includedScopes":[]},{"contributions":{},"includedScopes":[]},{"contributions":{},"includedScopes":[]}]},"contributions":{},"includedScopes":[{"containerScope":{"containerScope":{"containerScope":{"contributions":{},"includedScopes":[]},"contributions":{},"includedScopes":[]},"contributions":{},"includedScopes":[]},"contributions":{},"includedScopes":[]}]},"contributions":{},"includedScopes":[]},"contributions":{},"includedScopes":[]},"contributions":{},"includedScopes":[]},"contributions":{},"includedScopes":[]},"sourceMap":{"end":{"column":13,"line":36,"offset":844},"start":{"column":9,"line":36,"offset":840}}},"scope":{"containerScope":{"containerScope":{"containerScope":{"containerScope":{"containerScope":{"contributions":{},"includedScopes":[]},"contributions":{},"includedScopes":[{"contributions":{},"includedScopes":[]},{"contributions":{},"includedScopes":[]},{"contributions":{},"includedScopes":[]},{"contributions":{},"includedScopes":[]},{"contributions":{},"includedScopes":[]},{"contributions":{},"includedScopes":[]}]},"contributions":{},"includedScopes":[{"containerScope":{"containerScope":{"containerScope":{"contributions":{},"includedScopes":[]},"contributions":{},"includedScopes":[]},"contributions":{},"includedScopes":[]},"contributions":{},"includedScopes":[]}]},"contributions":{},"includedScopes":[]},"contributions":{},"includedScopes":[]},"contributions":{},"includedScopes":[]},"sourceMap":{"end":{"column":21,"line":36,"offset":852},"start":{"column":9,"line":35,"offset":806}}},{"args":[],"id":"c4469795-43f7-4268-9fe8-b129c4ee343b","message":"clear","metadata":[],"receiver":{"id":"df2b65fb-248c-4b52-b380-c4a17f384d55","metadata":[],"name":"juego.mapaObjetos","scope":{"containerScope":{"containerScope":{"containerScope":{"containerScope":{"containerScope":{"containerScope":{"contributions":{},"includedScopes":[]},"contributions":{},"includedScopes":[{"contributions":{},"includedScopes":[]},{"contributions":{},"includedScopes":[]},{"contributions":{},"includedScopes":[]},{"contributions":{},"includedScopes":[]},{"contributions":{},"includedScopes":[]},{"contributions":{},"includedScopes":[]}]},"contributions":{},"includedScopes":[{"containerScope":{"containerScope":{"containerScope":{"contributions":{},"includedScopes":[]},"contributions":{},"includedScopes":[]},"contributions":{},"includedScopes":[]},"contributions":{},"includedScopes":[]}]},"contributions":{},"includedScopes":[]},"contributions":{},"includedScopes":[]},"contributions":{},"includedScopes":[]},"contributions":{},"includedScopes":[]},"sourceMap":{"end":{"column":26,"line":37,"offset":879},"start":{"column":9,"line":37,"offset":862}}},"scope":{"containerScope":{"containerScope":{"containerScope":{"containerScope":{"containerScope":{"contributions":{},"includedScopes":[]},"contributions":{},"includedScopes":[{"contributions":{},"includedScopes":[]},{"contributions":{},"includedScopes":[]},{"contributions":{},"includedScopes":[]},{"contributions":{},"includedScopes":[]},{"contributions":{},"includedScopes":[]},{"contributions":{},"includedScopes":[]}]},"contributions":{},"includedScopes":[{"containerScope":{"containerScope":{"containerScope":{"contributions":{},"includedScopes":[]},"contributions":{},"includedScopes":[]},"contributions":{},"includedScopes":[]},"contributions":{},"includedScopes":[]}]},"contributions":{},"includedScopes":[]},"contributions":{},"includedScopes":[]},"contributions":{},"includedScopes":[]},"sourceMap":{"end":{"column":34,"line":37,"offset":887},"start":{"column":8,"line":37,"offset":862}}},{"args":[{"id":"d78b2028-1acb-4a2f-a878-1126d299221c","metadata":[],"name":"personaje","scope":{"containerScope":{"containerScope":{"containerScope":{"containerScope":{"containerScope":{"containerScope":{"contributions":{},"includedScopes":[]},"contributions":{},"includedScopes":[{"contributions":{},"includedScopes":[]},{"contributions":{},"includedScopes":[]},{"contributions":{},"includedScopes":[]},{"contributions":{},"includedScopes":[]},{"contributions":{},"includedScopes":[]},{"contributions":{},"includedScopes":[]}]},"contributions":{},"includedScopes":[{"containerScope":{"containerScope":{"containerScope":{"contributions":{},"includedScopes":[]},"contributions":{},"includedScopes":[]},"contributions":{},"includedScopes":[]},"contributions":{},"includedScopes":[]}]},"contributions":{},"includedScopes":[]},"contributions":{},"includedScopes":[]},"contributions":{},"includedScopes":[]},"contributions":{},"includedScopes":[]},"sourceMap":{"end":{"column":33,"line":40,"offset":945},"start":{"column":24,"line":40,"offset":936}}}],"id":"09e69db0-7702-4466-9741-7a744839d1d8","message":"addVisual","metadata":[],"receiver":{"id":"a2cae273-b883-483a-8879-5d6d3df73261","metadata":[{"args":{"position":"start","text":"// personaje"},"name":"comment"}],"name":"game","scope":{"containerScope":{"containerScope":{"containerScope":{"containerScope":{"containerScope":{"containerScope":{"contributions":{},"includedScopes":[]},"contributions":{},"includedScopes":[{"contributions":{},"includedScopes":[]},{"contributions":{},"includedScopes":[]},{"contributions":{},"includedScopes":[]},{"contributions":{},"includedScopes":[]},{"contributions":{},"includedScopes":[]},{"contributions":{},"includedScopes":[]}]},"contributions":{},"includedScopes":[{"containerScope":{"containerScope":{"containerScope":{"contributions":{},"includedScopes":[]},"contributions":{},"includedScopes":[]},"contributions":{},"includedScopes":[]},"contributions":{},"includedScopes":[]}]},"contributions":{},"includedScopes":[]},"contributions":{},"includedScopes":[]},"contributions":{},"includedScopes":[]},"contributions":{},"includedScopes":[]},"sourceMap":{"end":{"column":13,"line":40,"offset":925},"start":{"column":9,"line":40,"offset":921}}},"scope":{"containerScope":{"containerScope":{"containerScope":{"containerScope":{"containerScope":{"contributions":{},"includedScopes":[]},"contributions":{},"includedScopes":[{"contributions":{},"includedScopes":[]},{"contributions":{},"includedScopes":[]},{"contributions":{},"includedScopes":[]},{"contributions":{},"includedScopes":[]},{"contributions":{},"includedScopes":[]},{"contributions":{},"includedScopes":[]}]},"contributions":{},"includedScopes":[{"containerScope":{"containerScope":{"containerScope":{"contributions":{},"includedScopes":[]},"contributions":{},"includedScopes":[]},"contributions":{},"includedScopes":[]},"contributions":{},"includedScopes":[]}]},"contributions":{},"includedScopes":[]},"contributions":{},"includedScopes":[]},"contributions":{},"includedScopes":[]},"sourceMap":{"end":{"column":34,"line":40,"offset":946},"start":{"column":9,"line":39,"offset":899}}},{"args":[{"args":[{"id":"6b5e46fe-6199-47dd-be21-d9cbce280ed4","metadata":[],"scope":{"containerScope":{"containerScope":{"containerScope":{"containerScope":{"containerScope":{"containerScope":{"containerScope":{"contributions":{},"includedScopes":[]},"contributions":{},"includedScopes":[{"contributions":{},"includedScopes":[]},{"contributions":{},"includedScopes":[]},{"contributions":{},"includedScopes":[]},{"contributions":{},"includedScopes":[]},{"contributions":{},"includedScopes":[]},{"contributions":{},"includedScopes":[]}]},"contributions":{},"includedScopes":[{"containerScope":{"containerScope":{"containerScope":{"contributions":{},"includedScopes":[]},"contributions":{},"includedScopes":[]},"contributions":{},"includedScopes":[]},"contributions":{},"includedScopes":[]}]},"contributions":{},"includedScopes":[]},"contributions":{},"includedScopes":[]},"contributions":{},"includedScopes":[]},"contributions":{},"includedScopes":[]},"contributions":{},"includedScopes":[]},"sourceMap":{"end":{"column":37,"line":41,"offset":984},"start":{"column":36,"line":41,"offset":983}},"value":5},{"id":"7f3bb93b-880e-47fd-8ce6-d53fd38efcd0","metadata":[],"scope":{"containerScope":{"containerScope":{"containerScope":{"containerScope":{"containerScope":{"containerScope":{"containerScope":{"contributions":{},"includedScopes":[]},"contributions":{},"includedScopes":[{"contributions":{},"includedScopes":[]},{"contributions":{},"includedScopes":[]},{"contributions":{},"includedScopes":[]},{"contributions":{},"includedScopes":[]},{"contributions":{},"includedScopes":[]},{"contributions":{},"includedScopes":[]}]},"contributions":{},"includedScopes":[{"containerScope":{"containerScope":{"containerScope":{"contributions":{},"includedScopes":[]},"contributions":{},"includedScopes":[]},"contributions":{},"includedScopes":[]},"contributions":{},"includedScopes":[]}]},"contributions":{},"includedScopes":[]},"contributions":{},"includedScopes":[]},"contributions":{},"includedScopes":[]},"contributions":{},"includedScopes":[]},"contributions":{},"includedScopes":[]},"sourceMap":{"end":{"column":40,"line":41,"offset":987},"start":{"column":39,"line":41,"offset":986}},"value":4}],"id":"75304b58-bcc9-4006-886a-7c62eb83c49c","message":"at","metadata":[],"receiver":{"id":"8de782d8-a6c3-47e7-84c4-4a44280096cd","metadata":[],"name":"game","scope":{"containerScope":{"containerScope":{"containerScope":{"containerScope":{"containerScope":{"containerScope":{"containerScope":{"contributions":{},"includedScopes":[]},"contributions":{},"includedScopes":[{"contributions":{},"includedScopes":[]},{"contributions":{},"includedScopes":[]},{"contributions":{},"includedScopes":[]},{"contributions":{},"includedScopes":[]},{"contributions":{},"includedScopes":[]},{"contributions":{},"includedScopes":[]}]},"contributions":{},"includedScopes":[{"containerScope":{"containerScope":{"containerScope":{"contributions":{},"includedScopes":[]},"contributions":{},"includedScopes":[]},"contributions":{},"includedScopes":[]},"contributions":{},"includedScopes":[]}]},"contributions":{},"includedScopes":[]},"contributions":{},"includedScopes":[]},"contributions":{},"includedScopes":[]},"contributions":{},"includedScopes":[]},"contributions":{},"includedScopes":[]},"sourceMap":{"end":{"column":32,"line":41,"offset":979},"start":{"column":28,"line":41,"offset":975}}},"scope":{"containerScope":{"containerScope":{"containerScope":{"containerScope":{"containerScope":{"containerScope":{"contributions":{},"includedScopes":[]},"contributions":{},"includedScopes":[{"contributions":{},"includedScopes":[]},{"contributions":{},"includedScopes":[]},{"contributions":{},"includedScopes":[]},{"contributions":{},"includedScopes":[]},{"contributions":{},"includedScopes":[]},{"contributions":{},"includedScopes":[]}]},"contributions":{},"includedScopes":[{"containerScope":{"containerScope":{"containerScope":{"contributions":{},"includedScopes":[]},"contributions":{},"includedScopes":[]},"contributions":{},"includedScopes":[]},"contributions":{},"includedScopes":[]}]},"contributions":{},"includedScopes":[]},"contributions":{},"includedScopes":[]},"contributions":{},"includedScopes":[]},"contributions":{},"includedScopes":[]},"sourceMap":{"end":{"column":41,"line":41,"offset":988},"start":{"column":28,"line":41,"offset":975}}}],"id":"b40d4d2b-f2ff-4d4f-bf3f-fbd19bf4422b","message":"position","metadata":[],"receiver":{"id":"bd762dc5-3c6e-4130-9392-eea19a03a965","metadata":[],"name":"personaje","scope":{"containerScope":{"containerScope":{"containerScope":{"containerScope":{"containerScope":{"containerScope":{"contributions":{},"includedScopes":[]},"contributions":{},"includedScopes":[{"contributions":{},"includedScopes":[]},{"contributions":{},"includedScopes":[]},{"contributions":{},"includedScopes":[]},{"contributions":{},"includedScopes":[]},{"contributions":{},"includedScopes":[]},{"contributions":{},"includedScopes":[]}]},"contributions":{},"includedScopes":[{"containerScope":{"containerScope":{"containerScope":{"contributions":{},"includedScopes":[]},"contributions":{},"includedScopes":[]},"contributions":{},"includedScopes":[]},"contributions":{},"includedScopes":[]}]},"contributions":{},"includedScopes":[]},"contributions":{},"includedScopes":[]},"contributions":{},"includedScopes":[]},"contributions":{},"includedScopes":[]},"sourceMap":{"end":{"column":18,"line":41,"offset":965},"start":{"column":9,"line":41,"offset":956}}},"scope":{"containerScope":{"containerScope":{"containerScope":{"containerScope":{"containerScope":{"contributions":{},"includedScopes":[]},"contributions":{},"includedScopes":[{"contributions":{},"includedScopes":[]},{"contributions":{},"includedScopes":[]},{"contributions":{},"includedScopes":[]},{"contributions":{},"includedScopes":[]},{"contributions":{},"includedScopes":[]},{"contributions":{},"includedScopes":[]}]},"contributions":{},"includedScopes":[{"containerScope":{"containerScope":{"containerScope":{"contributions":{},"includedScopes":[]},"contributions":{},"includedScopes":[]},"contributions":{},"includedScopes":[]},"contributions":{},"includedScopes":[]}]},"contributions":{},"includedScopes":[]},"contributions":{},"includedScopes":[]},"contributions":{},"includedScopes":[]},"sourceMap":{"end":{"column":42,"line":41,"offset":989},"start":{"column":8,"line":41,"offset":956}}},{"id":"2f6129ec-5134-4a9f-bf09-9974bec2f79b","isConstant":true,"metadata":[{"args":{"position":"start","text":"// referencias"},"name":"comment"}],"name":"mapa","scope":{"containerScope":{"containerScope":{"containerScope":{"containerScope":{"containerScope":{"contributions":{},"includedScopes":[]},"contributions":{},"includedScopes":[{"contributions":{},"includedScopes":[]},{"contributions":{},"includedScopes":[]},{"contributions":{},"includedScopes":[]},{"contributions":{},"includedScopes":[]},{"contributions":{},"includedScopes":[]},{"contributions":{},"includedScopes":[]}]},"contributions":{},"includedScopes":[{"containerScope":{"containerScope":{"containerScope":{"contributions":{},"includedScopes":[]},"contributions":{},"includedScopes":[]},"contributions":{},"includedScopes":[]},"contributions":{},"includedScopes":[]}]},"contributions":{},"includedScopes":[]},"contributions":{},"includedScopes":[]},"contributions":{},"includedScopes":[]},"sourceMap":{"end":{"column":44,"line":44,"offset":1060},"start":{"column":9,"line":44,"offset":1025}},"value":{"args":[],"id":"96791cbe-3b03-4cd7-a6d8-f0fca80aec2f","message":"mapaData","metadata":[],"receiver":{"id":"582fcb6e-5dfa-4213-965d-0cd6fcea9042","metadata":[],"name":"nivelActual","scope":{"containerScope":{"containerScope":{"containerScope":{"containerScope":{"containerScope":{"containerScope":{"containerScope":{"contributions":{},"includedScopes":[]},"contributions":{},"includedScopes":[{"contributions":{},"includedScopes":[]},{"contributions":{},"includedScopes":[]},{"contributions":{},"includedScopes":[]},{"contributions":{},"includedScopes":[]},{"contributions":{},"includedScopes":[]},{"contributions":{},"includedScopes":[]}]},"contributions":{},"includedScopes":[{"containerScope":{"containerScope":{"containerScope":{"contributions":{},"includedScopes":[]},"contributions":{},"includedScopes":[]},"contributions":{},"includedScopes":[]},"contributions":{},"includedScopes":[]}]},"contributions":{},"includedScopes":[]},"contributions":{},"includedScopes":[]},"contributions":{},"includedScopes":[]},"contributions":{},"includedScopes":[]},"contributions":{},"includedScopes":[]},"sourceMap":{"end":{"column":33,"line":44,"offset":1049},"start":{"column":22,"line":44,"offset":1038}}},"scope":{"containerScope":{"containerScope":{"containerScope":{"containerScope":{"containerScope":{"containerScope":{"contributions":{},"includedScopes":[]},"contributions":{},"includedScopes":[{"contributions":{},"includedScopes":[]},{"contributions":{},"includedScopes":[]},{"contributions":{},"includedScopes":[]},{"contributions":{},"includedScopes":[]},{"contributions":{},"includedScopes":[]},{"contributions":{},"includedScopes":[]}]},"contributions":{},"includedScopes":[{"containerScope":{"containerScope":{"containerScope":{"contributions":{},"includedScopes":[]},"contributions":{},"includedScopes":[]},"contributions":{},"includedScopes":[]},"contributions":{},"includedScopes":[]}]},"contributions":{},"includedScopes":[]},"contributions":{},"includedScopes":[]},"contributions":{},"includedScopes":[]},"contributions":{},"includedScopes":[]},"sourceMap":{"end":{"column":44,"line":44,"offset":1060},"start":{"column":22,"line":44,"offset":1038}}}},{"id":"47c2cd3f-ff58-404f-9f30-95baf4764919","isConstant":true,"metadata":[],"name":"background","scope":{"containerScope":{"containerScope":{"containerScope":{"containerScope":{"containerScope":{"contributions":{},"includedScopes":[]},"contributions":{},"includedScopes":[{"contributions":{},"includedScopes":[]},{"contributions":{},"includedScopes":[]},{"contributions":{},"includedScopes":[]},{"contributions":{},"includedScopes":[]},{"contributions":{},"includedScopes":[]},{"contributions":{},"includedScopes":[]}]},"contributions":{},"includedScopes":[{"containerScope":{"containerScope":{"containerScope":{"contributions":{},"includedScopes":[]},"contributions":{},"includedScopes":[]},"contributions":{},"includedScopes":[]},"contributions":{},"includedScopes":[]}]},"contributions":{},"includedScopes":[]},"contributions":{},"includedScopes":[]},"contributions":{},"includedScopes":[]},"sourceMap":{"end":{"column":52,"line":45,"offset":1113},"start":{"column":9,"line":45,"offset":1070}},"value":{"args":[],"id":"70c30317-c60f-48cd-9a7b-9c5dde4a988a","message":"background","metadata":[],"receiver":{"id":"368b5cdf-857b-4eeb-9ad5-02fc75ca4875","metadata":[],"name":"nivelActual","scope":{"containerScope":{"containerScope":{"containerScope":{"containerScope":{"containerScope":{"containerScope":{"containerScope":{"contributions":{},"includedScopes":[]},"contributions":{},"includedScopes":[{"contributions":{},"includedScopes":[]},{"contributions":{},"includedScopes":[]},{"contributions":{},"includedScopes":[]},{"contributions":{},"includedScopes":[]},{"contributions":{},"includedScopes":[]},{"contributions":{},"includedScopes":[]}]},"contributions":{},"includedScopes":[{"containerScope":{"containerScope":{"containerScope":{"contributions":{},"includedScopes":[]},"contributions":{},"includedScopes":[]},"contributions":{},"includedScopes":[]},"contributions":{},"includedScopes":[]}]},"contributions":{},"includedScopes":[]},"contributions":{},"includedScopes":[]},"contributions":{},"includedScopes":[]},"contributions":{},"includedScopes":[]},"contributions":{},"includedScopes":[]},"sourceMap":{"end":{"column":39,"line":45,"offset":1100},"start":{"column":28,"line":45,"offset":1089}}},"scope":{"containerScope":{"containerScope":{"containerScope":{"containerScope":{"containerScope":{"containerScope":{"contributions":{},"includedScopes":[]},"contributions":{},"includedScopes":[{"contributions":{},"includedScopes":[]},{"contributions":{},"includedScopes":[]},{"contributions":{},"includedScopes":[]},{"contributions":{},"includedScopes":[]},{"contributions":{},"includedScopes":[]},{"contributions":{},"includedScopes":[]}]},"contributions":{},"includedScopes":[{"containerScope":{"containerScope":{"containerScope":{"contributions":{},"includedScopes":[]},"contributions":{},"includedScopes":[]},"contributions":{},"includedScopes":[]},"contributions":{},"includedScopes":[]}]},"contributions":{},"includedScopes":[]},"contributions":{},"includedScopes":[]},"contributions":{},"includedScopes":[]},"contributions":{},"includedScopes":[]},"sourceMap":{"end":{"column":52,"line":45,"offset":1113},"start":{"column":28,"line":45,"offset":1089}}}},{"args":[{"id":"5e2f0d88-ca54-4729-b734-a87b0a931350","metadata":[],"name":"mapa","scope":{"containerScope":{"containerScope":{"containerScope":{"containerScope":{"containerScope":{"containerScope":{"contributions":{},"includedScopes":[]},"contributions":{},"includedScopes":[{"contributions":{},"includedScopes":[]},{"contributions":{},"includedScopes":[]},{"contributions":{},"includedScopes":[]},{"contributions":{},"includedScopes":[]},{"contributions":{},"includedScopes":[]},{"contributions":{},"includedScopes":[]}]},"contributions":{},"includedScopes":[{"containerScope":{"containerScope":{"containerScope":{"contributions":{},"includedScopes":[]},"contributions":{},"includedScopes":[]},"contributions":{},"includedScopes":[]},"contributions":{},"includedScopes":[]}]},"contributions":{},"includedScopes":[]},"contributions":{},"includedScopes":[]},"contributions":{},"includedScopes":[]},"contributions":{},"includedScopes":[]},"sourceMap":{"end":{"column":32,"line":47,"offset":1148},"start":{"column":28,"line":47,"offset":1144}}}],"id":"21848a4a-2950-4ee0-a2d8-75c43606b957","message":"construirMapa","metadata":[],"receiver":{"id":"5dab8d9d-b48e-4636-8f80-7930dd82387c","metadata":[],"scope":{"containerScope":{"containerScope":{"containerScope":{"containerScope":{"containerScope":{"containerScope":{"contributions":{},"includedScopes":[]},"contributions":{},"includedScopes":[{"contributions":{},"includedScopes":[]},{"contributions":{},"includedScopes":[]},{"contributions":{},"includedScopes":[]},{"contributions":{},"includedScopes":[]},{"contributions":{},"includedScopes":[]},{"contributions":{},"includedScopes":[]}]},"contributions":{},"includedScopes":[{"containerScope":{"containerScope":{"containerScope":{"contributions":{},"includedScopes":[]},"contributions":{},"includedScopes":[]},"contributions":{},"includedScopes":[]},"contributions":{},"includedScopes":[]}]},"contributions":{},"includedScopes":[]},"contributions":{},"includedScopes":[]},"contributions":{},"includedScopes":[]},"contributions":{},"includedScopes":[]},"sourceMap":{"end":{"column":13,"line":47,"offset":1129},"start":{"column":9,"line":47,"offset":1125}}},"scope":{"containerScope":{"containerScope":{"containerScope":{"containerScope":{"containerScope":{"contributions":{},"includedScopes":[]},"contributions":{},"includedScopes":[{"contributions":{},"includedScopes":[]},{"contributions":{},"includedScopes":[]},{"contributions":{},"includedScopes":[]},{"contributions":{},"includedScopes":[]},{"contributions":{},"includedScopes":[]},{"contributions":{},"includedScopes":[]}]},"contributions":{},"includedScopes":[{"containerScope":{"containerScope":{"containerScope":{"contributions":{},"includedScopes":[]},"contributions":{},"includedScopes":[]},"contributions":{},"includedScopes":[]},"contributions":{},"includedScopes":[]}]},"contributions":{},"includedScopes":[]},"contributions":{},"includedScopes":[]},"contributions":{},"includedScopes":[]},"sourceMap":{"end":{"column":33,"line":47,"offset":1149},"start":{"column":9,"line":47,"offset":1125}}},{"args":[],"id":"186816a1-fe08-4dd7-80bf-23cde180e8f1","message":"iniciar","metadata":[],"receiver":{"id":"b8eb3c83-25f9-4ebf-a0d2-a2b9422364b3","metadata":[{"args":{"position":"start","text":"// inicializacion de animaciones y movimiento de enemigos"},"name":"comment"}],"name":"animadorGlobal","scope":{"containerScope":{"containerScope":{"containerScope":{"containerScope":{"containerScope":{"containerScope":{"contributions":{},"includedScopes":[]},"contributions":{},"includedScopes":[{"contributions":{},"includedScopes":[]},{"contributions":{},"includedScopes":[]},{"contributions":{},"includedScopes":[]},{"contributions":{},"includedScopes":[]},{"contributions":{},"includedScopes":[]},{"contributions":{},"includedScopes":[]}]},"contributions":{},"includedScopes":[{"containerScope":{"containerScope":{"containerScope":{"contributions":{},"includedScopes":[]},"contributions":{},"includedScopes":[]},"contributions":{},"includedScopes":[]},"contributions":{},"includedScopes":[]}]},"contributions":{},"includedScopes":[]},"contributions":{},"includedScopes":[]},"contributions":{},"includedScopes":[]},"contributions":{},"includedScopes":[]},"sourceMap":{"end":{"column":23,"line":50,"offset":1242},"start":{"column":9,"line":50,"offset":1228}}},"scope":{"containerScope":{"containerScope":{"containerScope":{"containerScope":{"containerScope":{"contributions":{},"includedScopes":[]},"contributions":{},"includedScopes":[{"contributions":{},"includedScopes":[]},{"contributions":{},"includedScopes":[]},{"contributions":{},"includedScopes":[]},{"contributions":{},"includedScopes":[]},{"contributions":{},"includedScopes":[]},{"contributions":{},"includedScopes":[]}]},"contributions":{},"includedScopes":[{"containerScope":{"containerScope":{"containerScope":{"contributions":{},"includedScopes":[]},"contributions":{},"includedScopes":[]},"contributions":{},"includedScopes":[]},"contributions":{},"includedScopes":[]}]},"contributions":{},"includedScopes":[]},"contributions":{},"includedScopes":[]},"contributions":{},"includedScopes":[]},"sourceMap":{"end":{"column":33,"line":50,"offset":1252},"start":{"column":9,"line":49,"offset":1161}}},{"args":[],"id":"eb91a80d-8d6a-4983-8b71-899889f543a9","message":"comenzarMovimiento","metadata":[],"receiver":{"id":"72921789-0172-4e85-a920-6f8b38f102a7","metadata":[],"name":"gestorDeEnemigos","scope":{"containerScope":{"containerScope":{"containerScope":{"containerScope":{"containerScope":{"containerScope":{"contributions":{},"includedScopes":[]},"contributions":{},"includedScopes":[{"contributions":{},"includedScopes":[]},{"contributions":{},"includedScopes":[]},{"contributions":{},"includedScopes":[]},{"contributions":{},"includedScopes":[]},{"contributions":{},"includedScopes":[]},{"contributions":{},"includedScopes":[]}]},"contributions":{},"includedScopes":[{"containerScope":{"containerScope":{"containerScope":{"contributions":{},"includedScopes":[]},"contributions":{},"includedScopes":[]},"contributions":{},"includedScopes":[]},"contributions":{},"includedScopes":[]}]},"contributions":{},"includedScopes":[]},"contributions":{},"includedScopes":[]},"contributions":{},"includedScopes":[]},"contributions":{},"includedScopes":[]},"sourceMap":{"end":{"column":25,"line":51,"offset":1278},"start":{"column":9,"line":51,"offset":1262}}},"scope":{"containerScope":{"containerScope":{"containerScope":{"containerScope":{"containerScope":{"contributions":{},"includedScopes":[]},"contributions":{},"includedScopes":[{"contributions":{},"includedScopes":[]},{"contributions":{},"includedScopes":[]},{"contributions":{},"includedScopes":[]},{"contributions":{},"includedScopes":[]},{"contributions":{},"includedScopes":[]},{"contributions":{},"includedScopes":[]}]},"contributions":{},"includedScopes":[{"containerScope":{"containerScope":{"containerScope":{"contributions":{},"includedScopes":[]},"contributions":{},"includedScopes":[]},"contributions":{},"includedScopes":[]},"contributions":{},"includedScopes":[]}]},"contributions":{},"includedScopes":[]},"contributions":{},"includedScopes":[]},"contributions":{},"includedScopes":[]},"sourceMap":{"end":{"column":46,"line":51,"offset":1299},"start":{"column":8,"line":51,"offset":1262}}},{"id":"4325768b-9ad4-43e1-a4b5-cb93333af54d","metadata":[{"args":{"position":"start","text":"//musica"},"name":"comment"}],"name":"game","scope":{"containerScope":{"containerScope":{"containerScope":{"containerScope":{"containerScope":{"contributions":{},"includedScopes":[]},"contributions":{},"includedScopes":[{"contributions":{},"includedScopes":[]},{"contributions":{},"includedScopes":[]},{"contributions":{},"includedScopes":[]},{"contributions":{},"includedScopes":[]},{"contributions":{},"includedScopes":[]},{"contributions":{},"includedScopes":[]}]},"contributions":{},"includedScopes":[{"containerScope":{"containerScope":{"containerScope":{"contributions":{},"includedScopes":[]},"contributions":{},"includedScopes":[]},"contributions":{},"includedScopes":[]},"contributions":{},"includedScopes":[]}]},"contributions":{},"includedScopes":[]},"contributions":{},"includedScopes":[]},"contributions":{},"includedScopes":[]},"sourceMap":{"end":{"column":13,"line":54,"offset":1333},"start":{"column":9,"line":54,"offset":1329}}}],"sourceMap":{"end":{"column":6,"line":55,"offset":1373},"start":{"column":5,"line":34,"offset":795}}},"stack":"Error: Failed to print, found malformed node\n    at c:\\Users\\santi\\.vscode\\extensions\\uqbar.wollok-lsp-ide-0.5.4\\out\\server\\src\\server.js:68:3585\n    at c:\\Users\\santi\\.vscode\\extensions\\uqbar.wollok-lsp-ide-0.5.4\\out\\server\\src\\server.js:68:5370\n    at c:\\Users\\santi\\.vscode\\extensions\\uqbar.wollok-lsp-ide-0.5.4\\out\\server\\src\\server.js:38:6131\n    at c:\\Users\\santi\\.vscode\\extensions\\uqbar.wollok-lsp-ide-0.5.4\\out\\server\\src\\server.js:68:3664\n    at Kbn (c:\\Users\\santi\\.vscode\\extensions\\uqbar.wollok-lsp-ide-0.5.4\\out\\server\\src\\server.js:68:3396)\n    at c:\\Users\\santi\\.vscode\\extensions\\uqbar.wollok-lsp-ide-0.5.4\\out\\server\\src\\server.js:2398:847\n    at c:\\Users\\santi\\.vscode\\extensions\\uqbar.wollok-lsp-ide-0.5.4\\out\\server\\src\\server.js:2398:8440\n    at c:\\Users\\santi\\.vscode\\extensions\\uqbar.wollok-lsp-ide-0.5.4\\out\\server\\src\\server.js:37:74770\n    at Ke (c:\\Users\\santi\\.vscode\\extensions\\uqbar.wollok-lsp-ide-0.5.4\\out\\server\\src\\server.js:7:8527)\n    at Lt (c:\\Users\\santi\\.vscode\\extensions\\uqbar.wollok-lsp-ide-0.5.4\\out\\server\\src\\server.js:7:6189)","timestamp":"2026-06-06T16:11:04.389Z"}
{"level":"info","message":"⌛ Validating niveles.wlk","timeElapsed":172,"timestamp":"2026-06-06T16:11:04.563Z"}
{"level":"error","message":"✘ Failed to get type description: Error: Failed to print, found malformed node Failed to print, found malformed node","node":{"id":"281e1447-e0ef-49cf-a373-0bf8a074432d","metadata":[],"problems":[{"code":"malformedSentence","sourceMap":{"end":{"column":46,"line":54,"offset":1366},"start":{"column":13,"line":54,"offset":1333}}}],"scope":{"containerScope":{"containerScope":{"containerScope":{"containerScope":{"contributions":{},"includedScopes":[]},"contributions":{},"includedScopes":[{"contributions":{},"includedScopes":[]},{"contributions":{},"includedScopes":[]},{"contributions":{},"includedScopes":[]},{"contributions":{},"includedScopes":[]},{"contributions":{},"includedScopes":[]},{"contributions":{},"includedScopes":[]}]},"contributions":{},"includedScopes":[{"containerScope":{"containerScope":{"containerScope":{"contributions":{},"includedScopes":[]},"contributions":{},"includedScopes":[]},"contributions":{},"includedScopes":[]},"contributions":{},"includedScopes":[]}]},"contributions":{},"includedScopes":[]},"contributions":{},"includedScopes":[]},"sentences":[{"args":[],"id":"3022fc43-31d0-499d-895a-efd28b32b888","message":"clear","metadata":[],"receiver":{"id":"2990cba2-d0df-440b-97f1-4e65dcc8f5bb","metadata":[{"args":{"position":"start","text":"// borrar anterior nivel"},"name":"comment"}],"name":"game","scope":{"containerScope":{"containerScope":{"containerScope":{"containerScope":{"containerScope":{"containerScope":{"contributions":{},"includedScopes":[]},"contributions":{},"includedScopes":[{"contributions":{},"includedScopes":[]},{"contributions":{},"includedScopes":[]},{"contributions":{},"includedScopes":[]},{"contributions":{},"includedScopes":[]},{"contributions":{},"includedScopes":[]},{"contributions":{},"includedScopes":[]}]},"contributions":{},"includedScopes":[{"containerScope":{"containerScope":{"containerScope":{"contributions":{},"includedScopes":[]},"contributions":{},"includedScopes":[]},"contributions":{},"includedScopes":[]},"contributions":{},"includedScopes":[]}]},"contributions":{},"includedScopes":[]},"contributions":{},"includedScopes":[]},"contributions":{},"includedScopes":[]},"contributions":{},"includedScopes":[]},"sourceMap":{"end":{"column":13,"line":36,"offset":844},"start":{"column":9,"line":36,"offset":840}}},"scope":{"containerScope":{"containerScope":{"containerScope":{"containerScope":{"containerScope":{"contributions":{},"includedScopes":[]},"contributions":{},"includedScopes":[{"contributions":{},"includedScopes":[]},{"contributions":{},"includedScopes":[]},{"contributions":{},"includedScopes":[]},{"contributions":{},"includedScopes":[]},{"contributions":{},"includedScopes":[]},{"contributions":{},"includedScopes":[]}]},"contributions":{},"includedScopes":[{"containerScope":{"containerScope":{"containerScope":{"contributions":{},"includedScopes":[]},"contributions":{},"includedScopes":[]},"contributions":{},"includedScopes":[]},"contributions":{},"includedScopes":[]}]},"contributions":{},"includedScopes":[]},"contributions":{},"includedScopes":[]},"contributions":{},"includedScopes":[]},"sourceMap":{"end":{"column":21,"line":36,"offset":852},"start":{"column":9,"line":35,"offset":806}}},{"args":[],"id":"c4469795-43f7-4268-9fe8-b129c4ee343b","message":"clear","metadata":[],"receiver":{"id":"df2b65fb-248c-4b52-b380-c4a17f384d55","metadata":[],"name":"juego.mapaObjetos","scope":{"containerScope":{"containerScope":{"containerScope":{"containerScope":{"containerScope":{"containerScope":{"contributions":{},"includedScopes":[]},"contributions":{},"includedScopes":[{"contributions":{},"includedScopes":[]},{"contributions":{},"includedScopes":[]},{"contributions":{},"includedScopes":[]},{"contributions":{},"includedScopes":[]},{"contributions":{},"includedScopes":[]},{"contributions":{},"includedScopes":[]}]},"contributions":{},"includedScopes":[{"containerScope":{"containerScope":{"containerScope":{"contributions":{},"includedScopes":[]},"contributions":{},"includedScopes":[]},"contributions":{},"includedScopes":[]},"contributions":{},"includedScopes":[]}]},"contributions":{},"includedScopes":[]},"contributions":{},"includedScopes":[]},"contributions":{},"includedScopes":[]},"contributions":{},"includedScopes":[]},"sourceMap":{"end":{"column":26,"line":37,"offset":879},"start":{"column":9,"line":37,"offset":862}}},"scope":{"containerScope":{"containerScope":{"containerScope":{"containerScope":{"containerScope":{"contributions":{},"includedScopes":[]},"contributions":{},"includedScopes":[{"contributions":{},"includedScopes":[]},{"contributions":{},"includedScopes":[]},{"contributions":{},"includedScopes":[]},{"contributions":{},"includedScopes":[]},{"contributions":{},"includedScopes":[]},{"contributions":{},"includedScopes":[]}]},"contributions":{},"includedScopes":[{"containerScope":{"containerScope":{"containerScope":{"contributions":{},"includedScopes":[]},"contributions":{},"includedScopes":[]},"contributions":{},"includedScopes":[]},"contributions":{},"includedScopes":[]}]},"contributions":{},"includedScopes":[]},"contributions":{},"includedScopes":[]},"contributions":{},"includedScopes":[]},"sourceMap":{"end":{"column":34,"line":37,"offset":887},"start":{"column":8,"line":37,"offset":862}}},{"args":[{"id":"d78b2028-1acb-4a2f-a878-1126d299221c","metadata":[],"name":"personaje","scope":{"containerScope":{"containerScope":{"containerScope":{"containerScope":{"containerScope":{"containerScope":{"contributions":{},"includedScopes":[]},"contributions":{},"includedScopes":[{"contributions":{},"includedScopes":[]},{"contributions":{},"includedScopes":[]},{"contributions":{},"includedScopes":[]},{"contributions":{},"includedScopes":[]},{"contributions":{},"includedScopes":[]},{"contributions":{},"includedScopes":[]}]},"contributions":{},"includedScopes":[{"containerScope":{"containerScope":{"containerScope":{"contributions":{},"includedScopes":[]},"contributions":{},"includedScopes":[]},"contributions":{},"includedScopes":[]},"contributions":{},"includedScopes":[]}]},"contributions":{},"includedScopes":[]},"contributions":{},"includedScopes":[]},"contributions":{},"includedScopes":[]},"contributions":{},"includedScopes":[]},"sourceMap":{"end":{"column":33,"line":40,"offset":945},"start":{"column":24,"line":40,"offset":936}}}],"id":"09e69db0-7702-4466-9741-7a744839d1d8","message":"addVisual","metadata":[],"receiver":{"id":"a2cae273-b883-483a-8879-5d6d3df73261","metadata":[{"args":{"position":"start","text":"// personaje"},"name":"comment"}],"name":"game","scope":{"containerScope":{"containerScope":{"containerScope":{"containerScope":{"containerScope":{"containerScope":{"contributions":{},"includedScopes":[]},"contributions":{},"includedScopes":[{"contributions":{},"includedScopes":[]},{"contributions":{},"includedScopes":[]},{"contributions":{},"includedScopes":[]},{"contributions":{},"includedScopes":[]},{"contributions":{},"includedScopes":[]},{"contributions":{},"includedScopes":[]}]},"contributions":{},"includedScopes":[{"containerScope":{"containerScope":{"containerScope":{"contributions":{},"includedScopes":[]},"contributions":{},"includedScopes":[]},"contributions":{},"includedScopes":[]},"contributions":{},"includedScopes":[]}]},"contributions":{},"includedScopes":[]},"contributions":{},"includedScopes":[]},"contributions":{},"includedScopes":[]},"contributions":{},"includedScopes":[]},"sourceMap":{"end":{"column":13,"line":40,"offset":925},"start":{"column":9,"line":40,"offset":921}}},"scope":{"containerScope":{"containerScope":{"containerScope":{"containerScope":{"containerScope":{"contributions":{},"includedScopes":[]},"contributions":{},"includedScopes":[{"contributions":{},"includedScopes":[]},{"contributions":{},"includedScopes":[]},{"contributions":{},"includedScopes":[]},{"contributions":{},"includedScopes":[]},{"contributions":{},"includedScopes":[]},{"contributions":{},"includedScopes":[]}]},"contributions":{},"includedScopes":[{"containerScope":{"containerScope":{"containerScope":{"contributions":{},"includedScopes":[]},"contributions":{},"includedScopes":[]},"contributions":{},"includedScopes":[]},"contributions":{},"includedScopes":[]}]},"contributions":{},"includedScopes":[]},"contributions":{},"includedScopes":[]},"contributions":{},"includedScopes":[]},"sourceMap":{"end":{"column":34,"line":40,"offset":946},"start":{"column":9,"line":39,"offset":899}}},{"args":[{"args":[{"id":"6b5e46fe-6199-47dd-be21-d9cbce280ed4","metadata":[],"scope":{"containerScope":{"containerScope":{"containerScope":{"containerScope":{"containerScope":{"containerScope":{"containerScope":{"contributions":{},"includedScopes":[]},"contributions":{},"includedScopes":[{"contributions":{},"includedScopes":[]},{"contributions":{},"includedScopes":[]},{"contributions":{},"includedScopes":[]},{"contributions":{},"includedScopes":[]},{"contributions":{},"includedScopes":[]},{"contributions":{},"includedScopes":[]}]},"contributions":{},"includedScopes":[{"containerScope":{"containerScope":{"containerScope":{"contributions":{},"includedScopes":[]},"contributions":{},"includedScopes":[]},"contributions":{},"includedScopes":[]},"contributions":{},"includedScopes":[]}]},"contributions":{},"includedScopes":[]},"contributions":{},"includedScopes":[]},"contributions":{},"includedScopes":[]},"contributions":{},"includedScopes":[]},"contributions":{},"includedScopes":[]},"sourceMap":{"end":{"column":37,"line":41,"offset":984},"start":{"column":36,"line":41,"offset":983}},"value":5},{"id":"7f3bb93b-880e-47fd-8ce6-d53fd38efcd0","metadata":[],"scope":{"containerScope":{"containerScope":{"containerScope":{"containerScope":{"containerScope":{"containerScope":{"containerScope":{"contributions":{},"includedScopes":[]},"contributions":{},"includedScopes":[{"contributions":{},"includedScopes":[]},{"contributions":{},"includedScopes":[]},{"contributions":{},"includedScopes":[]},{"contributions":{},"includedScopes":[]},{"contributions":{},"includedScopes":[]},{"contributions":{},"includedScopes":[]}]},"contributions":{},"includedScopes":[{"containerScope":{"containerScope":{"containerScope":{"contributions":{},"includedScopes":[]},"contributions":{},"includedScopes":[]},"contributions":{},"includedScopes":[]},"contributions":{},"includedScopes":[]}]},"contributions":{},"includedScopes":[]},"contributions":{},"includedScopes":[]},"contributions":{},"includedScopes":[]},"contributions":{},"includedScopes":[]},"contributions":{},"includedScopes":[]},"sourceMap":{"end":{"column":40,"line":41,"offset":987},"start":{"column":39,"line":41,"offset":986}},"value":4}],"id":"75304b58-bcc9-4006-886a-7c62eb83c49c","message":"at","metadata":[],"receiver":{"id":"8de782d8-a6c3-47e7-84c4-4a44280096cd","metadata":[],"name":"game","scope":{"containerScope":{"containerScope":{"containerScope":{"containerScope":{"containerScope":{"containerScope":{"containerScope":{"contributions":{},"includedScopes":[]},"contributions":{},"includedScopes":[{"contributions":{},"includedScopes":[]},{"contributions":{},"includedScopes":[]},{"contributions":{},"includedScopes":[]},{"contributions":{},"includedScopes":[]},{"contributions":{},"includedScopes":[]},{"contributions":{},"includedScopes":[]}]},"contributions":{},"includedScopes":[{"containerScope":{"containerScope":{"containerScope":{"contributions":{},"includedScopes":[]},"contributions":{},"includedScopes":[]},"contributions":{},"includedScopes":[]},"contributions":{},"includedScopes":[]}]},"contributions":{},"includedScopes":[]},"contributions":{},"includedScopes":[]},"contributions":{},"includedScopes":[]},"contributions":{},"includedScopes":[]},"contributions":{},"includedScopes":[]},"sourceMap":{"end":{"column":32,"line":41,"offset":979},"start":{"column":28,"line":41,"offset":975}}},"scope":{"containerScope":{"containerScope":{"containerScope":{"containerScope":{"containerScope":{"containerScope":{"contributions":{},"includedScopes":[]},"contributions":{},"includedScopes":[{"contributions":{},"includedScopes":[]},{"contributions":{},"includedScopes":[]},{"contributions":{},"includedScopes":[]},{"contributions":{},"includedScopes":[]},{"contributions":{},"includedScopes":[]},{"contributions":{},"includedScopes":[]}]},"contributions":{},"includedScopes":[{"containerScope":{"containerScope":{"containerScope":{"contributions":{},"includedScopes":[]},"contributions":{},"includedScopes":[]},"contributions":{},"includedScopes":[]},"contributions":{},"includedScopes":[]}]},"contributions":{},"includedScopes":[]},"contributions":{},"includedScopes":[]},"contributions":{},"includedScopes":[]},"contributions":{},"includedScopes":[]},"sourceMap":{"end":{"column":41,"line":41,"offset":988},"start":{"column":28,"line":41,"offset":975}}}],"id":"b40d4d2b-f2ff-4d4f-bf3f-fbd19bf4422b","message":"position","metadata":[],"receiver":{"id":"bd762dc5-3c6e-4130-9392-eea19a03a965","metadata":[],"name":"personaje","scope":{"containerScope":{"containerScope":{"containerScope":{"containerScope":{"containerScope":{"containerScope":{"contributions":{},"includedScopes":[]},"contributions":{},"includedScopes":[{"contributions":{},"includedScopes":[]},{"contributions":{},"includedScopes":[]},{"contributions":{},"includedScopes":[]},{"contributions":{},"includedScopes":[]},{"contributions":{},"includedScopes":[]},{"contributions":{},"includedScopes":[]}]},"contributions":{},"includedScopes":[{"containerScope":{"containerScope":{"containerScope":{"contributions":{},"includedScopes":[]},"contributions":{},"includedScopes":[]},"contributions":{},"includedScopes":[]},"contributions":{},"includedScopes":[]}]},"contributions":{},"includedScopes":[]},"contributions":{},"includedScopes":[]},"contributions":{},"includedScopes":[]},"contributions":{},"includedScopes":[]},"sourceMap":{"end":{"column":18,"line":41,"offset":965},"start":{"column":9,"line":41,"offset":956}}},"scope":{"containerScope":{"containerScope":{"containerScope":{"containerScope":{"containerScope":{"contributions":{},"includedScopes":[]},"contributions":{},"includedScopes":[{"contributions":{},"includedScopes":[]},{"contributions":{},"includedScopes":[]},{"contributions":{},"includedScopes":[]},{"contributions":{},"includedScopes":[]},{"contributions":{},"includedScopes":[]},{"contributions":{},"includedScopes":[]}]},"contributions":{},"includedScopes":[{"containerScope":{"containerScope":{"containerScope":{"contributions":{},"includedScopes":[]},"contributions":{},"includedScopes":[]},"contributions":{},"includedScopes":[]},"contributions":{},"includedScopes":[]}]},"contributions":{},"includedScopes":[]},"contributions":{},"includedScopes":[]},"contributions":{},"includedScopes":[]},"sourceMap":{"end":{"column":42,"line":41,"offset":989},"start":{"column":8,"line":41,"offset":956}}},{"id":"2f6129ec-5134-4a9f-bf09-9974bec2f79b","isConstant":true,"metadata":[{"args":{"position":"start","text":"// referencias"},"name":"comment"}],"name":"mapa","scope":{"containerScope":{"containerScope":{"containerScope":{"containerScope":{"containerScope":{"contributions":{},"includedScopes":[]},"contributions":{},"includedScopes":[{"contributions":{},"includedScopes":[]},{"contributions":{},"includedScopes":[]},{"contributions":{},"includedScopes":[]},{"contributions":{},"includedScopes":[]},{"contributions":{},"includedScopes":[]},{"contributions":{},"includedScopes":[]}]},"contributions":{},"includedScopes":[{"containerScope":{"containerScope":{"containerScope":{"contributions":{},"includedScopes":[]},"contributions":{},"includedScopes":[]},"contributions":{},"includedScopes":[]},"contributions":{},"includedScopes":[]}]},"contributions":{},"includedScopes":[]},"contributions":{},"includedScopes":[]},"contributions":{},"includedScopes":[]},"sourceMap":{"end":{"column":44,"line":44,"offset":1060},"start":{"column":9,"line":44,"offset":1025}},"value":{"args":[],"id":"96791cbe-3b03-4cd7-a6d8-f0fca80aec2f","message":"mapaData","metadata":[],"receiver":{"id":"582fcb6e-5dfa-4213-965d-0cd6fcea9042","metadata":[],"name":"nivelActual","scope":{"containerScope":{"containerScope":{"containerScope":{"containerScope":{"containerScope":{"containerScope":{"containerScope":{"contributions":{},"includedScopes":[]},"contributions":{},"includedScopes":[{"contributions":{},"includedScopes":[]},{"contributions":{},"includedScopes":[]},{"contributions":{},"includedScopes":[]},{"contributions":{},"includedScopes":[]},{"contributions":{},"includedScopes":[]},{"contributions":{},"includedScopes":[]}]},"contributions":{},"includedScopes":[{"containerScope":{"containerScope":{"containerScope":{"contributions":{},"includedScopes":[]},"contributions":{},"includedScopes":[]},"contributions":{},"includedScopes":[]},"contributions":{},"includedScopes":[]}]},"contributions":{},"includedScopes":[]},"contributions":{},"includedScopes":[]},"contributions":{},"includedScopes":[]},"contributions":{},"includedScopes":[]},"contributions":{},"includedScopes":[]},"sourceMap":{"end":{"column":33,"line":44,"offset":1049},"start":{"column":22,"line":44,"offset":1038}}},"scope":{"containerScope":{"containerScope":{"containerScope":{"containerScope":{"containerScope":{"containerScope":{"contributions":{},"includedScopes":[]},"contributions":{},"includedScopes":[{"contributions":{},"includedScopes":[]},{"contributions":{},"includedScopes":[]},{"contributions":{},"includedScopes":[]},{"contributions":{},"includedScopes":[]},{"contributions":{},"includedScopes":[]},{"contributions":{},"includedScopes":[]}]},"contributions":{},"includedScopes":[{"containerScope":{"containerScope":{"containerScope":{"contributions":{},"includedScopes":[]},"contributions":{},"includedScopes":[]},"contributions":{},"includedScopes":[]},"contributions":{},"includedScopes":[]}]},"contributions":{},"includedScopes":[]},"contributions":{},"includedScopes":[]},"contributions":{},"includedScopes":[]},"contributions":{},"includedScopes":[]},"sourceMap":{"end":{"column":44,"line":44,"offset":1060},"start":{"column":22,"line":44,"offset":1038}}}},{"id":"47c2cd3f-ff58-404f-9f30-95baf4764919","isConstant":true,"metadata":[],"name":"background","scope":{"containerScope":{"containerScope":{"containerScope":{"containerScope":{"containerScope":{"contributions":{},"includedScopes":[]},"contributions":{},"includedScopes":[{"contributions":{},"includedScopes":[]},{"contributions":{},"includedScopes":[]},{"contributions":{},"includedScopes":[]},{"contributions":{},"includedScopes":[]},{"contributions":{},"includedScopes":[]},{"contributions":{},"includedScopes":[]}]},"contributions":{},"includedScopes":[{"containerScope":{"containerScope":{"containerScope":{"contributions":{},"includedScopes":[]},"contributions":{},"includedScopes":[]},"contributions":{},"includedScopes":[]},"contributions":{},"includedScopes":[]}]},"contributions":{},"includedScopes":[]},"contributions":{},"includedScopes":[]},"contributions":{},"includedScopes":[]},"sourceMap":{"end":{"column":52,"line":45,"offset":1113},"start":{"column":9,"line":45,"offset":1070}},"value":{"args":[],"id":"70c30317-c60f-48cd-9a7b-9c5dde4a988a","message":"background","metadata":[],"receiver":{"id":"368b5cdf-857b-4eeb-9ad5-02fc75ca4875","metadata":[],"name":"nivelActual","scope":{"containerScope":{"containerScope":{"containerScope":{"containerScope":{"containerScope":{"containerScope":{"containerScope":{"contributions":{},"includedScopes":[]},"contributions":{},"includedScopes":[{"contributions":{},"includedScopes":[]},{"contributions":{},"includedScopes":[]},{"contributions":{},"includedScopes":[]},{"contributions":{},"includedScopes":[]},{"contributions":{},"includedScopes":[]},{"contributions":{},"includedScopes":[]}]},"contributions":{},"includedScopes":[{"containerScope":{"containerScope":{"containerScope":{"contributions":{},"includedScopes":[]},"contributions":{},"includedScopes":[]},"contributions":{},"includedScopes":[]},"contributions":{},"includedScopes":[]}]},"contributions":{},"includedScopes":[]},"contributions":{},"includedScopes":[]},"contributions":{},"includedScopes":[]},"contributions":{},"includedScopes":[]},"contributions":{},"includedScopes":[]},"sourceMap":{"end":{"column":39,"line":45,"offset":1100},"start":{"column":28,"line":45,"offset":1089}}},"scope":{"containerScope":{"containerScope":{"containerScope":{"containerScope":{"containerScope":{"containerScope":{"contributions":{},"includedScopes":[]},"contributions":{},"includedScopes":[{"contributions":{},"includedScopes":[]},{"contributions":{},"includedScopes":[]},{"contributions":{},"includedScopes":[]},{"contributions":{},"includedScopes":[]},{"contributions":{},"includedScopes":[]},{"contributions":{},"includedScopes":[]}]},"contributions":{},"includedScopes":[{"containerScope":{"containerScope":{"containerScope":{"contributions":{},"includedScopes":[]},"contributions":{},"includedScopes":[]},"contributions":{},"includedScopes":[]},"contributions":{},"includedScopes":[]}]},"contributions":{},"includedScopes":[]},"contributions":{},"includedScopes":[]},"contributions":{},"includedScopes":[]},"contributions":{},"includedScopes":[]},"sourceMap":{"end":{"column":52,"line":45,"offset":1113},"start":{"column":28,"line":45,"offset":1089}}}},{"args":[{"id":"5e2f0d88-ca54-4729-b734-a87b0a931350","metadata":[],"name":"mapa","scope":{"containerScope":{"containerScope":{"containerScope":{"containerScope":{"containerScope":{"containerScope":{"contributions":{},"includedScopes":[]},"contributions":{},"includedScopes":[{"contributions":{},"includedScopes":[]},{"contributions":{},"includedScopes":[]},{"contributions":{},"includedScopes":[]},{"contributions":{},"includedScopes":[]},{"contributions":{},"includedScopes":[]},{"contributions":{},"includedScopes":[]}]},"contributions":{},"includedScopes":[{"containerScope":{"containerScope":{"containerScope":{"contributions":{},"includedScopes":[]},"contributions":{},"includedScopes":[]},"contributions":{},"includedScopes":[]},"contributions":{},"includedScopes":[]}]},"contributions":{},"includedScopes":[]},"contributions":{},"includedScopes":[]},"contributions":{},"includedScopes":[]},"contributions":{},"includedScopes":[]},"sourceMap":{"end":{"column":32,"line":47,"offset":1148},"start":{"column":28,"line":47,"offset":1144}}}],"id":"21848a4a-2950-4ee0-a2d8-75c43606b957","message":"construirMapa","metadata":[],"receiver":{"id":"5dab8d9d-b48e-4636-8f80-7930dd82387c","metadata":[],"scope":{"containerScope":{"containerScope":{"containerScope":{"containerScope":{"containerScope":{"containerScope":{"contributions":{},"includedScopes":[]},"contributions":{},"includedScopes":[{"contributions":{},"includedScopes":[]},{"contributions":{},"includedScopes":[]},{"contributions":{},"includedScopes":[]},{"contributions":{},"includedScopes":[]},{"contributions":{},"includedScopes":[]},{"contributions":{},"includedScopes":[]}]},"contributions":{},"includedScopes":[{"containerScope":{"containerScope":{"containerScope":{"contributions":{},"includedScopes":[]},"contributions":{},"includedScopes":[]},"contributions":{},"includedScopes":[]},"contributions":{},"includedScopes":[]}]},"contributions":{},"includedScopes":[]},"contributions":{},"includedScopes":[]},"contributions":{},"includedScopes":[]},"contributions":{},"includedScopes":[]},"sourceMap":{"end":{"column":13,"line":47,"offset":1129},"start":{"column":9,"line":47,"offset":1125}}},"scope":{"containerScope":{"containerScope":{"containerScope":{"containerScope":{"containerScope":{"contributions":{},"includedScopes":[]},"contributions":{},"includedScopes":[{"contributions":{},"includedScopes":[]},{"contributions":{},"includedScopes":[]},{"contributions":{},"includedScopes":[]},{"contributions":{},"includedScopes":[]},{"contributions":{},"includedScopes":[]},{"contributions":{},"includedScopes":[]}]},"contributions":{},"includedScopes":[{"containerScope":{"containerScope":{"containerScope":{"contributions":{},"includedScopes":[]},"contributions":{},"includedScopes":[]},"contributions":{},"includedScopes":[]},"contributions":{},"includedScopes":[]}]},"contributions":{},"includedScopes":[]},"contributions":{},"includedScopes":[]},"contributions":{},"includedScopes":[]},"sourceMap":{"end":{"column":33,"line":47,"offset":1149},"start":{"column":9,"line":47,"offset":1125}}},{"args":[],"id":"186816a1-fe08-4dd7-80bf-23cde180e8f1","message":"iniciar","metadata":[],"receiver":{"id":"b8eb3c83-25f9-4ebf-a0d2-a2b9422364b3","metadata":[{"args":{"position":"start","text":"// inicializacion de animaciones y movimiento de enemigos"},"name":"comment"}],"name":"animadorGlobal","scope":{"containerScope":{"containerScope":{"containerScope":{"containerScope":{"containerScope":{"containerScope":{"contributions":{},"includedScopes":[]},"contributions":{},"includedScopes":[{"contributions":{},"includedScopes":[]},{"contributions":{},"includedScopes":[]},{"contributions":{},"includedScopes":[]},{"contributions":{},"includedScopes":[]},{"contributions":{},"includedScopes":[]},{"contributions":{},"includedScopes":[]}]},"contributions":{},"includedScopes":[{"containerScope":{"containerScope":{"containerScope":{"contributions":{},"includedScopes":[]},"contributions":{},"includedScopes":[]},"contributions":{},"includedScopes":[]},"contributions":{},"includedScopes":[]}]},"contributions":{},"includedScopes":[]},"contributions":{},"includedScopes":[]},"contributions":{},"includedScopes":[]},"contributions":{},"includedScopes":[]},"sourceMap":{"end":{"column":23,"line":50,"offset":1242},"start":{"column":9,"line":50,"offset":1228}}},"scope":{"containerScope":{"containerScope":{"containerScope":{"containerScope":{"containerScope":{"contributions":{},"includedScopes":[]},"contributions":{},"includedScopes":[{"contributions":{},"includedScopes":[]},{"contributions":{},"includedScopes":[]},{"contributions":{},"includedScopes":[]},{"contributions":{},"includedScopes":[]},{"contributions":{},"includedScopes":[]},{"contributions":{},"includedScopes":[]}]},"contributions":{},"includedScopes":[{"containerScope":{"containerScope":{"containerScope":{"contributions":{},"includedScopes":[]},"contributions":{},"includedScopes":[]},"contributions":{},"includedScopes":[]},"contributions":{},"includedScopes":[]}]},"contributions":{},"includedScopes":[]},"contributions":{},"includedScopes":[]},"contributions":{},"includedScopes":[]},"sourceMap":{"end":{"column":33,"line":50,"offset":1252},"start":{"column":9,"line":49,"offset":1161}}},{"args":[],"id":"eb91a80d-8d6a-4983-8b71-899889f543a9","message":"comenzarMovimiento","metadata":[],"receiver":{"id":"72921789-0172-4e85-a920-6f8b38f102a7","metadata":[],"name":"gestorDeEnemigos","scope":{"containerScope":{"containerScope":{"containerScope":{"containerScope":{"containerScope":{"containerScope":{"contributions":{},"includedScopes":[]},"contributions":{},"includedScopes":[{"contributions":{},"includedScopes":[]},{"contributions":{},"includedScopes":[]},{"contributions":{},"includedScopes":[]},{"contributions":{},"includedScopes":[]},{"contributions":{},"includedScopes":[]},{"contributions":{},"includedScopes":[]}]},"contributions":{},"includedScopes":[{"containerScope":{"containerScope":{"containerScope":{"contributions":{},"includedScopes":[]},"contributions":{},"includedScopes":[]},"contributions":{},"includedScopes":[]},"contributions":{},"includedScopes":[]}]},"contributions":{},"includedScopes":[]},"contributions":{},"includedScopes":[]},"contributions":{},"includedScopes":[]},"contributions":{},"includedScopes":[]},"sourceMap":{"end":{"column":25,"line":51,"offset":1278},"start":{"column":9,"line":51,"offset":1262}}},"scope":{"containerScope":{"containerScope":{"containerScope":{"containerScope":{"containerScope":{"contributions":{},"includedScopes":[]},"contributions":{},"includedScopes":[{"contributions":{},"includedScopes":[]},{"contributions":{},"includedScopes":[]},{"contributions":{},"includedScopes":[]},{"contributions":{},"includedScopes":[]},{"contributions":{},"includedScopes":[]},{"contributions":{},"includedScopes":[]}]},"contributions":{},"includedScopes":[{"containerScope":{"containerScope":{"containerScope":{"contributions":{},"includedScopes":[]},"contributions":{},"includedScopes":[]},"contributions":{},"includedScopes":[]},"contributions":{},"includedScopes":[]}]},"contributions":{},"includedScopes":[]},"contributions":{},"includedScopes":[]},"contributions":{},"includedScopes":[]},"sourceMap":{"end":{"column":46,"line":51,"offset":1299},"start":{"column":8,"line":51,"offset":1262}}},{"id":"4325768b-9ad4-43e1-a4b5-cb93333af54d","metadata":[{"args":{"position":"start","text":"//musica"},"name":"comment"}],"name":"game","scope":{"containerScope":{"containerScope":{"containerScope":{"containerScope":{"containerScope":{"contributions":{},"includedScopes":[]},"contributions":{},"includedScopes":[{"contributions":{},"includedScopes":[]},{"contributions":{},"includedScopes":[]},{"contributions":{},"includedScopes":[]},{"contributions":{},"includedScopes":[]},{"contributions":{},"includedScopes":[]},{"contributions":{},"includedScopes":[]}]},"contributions":{},"includedScopes":[{"containerScope":{"containerScope":{"containerScope":{"contributions":{},"includedScopes":[]},"contributions":{},"includedScopes":[]},"contributions":{},"includedScopes":[]},"contributions":{},"includedScopes":[]}]},"contributions":{},"includedScopes":[]},"contributions":{},"includedScopes":[]},"contributions":{},"includedScopes":[]},"sourceMap":{"end":{"column":13,"line":54,"offset":1333},"start":{"column":9,"line":54,"offset":1329}}}],"sourceMap":{"end":{"column":6,"line":55,"offset":1373},"start":{"column":5,"line":34,"offset":795}}},"stack":"Error: Failed to print, found malformed node\n    at c:\\Users\\santi\\.vscode\\extensions\\uqbar.wollok-lsp-ide-0.5.4\\out\\server\\src\\server.js:68:3585\n    at c:\\Users\\santi\\.vscode\\extensions\\uqbar.wollok-lsp-ide-0.5.4\\out\\server\\src\\server.js:68:5370\n    at c:\\Users\\santi\\.vscode\\extensions\\uqbar.wollok-lsp-ide-0.5.4\\out\\server\\src\\server.js:38:6131\n    at c:\\Users\\santi\\.vscode\\extensions\\uqbar.wollok-lsp-ide-0.5.4\\out\\server\\src\\server.js:68:3664\n    at Kbn (c:\\Users\\santi\\.vscode\\extensions\\uqbar.wollok-lsp-ide-0.5.4\\out\\server\\src\\server.js:68:3396)\n    at c:\\Users\\santi\\.vscode\\extensions\\uqbar.wollok-lsp-ide-0.5.4\\out\\server\\src\\server.js:2398:847\n    at c:\\Users\\santi\\.vscode\\extensions\\uqbar.wollok-lsp-ide-0.5.4\\out\\server\\src\\server.js:2398:8440\n    at c:\\Users\\santi\\.vscode\\extensions\\uqbar.wollok-lsp-ide-0.5.4\\out\\server\\src\\server.js:37:74770\n    at Ke (c:\\Users\\santi\\.vscode\\extensions\\uqbar.wollok-lsp-ide-0.5.4\\out\\server\\src\\server.js:7:8527)\n    at Lt (c:\\Users\\santi\\.vscode\\extensions\\uqbar.wollok-lsp-ide-0.5.4\\out\\server\\src\\server.js:7:6189)","timestamp":"2026-06-06T16:11:04.817Z"}
{"level":"info","message":"⌛ Building environment","timeElapsed":339,"timestamp":"2026-06-06T16:11:05.785Z"}
{"level":"info","message":"⌛ Validating niveles.wlk","timeElapsed":148,"timestamp":"2026-06-06T16:11:06.046Z"}
{"level":"info","message":"⌛ Building environment","timeElapsed":191,"timestamp":"2026-06-06T16:11:30.195Z"}
{"level":"info","message":"⌛ Validating niveles.wlk","timeElapsed":149,"timestamp":"2026-06-06T16:11:30.399Z"}
{"level":"info","message":"⌛ Building environment","timeElapsed":312,"timestamp":"2026-06-06T16:11:30.768Z"}
{"level":"info","message":"⌛ Building environment","timeElapsed":237,"timestamp":"2026-06-06T16:11:31.029Z"}
{"level":"info","message":"⌛ Building environment","timeElapsed":261,"timestamp":"2026-06-06T16:11:31.291Z"}
{"level":"info","message":"⌛ Building environment","timeElapsed":231,"timestamp":"2026-06-06T16:11:31.532Z"}
{"level":"info","message":"⌛ Validating niveles.wlk","timeElapsed":160,"timestamp":"2026-06-06T16:11:31.692Z"}
{"level":"info","message":"⌛ Building environment","timeElapsed":205,"timestamp":"2026-06-06T16:11:31.898Z"}
{"level":"info","message":"⌛ Validating niveles.wlk","timeElapsed":149,"timestamp":"2026-06-06T16:11:32.060Z"}
{"level":"info","message":"⌛ Building environment","timeElapsed":214,"timestamp":"2026-06-06T16:11:32.275Z"}
{"level":"info","message":"⌛ Validating niveles.wlk","timeElapsed":159,"timestamp":"2026-06-06T16:11:32.449Z"}
{"level":"info","message":"⌛ Building environment","timeElapsed":262,"timestamp":"2026-06-06T16:11:32.712Z"}
{"level":"info","message":"⌛ Validating niveles.wlk","timeElapsed":153,"timestamp":"2026-06-06T16:11:32.895Z"}
{"level":"info","message":"⌛ Validating niveles.wlk","timeElapsed":143,"timestamp":"2026-06-06T16:11:33.048Z"}
{"level":"info","message":"⌛ Building environment","timeElapsed":231,"timestamp":"2026-06-06T16:11:33.280Z"}
{"level":"error","message":"✘ Completions for node Send ([54:20, 54:41] - niveles.wlk) failed: Error: [Send]{b30cb5} at niveles.wlk:54 exhausted all cases without a match [Send]{b30cb5} at niveles.wlk:54 exhausted all cases without a match","stack":"Error: [Send]{b30cb5} at niveles.wlk:54 exhausted all cases without a match\n    at c:\\Users\\santi\\.vscode\\extensions\\uqbar.wollok-lsp-ide-0.5.4\\out\\server\\src\\server.js:38:6142\n    at L2 (c:\\Users\\santi\\.vscode\\extensions\\uqbar.wollok-lsp-ide-0.5.4\\out\\server\\src\\server.js:2389:42)\n    at c:\\Users\\santi\\.vscode\\extensions\\uqbar.wollok-lsp-ide-0.5.4\\out\\server\\src\\server.js:2389:2988\n    at c:\\Users\\santi\\.vscode\\extensions\\uqbar.wollok-lsp-ide-0.5.4\\out\\server\\src\\server.js:2398:8440\n    at c:\\Users\\santi\\.vscode\\extensions\\uqbar.wollok-lsp-ide-0.5.4\\out\\server\\src\\server.js:37:74872\n    at Ke (c:\\Users\\santi\\.vscode\\extensions\\uqbar.wollok-lsp-ide-0.5.4\\out\\server\\src\\server.js:7:8527)\n    at Lt (c:\\Users\\santi\\.vscode\\extensions\\uqbar.wollok-lsp-ide-0.5.4\\out\\server\\src\\server.js:7:6189)\n    at ct (c:\\Users\\santi\\.vscode\\extensions\\uqbar.wollok-lsp-ide-0.5.4\\out\\server\\src\\server.js:7:6378)\n    at Immediate._onImmediate (c:\\Users\\santi\\.vscode\\extensions\\uqbar.wollok-lsp-ide-0.5.4\\out\\server\\src\\server.js:7:6142)\n    at process.processImmediate (node:internal/timers:504:21)","timestamp":"2026-06-06T16:11:33.318Z"}
{"level":"error","message":"✘ Completions for node Send ([53:9, 54:42] - niveles.wlk) failed: Error: [Send]{9e6cc3} at niveles.wlk:53 exhausted all cases without a match [Send]{9e6cc3} at niveles.wlk:53 exhausted all cases without a match","stack":"Error: [Send]{9e6cc3} at niveles.wlk:53 exhausted all cases without a match\n    at c:\\Users\\santi\\.vscode\\extensions\\uqbar.wollok-lsp-ide-0.5.4\\out\\server\\src\\server.js:38:6142\n    at L2 (c:\\Users\\santi\\.vscode\\extensions\\uqbar.wollok-lsp-ide-0.5.4\\out\\server\\src\\server.js:2389:42)\n    at Jh (c:\\Users\\santi\\.vscode\\extensions\\uqbar.wollok-lsp-ide-0.5.4\\out\\server\\src\\server.js:2389:1092)\n    at L2 (c:\\Users\\santi\\.vscode\\extensions\\uqbar.wollok-lsp-ide-0.5.4\\out\\server\\src\\server.js:2389:544)\n    at c:\\Users\\santi\\.vscode\\extensions\\uqbar.wollok-lsp-ide-0.5.4\\out\\server\\src\\server.js:2389:2988\n    at c:\\Users\\santi\\.vscode\\extensions\\uqbar.wollok-lsp-ide-0.5.4\\out\\server\\src\\server.js:2398:8440\n    at c:\\Users\\santi\\.vscode\\extensions\\uqbar.wollok-lsp-ide-0.5.4\\out\\server\\src\\server.js:37:74872\n    at Ke (c:\\Users\\santi\\.vscode\\extensions\\uqbar.wollok-lsp-ide-0.5.4\\out\\server\\src\\server.js:7:8527)\n    at Lt (c:\\Users\\santi\\.vscode\\extensions\\uqbar.wollok-lsp-ide-0.5.4\\out\\server\\src\\server.js:7:6189)\n    at ct (c:\\Users\\santi\\.vscode\\extensions\\uqbar.wollok-lsp-ide-0.5.4\\out\\server\\src\\server.js:7:6378)","timestamp":"2026-06-06T16:11:33.318Z"}
{"level":"info","message":"⌛ Building environment","timeElapsed":277,"timestamp":"2026-06-06T16:11:33.600Z"}
{"level":"info","message":"⌛ Building environment","timeElapsed":312,"timestamp":"2026-06-06T16:11:33.912Z"}
{"level":"info","message":"⌛ Validating niveles.wlk","timeElapsed":216,"timestamp":"2026-06-06T16:11:34.129Z"}
{"level":"info","message":"⌛ Building environment","timeElapsed":203,"timestamp":"2026-06-06T16:11:34.333Z"}
{"level":"info","message":"⌛ Building environment","timeElapsed":282,"timestamp":"2026-06-06T16:11:34.617Z"}
{"level":"info","message":"⌛ Validating niveles.wlk","timeElapsed":155,"timestamp":"2026-06-06T16:11:34.773Z"}
{"level":"info","message":"⌛ Validating niveles.wlk","timeElapsed":146,"timestamp":"2026-06-06T16:11:34.945Z"}
{"level":"info","message":"⌛ Validating niveles.wlk","timeElapsed":142,"timestamp":"2026-06-06T16:11:35.101Z"}
{"level":"info","message":"⌛ Validating niveles.wlk","timeElapsed":141,"timestamp":"2026-06-06T16:11:35.244Z"}
{"level":"info","message":"⌛ Validating niveles.wlk","timeElapsed":139,"timestamp":"2026-06-06T16:11:35.399Z"}
{"level":"info","message":"⌛ Building environment","timeElapsed":206,"timestamp":"2026-06-06T16:11:35.621Z"}
{"level":"info","message":"⌛ Validating niveles.wlk","timeElapsed":169,"timestamp":"2026-06-06T16:11:35.791Z"}
{"level":"info","message":"⌛ Validating niveles.wlk","timeElapsed":123,"timestamp":"2026-06-06T16:11:35.920Z"}
{"level":"info","message":"⌛ Building environment","timeElapsed":379,"timestamp":"2026-06-06T16:11:36.301Z"}
{"level":"info","message":"⌛ Building environment","timeElapsed":282,"timestamp":"2026-06-06T16:11:36.631Z"}
{"level":"info","message":"⌛ Building environment","timeElapsed":822,"timestamp":"2026-06-06T16:11:37.457Z"}
{"level":"info","message":"⌛ Building environment","timeElapsed":446,"timestamp":"2026-06-06T16:11:37.912Z"}
{"level":"info","message":"⌛ Validating niveles.wlk","timeElapsed":156,"timestamp":"2026-06-06T16:11:38.069Z"}
{"level":"info","message":"⌛ Building environment","timeElapsed":225,"timestamp":"2026-06-06T16:11:38.296Z"}
{"level":"info","message":"⌛ Building environment","timeElapsed":234,"timestamp":"2026-06-06T16:11:38.582Z"}
{"level":"info","message":"⌛ Validating niveles.wlk","timeElapsed":172,"timestamp":"2026-06-06T16:11:38.755Z"}
{"level":"info","message":"⌛ Building environment","timeElapsed":456,"timestamp":"2026-06-06T16:11:39.238Z"}
{"level":"info","message":"⌛ Validating niveles.wlk","timeElapsed":218,"timestamp":"2026-06-06T16:11:39.506Z"}
{"level":"info","message":"⌛ Validating niveles.wlk","timeElapsed":170,"timestamp":"2026-06-06T16:11:39.681Z"}
{"level":"info","message":"⌛ Validating niveles.wlk","timeElapsed":178,"timestamp":"2026-06-06T16:11:39.859Z"}
{"level":"info","message":"⌛ Validating niveles.wlk","timeElapsed":181,"timestamp":"2026-06-06T16:11:40.055Z"}
{"level":"info","message":"⌛ Validating niveles.wlk","timeElapsed":149,"timestamp":"2026-06-06T16:11:40.216Z"}
{"level":"info","message":"⌛ Building environment","timeElapsed":236,"timestamp":"2026-06-06T16:11:42.100Z"}
{"level":"info","message":"⌛ Building environment","timeElapsed":286,"timestamp":"2026-06-06T16:11:42.435Z"}
{"level":"info","message":"⌛ Validating niveles.wlk","timeElapsed":178,"timestamp":"2026-06-06T16:11:42.614Z"}
{"level":"info","message":"⌛ Building environment","timeElapsed":267,"timestamp":"2026-06-06T16:11:42.881Z"}
{"level":"info","message":"⌛ Building environment","timeElapsed":235,"timestamp":"2026-06-06T16:11:43.162Z"}
{"level":"info","message":"⌛ Validating niveles.wlk","timeElapsed":186,"timestamp":"2026-06-06T16:11:43.349Z"}
{"level":"info","message":"⌛ Validating niveles.wlk","timeElapsed":143,"timestamp":"2026-06-06T16:11:43.510Z"}
{"level":"info","message":"⌛ Validating niveles.wlk","timeElapsed":155,"timestamp":"2026-06-06T16:11:43.679Z"}
{"level":"info","message":"⌛ Building environment","timeElapsed":238,"timestamp":"2026-06-06T16:11:43.918Z"}
{"level":"info","message":"⌛ Building environment","timeElapsed":245,"timestamp":"2026-06-06T16:11:44.163Z"}
{"level":"info","message":"⌛ Building environment","timeElapsed":244,"timestamp":"2026-06-06T16:11:44.438Z"}
{"level":"info","message":"⌛ Validating niveles.wlk","timeElapsed":230,"timestamp":"2026-06-06T16:11:44.668Z"}
{"level":"info","message":"⌛ Building environment","timeElapsed":293,"timestamp":"2026-06-06T16:11:44.964Z"}
{"level":"info","message":"⌛ Validating niveles.wlk","timeElapsed":170,"timestamp":"2026-06-06T16:11:45.147Z"}
{"level":"info","message":"⌛ Validating niveles.wlk","timeElapsed":147,"timestamp":"2026-06-06T16:11:45.326Z"}
{"level":"info","message":"⌛ Building environment","timeElapsed":253,"timestamp":"2026-06-06T16:11:45.580Z"}
{"level":"info","message":"⌛ Building environment","timeElapsed":228,"timestamp":"2026-06-06T16:11:45.894Z"}
{"level":"info","message":"⌛ Validating niveles.wlk","timeElapsed":149,"timestamp":"2026-06-06T16:11:46.044Z"}
{"level":"info","message":"⌛ Validating niveles.wlk","timeElapsed":151,"timestamp":"2026-06-06T16:11:46.214Z"}
{"level":"info","message":"⌛ Validating niveles.wlk","timeElapsed":145,"timestamp":"2026-06-06T16:11:46.376Z"}
{"level":"info","message":"⌛ Building environment","timeElapsed":232,"timestamp":"2026-06-06T16:11:47.164Z"}
{"level":"info","message":"⌛ Building environment","timeElapsed":236,"timestamp":"2026-06-06T16:11:47.415Z"}
{"level":"info","message":"⌛ Validating niveles.wlk","timeElapsed":167,"timestamp":"2026-06-06T16:11:47.583Z"}
{"level":"info","message":"⌛ Validating niveles.wlk","timeElapsed":134,"timestamp":"2026-06-06T16:11:47.735Z"}
{"level":"info","message":"⌛ Building environment","timeElapsed":220,"timestamp":"2026-06-06T16:11:48.416Z"}
{"level":"info","message":"⌛ Building environment","timeElapsed":245,"timestamp":"2026-06-06T16:11:48.707Z"}
{"level":"info","message":"⌛ Validating niveles.wlk","timeElapsed":180,"timestamp":"2026-06-06T16:11:48.888Z"}
{"level":"info","message":"⌛ Validating niveles.wlk","timeElapsed":145,"timestamp":"2026-06-06T16:11:49.052Z"}
{"level":"info","message":"⌛ Building environment","timeElapsed":226,"timestamp":"2026-06-06T16:11:49.557Z"}
{"level":"info","message":"⌛ Validating niveles.wlk","timeElapsed":170,"timestamp":"2026-06-06T16:11:49.781Z"}
{"level":"info","message":"⌛ Building environment","timeElapsed":281,"timestamp":"2026-06-06T16:11:50.094Z"}
{"level":"info","message":"⌛ Validating niveles.wlk","timeElapsed":148,"timestamp":"2026-06-06T16:11:50.388Z"}
{"level":"info","message":"⌛ Building environment","timeElapsed":233,"timestamp":"2026-06-06T16:11:51.565Z"}
{"level":"info","message":"⌛ Building environment","timeElapsed":234,"timestamp":"2026-06-06T16:11:51.824Z"}
{"level":"info","message":"⌛ Validating niveles.wlk","timeElapsed":156,"timestamp":"2026-06-06T16:11:51.981Z"}
{"level":"info","message":"⌛ Validating niveles.wlk","timeElapsed":130,"timestamp":"2026-06-06T16:11:52.130Z"}
{"level":"info","message":"⌛ Building environment","timeElapsed":226,"timestamp":"2026-06-06T16:11:58.444Z"}
{"level":"info","message":"⌛ Building environment","timeElapsed":253,"timestamp":"2026-06-06T16:11:58.713Z"}
{"level":"info","message":"⌛ Validating niveles.wlk","timeElapsed":152,"timestamp":"2026-06-06T16:11:58.865Z"}
{"level":"info","message":"⌛ Building environment","timeElapsed":237,"timestamp":"2026-06-06T16:11:59.103Z"}
{"level":"info","message":"⌛ Validating niveles.wlk","timeElapsed":290,"timestamp":"2026-06-06T16:11:59.517Z"}
{"level":"info","message":"⌛ Building environment","timeElapsed":229,"timestamp":"2026-06-06T16:11:59.749Z"}
{"level":"info","message":"⌛ Building environment","timeElapsed":753,"timestamp":"2026-06-06T16:12:00.543Z"}
{"level":"info","message":"⌛ Validating niveles.wlk","timeElapsed":189,"timestamp":"2026-06-06T16:12:00.731Z"}
{"level":"info","message":"⌛ Building environment","timeElapsed":454,"timestamp":"2026-06-06T16:12:01.187Z"}
{"level":"info","message":"⌛ Building environment","timeElapsed":257,"timestamp":"2026-06-06T16:12:01.519Z"}
{"level":"info","message":"⌛ Validating niveles.wlk","timeElapsed":172,"timestamp":"2026-06-06T16:12:01.751Z"}
{"level":"info","message":"⌛ Building environment","timeElapsed":241,"timestamp":"2026-06-06T16:12:01.993Z"}
{"level":"info","message":"⌛ Building environment","timeElapsed":196,"timestamp":"2026-06-06T16:12:02.230Z"}
{"level":"info","message":"⌛ Building environment","timeElapsed":657,"timestamp":"2026-06-06T16:12:02.929Z"}
{"level":"info","message":"⌛ Building environment","timeElapsed":237,"timestamp":"2026-06-06T16:12:03.167Z"}
{"level":"info","message":"⌛ Building environment","timeElapsed":218,"timestamp":"2026-06-06T16:12:03.435Z"}
{"level":"info","message":"⌛ Building environment","timeElapsed":308,"timestamp":"2026-06-06T16:12:03.744Z"}
{"level":"info","message":"⌛ Validating niveles.wlk","timeElapsed":185,"timestamp":"2026-06-06T16:12:03.930Z"}
{"level":"info","message":"⌛ Building environment","timeElapsed":297,"timestamp":"2026-06-06T16:12:04.228Z"}
{"level":"info","message":"⌛ Building environment","timeElapsed":250,"timestamp":"2026-06-06T16:12:04.491Z"}
{"level":"info","message":"⌛ Building environment","timeElapsed":210,"timestamp":"2026-06-06T16:12:04.702Z"}
{"level":"info","message":"⌛ Validating niveles.wlk","timeElapsed":147,"timestamp":"2026-06-06T16:12:04.850Z"}
{"level":"info","message":"⌛ Validating niveles.wlk","timeElapsed":149,"timestamp":"2026-06-06T16:12:05.026Z"}
{"level":"info","message":"⌛ Validating niveles.wlk","timeElapsed":124,"timestamp":"2026-06-06T16:12:05.150Z"}
{"level":"info","message":"⌛ Validating niveles.wlk","timeElapsed":135,"timestamp":"2026-06-06T16:12:05.299Z"}
{"level":"info","message":"⌛ Validating niveles.wlk","timeElapsed":182,"timestamp":"2026-06-06T16:12:05.481Z"}
{"level":"info","message":"⌛ Building environment","timeElapsed":231,"timestamp":"2026-06-06T16:12:05.714Z"}
{"level":"info","message":"⌛ Validating niveles.wlk","timeElapsed":233,"timestamp":"2026-06-06T16:12:05.961Z"}
{"level":"info","message":"⌛ Building environment","timeElapsed":311,"timestamp":"2026-06-06T16:12:06.297Z"}
{"level":"info","message":"⌛ Validating niveles.wlk","timeElapsed":174,"timestamp":"2026-06-06T16:12:06.514Z"}
{"level":"info","message":"⌛ Validating niveles.wlk","timeElapsed":147,"timestamp":"2026-06-06T16:12:06.677Z"}
{"level":"info","message":"⌛ Building environment","timeElapsed":209,"timestamp":"2026-06-06T16:12:06.887Z"}
{"level":"info","message":"⌛ Building environment","timeElapsed":294,"timestamp":"2026-06-06T16:12:07.182Z"}
{"level":"info","message":"⌛ Validating niveles.wlk","timeElapsed":131,"timestamp":"2026-06-06T16:12:07.353Z"}
{"level":"info","message":"⌛ Validating niveles.wlk","timeElapsed":165,"timestamp":"2026-06-06T16:12:07.522Z"}
{"level":"info","message":"⌛ Validating niveles.wlk","timeElapsed":171,"timestamp":"2026-06-06T16:12:07.694Z"}
{"level":"info","message":"⌛ Validating niveles.wlk","timeElapsed":132,"timestamp":"2026-06-06T16:12:07.827Z"}
{"level":"info","message":"⌛ Validating niveles.wlk","timeElapsed":122,"timestamp":"2026-06-06T16:12:07.994Z"}
{"level":"info","message":"⌛ Validating niveles.wlk","timeElapsed":150,"timestamp":"2026-06-06T16:12:08.146Z"}
{"level":"info","message":"⌛ Building environment","timeElapsed":265,"timestamp":"2026-06-06T16:12:08.424Z"}
{"level":"info","message":"⌛ Validating niveles.wlk","timeElapsed":198,"timestamp":"2026-06-06T16:12:08.624Z"}
{"level":"info","message":"⌛ Building environment","timeElapsed":223,"timestamp":"2026-06-06T16:12:08.850Z"}
{"level":"info","message":"⌛ Building environment","timeElapsed":225,"timestamp":"2026-06-06T16:12:09.099Z"}
{"level":"error","message":"✘ Completions for node Send ([55:8, 55:27] - niveles.wlk) failed: Error: [Send]{e5c78f} at niveles.wlk:55 exhausted all cases without a match [Send]{e5c78f} at niveles.wlk:55 exhausted all cases without a match","stack":"Error: [Send]{e5c78f} at niveles.wlk:55 exhausted all cases without a match\n    at c:\\Users\\santi\\.vscode\\extensions\\uqbar.wollok-lsp-ide-0.5.4\\out\\server\\src\\server.js:38:6142\n    at L2 (c:\\Users\\santi\\.vscode\\extensions\\uqbar.wollok-lsp-ide-0.5.4\\out\\server\\src\\server.js:2389:42)\n    at Jh (c:\\Users\\santi\\.vscode\\extensions\\uqbar.wollok-lsp-ide-0.5.4\\out\\server\\src\\server.js:2389:1092)\n    at M5n (c:\\Users\\santi\\.vscode\\extensions\\uqbar.wollok-lsp-ide-0.5.4\\out\\server\\src\\server.js:2389:1248)\n    at c:\\Users\\santi\\.vscode\\extensions\\uqbar.wollok-lsp-ide-0.5.4\\out\\server\\src\\server.js:38:6131\n    at L2 (c:\\Users\\santi\\.vscode\\extensions\\uqbar.wollok-lsp-ide-0.5.4\\out\\server\\src\\server.js:2389:42)\n    at c:\\Users\\santi\\.vscode\\extensions\\uqbar.wollok-lsp-ide-0.5.4\\out\\server\\src\\server.js:2389:2988\n    at c:\\Users\\santi\\.vscode\\extensions\\uqbar.wollok-lsp-ide-0.5.4\\out\\server\\src\\server.js:2398:8440\n    at c:\\Users\\santi\\.vscode\\extensions\\uqbar.wollok-lsp-ide-0.5.4\\out\\server\\src\\server.js:37:74872\n    at Ke (c:\\Users\\santi\\.vscode\\extensions\\uqbar.wollok-lsp-ide-0.5.4\\out\\server\\src\\server.js:7:8527)","timestamp":"2026-06-06T16:12:09.134Z"}
{"level":"info","message":"⌛ Building environment","timeElapsed":250,"timestamp":"2026-06-06T16:12:09.389Z"}
{"level":"info","message":"⌛ Building environment","timeElapsed":275,"timestamp":"2026-06-06T16:12:09.665Z"}
{"level":"info","message":"⌛ Building environment","timeElapsed":263,"timestamp":"2026-06-06T16:12:09.928Z"}
{"level":"info","message":"⌛ Validating niveles.wlk","timeElapsed":159,"timestamp":"2026-06-06T16:12:10.088Z"}
{"level":"info","message":"⌛ Validating niveles.wlk","timeElapsed":300,"timestamp":"2026-06-06T16:12:10.396Z"}
{"level":"info","message":"⌛ Validating niveles.wlk","timeElapsed":163,"timestamp":"2026-06-06T16:12:10.593Z"}
{"level":"info","message":"⌛ Validating niveles.wlk","timeElapsed":201,"timestamp":"2026-06-06T16:12:10.793Z"}
{"level":"info","message":"⌛ Validating niveles.wlk","timeElapsed":160,"timestamp":"2026-06-06T16:12:10.954Z"}
{"level":"info","message":"⌛ Validating niveles.wlk","timeElapsed":161,"timestamp":"2026-06-06T16:12:11.118Z"}
{"level":"info","message":"⌛ Building environment","timeElapsed":245,"timestamp":"2026-06-06T16:12:36.456Z"}
{"level":"error","message":"✘ Completions for node Send ([53:9, 54:47] - niveles.wlk) failed: Error: [Send]{29e25f} at niveles.wlk:53 exhausted all cases without a match [Send]{29e25f} at niveles.wlk:53 exhausted all cases without a match","stack":"Error: [Send]{29e25f} at niveles.wlk:53 exhausted all cases without a match\n    at c:\\Users\\santi\\.vscode\\extensions\\uqbar.wollok-lsp-ide-0.5.4\\out\\server\\src\\server.js:38:6142\n    at L2 (c:\\Users\\santi\\.vscode\\extensions\\uqbar.wollok-lsp-ide-0.5.4\\out\\server\\src\\server.js:2389:42)\n    at Jh (c:\\Users\\santi\\.vscode\\extensions\\uqbar.wollok-lsp-ide-0.5.4\\out\\server\\src\\server.js:2389:1092)\n    at M5n (c:\\Users\\santi\\.vscode\\extensions\\uqbar.wollok-lsp-ide-0.5.4\\out\\server\\src\\server.js:2389:1248)\n    at c:\\Users\\santi\\.vscode\\extensions\\uqbar.wollok-lsp-ide-0.5.4\\out\\server\\src\\server.js:38:6131\n    at L2 (c:\\Users\\santi\\.vscode\\extensions\\uqbar.wollok-lsp-ide-0.5.4\\out\\server\\src\\server.js:2389:42)\n    at c:\\Users\\santi\\.vscode\\extensions\\uqbar.wollok-lsp-ide-0.5.4\\out\\server\\src\\server.js:2389:2988\n    at c:\\Users\\santi\\.vscode\\extensions\\uqbar.wollok-lsp-ide-0.5.4\\out\\server\\src\\server.js:2398:8440\n    at c:\\Users\\santi\\.vscode\\extensions\\uqbar.wollok-lsp-ide-0.5.4\\out\\server\\src\\server.js:37:74872\n    at Ke (c:\\Users\\santi\\.vscode\\extensions\\uqbar.wollok-lsp-ide-0.5.4\\out\\server\\src\\server.js:7:8527)","timestamp":"2026-06-06T16:12:36.497Z"}
{"level":"info","message":"⌛ Building environment","timeElapsed":277,"timestamp":"2026-06-06T16:12:36.777Z"}
{"level":"info","message":"⌛ Validating niveles.wlk","timeElapsed":250,"timestamp":"2026-06-06T16:12:37.029Z"}
{"level":"info","message":"⌛ Building environment","timeElapsed":263,"timestamp":"2026-06-06T16:12:37.293Z"}
{"level":"info","message":"⌛ Building environment","timeElapsed":260,"timestamp":"2026-06-06T16:12:37.554Z"}
{"level":"info","message":"⌛ Building environment","timeElapsed":290,"timestamp":"2026-06-06T16:12:37.845Z"}
{"level":"info","message":"⌛ Validating niveles.wlk","timeElapsed":167,"timestamp":"2026-06-06T16:12:38.013Z"}
{"level":"info","message":"⌛ Building environment","timeElapsed":283,"timestamp":"2026-06-06T16:12:38.298Z"}
{"level":"info","message":"⌛ Building environment","timeElapsed":414,"timestamp":"2026-06-06T16:12:38.712Z"}
{"level":"error","message":"✘ Completions for node Variable ([54:9, 54:20] - niveles.wlk) failed: Error: mgame [Variable]{b1dacc} at niveles.wlk:54 exhausted all cases without a match mgame [Variable]{b1dacc} at niveles.wlk:54 exhausted all cases without a match","stack":"Error: mgame [Variable]{b1dacc} at niveles.wlk:54 exhausted all cases without a match\n    at c:\\Users\\santi\\.vscode\\extensions\\uqbar.wollok-lsp-ide-0.5.4\\out\\server\\src\\server.js:38:6142\n    at L2 (c:\\Users\\santi\\.vscode\\extensions\\uqbar.wollok-lsp-ide-0.5.4\\out\\server\\src\\server.js:2389:42)\n    at c:\\Users\\santi\\.vscode\\extensions\\uqbar.wollok-lsp-ide-0.5.4\\out\\server\\src\\server.js:2389:2988\n    at c:\\Users\\santi\\.vscode\\extensions\\uqbar.wollok-lsp-ide-0.5.4\\out\\server\\src\\server.js:2398:8440\n    at c:\\Users\\santi\\.vscode\\extensions\\uqbar.wollok-lsp-ide-0.5.4\\out\\server\\src\\server.js:37:74872\n    at Ke (c:\\Users\\santi\\.vscode\\extensions\\uqbar.wollok-lsp-ide-0.5.4\\out\\server\\src\\server.js:7:8527)\n    at Lt (c:\\Users\\santi\\.vscode\\extensions\\uqbar.wollok-lsp-ide-0.5.4\\out\\server\\src\\server.js:7:6189)\n    at ct (c:\\Users\\santi\\.vscode\\extensions\\uqbar.wollok-lsp-ide-0.5.4\\out\\server\\src\\server.js:7:6378)\n    at Immediate._onImmediate (c:\\Users\\santi\\.vscode\\extensions\\uqbar.wollok-lsp-ide-0.5.4\\out\\server\\src\\server.js:7:6142)\n    at process.processImmediate (node:internal/timers:504:21)","timestamp":"2026-06-06T16:12:38.748Z"}
{"level":"info","message":"⌛ Building environment","timeElapsed":283,"timestamp":"2026-06-06T16:12:39.034Z"}
{"level":"info","message":"⌛ Building environment","timeElapsed":279,"timestamp":"2026-06-06T16:12:39.314Z"}
{"level":"info","message":"⌛ Building environment","timeElapsed":1287,"timestamp":"2026-06-06T16:12:40.602Z"}
{"level":"info","message":"⌛ Validating niveles.wlk","timeElapsed":154,"timestamp":"2026-06-06T16:12:40.758Z"}
{"level":"info","message":"⌛ Building environment","timeElapsed":225,"timestamp":"2026-06-06T16:12:40.984Z"}
{"level":"info","message":"⌛ Validating niveles.wlk","timeElapsed":147,"timestamp":"2026-06-06T16:12:41.131Z"}
{"level":"info","message":"⌛ Building environment","timeElapsed":237,"timestamp":"2026-06-06T16:12:41.370Z"}
{"level":"info","message":"⌛ Building environment","timeElapsed":227,"timestamp":"2026-06-06T16:12:41.598Z"}
{"level":"info","message":"⌛ Validating niveles.wlk","timeElapsed":173,"timestamp":"2026-06-06T16:12:41.772Z"}
{"level":"info","message":"⌛ Building environment","timeElapsed":232,"timestamp":"2026-06-06T16:12:42.027Z"}
{"level":"info","message":"⌛ Validating niveles.wlk","timeElapsed":157,"timestamp":"2026-06-06T16:12:42.185Z"}
{"level":"info","message":"⌛ Building environment","timeElapsed":243,"timestamp":"2026-06-06T16:12:42.429Z"}
{"level":"info","message":"⌛ Validating niveles.wlk","timeElapsed":191,"timestamp":"2026-06-06T16:12:42.654Z"}
{"level":"info","message":"⌛ Validating niveles.wlk","timeElapsed":183,"timestamp":"2026-06-06T16:12:42.840Z"}
{"level":"info","message":"⌛ Validating niveles.wlk","timeElapsed":171,"timestamp":"2026-06-06T16:12:43.012Z"}
{"level":"info","message":"⌛ Validating niveles.wlk","timeElapsed":150,"timestamp":"2026-06-06T16:12:43.217Z"}
{"level":"info","message":"⌛ Validating niveles.wlk","timeElapsed":181,"timestamp":"2026-06-06T16:12:43.418Z"}
{"level":"info","message":"⌛ Validating niveles.wlk","timeElapsed":191,"timestamp":"2026-06-06T16:12:43.662Z"}
{"level":"info","message":"⌛ Building environment","timeElapsed":327,"timestamp":"2026-06-06T16:12:44.009Z"}
{"level":"error","message":"✘ Completions for node Send ([55:9, 55:27] - niveles.wlk) failed: Error: [Send]{e9d49f} at niveles.wlk:55 exhausted all cases without a match [Send]{e9d49f} at niveles.wlk:55 exhausted all cases without a match","stack":"Error: [Send]{e9d49f} at niveles.wlk:55 exhausted all cases without a match\n    at c:\\Users\\santi\\.vscode\\extensions\\uqbar.wollok-lsp-ide-0.5.4\\out\\server\\src\\server.js:38:6142\n    at L2 (c:\\Users\\santi\\.vscode\\extensions\\uqbar.wollok-lsp-ide-0.5.4\\out\\server\\src\\server.js:2389:42)\n    at Jh (c:\\Users\\santi\\.vscode\\extensions\\uqbar.wollok-lsp-ide-0.5.4\\out\\server\\src\\server.js:2389:1092)\n    at M5n (c:\\Users\\santi\\.vscode\\extensions\\uqbar.wollok-lsp-ide-0.5.4\\out\\server\\src\\server.js:2389:1248)\n    at c:\\Users\\santi\\.vscode\\extensions\\uqbar.wollok-lsp-ide-0.5.4\\out\\server\\src\\server.js:38:6131\n    at L2 (c:\\Users\\santi\\.vscode\\extensions\\uqbar.wollok-lsp-ide-0.5.4\\out\\server\\src\\server.js:2389:42)\n    at c:\\Users\\santi\\.vscode\\extensions\\uqbar.wollok-lsp-ide-0.5.4\\out\\server\\src\\server.js:2389:2988\n    at c:\\Users\\santi\\.vscode\\extensions\\uqbar.wollok-lsp-ide-0.5.4\\out\\server\\src\\server.js:2398:8440\n    at c:\\Users\\santi\\.vscode\\extensions\\uqbar.wollok-lsp-ide-0.5.4\\out\\server\\src\\server.js:37:74872\n    at Ke (c:\\Users\\santi\\.vscode\\extensions\\uqbar.wollok-lsp-ide-0.5.4\\out\\server\\src\\server.js:7:8527)","timestamp":"2026-06-06T16:12:44.054Z"}
{"level":"info","message":"⌛ Building environment","timeElapsed":280,"timestamp":"2026-06-06T16:12:44.363Z"}
{"level":"info","message":"⌛ Validating niveles.wlk","timeElapsed":132,"timestamp":"2026-06-06T16:12:44.496Z"}
{"level":"info","message":"⌛ Building environment","timeElapsed":220,"timestamp":"2026-06-06T16:12:44.717Z"}
{"level":"info","message":"⌛ Building environment","timeElapsed":304,"timestamp":"2026-06-06T16:12:45.021Z"}
{"level":"info","message":"⌛ Building environment","timeElapsed":302,"timestamp":"2026-06-06T16:12:45.324Z"}
{"level":"info","message":"⌛ Validating niveles.wlk","timeElapsed":161,"timestamp":"2026-06-06T16:12:45.486Z"}
{"level":"info","message":"⌛ Building environment","timeElapsed":253,"timestamp":"2026-06-06T16:12:45.741Z"}
{"level":"info","message":"⌛ Validating niveles.wlk","timeElapsed":148,"timestamp":"2026-06-06T16:12:45.910Z"}
{"level":"info","message":"⌛ Validating niveles.wlk","timeElapsed":174,"timestamp":"2026-06-06T16:12:46.185Z"}
{"level":"info","message":"⌛ Validating niveles.wlk","timeElapsed":159,"timestamp":"2026-06-06T16:12:46.345Z"}
{"level":"info","message":"⌛ Validating niveles.wlk","timeElapsed":209,"timestamp":"2026-06-06T16:12:46.555Z"}
{"level":"info","message":"⌛ Validating niveles.wlk","timeElapsed":253,"timestamp":"2026-06-06T16:12:46.827Z"}
{"level":"info","message":"⌛ Validating niveles.wlk","timeElapsed":182,"timestamp":"2026-06-06T16:12:47.009Z"}
{"level":"info","message":"⌛ Validating niveles.wlk","timeElapsed":168,"timestamp":"2026-06-06T16:12:47.178Z"}
{"level":"info","message":"⌛ Building environment","timeElapsed":222,"timestamp":"2026-06-06T16:13:03.688Z"}
{"level":"info","message":"⌛ Validating niveles.wlk","timeElapsed":177,"timestamp":"2026-06-06T16:13:03.871Z"}
{"level":"info","message":"⌛ Building environment","timeElapsed":236,"timestamp":"2026-06-06T16:13:05.976Z"}
{"level":"info","message":"⌛ Validating niveles.wlk","timeElapsed":182,"timestamp":"2026-06-06T16:13:06.212Z"}
{"level":"info","message":"⌛ Building environment","timeElapsed":264,"timestamp":"2026-06-06T16:13:06.503Z"}
{"level":"info","message":"⌛ Building environment","timeElapsed":272,"timestamp":"2026-06-06T16:13:06.786Z"}
{"level":"info","message":"⌛ Validating niveles.wlk","timeElapsed":136,"timestamp":"2026-06-06T16:13:06.949Z"}
{"level":"info","message":"⌛ Building environment","timeElapsed":298,"timestamp":"2026-06-06T16:13:07.246Z"}
{"level":"info","message":"⌛ Validating niveles.wlk","timeElapsed":152,"timestamp":"2026-06-06T16:13:07.399Z"}
{"level":"info","message":"⌛ Validating niveles.wlk","timeElapsed":174,"timestamp":"2026-06-06T16:13:07.582Z"}
{"level":"info","message":"⌛ Building environment","timeElapsed":218,"timestamp":"2026-06-06T16:13:07.801Z"}
{"level":"info","message":"⌛ Building environment","timeElapsed":243,"timestamp":"2026-06-06T16:13:08.046Z"}
{"level":"info","message":"⌛ Validating niveles.wlk","timeElapsed":155,"timestamp":"2026-06-06T16:13:08.201Z"}
{"level":"info","message":"⌛ Building environment","timeElapsed":231,"timestamp":"2026-06-06T16:13:08.432Z"}
{"level":"info","message":"⌛ Validating niveles.wlk","timeElapsed":147,"timestamp":"2026-06-06T16:13:08.580Z"}
{"level":"info","message":"⌛ Building environment","timeElapsed":256,"timestamp":"2026-06-06T16:13:08.863Z"}
{"level":"info","message":"⌛ Validating niveles.wlk","timeElapsed":140,"timestamp":"2026-06-06T16:13:09.035Z"}
{"level":"error","message":"✘ Failed to rebuild document Failed to parse niveles.wlk: \n-- PARSING FAILED --------------------------------------------------\n\n  55 |         const musica = game.sound(nivelActual.musicaNivel())\n  56 |         musica.shouldLoop(true)\n> 57 |     }\n     |     ^\n  58 | \n  59 |     method construirMapa(mapa)\n\nExpected one of the following: \n\n'@', 'class', 'const', 'describe', 'mixin', 'object', 'only', 'package', 'program', 'test', 'var', '{', EOF, comment, not \"}\r\n\r\n    \", whitespace\n","stack":"Error: Failed to parse niveles.wlk: \n-- PARSING FAILED --------------------------------------------------\n\n  55 |         const musica = game.sound(nivelActual.musicaNivel())\n  56 |         musica.shouldLoop(true)\n> 57 |     }\n     |     ^\n  58 | \n  59 |     method construirMapa(mapa)\n\nExpected one of the following: \n\n'@', 'class', 'const', 'describe', 'mixin', 'object', 'only', 'package', 'program', 'test', 'var', '{', EOF, comment, not \"}\r\n\r\n    \", whitespace\n\n    at c:\\Users\\santi\\.vscode\\extensions\\uqbar.wollok-lsp-ide-0.5.4\\out\\server\\src\\server.js:2353:13026\n    at Array.map (<anonymous>)\n    at U1n (c:\\Users\\santi\\.vscode\\extensions\\uqbar.wollok-lsp-ide-0.5.4\\out\\server\\src\\server.js:2353:12950)\n    at H2.buildEnvironmentFrom (c:\\Users\\santi\\.vscode\\extensions\\uqbar.wollok-lsp-ide-0.5.4\\out\\server\\src\\server.js:2398:5254)\n    at H2.updateEnvironmentWith (c:\\Users\\santi\\.vscode\\extensions\\uqbar.wollok-lsp-ide-0.5.4\\out\\server\\src\\server.js:2398:4989)\n    at GF (c:\\Users\\santi\\.vscode\\extensions\\uqbar.wollok-lsp-ide-0.5.4\\out\\server\\src\\server.js:2398:7383)\n    at V3.invoke (c:\\Users\\santi\\.vscode\\extensions\\uqbar.wollok-lsp-ide-0.5.4\\out\\server\\src\\server.js:3:157328)\n    at o.fire (c:\\Users\\santi\\.vscode\\extensions\\uqbar.wollok-lsp-ide-0.5.4\\out\\server\\src\\server.js:3:158098)\n    at c:\\Users\\santi\\.vscode\\extensions\\uqbar.wollok-lsp-ide-0.5.4\\out\\server\\src\\server.js:37:57871\n    at nd (c:\\Users\\santi\\.vscode\\extensions\\uqbar.wollok-lsp-ide-0.5.4\\out\\server\\src\\server.js:8:1561)","timestamp":"2026-06-06T16:13:09.063Z"}
{"level":"info","message":"⌛ Validating niveles.wlk","timeElapsed":163,"timestamp":"2026-06-06T16:13:09.227Z"}
{"level":"error","message":"✘ Failed to rebuild document Failed to parse niveles.wlk: \n-- PARSING FAILED --------------------------------------------------\n\n  55 |         const musica = game.sound(nivelActual.musicaNivel())\n  56 |         musica.shouldLoop(true)\n> 57 |     }\n     |     ^\n  58 | \n  59 |     method construirMapa(mapa)\n\nExpected one of the following: \n\n'@', 'class', 'const', 'describe', 'mixin', 'object', 'only', 'package', 'program', 'test', 'var', '{', EOF, comment, not \"}\r\n\r\n    \", whitespace\n","stack":"Error: Failed to parse niveles.wlk: \n-- PARSING FAILED --------------------------------------------------\n\n  55 |         const musica = game.sound(nivelActual.musicaNivel())\n  56 |         musica.shouldLoop(true)\n> 57 |     }\n     |     ^\n  58 | \n  59 |     method construirMapa(mapa)\n\nExpected one of the following: \n\n'@', 'class', 'const', 'describe', 'mixin', 'object', 'only', 'package', 'program', 'test', 'var', '{', EOF, comment, not \"}\r\n\r\n    \", whitespace\n\n    at c:\\Users\\santi\\.vscode\\extensions\\uqbar.wollok-lsp-ide-0.5.4\\out\\server\\src\\server.js:2353:13026\n    at Array.map (<anonymous>)\n    at U1n (c:\\Users\\santi\\.vscode\\extensions\\uqbar.wollok-lsp-ide-0.5.4\\out\\server\\src\\server.js:2353:12950)\n    at H2.buildEnvironmentFrom (c:\\Users\\santi\\.vscode\\extensions\\uqbar.wollok-lsp-ide-0.5.4\\out\\server\\src\\server.js:2398:5254)\n    at H2.updateEnvironmentWith (c:\\Users\\santi\\.vscode\\extensions\\uqbar.wollok-lsp-ide-0.5.4\\out\\server\\src\\server.js:2398:4989)\n    at GF (c:\\Users\\santi\\.vscode\\extensions\\uqbar.wollok-lsp-ide-0.5.4\\out\\server\\src\\server.js:2398:7383)\n    at V3.invoke (c:\\Users\\santi\\.vscode\\extensions\\uqbar.wollok-lsp-ide-0.5.4\\out\\server\\src\\server.js:3:157328)\n    at o.fire (c:\\Users\\santi\\.vscode\\extensions\\uqbar.wollok-lsp-ide-0.5.4\\out\\server\\src\\server.js:3:158098)\n    at c:\\Users\\santi\\.vscode\\extensions\\uqbar.wollok-lsp-ide-0.5.4\\out\\server\\src\\server.js:37:57871\n    at nd (c:\\Users\\santi\\.vscode\\extensions\\uqbar.wollok-lsp-ide-0.5.4\\out\\server\\src\\server.js:8:1561)","timestamp":"2026-06-06T16:13:09.236Z"}
{"level":"info","message":"⌛ Building environment","timeElapsed":300,"timestamp":"2026-06-06T16:13:09.676Z"}
{"level":"info","message":"⌛ Building environment","timeElapsed":240,"timestamp":"2026-06-06T16:13:09.960Z"}
{"level":"info","message":"⌛ Building environment","timeElapsed":286,"timestamp":"2026-06-06T16:13:10.247Z"}
{"level":"info","message":"⌛ Validating niveles.wlk","timeElapsed":264,"timestamp":"2026-06-06T16:13:10.511Z"}
{"level":"info","message":"⌛ Building environment","timeElapsed":315,"timestamp":"2026-06-06T16:13:10.828Z"}
{"level":"info","message":"⌛ Building environment","timeElapsed":259,"timestamp":"2026-06-06T16:13:11.134Z"}
{"level":"info","message":"⌛ Building environment","timeElapsed":308,"timestamp":"2026-06-06T16:13:11.444Z"}
{"level":"info","message":"⌛ Validating niveles.wlk","timeElapsed":173,"timestamp":"2026-06-06T16:13:11.618Z"}
{"level":"info","message":"⌛ Validating niveles.wlk","timeElapsed":165,"timestamp":"2026-06-06T16:13:11.810Z"}
{"level":"info","message":"⌛ Building environment","timeElapsed":220,"timestamp":"2026-06-06T16:13:12.031Z"}
{"level":"info","message":"⌛ Validating niveles.wlk","timeElapsed":143,"timestamp":"2026-06-06T16:13:12.197Z"}
{"level":"info","message":"⌛ Building environment","timeElapsed":208,"timestamp":"2026-06-06T16:13:12.418Z"}
{"level":"info","message":"⌛ Validating niveles.wlk","timeElapsed":268,"timestamp":"2026-06-06T16:13:12.710Z"}
{"level":"info","message":"⌛ Building environment","timeElapsed":264,"timestamp":"2026-06-06T16:13:13.011Z"}
{"level":"info","message":"⌛ Building environment","timeElapsed":260,"timestamp":"2026-06-06T16:13:13.272Z"}
{"level":"info","message":"⌛ Building environment","timeElapsed":240,"timestamp":"2026-06-06T16:13:13.513Z"}
{"level":"info","message":"⌛ Validating niveles.wlk","timeElapsed":136,"timestamp":"2026-06-06T16:13:13.650Z"}
{"level":"info","message":"⌛ Building environment","timeElapsed":237,"timestamp":"2026-06-06T16:13:13.887Z"}
{"level":"info","message":"⌛ Validating niveles.wlk","timeElapsed":140,"timestamp":"2026-06-06T16:13:14.047Z"}
{"level":"info","message":"⌛ Validating niveles.wlk","timeElapsed":321,"timestamp":"2026-06-06T16:13:14.390Z"}
{"level":"info","message":"⌛ Validating niveles.wlk","timeElapsed":152,"timestamp":"2026-06-06T16:13:14.567Z"}
{"level":"info","message":"⌛ Validating niveles.wlk","timeElapsed":144,"timestamp":"2026-06-06T16:13:14.711Z"}
{"level":"info","message":"⌛ Validating niveles.wlk","timeElapsed":168,"timestamp":"2026-06-06T16:13:14.879Z"}
{"level":"info","message":"⌛ Validating niveles.wlk","timeElapsed":153,"timestamp":"2026-06-06T16:13:15.032Z"}
{"level":"info","message":"⌛ Building environment","timeElapsed":200,"timestamp":"2026-06-06T16:13:15.234Z"}
{"level":"info","message":"⌛ Validating niveles.wlk","timeElapsed":168,"timestamp":"2026-06-06T16:13:15.435Z"}
{"level":"info","message":"⌛ Building environment","timeElapsed":299,"timestamp":"2026-06-06T16:13:15.974Z"}
{"level":"info","message":"⌛ Validating niveles.wlk","timeElapsed":194,"timestamp":"2026-06-06T16:13:16.172Z"}
{"level":"info","message":"⌛ Building environment","timeElapsed":353,"timestamp":"2026-06-06T16:13:16.595Z"}
{"level":"info","message":"⌛ Building environment","timeElapsed":232,"timestamp":"2026-06-06T16:13:16.828Z"}
{"level":"info","message":"⌛ Building environment","timeElapsed":253,"timestamp":"2026-06-06T16:13:17.082Z"}
{"level":"info","message":"⌛ Validating niveles.wlk","timeElapsed":164,"timestamp":"2026-06-06T16:13:17.247Z"}
{"level":"info","message":"⌛ Validating niveles.wlk","timeElapsed":148,"timestamp":"2026-06-06T16:13:17.395Z"}
{"level":"info","message":"⌛ Validating niveles.wlk","timeElapsed":157,"timestamp":"2026-06-06T16:13:17.576Z"}
{"level":"info","message":"⌛ Building environment","timeElapsed":220,"timestamp":"2026-06-06T16:13:19.033Z"}
{"level":"info","message":"⌛ Validating niveles.wlk","timeElapsed":162,"timestamp":"2026-06-06T16:13:19.197Z"}
{"level":"info","message":"⌛ Building environment","timeElapsed":219,"timestamp":"2026-06-06T16:13:19.728Z"}
{"level":"info","message":"⌛ Validating niveles.wlk","timeElapsed":581,"timestamp":"2026-06-06T16:13:20.315Z"}
{"level":"info","message":"⌛ Building environment","timeElapsed":352,"timestamp":"2026-06-06T16:13:21.645Z"}
{"level":"info","message":"⌛ Building environment","timeElapsed":315,"timestamp":"2026-06-06T16:13:21.963Z"}
{"level":"info","message":"⌛ Validating niveles.wlk","timeElapsed":157,"timestamp":"2026-06-06T16:13:22.120Z"}
{"level":"info","message":"⌛ Validating niveles.wlk","timeElapsed":157,"timestamp":"2026-06-06T16:13:22.304Z"}
{"level":"info","message":"⌛ Building environment","timeElapsed":227,"timestamp":"2026-06-06T16:13:28.998Z"}
{"level":"info","message":"⌛ Building environment","timeElapsed":298,"timestamp":"2026-06-06T16:13:29.297Z"}
{"level":"info","message":"⌛ Validating niveles.wlk","timeElapsed":176,"timestamp":"2026-06-06T16:13:29.474Z"}
{"level":"info","message":"⌛ Building environment","timeElapsed":288,"timestamp":"2026-06-06T16:13:29.763Z"}
{"level":"info","message":"⌛ Building environment","timeElapsed":241,"timestamp":"2026-06-06T16:13:30.016Z"}
{"level":"info","message":"⌛ Validating niveles.wlk","timeElapsed":166,"timestamp":"2026-06-06T16:13:30.182Z"}
{"level":"info","message":"⌛ Building environment","timeElapsed":287,"timestamp":"2026-06-06T16:13:30.470Z"}
{"level":"info","message":"⌛ Building environment","timeElapsed":455,"timestamp":"2026-06-06T16:13:30.946Z"}
{"level":"info","message":"⌛ Validating niveles.wlk","timeElapsed":173,"timestamp":"2026-06-06T16:13:31.170Z"}
{"level":"info","message":"⌛ Validating niveles.wlk","timeElapsed":192,"timestamp":"2026-06-06T16:13:31.376Z"}
{"level":"info","message":"⌛ Validating niveles.wlk","timeElapsed":186,"timestamp":"2026-06-06T16:13:31.575Z"}
{"level":"info","message":"⌛ Validating niveles.wlk","timeElapsed":175,"timestamp":"2026-06-06T16:13:31.751Z"}
{"level":"info","message":"⌛ Building environment","timeElapsed":206,"timestamp":"2026-06-06T16:13:33.249Z"}
{"level":"error","message":"✘ Completions for node Assignment ([55:9, 55:56] - niveles.wlk) failed: Error: [Assignment]{3f94f0} at niveles.wlk:55 exhausted all cases without a match [Assignment]{3f94f0} at niveles.wlk:55 exhausted all cases without a match","stack":"Error: [Assignment]{3f94f0} at niveles.wlk:55 exhausted all cases without a match\n    at c:\\Users\\santi\\.vscode\\extensions\\uqbar.wollok-lsp-ide-0.5.4\\out\\server\\src\\server.js:38:6142\n    at L2 (c:\\Users\\santi\\.vscode\\extensions\\uqbar.wollok-lsp-ide-0.5.4\\out\\server\\src\\server.js:2389:42)\n    at Jh (c:\\Users\\santi\\.vscode\\extensions\\uqbar.wollok-lsp-ide-0.5.4\\out\\server\\src\\server.js:2389:1092)\n    at M5n (c:\\Users\\santi\\.vscode\\extensions\\uqbar.wollok-lsp-ide-0.5.4\\out\\server\\src\\server.js:2389:1248)\n    at c:\\Users\\santi\\.vscode\\extensions\\uqbar.wollok-lsp-ide-0.5.4\\out\\server\\src\\server.js:38:6131\n    at L2 (c:\\Users\\santi\\.vscode\\extensions\\uqbar.wollok-lsp-ide-0.5.4\\out\\server\\src\\server.js:2389:42)\n    at c:\\Users\\santi\\.vscode\\extensions\\uqbar.wollok-lsp-ide-0.5.4\\out\\server\\src\\server.js:2389:2988\n    at c:\\Users\\santi\\.vscode\\extensions\\uqbar.wollok-lsp-ide-0.5.4\\out\\server\\src\\server.js:2398:8440\n    at c:\\Users\\santi\\.vscode\\extensions\\uqbar.wollok-lsp-ide-0.5.4\\out\\server\\src\\server.js:37:74872\n    at Ke (c:\\Users\\santi\\.vscode\\extensions\\uqbar.wollok-lsp-ide-0.5.4\\out\\server\\src\\server.js:7:8527)","timestamp":"2026-06-06T16:13:33.294Z"}
{"level":"info","message":"⌛ Validating niveles.wlk","timeElapsed":173,"timestamp":"2026-06-06T16:13:33.471Z"}
{"level":"info","message":"⌛ Building environment","timeElapsed":221,"timestamp":"2026-06-06T16:13:33.727Z"}
{"level":"info","message":"⌛ Validating niveles.wlk","timeElapsed":189,"timestamp":"2026-06-06T16:13:34.100Z"}
{"level":"info","message":"⌛ Building environment","timeElapsed":312,"timestamp":"2026-06-06T16:13:34.412Z"}
{"level":"info","message":"⌛ Building environment","timeElapsed":366,"timestamp":"2026-06-06T16:13:34.794Z"}
{"level":"info","message":"⌛ Building environment","timeElapsed":315,"timestamp":"2026-06-06T16:13:35.111Z"}
{"level":"info","message":"⌛ Building environment","timeElapsed":265,"timestamp":"2026-06-06T16:13:35.377Z"}
{"level":"info","message":"⌛ Validating niveles.wlk","timeElapsed":137,"timestamp":"2026-06-06T16:13:35.515Z"}
{"level":"info","message":"⌛ Validating niveles.wlk","timeElapsed":166,"timestamp":"2026-06-06T16:13:35.701Z"}
{"level":"info","message":"⌛ Validating niveles.wlk","timeElapsed":394,"timestamp":"2026-06-06T16:13:36.095Z"}
{"level":"info","message":"⌛ Validating niveles.wlk","timeElapsed":258,"timestamp":"2026-06-06T16:13:36.355Z"}
{"level":"info","message":"⌛ Building environment","timeElapsed":216,"timestamp":"2026-06-06T16:13:38.692Z"}
{"level":"info","message":"⌛ Building environment","timeElapsed":300,"timestamp":"2026-06-06T16:13:39.003Z"}
{"level":"info","message":"⌛ Validating niveles.wlk","timeElapsed":159,"timestamp":"2026-06-06T16:13:39.162Z"}
{"level":"info","message":"⌛ Validating niveles.wlk","timeElapsed":198,"timestamp":"2026-06-06T16:13:39.381Z"}
{"level":"info","message":"⌛ Building environment","timeElapsed":312,"timestamp":"2026-06-06T16:13:39.693Z"}
{"level":"info","message":"⌛ Validating niveles.wlk","timeElapsed":178,"timestamp":"2026-06-06T16:13:39.885Z"}
{"level":"info","message":"⌛ Building environment","timeElapsed":212,"timestamp":"2026-06-06T16:13:40.430Z"}
{"level":"info","message":"⌛ Building environment","timeElapsed":284,"timestamp":"2026-06-06T16:13:40.764Z"}
{"level":"info","message":"⌛ Validating niveles.wlk","timeElapsed":169,"timestamp":"2026-06-06T16:13:40.933Z"}
{"level":"info","message":"⌛ Building environment","timeElapsed":239,"timestamp":"2026-06-06T16:13:41.192Z"}
{"level":"info","message":"⌛ Building environment","timeElapsed":255,"timestamp":"2026-06-06T16:13:41.483Z"}
{"level":"info","message":"⌛ Validating niveles.wlk","timeElapsed":208,"timestamp":"2026-06-06T16:13:41.692Z"}
{"level":"info","message":"⌛ Validating niveles.wlk","timeElapsed":197,"timestamp":"2026-06-06T16:13:41.922Z"}
{"level":"info","message":"⌛ Validating niveles.wlk","timeElapsed":199,"timestamp":"2026-06-06T16:13:42.137Z"}
{"level":"info","message":"⌛ Building environment","timeElapsed":217,"timestamp":"2026-06-06T16:13:46.885Z"}
{"level":"error","message":"✘ Completions for node Send ([56:8, 56:33] - niveles.wlk) failed: Error: [Send]{12c74e} at niveles.wlk:56 exhausted all cases without a match [Send]{12c74e} at niveles.wlk:56 exhausted all cases without a match","stack":"Error: [Send]{12c74e} at niveles.wlk:56 exhausted all cases without a match\n    at c:\\Users\\santi\\.vscode\\extensions\\uqbar.wollok-lsp-ide-0.5.4\\out\\server\\src\\server.js:38:6142\n    at L2 (c:\\Users\\santi\\.vscode\\extensions\\uqbar.wollok-lsp-ide-0.5.4\\out\\server\\src\\server.js:2389:42)\n    at Jh (c:\\Users\\santi\\.vscode\\extensions\\uqbar.wollok-lsp-ide-0.5.4\\out\\server\\src\\server.js:2389:1092)\n    at M5n (c:\\Users\\santi\\.vscode\\extensions\\uqbar.wollok-lsp-ide-0.5.4\\out\\server\\src\\server.js:2389:1248)\n    at c:\\Users\\santi\\.vscode\\extensions\\uqbar.wollok-lsp-ide-0.5.4\\out\\server\\src\\server.js:38:6131\n    at L2 (c:\\Users\\santi\\.vscode\\extensions\\uqbar.wollok-lsp-ide-0.5.4\\out\\server\\src\\server.js:2389:42)\n    at c:\\Users\\santi\\.vscode\\extensions\\uqbar.wollok-lsp-ide-0.5.4\\out\\server\\src\\server.js:2389:2988\n    at c:\\Users\\santi\\.vscode\\extensions\\uqbar.wollok-lsp-ide-0.5.4\\out\\server\\src\\server.js:2398:8440\n    at c:\\Users\\santi\\.vscode\\extensions\\uqbar.wollok-lsp-ide-0.5.4\\out\\server\\src\\server.js:37:74872\n    at Ke (c:\\Users\\santi\\.vscode\\extensions\\uqbar.wollok-lsp-ide-0.5.4\\out\\server\\src\\server.js:7:8527)","timestamp":"2026-06-06T16:13:46.930Z"}
{"level":"info","message":"⌛ Validating niveles.wlk","timeElapsed":186,"timestamp":"2026-06-06T16:13:47.120Z"}
{"level":"info","message":"⌛ Building environment","timeElapsed":245,"timestamp":"2026-06-06T16:13:47.396Z"}
{"level":"info","message":"⌛ Building environment","timeElapsed":269,"timestamp":"2026-06-06T16:13:47.666Z"}
{"level":"info","message":"⌛ Building environment","timeElapsed":316,"timestamp":"2026-06-06T16:13:47.983Z"}
{"level":"info","message":"⌛ Building environment","timeElapsed":334,"timestamp":"2026-06-06T16:13:48.322Z"}
{"level":"info","message":"⌛ Validating niveles.wlk","timeElapsed":168,"timestamp":"2026-06-06T16:13:48.500Z"}
{"level":"info","message":"⌛ Building environment","timeElapsed":206,"timestamp":"2026-06-06T16:13:48.707Z"}
{"level":"info","message":"⌛ Validating niveles.wlk","timeElapsed":181,"timestamp":"2026-06-06T16:13:48.899Z"}
{"level":"info","message":"⌛ Validating niveles.wlk","timeElapsed":162,"timestamp":"2026-06-06T16:13:49.086Z"}
{"level":"info","message":"⌛ Validating niveles.wlk","timeElapsed":256,"timestamp":"2026-06-06T16:13:49.349Z"}
{"level":"info","message":"⌛ Validating niveles.wlk","timeElapsed":160,"timestamp":"2026-06-06T16:13:49.509Z"}
{"level":"info","message":"⌛ Building environment","timeElapsed":275,"timestamp":"2026-06-06T16:13:59.766Z"}
{"level":"info","message":"⌛ Validating niveles.wlk","timeElapsed":166,"timestamp":"2026-06-06T16:13:59.934Z"}
{"level":"info","message":"⌛ Building environment","timeElapsed":237,"timestamp":"2026-06-06T16:14:00.447Z"}
{"level":"info","message":"⌛ Building environment","timeElapsed":252,"timestamp":"2026-06-06T16:14:00.758Z"}
{"level":"info","message":"⌛ Building environment","timeElapsed":334,"timestamp":"2026-06-06T16:14:01.092Z"}
{"level":"info","message":"⌛ Validating niveles.wlk","timeElapsed":225,"timestamp":"2026-06-06T16:14:01.318Z"}
{"level":"info","message":"⌛ Validating niveles.wlk","timeElapsed":210,"timestamp":"2026-06-06T16:14:01.566Z"}
{"level":"info","message":"⌛ Building environment","timeElapsed":267,"timestamp":"2026-06-06T16:14:01.834Z"}
{"level":"info","message":"⌛ Building environment","timeElapsed":203,"timestamp":"2026-06-06T16:14:02.048Z"}
{"level":"info","message":"⌛ Building environment","timeElapsed":293,"timestamp":"2026-06-06T16:14:02.342Z"}
{"level":"info","message":"⌛ Validating niveles.wlk","timeElapsed":179,"timestamp":"2026-06-06T16:14:02.523Z"}
{"level":"info","message":"⌛ Building environment","timeElapsed":318,"timestamp":"2026-06-06T16:14:02.842Z"}
{"level":"info","message":"⌛ Validating niveles.wlk","timeElapsed":191,"timestamp":"2026-06-06T16:14:03.041Z"}
{"level":"info","message":"⌛ Validating niveles.wlk","timeElapsed":184,"timestamp":"2026-06-06T16:14:03.244Z"}
{"level":"info","message":"⌛ Building environment","timeElapsed":203,"timestamp":"2026-06-06T16:14:03.447Z"}
{"level":"info","message":"⌛ Validating niveles.wlk","timeElapsed":175,"timestamp":"2026-06-06T16:14:03.658Z"}
{"level":"info","message":"⌛ Validating niveles.wlk","timeElapsed":155,"timestamp":"2026-06-06T16:14:03.842Z"}
{"level":"info","message":"⌛ Validating niveles.wlk","timeElapsed":326,"timestamp":"2026-06-06T16:14:04.168Z"}
{"level":"error","message":"✘ Failed to get type description: Error: Failed to print, found malformed node Failed to print, found malformed node","node":{"id":"ad9d156e-64cf-42db-894a-da795036acd9","metadata":[],"problems":[{"code":"malformedSentence","sourceMap":{"end":{"column":22,"line":57,"offset":1481},"start":{"column":21,"line":57,"offset":1480}}}],"scope":{"containerScope":{"containerScope":{"containerScope":{"containerScope":{"contributions":{},"includedScopes":[]},"contributions":{},"includedScopes":[{"contributions":{},"includedScopes":[]},{"contributions":{},"includedScopes":[]},{"contributions":{},"includedScopes":[]},{"contributions":{},"includedScopes":[]},{"contributions":{},"includedScopes":[]},{"contributions":{},"includedScopes":[]}]},"contributions":{},"includedScopes":[{"containerScope":{"containerScope":{"containerScope":{"contributions":{},"includedScopes":[]},"contributions":{},"includedScopes":[]},"contributions":{},"includedScopes":[]},"contributions":{},"includedScopes":[]}]},"contributions":{},"includedScopes":[]},"contributions":{},"includedScopes":[]},"sentences":[{"args":[],"id":"2fb89991-9911-40b4-9e53-af33c4a29f85","message":"clear","metadata":[],"receiver":{"id":"f8facda5-7093-4e56-b988-0a0de29dc68e","metadata":[{"args":{"position":"start","text":"// borrar anterior nivel"},"name":"comment"}],"name":"game","scope":{"containerScope":{"containerScope":{"containerScope":{"containerScope":{"containerScope":{"containerScope":{"contributions":{},"includedScopes":[]},"contributions":{},"includedScopes":[{"contributions":{},"includedScopes":[]},{"contributions":{},"includedScopes":[]},{"contributions":{},"includedScopes":[]},{"contributions":{},"includedScopes":[]},{"contributions":{},"includedScopes":[]},{"contributions":{},"includedScopes":[]}]},"contributions":{},"includedScopes":[{"containerScope":{"containerScope":{"containerScope":{"contributions":{},"includedScopes":[]},"contributions":{},"includedScopes":[]},"contributions":{},"includedScopes":[]},"contributions":{},"includedScopes":[]}]},"contributions":{},"includedScopes":[]},"contributions":{},"includedScopes":[]},"contributions":{},"includedScopes":[]},"contributions":{},"includedScopes":[]},"sourceMap":{"end":{"column":13,"line":37,"offset":882},"start":{"column":9,"line":37,"offset":878}}},"scope":{"containerScope":{"containerScope":{"containerScope":{"containerScope":{"containerScope":{"contributions":{},"includedScopes":[]},"contributions":{},"includedScopes":[{"contributions":{},"includedScopes":[]},{"contributions":{},"includedScopes":[]},{"contributions":{},"includedScopes":[]},{"contributions":{},"includedScopes":[]},{"contributions":{},"includedScopes":[]},{"contributions":{},"includedScopes":[]}]},"contributions":{},"includedScopes":[{"containerScope":{"containerScope":{"containerScope":{"contributions":{},"includedScopes":[]},"contributions":{},"includedScopes":[]},"contributions":{},"includedScopes":[]},"contributions":{},"includedScopes":[]}]},"contributions":{},"includedScopes":[]},"contributions":{},"includedScopes":[]},"contributions":{},"includedScopes":[]},"sourceMap":{"end":{"column":21,"line":37,"offset":890},"start":{"column":9,"line":36,"offset":844}}},{"args":[],"id":"bd7b4432-6643-4245-b372-5b7d6a50e096","message":"clear","metadata":[],"receiver":{"id":"36db279e-9632-400c-bd76-7bbf18eea3ea","metadata":[],"name":"juego.mapaObjetos","scope":{"containerScope":{"containerScope":{"containerScope":{"containerScope":{"containerScope":{"containerScope":{"contributions":{},"includedScopes":[]},"contributions":{},"includedScopes":[{"contributions":{},"includedScopes":[]},{"contributions":{},"includedScopes":[]},{"contributions":{},"includedScopes":[]},{"contributions":{},"includedScopes":[]},{"contributions":{},"includedScopes":[]},{"contributions":{},"includedScopes":[]}]},"contributions":{},"includedScopes":[{"containerScope":{"containerScope":{"containerScope":{"contributions":{},"includedScopes":[]},"contributions":{},"includedScopes":[]},"contributions":{},"includedScopes":[]},"contributions":{},"includedScopes":[]}]},"contributions":{},"includedScopes":[]},"contributions":{},"includedScopes":[]},"contributions":{},"includedScopes":[]},"contributions":{},"includedScopes":[]},"sourceMap":{"end":{"column":26,"line":38,"offset":917},"start":{"column":9,"line":38,"offset":900}}},"scope":{"containerScope":{"containerScope":{"containerScope":{"containerScope":{"containerScope":{"contributions":{},"includedScopes":[]},"contributions":{},"includedScopes":[{"contributions":{},"includedScopes":[]},{"contributions":{},"includedScopes":[]},{"contributions":{},"includedScopes":[]},{"contributions":{},"includedScopes":[]},{"contributions":{},"includedScopes":[]},{"contributions":{},"includedScopes":[]}]},"contributions":{},"includedScopes":[{"containerScope":{"containerScope":{"containerScope":{"contributions":{},"includedScopes":[]},"contributions":{},"includedScopes":[]},"contributions":{},"includedScopes":[]},"contributions":{},"includedScopes":[]}]},"contributions":{},"includedScopes":[]},"contributions":{},"includedScopes":[]},"contributions":{},"includedScopes":[]},"sourceMap":{"end":{"column":34,"line":38,"offset":925},"start":{"column":8,"line":38,"offset":900}}},{"args":[{"id":"ed5d785d-e372-4cbc-9929-d71cf5babc53","metadata":[],"name":"personaje","scope":{"containerScope":{"containerScope":{"containerScope":{"containerScope":{"containerScope":{"containerScope":{"contributions":{},"includedScopes":[]},"contributions":{},"includedScopes":[{"contributions":{},"includedScopes":[]},{"contributions":{},"includedScopes":[]},{"contributions":{},"includedScopes":[]},{"contributions":{},"includedScopes":[]},{"contributions":{},"includedScopes":[]},{"contributions":{},"includedScopes":[]}]},"contributions":{},"includedScopes":[{"containerScope":{"containerScope":{"containerScope":{"contributions":{},"includedScopes":[]},"contributions":{},"includedScopes":[]},"contributions":{},"includedScopes":[]},"contributions":{},"includedScopes":[]}]},"contributions":{},"includedScopes":[]},"contributions":{},"includedScopes":[]},"contributions":{},"includedScopes":[]},"contributions":{},"includedScopes":[]},"sourceMap":{"end":{"column":33,"line":41,"offset":983},"start":{"column":24,"line":41,"offset":974}}}],"id":"130baf75-ff8f-495f-85de-0ad082be5a11","message":"addVisual","metadata":[],"receiver":{"id":"25d1b956-a539-46d0-b80c-a12f0bd3051a","metadata":[{"args":{"position":"start","text":"// personaje"},"name":"comment"}],"name":"game","scope":{"containerScope":{"containerScope":{"containerScope":{"containerScope":{"containerScope":{"containerScope":{"contributions":{},"includedScopes":[]},"contributions":{},"includedScopes":[{"contributions":{},"includedScopes":[]},{"contributions":{},"includedScopes":[]},{"contributions":{},"includedScopes":[]},{"contributions":{},"includedScopes":[]},{"contributions":{},"includedScopes":[]},{"contributions":{},"includedScopes":[]}]},"contributions":{},"includedScopes":[{"containerScope":{"containerScope":{"containerScope":{"contributions":{},"includedScopes":[]},"contributions":{},"includedScopes":[]},"contributions":{},"includedScopes":[]},"contributions":{},"includedScopes":[]}]},"contributions":{},"includedScopes":[]},"contributions":{},"includedScopes":[]},"contributions":{},"includedScopes":[]},"contributions":{},"includedScopes":[]},"sourceMap":{"end":{"column":13,"line":41,"offset":963},"start":{"column":9,"line":41,"offset":959}}},"scope":{"containerScope":{"containerScope":{"containerScope":{"containerScope":{"containerScope":{"contributions":{},"includedScopes":[]},"contributions":{},"includedScopes":[{"contributions":{},"includedScopes":[]},{"contributions":{},"includedScopes":[]},{"contributions":{},"includedScopes":[]},{"contributions":{},"includedScopes":[]},{"contributions":{},"includedScopes":[]},{"contributions":{},"includedScopes":[]}]},"contributions":{},"includedScopes":[{"containerScope":{"containerScope":{"containerScope":{"contributions":{},"includedScopes":[]},"contributions":{},"includedScopes":[]},"contributions":{},"includedScopes":[]},"contributions":{},"includedScopes":[]}]},"contributions":{},"includedScopes":[]},"contributions":{},"includedScopes":[]},"contributions":{},"includedScopes":[]},"sourceMap":{"end":{"column":34,"line":41,"offset":984},"start":{"column":9,"line":40,"offset":937}}},{"args":[{"args":[{"id":"255f7646-fe1d-41a7-a887-c7a62a56cdad","metadata":[],"scope":{"containerScope":{"containerScope":{"containerScope":{"containerScope":{"containerScope":{"containerScope":{"containerScope":{"contributions":{},"includedScopes":[]},"contributions":{},"includedScopes":[{"contributions":{},"includedScopes":[]},{"contributions":{},"includedScopes":[]},{"contributions":{},"includedScopes":[]},{"contributions":{},"includedScopes":[]},{"contributions":{},"includedScopes":[]},{"contributions":{},"includedScopes":[]}]},"contributions":{},"includedScopes":[{"containerScope":{"containerScope":{"containerScope":{"contributions":{},"includedScopes":[]},"contributions":{},"includedScopes":[]},"contributions":{},"includedScopes":[]},"contributions":{},"includedScopes":[]}]},"contributions":{},"includedScopes":[]},"contributions":{},"includedScopes":[]},"contributions":{},"includedScopes":[]},"contributions":{},"includedScopes":[]},"contributions":{},"includedScopes":[]},"sourceMap":{"end":{"column":37,"line":42,"offset":1022},"start":{"column":36,"line":42,"offset":1021}},"value":5},{"id":"141a072b-6390-40d1-85ba-dd00f1dda171","metadata":[],"scope":{"containerScope":{"containerScope":{"containerScope":{"containerScope":{"containerScope":{"containerScope":{"containerScope":{"contributions":{},"includedScopes":[]},"contributions":{},"includedScopes":[{"contributions":{},"includedScopes":[]},{"contributions":{},"includedScopes":[]},{"contributions":{},"includedScopes":[]},{"contributions":{},"includedScopes":[]},{"contributions":{},"includedScopes":[]},{"contributions":{},"includedScopes":[]}]},"contributions":{},"includedScopes":[{"containerScope":{"containerScope":{"containerScope":{"contributions":{},"includedScopes":[]},"contributions":{},"includedScopes":[]},"contributions":{},"includedScopes":[]},"contributions":{},"includedScopes":[]}]},"contributions":{},"includedScopes":[]},"contributions":{},"includedScopes":[]},"contributions":{},"includedScopes":[]},"contributions":{},"includedScopes":[]},"contributions":{},"includedScopes":[]},"sourceMap":{"end":{"column":40,"line":42,"offset":1025},"start":{"column":39,"line":42,"offset":1024}},"value":4}],"id":"45336572-812c-4af0-8523-b2c886a1f2e7","message":"at","metadata":[],"receiver":{"id":"a1f3cf3f-fa97-497c-934c-5495060df12f","metadata":[],"name":"game","scope":{"containerScope":{"containerScope":{"containerScope":{"containerScope":{"containerScope":{"containerScope":{"containerScope":{"contributions":{},"includedScopes":[]},"contributions":{},"includedScopes":[{"contributions":{},"includedScopes":[]},{"contributions":{},"includedScopes":[]},{"contributions":{},"includedScopes":[]},{"contributions":{},"includedScopes":[]},{"contributions":{},"includedScopes":[]},{"contributions":{},"includedScopes":[]}]},"contributions":{},"includedScopes":[{"containerScope":{"containerScope":{"containerScope":{"contributions":{},"includedScopes":[]},"contributions":{},"includedScopes":[]},"contributions":{},"includedScopes":[]},"contributions":{},"includedScopes":[]}]},"contributions":{},"includedScopes":[]},"contributions":{},"includedScopes":[]},"contributions":{},"includedScopes":[]},"contributions":{},"includedScopes":[]},"contributions":{},"includedScopes":[]},"sourceMap":{"end":{"column":32,"line":42,"offset":1017},"start":{"column":28,"line":42,"offset":1013}}},"scope":{"containerScope":{"containerScope":{"containerScope":{"containerScope":{"containerScope":{"containerScope":{"contributions":{},"includedScopes":[]},"contributions":{},"includedScopes":[{"contributions":{},"includedScopes":[]},{"contributions":{},"includedScopes":[]},{"contributions":{},"includedScopes":[]},{"contributions":{},"includedScopes":[]},{"contributions":{},"includedScopes":[]},{"contributions":{},"includedScopes":[]}]},"contributions":{},"includedScopes":[{"containerScope":{"containerScope":{"containerScope":{"contributions":{},"includedScopes":[]},"contributions":{},"includedScopes":[]},"contributions":{},"includedScopes":[]},"contributions":{},"includedScopes":[]}]},"contributions":{},"includedScopes":[]},"contributions":{},"includedScopes":[]},"contributions":{},"includedScopes":[]},"contributions":{},"includedScopes":[]},"sourceMap":{"end":{"column":41,"line":42,"offset":1026},"start":{"column":28,"line":42,"offset":1013}}}],"id":"3373af00-a1e5-496a-8aec-60e74a64cee4","message":"position","metadata":[],"receiver":{"id":"df6e7b27-25b2-4ee6-9451-6faf3b7bc57b","metadata":[],"name":"personaje","scope":{"containerScope":{"containerScope":{"containerScope":{"containerScope":{"containerScope":{"containerScope":{"contributions":{},"includedScopes":[]},"contributions":{},"includedScopes":[{"contributions":{},"includedScopes":[]},{"contributions":{},"includedScopes":[]},{"contributions":{},"includedScopes":[]},{"contributions":{},"includedScopes":[]},{"contributions":{},"includedScopes":[]},{"contributions":{},"includedScopes":[]}]},"contributions":{},"includedScopes":[{"containerScope":{"containerScope":{"containerScope":{"contributions":{},"includedScopes":[]},"contributions":{},"includedScopes":[]},"contributions":{},"includedScopes":[]},"contributions":{},"includedScopes":[]}]},"contributions":{},"includedScopes":[]},"contributions":{},"includedScopes":[]},"contributions":{},"includedScopes":[]},"contributions":{},"includedScopes":[]},"sourceMap":{"end":{"column":18,"line":42,"offset":1003},"start":{"column":9,"line":42,"offset":994}}},"scope":{"containerScope":{"containerScope":{"containerScope":{"containerScope":{"containerScope":{"contributions":{},"includedScopes":[]},"contributions":{},"includedScopes":[{"contributions":{},"includedScopes":[]},{"contributions":{},"includedScopes":[]},{"contributions":{},"includedScopes":[]},{"contributions":{},"includedScopes":[]},{"contributions":{},"includedScopes":[]},{"contributions":{},"includedScopes":[]}]},"contributions":{},"includedScopes":[{"containerScope":{"containerScope":{"containerScope":{"contributions":{},"includedScopes":[]},"contributions":{},"includedScopes":[]},"contributions":{},"includedScopes":[]},"contributions":{},"includedScopes":[]}]},"contributions":{},"includedScopes":[]},"contributions":{},"includedScopes":[]},"contributions":{},"includedScopes":[]},"sourceMap":{"end":{"column":42,"line":42,"offset":1027},"start":{"column":8,"line":42,"offset":994}}},{"id":"50bc1fb6-c7be-454b-9e27-94f69d59045b","isConstant":true,"metadata":[{"args":{"position":"start","text":"// referencias"},"name":"comment"}],"name":"mapa","scope":{"containerScope":{"containerScope":{"containerScope":{"containerScope":{"containerScope":{"contributions":{},"includedScopes":[]},"contributions":{},"includedScopes":[{"contributions":{},"includedScopes":[]},{"contributions":{},"includedScopes":[]},{"contributions":{},"includedScopes":[]},{"contributions":{},"includedScopes":[]},{"contributions":{},"includedScopes":[]},{"contributions":{},"includedScopes":[]}]},"contributions":{},"includedScopes":[{"containerScope":{"containerScope":{"containerScope":{"contributions":{},"includedScopes":[]},"contributions":{},"includedScopes":[]},"contributions":{},"includedScopes":[]},"contributions":{},"includedScopes":[]}]},"contributions":{},"includedScopes":[]},"contributions":{},"includedScopes":[]},"contributions":{},"includedScopes":[]},"sourceMap":{"end":{"column":44,"line":45,"offset":1098},"start":{"column":9,"line":45,"offset":1063}},"value":{"args":[],"id":"9ee8708f-83c5-46e5-8e33-66bf7dbc93ab","message":"mapaData","metadata":[],"receiver":{"id":"1f7dde67-3c85-4dea-a65d-b486bcb6f181","metadata":[],"name":"nivelActual","scope":{"containerScope":{"containerScope":{"containerScope":{"containerScope":{"containerScope":{"containerScope":{"containerScope":{"contributions":{},"includedScopes":[]},"contributions":{},"includedScopes":[{"contributions":{},"includedScopes":[]},{"contributions":{},"includedScopes":[]},{"contributions":{},"includedScopes":[]},{"contributions":{},"includedScopes":[]},{"contributions":{},"includedScopes":[]},{"contributions":{},"includedScopes":[]}]},"contributions":{},"includedScopes":[{"containerScope":{"containerScope":{"containerScope":{"contributions":{},"includedScopes":[]},"contributions":{},"includedScopes":[]},"contributions":{},"includedScopes":[]},"contributions":{},"includedScopes":[]}]},"contributions":{},"includedScopes":[]},"contributions":{},"includedScopes":[]},"contributions":{},"includedScopes":[]},"contributions":{},"includedScopes":[]},"contributions":{},"includedScopes":[]},"sourceMap":{"end":{"column":33,"line":45,"offset":1087},"start":{"column":22,"line":45,"offset":1076}}},"scope":{"containerScope":{"containerScope":{"containerScope":{"containerScope":{"containerScope":{"containerScope":{"contributions":{},"includedScopes":[]},"contributions":{},"includedScopes":[{"contributions":{},"includedScopes":[]},{"contributions":{},"includedScopes":[]},{"contributions":{},"includedScopes":[]},{"contributions":{},"includedScopes":[]},{"contributions":{},"includedScopes":[]},{"contributions":{},"includedScopes":[]}]},"contributions":{},"includedScopes":[{"containerScope":{"containerScope":{"containerScope":{"contributions":{},"includedScopes":[]},"contributions":{},"includedScopes":[]},"contributions":{},"includedScopes":[]},"contributions":{},"includedScopes":[]}]},"contributions":{},"includedScopes":[]},"contributions":{},"includedScopes":[]},"contributions":{},"includedScopes":[]},"contributions":{},"includedScopes":[]},"sourceMap":{"end":{"column":44,"line":45,"offset":1098},"start":{"column":22,"line":45,"offset":1076}}}},{"id":"263ca78b-fd45-4da7-94bf-3567c6f9e124","isConstant":true,"metadata":[],"name":"background","scope":{"containerScope":{"containerScope":{"containerScope":{"containerScope":{"containerScope":{"contributions":{},"includedScopes":[]},"contributions":{},"includedScopes":[{"contributions":{},"includedScopes":[]},{"contributions":{},"includedScopes":[]},{"contributions":{},"includedScopes":[]},{"contributions":{},"includedScopes":[]},{"contributions":{},"includedScopes":[]},{"contributions":{},"includedScopes":[]}]},"contributions":{},"includedScopes":[{"containerScope":{"containerScope":{"containerScope":{"contributions":{},"includedScopes":[]},"contributions":{},"includedScopes":[]},"contributions":{},"includedScopes":[]},"contributions":{},"includedScopes":[]}]},"contributions":{},"includedScopes":[]},"contributions":{},"includedScopes":[]},"contributions":{},"includedScopes":[]},"sourceMap":{"end":{"column":52,"line":46,"offset":1151},"start":{"column":9,"line":46,"offset":1108}},"value":{"args":[],"id":"19ba521c-3f80-44d1-abd4-c1478667ef78","message":"background","metadata":[],"receiver":{"id":"8f740448-b0ea-4d11-bf8c-65ada42486d4","metadata":[],"name":"nivelActual","scope":{"containerScope":{"containerScope":{"containerScope":{"containerScope":{"containerScope":{"containerScope":{"containerScope":{"contributions":{},"includedScopes":[]},"contributions":{},"includedScopes":[{"contributions":{},"includedScopes":[]},{"contributions":{},"includedScopes":[]},{"contributions":{},"includedScopes":[]},{"contributions":{},"includedScopes":[]},{"contributions":{},"includedScopes":[]},{"contributions":{},"includedScopes":[]}]},"contributions":{},"includedScopes":[{"containerScope":{"containerScope":{"containerScope":{"contributions":{},"includedScopes":[]},"contributions":{},"includedScopes":[]},"contributions":{},"includedScopes":[]},"contributions":{},"includedScopes":[]}]},"contributions":{},"includedScopes":[]},"contributions":{},"includedScopes":[]},"contributions":{},"includedScopes":[]},"contributions":{},"includedScopes":[]},"contributions":{},"includedScopes":[]},"sourceMap":{"end":{"column":39,"line":46,"offset":1138},"start":{"column":28,"line":46,"offset":1127}}},"scope":{"containerScope":{"containerScope":{"containerScope":{"containerScope":{"containerScope":{"containerScope":{"contributions":{},"includedScopes":[]},"contributions":{},"includedScopes":[{"contributions":{},"includedScopes":[]},{"contributions":{},"includedScopes":[]},{"contributions":{},"includedScopes":[]},{"contributions":{},"includedScopes":[]},{"contributions":{},"includedScopes":[]},{"contributions":{},"includedScopes":[]}]},"contributions":{},"includedScopes":[{"containerScope":{"containerScope":{"containerScope":{"contributions":{},"includedScopes":[]},"contributions":{},"includedScopes":[]},"contributions":{},"includedScopes":[]},"contributions":{},"includedScopes":[]}]},"contributions":{},"includedScopes":[]},"contributions":{},"includedScopes":[]},"contributions":{},"includedScopes":[]},"contributions":{},"includedScopes":[]},"sourceMap":{"end":{"column":52,"line":46,"offset":1151},"start":{"column":28,"line":46,"offset":1127}}}},{"args":[{"id":"82793507-2e7d-4880-81fe-433e3fb11cec","metadata":[],"name":"mapa","scope":{"containerScope":{"containerScope":{"containerScope":{"containerScope":{"containerScope":{"containerScope":{"contributions":{},"includedScopes":[]},"contributions":{},"includedScopes":[{"contributions":{},"includedScopes":[]},{"contributions":{},"includedScopes":[]},{"contributions":{},"includedScopes":[]},{"contributions":{},"includedScopes":[]},{"contributions":{},"includedScopes":[]},{"contributions":{},"includedScopes":[]}]},"contributions":{},"includedScopes":[{"containerScope":{"containerScope":{"containerScope":{"contributions":{},"includedScopes":[]},"contributions":{},"includedScopes":[]},"contributions":{},"includedScopes":[]},"contributions":{},"includedScopes":[]}]},"contributions":{},"includedScopes":[]},"contributions":{},"includedScopes":[]},"contributions":{},"includedScopes":[]},"contributions":{},"includedScopes":[]},"sourceMap":{"end":{"column":32,"line":48,"offset":1186},"start":{"column":28,"line":48,"offset":1182}}}],"id":"e2045999-960f-470b-9073-5244310a146f","message":"construirMapa","metadata":[],"receiver":{"id":"f9902461-d153-4b20-bee2-aa531e6302ef","metadata":[],"scope":{"containerScope":{"containerScope":{"containerScope":{"containerScope":{"containerScope":{"containerScope":{"contributions":{},"includedScopes":[]},"contributions":{},"includedScopes":[{"contributions":{},"includedScopes":[]},{"contributions":{},"includedScopes":[]},{"contributions":{},"includedScopes":[]},{"contributions":{},"includedScopes":[]},{"contributions":{},"includedScopes":[]},{"contributions":{},"includedScopes":[]}]},"contributions":{},"includedScopes":[{"containerScope":{"containerScope":{"containerScope":{"contributions":{},"includedScopes":[]},"contributions":{},"includedScopes":[]},"contributions":{},"includedScopes":[]},"contributions":{},"includedScopes":[]}]},"contributions":{},"includedScopes":[]},"contributions":{},"includedScopes":[]},"contributions":{},"includedScopes":[]},"contributions":{},"includedScopes":[]},"sourceMap":{"end":{"column":13,"line":48,"offset":1167},"start":{"column":9,"line":48,"offset":1163}}},"scope":{"containerScope":{"containerScope":{"containerScope":{"containerScope":{"containerScope":{"contributions":{},"includedScopes":[]},"contributions":{},"includedScopes":[{"contributions":{},"includedScopes":[]},{"contributions":{},"includedScopes":[]},{"contributions":{},"includedScopes":[]},{"contributions":{},"includedScopes":[]},{"contributions":{},"includedScopes":[]},{"contributions":{},"includedScopes":[]}]},"contributions":{},"includedScopes":[{"containerScope":{"containerScope":{"containerScope":{"contributions":{},"includedScopes":[]},"contributions":{},"includedScopes":[]},"contributions":{},"includedScopes":[]},"contributions":{},"includedScopes":[]}]},"contributions":{},"includedScopes":[]},"contributions":{},"includedScopes":[]},"contributions":{},"includedScopes":[]},"sourceMap":{"end":{"column":33,"line":48,"offset":1187},"start":{"column":9,"line":48,"offset":1163}}},{"args":[],"id":"77e60660-2644-466f-b3a2-efbdaade3d22","message":"iniciar","metadata":[],"receiver":{"id":"af4013d1-ab9e-4f5f-b11f-069ca6b1b03b","metadata":[{"args":{"position":"start","text":"// inicializacion de animaciones y movimiento de enemigos"},"name":"comment"}],"name":"animadorGlobal","scope":{"containerScope":{"containerScope":{"containerScope":{"containerScope":{"containerScope":{"containerScope":{"contributions":{},"includedScopes":[]},"contributions":{},"includedScopes":[{"contributions":{},"includedScopes":[]},{"contributions":{},"includedScopes":[]},{"contributions":{},"includedScopes":[]},{"contributions":{},"includedScopes":[]},{"contributions":{},"includedScopes":[]},{"contributions":{},"includedScopes":[]}]},"contributions":{},"includedScopes":[{"containerScope":{"containerScope":{"containerScope":{"contributions":{},"includedScopes":[]},"contributions":{},"includedScopes":[]},"contributions":{},"includedScopes":[]},"contributions":{},"includedScopes":[]}]},"contributions":{},"includedScopes":[]},"contributions":{},"includedScopes":[]},"contributions":{},"includedScopes":[]},"contributions":{},"includedScopes":[]},"sourceMap":{"end":{"column":23,"line":51,"offset":1280},"start":{"column":9,"line":51,"offset":1266}}},"scope":{"containerScope":{"containerScope":{"containerScope":{"containerScope":{"containerScope":{"contributions":{},"includedScopes":[]},"contributions":{},"includedScopes":[{"contributions":{},"includedScopes":[]},{"contributions":{},"includedScopes":[]},{"contributions":{},"includedScopes":[]},{"contributions":{},"includedScopes":[]},{"contributions":{},"includedScopes":[]},{"contributions":{},"includedScopes":[]}]},"contributions":{},"includedScopes":[{"containerScope":{"containerScope":{"containerScope":{"contributions":{},"includedScopes":[]},"contributions":{},"includedScopes":[]},"contributions":{},"includedScopes":[]},"contributions":{},"includedScopes":[]}]},"contributions":{},"includedScopes":[]},"contributions":{},"includedScopes":[]},"contributions":{},"includedScopes":[]},"sourceMap":{"end":{"column":33,"line":51,"offset":1290},"start":{"column":9,"line":50,"offset":1199}}},{"args":[],"id":"dea7bf9c-1842-4687-9d43-857091d94a5f","message":"comenzarMovimiento","metadata":[],"receiver":{"id":"51285c5e-792c-4dc5-9c06-1a8ea53582b1","metadata":[],"name":"gestorDeEnemigos","scope":{"containerScope":{"containerScope":{"containerScope":{"containerScope":{"containerScope":{"containerScope":{"contributions":{},"includedScopes":[]},"contributions":{},"includedScopes":[{"contributions":{},"includedScopes":[]},{"contributions":{},"includedScopes":[]},{"contributions":{},"includedScopes":[]},{"contributions":{},"includedScopes":[]},{"contributions":{},"includedScopes":[]},{"contributions":{},"includedScopes":[]}]},"contributions":{},"includedScopes":[{"containerScope":{"containerScope":{"containerScope":{"contributions":{},"includedScopes":[]},"contributions":{},"includedScopes":[]},"contributions":{},"includedScopes":[]},"contributions":{},"includedScopes":[]}]},"contributions":{},"includedScopes":[]},"contributions":{},"includedScopes":[]},"contributions":{},"includedScopes":[]},"contributions":{},"includedScopes":[]},"sourceMap":{"end":{"column":25,"line":52,"offset":1316},"start":{"column":9,"line":52,"offset":1300}}},"scope":{"containerScope":{"containerScope":{"containerScope":{"containerScope":{"containerScope":{"contributions":{},"includedScopes":[]},"contributions":{},"includedScopes":[{"contributions":{},"includedScopes":[]},{"contributions":{},"includedScopes":[]},{"contributions":{},"includedScopes":[]},{"contributions":{},"includedScopes":[]},{"contributions":{},"includedScopes":[]},{"contributions":{},"includedScopes":[]}]},"contributions":{},"includedScopes":[{"containerScope":{"containerScope":{"containerScope":{"contributions":{},"includedScopes":[]},"contributions":{},"includedScopes":[]},"contributions":{},"includedScopes":[]},"contributions":{},"includedScopes":[]}]},"contributions":{},"includedScopes":[]},"contributions":{},"includedScopes":[]},"contributions":{},"includedScopes":[]},"sourceMap":{"end":{"column":46,"line":52,"offset":1337},"start":{"column":8,"line":52,"offset":1300}}},{"id":"b568106c-8261-48bd-92dd-e723d00e0f37","metadata":[{"args":{"position":"start","text":"//musica"},"name":"comment"}],"scope":{"containerScope":{"containerScope":{"containerScope":{"containerScope":{"containerScope":{"contributions":{},"includedScopes":[]},"contributions":{},"includedScopes":[{"contributions":{},"includedScopes":[]},{"contributions":{},"includedScopes":[]},{"contributions":{},"includedScopes":[]},{"contributions":{},"includedScopes":[]},{"contributions":{},"includedScopes":[]},{"contributions":{},"includedScopes":[]}]},"contributions":{},"includedScopes":[{"containerScope":{"containerScope":{"containerScope":{"contributions":{},"includedScopes":[]},"contributions":{},"includedScopes":[]},"contributions":{},"includedScopes":[]},"contributions":{},"includedScopes":[]}]},"contributions":{},"includedScopes":[]},"contributions":{},"includedScopes":[]},"contributions":{},"includedScopes":[]},"sourceMap":{"end":{"column":61,"line":55,"offset":1419},"start":{"column":9,"line":55,"offset":1367}},"value":{"args":[{"args":[],"id":"7abcc721-6ec1-4de8-af20-a827ca9da6b0","message":"musicaNivel","metadata":[],"receiver":{"id":"83f90018-d2ef-4fbc-8b7f-3ef8d7e8cf4f","metadata":[],"name":"nivelActual","scope":{"containerScope":{"containerScope":{"containerScope":{"containerScope":{"containerScope":{"containerScope":{"containerScope":{"containerScope":{"contributions":{},"includedScopes":[]},"contributions":{},"includedScopes":[{"contributions":{},"includedScopes":[]},{"contributions":{},"includedScopes":[]},{"contributions":{},"includedScopes":[]},{"contributions":{},"includedScopes":[]},{"contributions":{},"includedScopes":[]},{"contributions":{},"includedScopes":[]}]},"contributions":{},"includedScopes":[{"containerScope":{"containerScope":{"containerScope":{"contributions":{},"includedScopes":[]},"contributions":{},"includedScopes":[]},"contributions":{},"includedScopes":[]},"contributions":{},"includedScopes":[]}]},"contributions":{},"includedScopes":[]},"contributions":{},"includedScopes":[]},"contributions":{},"includedScopes":[]},"contributions":{},"includedScopes":[]},"contributions":{},"includedScopes":[]},"contributions":{},"includedScopes":[]},"sourceMap":{"end":{"column":46,"line":55,"offset":1404},"start":{"column":35,"line":55,"offset":1393}}},"scope":{"containerScope":{"containerScope":{"containerScope":{"containerScope":{"containerScope":{"containerScope":{"containerScope":{"contributions":{},"includedScopes":[]},"contributions":{},"includedScopes":[{"contributions":{},"includedScopes":[]},{"contributions":{},"includedScopes":[]},{"contributions":{},"includedScopes":[]},{"contributions":{},"includedScopes":[]},{"contributions":{},"includedScopes":[]},{"contributions":{},"includedScopes":[]}]},"contributions":{},"includedScopes":[{"containerScope":{"containerScope":{"containerScope":{"contributions":{},"includedScopes":[]},"contributions":{},"includedScopes":[]},"contributions":{},"includedScopes":[]},"contributions":{},"includedScopes":[]}]},"contributions":{},"includedScopes":[]},"contributions":{},"includedScopes":[]},"contributions":{},"includedScopes":[]},"contributions":{},"includedScopes":[]},"contributions":{},"includedScopes":[]},"sourceMap":{"end":{"column":60,"line":55,"offset":1418},"start":{"column":35,"line":55,"offset":1393}}}],"id":"9bcdbb04-d089-4900-a8bd-4de852b4eeaa","message":"sound","metadata":[],"receiver":{"id":"82a55e96-5477-4cb9-8d79-86baec39d7f8","metadata":[],"name":"game","scope":{"containerScope":{"containerScope":{"containerScope":{"containerScope":{"containerScope":{"containerScope":{"containerScope":{"contributions":{},"includedScopes":[]},"contributions":{},"includedScopes":[{"contributions":{},"includedScopes":[]},{"contributions":{},"includedScopes":[]},{"contributions":{},"includedScopes":[]},{"contributions":{},"includedScopes":[]},{"contributions":{},"includedScopes":[]},{"contributions":{},"includedScopes":[]}]},"contributions":{},"includedScopes":[{"containerScope":{"containerScope":{"containerScope":{"contributions":{},"includedScopes":[]},"contributions":{},"includedScopes":[]},"contributions":{},"includedScopes":[]},"contributions":{},"includedScopes":[]}]},"contributions":{},"includedScopes":[]},"contributions":{},"includedScopes":[]},"contributions":{},"includedScopes":[]},"contributions":{},"includedScopes":[]},"contributions":{},"includedScopes":[]},"sourceMap":{"end":{"column":28,"line":55,"offset":1386},"start":{"column":24,"line":55,"offset":1382}}},"scope":{"containerScope":{"containerScope":{"containerScope":{"containerScope":{"containerScope":{"containerScope":{"contributions":{},"includedScopes":[]},"contributions":{},"includedScopes":[{"contributions":{},"includedScopes":[]},{"contributions":{},"includedScopes":[]},{"contributions":{},"includedScopes":[]},{"contributions":{},"includedScopes":[]},{"contributions":{},"includedScopes":[]},{"contributions":{},"includedScopes":[]}]},"contributions":{},"includedScopes":[{"containerScope":{"containerScope":{"containerScope":{"contributions":{},"includedScopes":[]},"contributions":{},"includedScopes":[]},"contributions":{},"includedScopes":[]},"contributions":{},"includedScopes":[]}]},"contributions":{},"includedScopes":[]},"contributions":{},"includedScopes":[]},"contributions":{},"includedScopes":[]},"contributions":{},"includedScopes":[]},"sourceMap":{"end":{"column":61,"line":55,"offset":1419},"start":{"column":24,"line":55,"offset":1382}}},"variable":{"id":"df3a90f5-f911-4058-99d9-ca9717976392","metadata":[],"name":"musicaActual","scope":{"containerScope":{"containerScope":{"containerScope":{"containerScope":{"containerScope":{"containerScope":{"contributions":{},"includedScopes":[]},"contributions":{},"includedScopes":[{"contributions":{},"includedScopes":[]},{"contributions":{},"includedScopes":[]},{"contributions":{},"includedScopes":[]},{"contributions":{},"includedScopes":[]},{"contributions":{},"includedScopes":[]},{"contributions":{},"includedScopes":[]}]},"contributions":{},"includedScopes":[{"containerScope":{"containerScope":{"containerScope":{"contributions":{},"includedScopes":[]},"contributions":{},"includedScopes":[]},"contributions":{},"includedScopes":[]},"contributions":{},"includedScopes":[]}]},"contributions":{},"includedScopes":[]},"contributions":{},"includedScopes":[]},"contributions":{},"includedScopes":[]},"contributions":{},"includedScopes":[]},"sourceMap":{"end":{"column":21,"line":55,"offset":1379},"start":{"column":9,"line":55,"offset":1367}}}},{"args":[{"id":"922162cd-930c-4231-92e6-e376a7bf59cd","metadata":[],"scope":{"containerScope":{"containerScope":{"containerScope":{"containerScope":{"containerScope":{"containerScope":{"contributions":{},"includedScopes":[]},"contributions":{},"includedScopes":[{"contributions":{},"includedScopes":[]},{"contributions":{},"includedScopes":[]},{"contributions":{},"includedScopes":[]},{"contributions":{},"includedScopes":[]},{"contributions":{},"includedScopes":[]},{"contributions":{},"includedScopes":[]}]},"contributions":{},"includedScopes":[{"containerScope":{"containerScope":{"containerScope":{"contributions":{},"includedScopes":[]},"contributions":{},"includedScopes":[]},"contributions":{},"includedScopes":[]},"contributions":{},"includedScopes":[]}]},"contributions":{},"includedScopes":[]},"contributions":{},"includedScopes":[]},"contributions":{},"includedScopes":[]},"contributions":{},"includedScopes":[]},"sourceMap":{"end":{"column":37,"line":56,"offset":1457},"start":{"column":33,"line":56,"offset":1453}},"value":true}],"id":"ca4a17fe-20f5-4496-89dc-a357c0696c97","message":"shouldLoop","metadata":[],"receiver":{"id":"b6374384-c326-4c4a-82ae-1da250d85eef","metadata":[],"name":"musicaActual","scope":{"containerScope":{"containerScope":{"containerScope":{"containerScope":{"containerScope":{"containerScope":{"contributions":{},"includedScopes":[]},"contributions":{},"includedScopes":[{"contributions":{},"includedScopes":[]},{"contributions":{},"includedScopes":[]},{"contributions":{},"includedScopes":[]},{"contributions":{},"includedScopes":[]},{"contributions":{},"includedScopes":[]},{"contributions":{},"includedScopes":[]}]},"contributions":{},"includedScopes":[{"containerScope":{"containerScope":{"containerScope":{"contributions":{},"includedScopes":[]},"contributions":{},"includedScopes":[]},"contributions":{},"includedScopes":[]},"contributions":{},"includedScopes":[]}]},"contributions":{},"includedScopes":[]},"contributions":{},"includedScopes":[]},"contributions":{},"includedScopes":[]},"contributions":{},"includedScopes":[]},"sourceMap":{"end":{"column":21,"line":56,"offset":1441},"start":{"column":9,"line":56,"offset":1429}}},"scope":{"containerScope":{"containerScope":{"containerScope":{"containerScope":{"containerScope":{"contributions":{},"includedScopes":[]},"contributions":{},"includedScopes":[{"contributions":{},"includedScopes":[]},{"contributions":{},"includedScopes":[]},{"contributions":{},"includedScopes":[]},{"contributions":{},"includedScopes":[]},{"contributions":{},"includedScopes":[]},{"contributions":{},"includedScopes":[]}]},"contributions":{},"includedScopes":[{"containerScope":{"containerScope":{"containerScope":{"contributions":{},"includedScopes":[]},"contributions":{},"includedScopes":[]},"contributions":{},"includedScopes":[]},"contributions":{},"includedScopes":[]}]},"contributions":{},"includedScopes":[]},"contributions":{},"includedScopes":[]},"contributions":{},"includedScopes":[]},"sourceMap":{"end":{"column":38,"line":56,"offset":1458},"start":{"column":8,"line":56,"offset":1429}}},{"id":"3537b5da-6b0d-445d-8dd6-5756351728c7","metadata":[],"name":"musicaActual","scope":{"containerScope":{"containerScope":{"containerScope":{"containerScope":{"containerScope":{"contributions":{},"includedScopes":[]},"contributions":{},"includedScopes":[{"contributions":{},"includedScopes":[]},{"contributions":{},"includedScopes":[]},{"contributions":{},"includedScopes":[]},{"contributions":{},"includedScopes":[]},{"contributions":{},"includedScopes":[]},{"contributions":{},"includedScopes":[]}]},"contributions":{},"includedScopes":[{"containerScope":{"containerScope":{"containerScope":{"contributions":{},"includedScopes":[]},"contributions":{},"includedScopes":[]},"contributions":{},"includedScopes":[]},"contributions":{},"includedScopes":[]}]},"contributions":{},"includedScopes":[]},"contributions":{},"includedScopes":[]},"contributions":{},"includedScopes":[]},"sourceMap":{"end":{"column":21,"line":57,"offset":1480},"start":{"column":9,"line":57,"offset":1468}}}],"sourceMap":{"end":{"column":6,"line":58,"offset":1488},"start":{"column":5,"line":35,"offset":833}}},"stack":"Error: Failed to print, found malformed node\n    at c:\\Users\\santi\\.vscode\\extensions\\uqbar.wollok-lsp-ide-0.5.4\\out\\server\\src\\server.js:68:3585\n    at c:\\Users\\santi\\.vscode\\extensions\\uqbar.wollok-lsp-ide-0.5.4\\out\\server\\src\\server.js:68:5370\n    at c:\\Users\\santi\\.vscode\\extensions\\uqbar.wollok-lsp-ide-0.5.4\\out\\server\\src\\server.js:38:6131\n    at c:\\Users\\santi\\.vscode\\extensions\\uqbar.wollok-lsp-ide-0.5.4\\out\\server\\src\\server.js:68:3664\n    at Kbn (c:\\Users\\santi\\.vscode\\extensions\\uqbar.wollok-lsp-ide-0.5.4\\out\\server\\src\\server.js:68:3396)\n    at c:\\Users\\santi\\.vscode\\extensions\\uqbar.wollok-lsp-ide-0.5.4\\out\\server\\src\\server.js:2398:847\n    at c:\\Users\\santi\\.vscode\\extensions\\uqbar.wollok-lsp-ide-0.5.4\\out\\server\\src\\server.js:2398:8440\n    at c:\\Users\\santi\\.vscode\\extensions\\uqbar.wollok-lsp-ide-0.5.4\\out\\server\\src\\server.js:37:74770\n    at Ke (c:\\Users\\santi\\.vscode\\extensions\\uqbar.wollok-lsp-ide-0.5.4\\out\\server\\src\\server.js:7:8527)\n    at Lt (c:\\Users\\santi\\.vscode\\extensions\\uqbar.wollok-lsp-ide-0.5.4\\out\\server\\src\\server.js:7:6189)","timestamp":"2026-06-06T16:14:08.880Z"}
{"level":"info","message":"⌛ Building environment","timeElapsed":314,"timestamp":"2026-06-06T16:14:21.075Z"}
{"level":"info","message":"⌛ Building environment","timeElapsed":245,"timestamp":"2026-06-06T16:14:21.463Z"}
{"level":"info","message":"⌛ Validating niveles.wlk","timeElapsed":152,"timestamp":"2026-06-06T16:14:21.621Z"}
{"level":"info","message":"⌛ Validating niveles.wlk","timeElapsed":144,"timestamp":"2026-06-06T16:14:21.779Z"}
{"level":"info","message":"⌛ Building environment","timeElapsed":312,"timestamp":"2026-06-06T16:14:23.348Z"}
{"level":"info","message":"⌛ Building environment","timeElapsed":289,"timestamp":"2026-06-06T16:14:23.639Z"}
{"level":"info","message":"⌛ Building environment","timeElapsed":234,"timestamp":"2026-06-06T16:14:23.908Z"}
{"level":"info","message":"⌛ Validating niveles.wlk","timeElapsed":168,"timestamp":"2026-06-06T16:14:24.077Z"}
{"level":"info","message":"⌛ Validating niveles.wlk","timeElapsed":136,"timestamp":"2026-06-06T16:14:24.217Z"}
{"level":"info","message":"⌛ Validating niveles.wlk","timeElapsed":149,"timestamp":"2026-06-06T16:14:24.383Z"}
{"level":"info","message":"⌛ Building environment","timeElapsed":251,"timestamp":"2026-06-06T16:14:27.015Z"}
{"level":"info","message":"⌛ Validating niveles.wlk","timeElapsed":205,"timestamp":"2026-06-06T16:14:27.270Z"}
{"level":"info","message":"⌛ Building environment","timeElapsed":278,"timestamp":"2026-06-06T16:14:28.813Z"}
{"level":"info","message":"⌛ Validating niveles.wlk","timeElapsed":171,"timestamp":"2026-06-06T16:14:29.051Z"}
{"level":"info","message":"⌛ Building environment","timeElapsed":242,"timestamp":"2026-06-06T16:14:29.294Z"}
{"level":"info","message":"⌛ Building environment","timeElapsed":218,"timestamp":"2026-06-06T16:14:29.581Z"}
{"level":"info","message":"⌛ Validating niveles.wlk","timeElapsed":142,"timestamp":"2026-06-06T16:14:29.760Z"}
{"level":"info","message":"⌛ Validating niveles.wlk","timeElapsed":163,"timestamp":"2026-06-06T16:14:29.924Z"}
{"level":"info","message":"⌛ Building environment","timeElapsed":296,"timestamp":"2026-06-06T16:14:35.225Z"}
{"level":"info","message":"⌛ Validating niveles.wlk","timeElapsed":163,"timestamp":"2026-06-06T16:14:35.396Z"}
{"level":"info","message":"⌛ Building environment","timeElapsed":217,"timestamp":"2026-06-06T16:14:40.301Z"}
{"level":"info","message":"⌛ Validating niveles.wlk","timeElapsed":167,"timestamp":"2026-06-06T16:14:40.529Z"}
{"level":"info","message":"⌛ Building environment","timeElapsed":266,"timestamp":"2026-06-06T16:14:40.814Z"}
{"level":"info","message":"⌛ Building environment","timeElapsed":319,"timestamp":"2026-06-06T16:14:41.135Z"}
{"level":"info","message":"⌛ Validating niveles.wlk","timeElapsed":208,"timestamp":"2026-06-06T16:14:41.344Z"}
{"level":"info","message":"⌛ Building environment","timeElapsed":488,"timestamp":"2026-06-06T16:14:41.833Z"}
{"level":"info","message":"⌛ Validating niveles.wlk","timeElapsed":153,"timestamp":"2026-06-06T16:14:41.986Z"}
{"level":"info","message":"⌛ Validating niveles.wlk","timeElapsed":138,"timestamp":"2026-06-06T16:14:42.161Z"}
{"level":"info","message":"⌛ Building environment","timeElapsed":216,"timestamp":"2026-06-06T16:14:42.377Z"}
{"level":"info","message":"⌛ Building environment","timeElapsed":297,"timestamp":"2026-06-06T16:14:42.711Z"}
{"level":"info","message":"⌛ Validating niveles.wlk","timeElapsed":184,"timestamp":"2026-06-06T16:14:42.896Z"}
{"level":"info","message":"⌛ Building environment","timeElapsed":230,"timestamp":"2026-06-06T16:14:43.126Z"}
{"level":"info","message":"⌛ Building environment","timeElapsed":272,"timestamp":"2026-06-06T16:14:43.399Z"}
{"level":"info","message":"⌛ Building environment","timeElapsed":342,"timestamp":"2026-06-06T16:14:43.742Z"}
{"level":"info","message":"⌛ Validating niveles.wlk","timeElapsed":171,"timestamp":"2026-06-06T16:14:43.921Z"}
{"level":"info","message":"⌛ Building environment","timeElapsed":234,"timestamp":"2026-06-06T16:14:44.157Z"}
{"level":"info","message":"⌛ Building environment","timeElapsed":265,"timestamp":"2026-06-06T16:14:44.432Z"}
{"level":"info","message":"⌛ Validating niveles.wlk","timeElapsed":151,"timestamp":"2026-06-06T16:14:44.583Z"}
{"level":"info","message":"⌛ Validating niveles.wlk","timeElapsed":191,"timestamp":"2026-06-06T16:14:44.807Z"}
{"level":"info","message":"⌛ Building environment","timeElapsed":236,"timestamp":"2026-06-06T16:14:45.043Z"}
{"level":"info","message":"⌛ Building environment","timeElapsed":421,"timestamp":"2026-06-06T16:14:45.467Z"}
{"level":"info","message":"⌛ Building environment","timeElapsed":207,"timestamp":"2026-06-06T16:14:45.735Z"}
{"level":"info","message":"⌛ Validating niveles.wlk","timeElapsed":164,"timestamp":"2026-06-06T16:14:45.900Z"}
{"level":"info","message":"⌛ Building environment","timeElapsed":206,"timestamp":"2026-06-06T16:14:46.131Z"}
{"level":"info","message":"⌛ Building environment","timeElapsed":214,"timestamp":"2026-06-06T16:14:46.346Z"}
{"level":"info","message":"⌛ Validating niveles.wlk","timeElapsed":542,"timestamp":"2026-06-06T16:14:46.952Z"}
{"level":"info","message":"⌛ Building environment","timeElapsed":291,"timestamp":"2026-06-06T16:14:47.295Z"}
{"level":"info","message":"⌛ Validating niveles.wlk","timeElapsed":161,"timestamp":"2026-06-06T16:14:47.541Z"}
{"level":"info","message":"⌛ Building environment","timeElapsed":255,"timestamp":"2026-06-06T16:14:47.813Z"}
{"level":"info","message":"⌛ Building environment","timeElapsed":231,"timestamp":"2026-06-06T16:14:48.044Z"}
{"level":"info","message":"⌛ Validating niveles.wlk","timeElapsed":142,"timestamp":"2026-06-06T16:14:48.197Z"}
{"level":"info","message":"⌛ Validating niveles.wlk","timeElapsed":169,"timestamp":"2026-06-06T16:14:48.392Z"}
{"level":"info","message":"⌛ Validating niveles.wlk","timeElapsed":173,"timestamp":"2026-06-06T16:14:48.565Z"}
{"level":"info","message":"⌛ Validating niveles.wlk","timeElapsed":165,"timestamp":"2026-06-06T16:14:48.731Z"}
{"level":"info","message":"⌛ Validating niveles.wlk","timeElapsed":132,"timestamp":"2026-06-06T16:14:48.878Z"}
{"level":"info","message":"⌛ Building environment","timeElapsed":297,"timestamp":"2026-06-06T16:14:49.176Z"}
{"level":"info","message":"⌛ Building environment","timeElapsed":243,"timestamp":"2026-06-06T16:14:49.428Z"}
{"level":"info","message":"⌛ Validating niveles.wlk","timeElapsed":163,"timestamp":"2026-06-06T16:14:49.613Z"}
{"level":"info","message":"⌛ Validating niveles.wlk","timeElapsed":151,"timestamp":"2026-06-06T16:14:49.764Z"}
{"level":"info","message":"⌛ Validating niveles.wlk","timeElapsed":151,"timestamp":"2026-06-06T16:14:49.929Z"}
{"level":"info","message":"⌛ Building environment","timeElapsed":250,"timestamp":"2026-06-06T16:14:50.180Z"}
{"level":"info","message":"⌛ Building environment","timeElapsed":259,"timestamp":"2026-06-06T16:14:50.439Z"}
{"level":"info","message":"⌛ Building environment","timeElapsed":276,"timestamp":"2026-06-06T16:14:50.717Z"}
{"level":"info","message":"⌛ Building environment","timeElapsed":281,"timestamp":"2026-06-06T16:14:50.998Z"}
{"level":"info","message":"⌛ Validating niveles.wlk","timeElapsed":149,"timestamp":"2026-06-06T16:14:51.148Z"}
{"level":"info","message":"⌛ Validating niveles.wlk","timeElapsed":159,"timestamp":"2026-06-06T16:14:51.326Z"}
{"level":"info","message":"⌛ Building environment","timeElapsed":232,"timestamp":"2026-06-06T16:14:51.559Z"}
{"level":"info","message":"⌛ Building environment","timeElapsed":200,"timestamp":"2026-06-06T16:14:51.759Z"}
{"level":"info","message":"⌛ Building environment","timeElapsed":278,"timestamp":"2026-06-06T16:14:52.037Z"}
{"level":"info","message":"⌛ Validating niveles.wlk","timeElapsed":196,"timestamp":"2026-06-06T16:14:52.234Z"}
{"level":"info","message":"⌛ Building environment","timeElapsed":419,"timestamp":"2026-06-06T16:14:52.680Z"}
{"level":"info","message":"⌛ Building environment","timeElapsed":250,"timestamp":"2026-06-06T16:14:52.930Z"}
{"level":"info","message":"⌛ Validating niveles.wlk","timeElapsed":152,"timestamp":"2026-06-06T16:14:53.097Z"}
{"level":"info","message":"⌛ Building environment","timeElapsed":220,"timestamp":"2026-06-06T16:14:53.318Z"}
{"level":"info","message":"⌛ Validating niveles.wlk","timeElapsed":150,"timestamp":"2026-06-06T16:14:53.481Z"}
{"level":"info","message":"⌛ Building environment","timeElapsed":211,"timestamp":"2026-06-06T16:14:53.721Z"}
{"level":"info","message":"⌛ Validating niveles.wlk","timeElapsed":171,"timestamp":"2026-06-06T16:14:53.902Z"}
{"level":"info","message":"⌛ Building environment","timeElapsed":224,"timestamp":"2026-06-06T16:14:54.126Z"}
{"level":"info","message":"⌛ Building environment","timeElapsed":207,"timestamp":"2026-06-06T16:14:54.334Z"}
{"level":"info","message":"⌛ Validating niveles.wlk","timeElapsed":157,"timestamp":"2026-06-06T16:14:54.498Z"}
{"level":"info","message":"⌛ Validating niveles.wlk","timeElapsed":160,"timestamp":"2026-06-06T16:14:54.678Z"}
{"level":"info","message":"⌛ Validating niveles.wlk","timeElapsed":134,"timestamp":"2026-06-06T16:14:54.812Z"}
{"level":"info","message":"⌛ Building environment","timeElapsed":223,"timestamp":"2026-06-06T16:14:55.037Z"}
{"level":"info","message":"⌛ Building environment","timeElapsed":214,"timestamp":"2026-06-06T16:14:55.251Z"}
{"level":"info","message":"⌛ Building environment","timeElapsed":226,"timestamp":"2026-06-06T16:14:55.477Z"}
{"level":"info","message":"⌛ Validating niveles.wlk","timeElapsed":158,"timestamp":"2026-06-06T16:14:55.636Z"}
{"level":"info","message":"⌛ Validating niveles.wlk","timeElapsed":142,"timestamp":"2026-06-06T16:14:55.800Z"}
{"level":"info","message":"⌛ Validating niveles.wlk","timeElapsed":164,"timestamp":"2026-06-06T16:14:55.965Z"}
{"level":"info","message":"⌛ Building environment","timeElapsed":261,"timestamp":"2026-06-06T16:14:56.240Z"}
{"level":"info","message":"⌛ Building environment","timeElapsed":221,"timestamp":"2026-06-06T16:14:56.466Z"}
{"level":"info","message":"⌛ Validating niveles.wlk","timeElapsed":133,"timestamp":"2026-06-06T16:14:56.600Z"}
{"level":"info","message":"⌛ Validating niveles.wlk","timeElapsed":141,"timestamp":"2026-06-06T16:14:56.748Z"}
{"level":"info","message":"⌛ Validating niveles.wlk","timeElapsed":150,"timestamp":"2026-06-06T16:14:56.912Z"}
{"level":"info","message":"⌛ Validating niveles.wlk","timeElapsed":148,"timestamp":"2026-06-06T16:14:57.061Z"}
{"level":"info","message":"⌛ Validating niveles.wlk","timeElapsed":139,"timestamp":"2026-06-06T16:14:57.214Z"}
{"level":"info","message":"⌛ Validating niveles.wlk","timeElapsed":231,"timestamp":"2026-06-06T16:14:57.446Z"}
{"level":"info","message":"⌛ Building environment","timeElapsed":367,"timestamp":"2026-06-06T16:14:57.815Z"}
{"level":"info","message":"⌛ Validating niveles.wlk","timeElapsed":202,"timestamp":"2026-06-06T16:14:58.048Z"}
{"level":"info","message":"⌛ Validating niveles.wlk","timeElapsed":154,"timestamp":"2026-06-06T16:14:58.219Z"}
{"level":"info","message":"⌛ Building environment","timeElapsed":270,"timestamp":"2026-06-06T16:14:58.491Z"}
{"level":"error","message":"✘ Completions for node Return (undefined - niveles.wlk) failed: Error: [Return]{932a57} at niveles.wlk:-- exhausted all cases without a match [Return]{932a57} at niveles.wlk:-- exhausted all cases without a match","stack":"Error: [Return]{932a57} at niveles.wlk:-- exhausted all cases without a match\n    at c:\\Users\\santi\\.vscode\\extensions\\uqbar.wollok-lsp-ide-0.5.4\\out\\server\\src\\server.js:38:6142\n    at L2 (c:\\Users\\santi\\.vscode\\extensions\\uqbar.wollok-lsp-ide-0.5.4\\out\\server\\src\\server.js:2389:42)\n    at Jh (c:\\Users\\santi\\.vscode\\extensions\\uqbar.wollok-lsp-ide-0.5.4\\out\\server\\src\\server.js:2389:1092)\n    at M5n (c:\\Users\\santi\\.vscode\\extensions\\uqbar.wollok-lsp-ide-0.5.4\\out\\server\\src\\server.js:2389:1248)\n    at c:\\Users\\santi\\.vscode\\extensions\\uqbar.wollok-lsp-ide-0.5.4\\out\\server\\src\\server.js:38:6131\n    at L2 (c:\\Users\\santi\\.vscode\\extensions\\uqbar.wollok-lsp-ide-0.5.4\\out\\server\\src\\server.js:2389:42)\n    at c:\\Users\\santi\\.vscode\\extensions\\uqbar.wollok-lsp-ide-0.5.4\\out\\server\\src\\server.js:2389:2988\n    at c:\\Users\\santi\\.vscode\\extensions\\uqbar.wollok-lsp-ide-0.5.4\\out\\server\\src\\server.js:2398:8440\n    at c:\\Users\\santi\\.vscode\\extensions\\uqbar.wollok-lsp-ide-0.5.4\\out\\server\\src\\server.js:37:74872\n    at Ke (c:\\Users\\santi\\.vscode\\extensions\\uqbar.wollok-lsp-ide-0.5.4\\out\\server\\src\\server.js:7:8527)","timestamp":"2026-06-06T16:14:58.526Z"}
{"level":"info","message":"⌛ Building environment","timeElapsed":204,"timestamp":"2026-06-06T16:14:58.732Z"}
{"level":"info","message":"⌛ Building environment","timeElapsed":226,"timestamp":"2026-06-06T16:14:58.958Z"}
{"level":"info","message":"⌛ Building environment","timeElapsed":302,"timestamp":"2026-06-06T16:14:59.261Z"}
{"level":"info","message":"⌛ Building environment","timeElapsed":466,"timestamp":"2026-06-06T16:14:59.728Z"}
{"level":"info","message":"⌛ Validating niveles.wlk","timeElapsed":193,"timestamp":"2026-06-06T16:14:59.932Z"}
{"level":"info","message":"⌛ Building environment","timeElapsed":227,"timestamp":"2026-06-06T16:15:00.160Z"}
{"level":"info","message":"⌛ Validating niveles.wlk","timeElapsed":190,"timestamp":"2026-06-06T16:15:00.384Z"}
{"level":"info","message":"⌛ Validating niveles.wlk","timeElapsed":188,"timestamp":"2026-06-06T16:15:00.572Z"}
{"level":"info","message":"⌛ Validating niveles.wlk","timeElapsed":141,"timestamp":"2026-06-06T16:15:00.714Z"}
{"level":"info","message":"⌛ Building environment","timeElapsed":201,"timestamp":"2026-06-06T16:15:00.916Z"}
{"level":"error","message":"✘ Completions for node Return (undefined - niveles.wlk) failed: Error: [Return]{78c8b4} at niveles.wlk:-- exhausted all cases without a match [Return]{78c8b4} at niveles.wlk:-- exhausted all cases without a match","stack":"Error: [Return]{78c8b4} at niveles.wlk:-- exhausted all cases without a match\n    at c:\\Users\\santi\\.vscode\\extensions\\uqbar.wollok-lsp-ide-0.5.4\\out\\server\\src\\server.js:38:6142\n    at L2 (c:\\Users\\santi\\.vscode\\extensions\\uqbar.wollok-lsp-ide-0.5.4\\out\\server\\src\\server.js:2389:42)\n    at Jh (c:\\Users\\santi\\.vscode\\extensions\\uqbar.wollok-lsp-ide-0.5.4\\out\\server\\src\\server.js:2389:1092)\n    at M5n (c:\\Users\\santi\\.vscode\\extensions\\uqbar.wollok-lsp-ide-0.5.4\\out\\server\\src\\server.js:2389:1248)\n    at c:\\Users\\santi\\.vscode\\extensions\\uqbar.wollok-lsp-ide-0.5.4\\out\\server\\src\\server.js:38:6131\n    at L2 (c:\\Users\\santi\\.vscode\\extensions\\uqbar.wollok-lsp-ide-0.5.4\\out\\server\\src\\server.js:2389:42)\n    at c:\\Users\\santi\\.vscode\\extensions\\uqbar.wollok-lsp-ide-0.5.4\\out\\server\\src\\server.js:2389:2988\n    at c:\\Users\\santi\\.vscode\\extensions\\uqbar.wollok-lsp-ide-0.5.4\\out\\server\\src\\server.js:2398:8440\n    at c:\\Users\\santi\\.vscode\\extensions\\uqbar.wollok-lsp-ide-0.5.4\\out\\server\\src\\server.js:37:74872\n    at Ke (c:\\Users\\santi\\.vscode\\extensions\\uqbar.wollok-lsp-ide-0.5.4\\out\\server\\src\\server.js:7:8527)","timestamp":"2026-06-06T16:15:00.976Z"}
{"level":"info","message":"⌛ Validating niveles.wlk","timeElapsed":169,"timestamp":"2026-06-06T16:15:01.149Z"}
{"level":"info","message":"⌛ Building environment","timeElapsed":471,"timestamp":"2026-06-06T16:15:01.668Z"}
{"level":"info","message":"⌛ Validating niveles.wlk","timeElapsed":178,"timestamp":"2026-06-06T16:15:01.862Z"}
{"level":"info","message":"⌛ Building environment","timeElapsed":239,"timestamp":"2026-06-06T16:15:02.104Z"}
{"level":"info","message":"⌛ Building environment","timeElapsed":250,"timestamp":"2026-06-06T16:15:02.365Z"}
{"level":"info","message":"⌛ Building environment","timeElapsed":220,"timestamp":"2026-06-06T16:15:02.587Z"}
{"level":"info","message":"⌛ Validating niveles.wlk","timeElapsed":166,"timestamp":"2026-06-06T16:15:02.754Z"}
{"level":"info","message":"⌛ Building environment","timeElapsed":446,"timestamp":"2026-06-06T16:15:03.200Z"}
{"level":"info","message":"⌛ Validating niveles.wlk","timeElapsed":161,"timestamp":"2026-06-06T16:15:03.392Z"}
{"level":"info","message":"⌛ Building environment","timeElapsed":196,"timestamp":"2026-06-06T16:15:03.601Z"}
{"level":"info","message":"⌛ Building environment","timeElapsed":267,"timestamp":"2026-06-06T16:15:03.915Z"}
{"level":"info","message":"⌛ Building environment","timeElapsed":382,"timestamp":"2026-06-06T16:15:04.298Z"}
{"level":"info","message":"⌛ Building environment","timeElapsed":291,"timestamp":"2026-06-06T16:15:04.590Z"}
{"level":"info","message":"⌛ Validating niveles.wlk","timeElapsed":162,"timestamp":"2026-06-06T16:15:04.752Z"}
{"level":"info","message":"⌛ Building environment","timeElapsed":232,"timestamp":"2026-06-06T16:15:05.010Z"}
{"level":"info","message":"⌛ Validating niveles.wlk","timeElapsed":170,"timestamp":"2026-06-06T16:15:05.187Z"}
{"level":"info","message":"⌛ Validating niveles.wlk","timeElapsed":148,"timestamp":"2026-06-06T16:15:05.351Z"}
{"level":"info","message":"⌛ Validating niveles.wlk","timeElapsed":213,"timestamp":"2026-06-06T16:15:05.565Z"}
{"level":"info","message":"⌛ Building environment","timeElapsed":323,"timestamp":"2026-06-06T16:15:05.889Z"}
{"level":"info","message":"⌛ Building environment","timeElapsed":288,"timestamp":"2026-06-06T16:15:06.178Z"}
{"level":"info","message":"⌛ Validating niveles.wlk","timeElapsed":127,"timestamp":"2026-06-06T16:15:06.334Z"}
{"level":"info","message":"⌛ Validating niveles.wlk","timeElapsed":153,"timestamp":"2026-06-06T16:15:06.487Z"}
{"level":"info","message":"⌛ Building environment","timeElapsed":383,"timestamp":"2026-06-06T16:15:06.883Z"}
{"level":"info","message":"⌛ Validating niveles.wlk","timeElapsed":216,"timestamp":"2026-06-06T16:15:07.100Z"}
{"level":"info","message":"⌛ Validating niveles.wlk","timeElapsed":153,"timestamp":"2026-06-06T16:15:07.291Z"}
{"level":"info","message":"⌛ Validating niveles.wlk","timeElapsed":157,"timestamp":"2026-06-06T16:15:07.448Z"}
{"level":"info","message":"⌛ Validating niveles.wlk","timeElapsed":207,"timestamp":"2026-06-06T16:15:07.656Z"}
{"level":"info","message":"⌛ Building environment","timeElapsed":236,"timestamp":"2026-06-06T16:15:07.914Z"}
{"level":"info","message":"⌛ Validating niveles.wlk","timeElapsed":156,"timestamp":"2026-06-06T16:15:08.116Z"}
{"level":"info","message":"⌛ Validating niveles.wlk","timeElapsed":291,"timestamp":"2026-06-06T16:15:08.434Z"}
{"level":"info","message":"⌛ Validating niveles.wlk","timeElapsed":443,"timestamp":"2026-06-06T16:15:08.903Z"}
{"level":"info","message":"⌛ Validating niveles.wlk","timeElapsed":215,"timestamp":"2026-06-06T16:15:09.120Z"}
{"errors":{"errors":[null,["/*const palanca = new Palanca(position = game.at(3,3), listaObjetos = [0, 1])\r","game.addVisual(palanca)\r"]]},"level":"error","message":"✘ Failed to get type description: Error: {\n  \"errors\": [\n    null,\n    [\n      \"/*const palanca = new Palanca(position = game.at(3,3), listaObjetos = [0, 1])\\r\",\n      \"game.addVisual(palanca)\\r\"\n    ]\n  ]\n} {\n  \"errors\": [\n    null,\n    [\n      \"/*const palanca = new Palanca(position = game.at(3,3), listaObjetos = [0, 1])\\r\",\n      \"game.addVisual(palanca)\\r\"\n    ]\n  ]\n}","stack":"Error: {\n  \"errors\": [\n    null,\n    [\n      \"/*const palanca = new Palanca(position = game.at(3,3), listaObjetos = [0, 1])\\r\",\n      \"game.addVisual(palanca)\\r\"\n    ]\n  ]\n}\n    at lS (c:\\Users\\santi\\.vscode\\extensions\\uqbar.wollok-lsp-ide-0.5.4\\out\\server\\src\\server.js:64:34609)\n    at Q1 (c:\\Users\\santi\\.vscode\\extensions\\uqbar.wollok-lsp-ide-0.5.4\\out\\server\\src\\server.js:64:34682)\n    at c:\\Users\\santi\\.vscode\\extensions\\uqbar.wollok-lsp-ide-0.5.4\\out\\server\\src\\server.js:64:37949\n    at o.y1 (c:\\Users\\santi\\.vscode\\extensions\\uqbar.wollok-lsp-ide-0.5.4\\out\\server\\src\\server.js:57:59114)\n    at c:\\Users\\santi\\.vscode\\extensions\\uqbar.wollok-lsp-ide-0.5.4\\out\\server\\src\\server.js:64:37918\n    at c:\\Users\\santi\\.vscode\\extensions\\uqbar.wollok-lsp-ide-0.5.4\\out\\server\\src\\server.js:57:57154\n    at Cfn (c:\\Users\\santi\\.vscode\\extensions\\uqbar.wollok-lsp-ide-0.5.4\\out\\server\\src\\server.js:68:11324)\n    at c:\\Users\\santi\\.vscode\\extensions\\uqbar.wollok-lsp-ide-0.5.4\\out\\server\\src\\server.js:68:3629\n    at d4 (c:\\Users\\santi\\.vscode\\extensions\\uqbar.wollok-lsp-ide-0.5.4\\out\\server\\src\\server.js:68:9866)\n    at c:\\Users\\santi\\.vscode\\extensions\\uqbar.wollok-lsp-ide-0.5.4\\out\\server\\src\\server.js:68:9628","timestamp":"2026-06-06T16:16:07.036Z"}
{"level":"info","message":"⌛ Building environment","timeElapsed":123,"timestamp":"2026-06-06T16:16:18.000Z"}
{"level":"info","message":"⌛ Validating juego.wpgm","timeElapsed":198,"timestamp":"2026-06-06T16:16:18.202Z"}
{"level":"info","message":"⌛ Building environment","timeElapsed":143,"timestamp":"2026-06-06T16:16:18.346Z"}
{"level":"info","message":"⌛ Building environment","timeElapsed":121,"timestamp":"2026-06-06T16:16:18.467Z"}
{"level":"info","message":"⌛ Validating juego.wpgm","timeElapsed":267,"timestamp":"2026-06-06T16:16:18.735Z"}
{"level":"info","message":"⌛ Building environment","timeElapsed":180,"timestamp":"2026-06-06T16:16:18.916Z"}
{"level":"info","message":"⌛ Validating juego.wpgm","timeElapsed":147,"timestamp":"2026-06-06T16:16:19.076Z"}
{"level":"info","message":"⌛ Validating juego.wpgm","timeElapsed":153,"timestamp":"2026-06-06T16:16:19.239Z"}
{"level":"info","message":"⌛ Building environment","timeElapsed":117,"timestamp":"2026-06-06T16:16:20.247Z"}
{"level":"info","message":"⌛ Validating juego.wpgm","timeElapsed":149,"timestamp":"2026-06-06T16:16:20.397Z"}
{"level":"info","message":"⌛ Building environment","timeElapsed":273,"timestamp":"2026-06-06T16:16:27.096Z"}
{"level":"info","message":"⌛ Validating niveles.wlk","timeElapsed":219,"timestamp":"2026-06-06T16:16:27.319Z"}
{"level":"info","message":"⌛ Building environment","timeElapsed":368,"timestamp":"2026-06-06T16:16:49.551Z"}
{"level":"info","message":"⌛ Building environment","timeElapsed":349,"timestamp":"2026-06-06T16:16:49.960Z"}
{"level":"info","message":"⌛ Validating niveles.wlk","timeElapsed":251,"timestamp":"2026-06-06T16:16:50.250Z"}
{"level":"info","message":"⌛ Validating niveles.wlk","timeElapsed":267,"timestamp":"2026-06-06T16:16:50.519Z"}
{"level":"info","message":"⌛ Building environment","timeElapsed":309,"timestamp":"2026-06-06T16:17:24.870Z"}
{"level":"info","message":"⌛ Validating niveles.wlk","timeElapsed":149,"timestamp":"2026-06-06T16:17:25.203Z"}
{"level":"info","message":"⌛ Building environment","timeElapsed":251,"timestamp":"2026-06-06T16:17:34.893Z"}
{"level":"info","message":"⌛ Validating niveles.wlk","timeElapsed":205,"timestamp":"2026-06-06T16:17:35.101Z"}
{"level":"info","message":"⌛ Building environment","timeElapsed":263,"timestamp":"2026-06-06T16:17:35.372Z"}
{"level":"info","message":"⌛ Validating niveles.wlk","timeElapsed":171,"timestamp":"2026-06-06T16:17:35.548Z"}
{"level":"info","message":"⌛ Building environment","timeElapsed":306,"timestamp":"2026-06-06T16:17:40.258Z"}
{"level":"info","message":"⌛ Building environment","timeElapsed":546,"timestamp":"2026-06-06T16:17:40.805Z"}
{"level":"info","message":"⌛ Building environment","timeElapsed":554,"timestamp":"2026-06-06T16:17:41.360Z"}
{"level":"info","message":"⌛ Building environment","timeElapsed":333,"timestamp":"2026-06-06T16:17:41.708Z"}
{"level":"info","message":"⌛ Validating niveles.wlk","timeElapsed":236,"timestamp":"2026-06-06T16:17:41.944Z"}
{"level":"info","message":"⌛ Validating niveles.wlk","timeElapsed":212,"timestamp":"2026-06-06T16:17:42.157Z"}
{"level":"info","message":"⌛ Building environment","timeElapsed":267,"timestamp":"2026-06-06T16:17:42.474Z"}
{"level":"info","message":"⌛ Validating niveles.wlk","timeElapsed":193,"timestamp":"2026-06-06T16:17:42.676Z"}
{"level":"info","message":"⌛ Validating niveles.wlk","timeElapsed":160,"timestamp":"2026-06-06T16:17:42.837Z"}
{"level":"info","message":"⌛ Validating niveles.wlk","timeElapsed":246,"timestamp":"2026-06-06T16:17:43.084Z"}
{"level":"info","message":"⌛ Building environment","timeElapsed":222,"timestamp":"2026-06-06T16:17:49.808Z"}
{"level":"info","message":"⌛ Validating niveles.wlk","timeElapsed":156,"timestamp":"2026-06-06T16:17:49.977Z"}
{"level":"info","message":"⌛ Building environment","timeElapsed":209,"timestamp":"2026-06-06T16:18:00.447Z"}
{"level":"info","message":"⌛ Validating niveles.wlk","timeElapsed":299,"timestamp":"2026-06-06T16:18:00.759Z"}
{"level":"info","message":"⌛ Building environment","timeElapsed":333,"timestamp":"2026-06-06T16:18:01.146Z"}
{"level":"info","message":"⌛ Validating niveles.wlk","timeElapsed":343,"timestamp":"2026-06-06T16:18:01.529Z"}
{"level":"info","message":"⌛ Building environment","timeElapsed":235,"timestamp":"2026-06-06T16:18:08.437Z"}
{"level":"info","message":"⌛ Building environment","timeElapsed":340,"timestamp":"2026-06-06T16:18:08.789Z"}
{"level":"info","message":"⌛ Validating niveles.wlk","timeElapsed":154,"timestamp":"2026-06-06T16:18:08.943Z"}
{"level":"info","message":"⌛ Building environment","timeElapsed":253,"timestamp":"2026-06-06T16:18:09.196Z"}
{"level":"info","message":"⌛ Building environment","timeElapsed":692,"timestamp":"2026-06-06T16:18:09.907Z"}
{"level":"info","message":"⌛ Validating niveles.wlk","timeElapsed":320,"timestamp":"2026-06-06T16:18:10.228Z"}
{"level":"info","message":"⌛ Building environment","timeElapsed":267,"timestamp":"2026-06-06T16:18:10.496Z"}
{"level":"info","message":"⌛ Building environment","timeElapsed":270,"timestamp":"2026-06-06T16:18:10.767Z"}
{"level":"error","message":"✘ Completions for node Send ([51:8, 51:26] - niveles.wlk) failed: Error: [Send]{698f7c} at niveles.wlk:51 exhausted all cases without a match [Send]{698f7c} at niveles.wlk:51 exhausted all cases without a match","stack":"Error: [Send]{698f7c} at niveles.wlk:51 exhausted all cases without a match\n    at c:\\Users\\santi\\.vscode\\extensions\\uqbar.wollok-lsp-ide-0.5.4\\out\\server\\src\\server.js:38:6142\n    at L2 (c:\\Users\\santi\\.vscode\\extensions\\uqbar.wollok-lsp-ide-0.5.4\\out\\server\\src\\server.js:2389:42)\n    at Jh (c:\\Users\\santi\\.vscode\\extensions\\uqbar.wollok-lsp-ide-0.5.4\\out\\server\\src\\server.js:2389:1092)\n    at M5n (c:\\Users\\santi\\.vscode\\extensions\\uqbar.wollok-lsp-ide-0.5.4\\out\\server\\src\\server.js:2389:1248)\n    at c:\\Users\\santi\\.vscode\\extensions\\uqbar.wollok-lsp-ide-0.5.4\\out\\server\\src\\server.js:38:6131\n    at L2 (c:\\Users\\santi\\.vscode\\extensions\\uqbar.wollok-lsp-ide-0.5.4\\out\\server\\src\\server.js:2389:42)\n    at c:\\Users\\santi\\.vscode\\extensions\\uqbar.wollok-lsp-ide-0.5.4\\out\\server\\src\\server.js:2389:2988\n    at c:\\Users\\santi\\.vscode\\extensions\\uqbar.wollok-lsp-ide-0.5.4\\out\\server\\src\\server.js:2398:8440\n    at c:\\Users\\santi\\.vscode\\extensions\\uqbar.wollok-lsp-ide-0.5.4\\out\\server\\src\\server.js:37:74872\n    at Ke (c:\\Users\\santi\\.vscode\\extensions\\uqbar.wollok-lsp-ide-0.5.4\\out\\server\\src\\server.js:7:8527)","timestamp":"2026-06-06T16:18:10.831Z"}
{"level":"info","message":"⌛ Validating niveles.wlk","timeElapsed":195,"timestamp":"2026-06-06T16:18:11.047Z"}
{"level":"info","message":"⌛ Building environment","timeElapsed":286,"timestamp":"2026-06-06T16:18:11.359Z"}
{"level":"info","message":"⌛ Building environment","timeElapsed":288,"timestamp":"2026-06-06T16:18:11.665Z"}
{"level":"info","message":"⌛ Building environment","timeElapsed":422,"timestamp":"2026-06-06T16:18:12.090Z"}
{"level":"info","message":"⌛ Building environment","timeElapsed":224,"timestamp":"2026-06-06T16:18:12.376Z"}
{"level":"info","message":"⌛ Validating niveles.wlk","timeElapsed":178,"timestamp":"2026-06-06T16:18:12.555Z"}
{"level":"info","message":"⌛ Building environment","timeElapsed":236,"timestamp":"2026-06-06T16:18:12.811Z"}
{"level":"info","message":"⌛ Building environment","timeElapsed":212,"timestamp":"2026-06-06T16:18:13.035Z"}
{"level":"info","message":"⌛ Validating niveles.wlk","timeElapsed":150,"timestamp":"2026-06-06T16:18:13.185Z"}
{"level":"info","message":"⌛ Validating niveles.wlk","timeElapsed":172,"timestamp":"2026-06-06T16:18:13.359Z"}
{"level":"info","message":"⌛ Building environment","timeElapsed":411,"timestamp":"2026-06-06T16:18:13.772Z"}
{"level":"info","message":"⌛ Building environment","timeElapsed":261,"timestamp":"2026-06-06T16:18:14.034Z"}
{"level":"info","message":"⌛ Building environment","timeElapsed":241,"timestamp":"2026-06-06T16:18:14.276Z"}
{"level":"info","message":"⌛ Validating niveles.wlk","timeElapsed":175,"timestamp":"2026-06-06T16:18:14.493Z"}
{"level":"info","message":"⌛ Validating niveles.wlk","timeElapsed":212,"timestamp":"2026-06-06T16:18:14.705Z"}
{"level":"info","message":"⌛ Validating niveles.wlk","timeElapsed":173,"timestamp":"2026-06-06T16:18:14.879Z"}
{"level":"info","message":"⌛ Validating niveles.wlk","timeElapsed":173,"timestamp":"2026-06-06T16:18:15.110Z"}
{"level":"info","message":"⌛ Validating niveles.wlk","timeElapsed":265,"timestamp":"2026-06-06T16:18:15.376Z"}
{"level":"info","message":"⌛ Building environment","timeElapsed":317,"timestamp":"2026-06-06T16:18:15.695Z"}
{"level":"info","message":"⌛ Validating niveles.wlk","timeElapsed":193,"timestamp":"2026-06-06T16:18:15.904Z"}
{"level":"info","message":"⌛ Building environment","timeElapsed":378,"timestamp":"2026-06-06T16:18:16.285Z"}
{"level":"info","message":"⌛ Building environment","timeElapsed":237,"timestamp":"2026-06-06T16:18:16.522Z"}
{"level":"info","message":"⌛ Building environment","timeElapsed":285,"timestamp":"2026-06-06T16:18:16.827Z"}
{"level":"info","message":"⌛ Validating niveles.wlk","timeElapsed":330,"timestamp":"2026-06-06T16:18:17.159Z"}
{"level":"info","message":"⌛ Building environment","timeElapsed":261,"timestamp":"2026-06-06T16:18:17.421Z"}
{"level":"info","message":"⌛ Validating niveles.wlk","timeElapsed":188,"timestamp":"2026-06-06T16:18:17.609Z"}
{"level":"info","message":"⌛ Building environment","timeElapsed":394,"timestamp":"2026-06-06T16:18:18.026Z"}
{"level":"info","message":"⌛ Validating niveles.wlk","timeElapsed":198,"timestamp":"2026-06-06T16:18:18.225Z"}
{"level":"info","message":"⌛ Building environment","timeElapsed":247,"timestamp":"2026-06-06T16:18:18.477Z"}
{"level":"info","message":"⌛ Building environment","timeElapsed":220,"timestamp":"2026-06-06T16:18:18.706Z"}
{"level":"info","message":"⌛ Building environment","timeElapsed":267,"timestamp":"2026-06-06T16:18:18.973Z"}
{"level":"info","message":"⌛ Building environment","timeElapsed":250,"timestamp":"2026-06-06T16:18:19.223Z"}
{"level":"info","message":"⌛ Building environment","timeElapsed":226,"timestamp":"2026-06-06T16:18:19.458Z"}
{"level":"info","message":"⌛ Building environment","timeElapsed":460,"timestamp":"2026-06-06T16:18:19.919Z"}
{"level":"info","message":"⌛ Building environment","timeElapsed":235,"timestamp":"2026-06-06T16:18:20.155Z"}
{"level":"info","message":"⌛ Validating niveles.wlk","timeElapsed":157,"timestamp":"2026-06-06T16:18:20.312Z"}
{"level":"info","message":"⌛ Building environment","timeElapsed":245,"timestamp":"2026-06-06T16:18:20.558Z"}
{"level":"info","message":"⌛ Building environment","timeElapsed":333,"timestamp":"2026-06-06T16:18:20.897Z"}
{"level":"info","message":"⌛ Building environment","timeElapsed":274,"timestamp":"2026-06-06T16:18:21.172Z"}
{"level":"info","message":"⌛ Validating niveles.wlk","timeElapsed":173,"timestamp":"2026-06-06T16:18:21.345Z"}
{"level":"info","message":"⌛ Building environment","timeElapsed":232,"timestamp":"2026-06-06T16:18:21.578Z"}
{"level":"info","message":"⌛ Building environment","timeElapsed":227,"timestamp":"2026-06-06T16:18:21.806Z"}
{"level":"info","message":"⌛ Validating niveles.wlk","timeElapsed":152,"timestamp":"2026-06-06T16:18:21.959Z"}
{"level":"info","message":"⌛ Building environment","timeElapsed":244,"timestamp":"2026-06-06T16:18:22.203Z"}
{"level":"info","message":"⌛ Validating niveles.wlk","timeElapsed":232,"timestamp":"2026-06-06T16:18:22.436Z"}
{"level":"info","message":"⌛ Building environment","timeElapsed":230,"timestamp":"2026-06-06T16:18:22.667Z"}
{"level":"info","message":"⌛ Building environment","timeElapsed":238,"timestamp":"2026-06-06T16:18:22.905Z"}
{"level":"info","message":"⌛ Building environment","timeElapsed":215,"timestamp":"2026-06-06T16:18:23.121Z"}
{"level":"info","message":"⌛ Building environment","timeElapsed":244,"timestamp":"2026-06-06T16:18:23.366Z"}
{"level":"info","message":"⌛ Building environment","timeElapsed":523,"timestamp":"2026-06-06T16:18:23.891Z"}
{"level":"info","message":"⌛ Validating niveles.wlk","timeElapsed":186,"timestamp":"2026-06-06T16:18:24.078Z"}
{"level":"info","message":"⌛ Building environment","timeElapsed":269,"timestamp":"2026-06-06T16:18:24.348Z"}
{"level":"info","message":"⌛ Building environment","timeElapsed":255,"timestamp":"2026-06-06T16:18:24.604Z"}
{"level":"info","message":"⌛ Building environment","timeElapsed":227,"timestamp":"2026-06-06T16:18:24.832Z"}
{"level":"info","message":"⌛ Building environment","timeElapsed":254,"timestamp":"2026-06-06T16:18:25.099Z"}
{"level":"info","message":"⌛ Building environment","timeElapsed":238,"timestamp":"2026-06-06T16:18:25.339Z"}
{"level":"info","message":"⌛ Validating niveles.wlk","timeElapsed":153,"timestamp":"2026-06-06T16:18:25.492Z"}
{"level":"info","message":"⌛ Building environment","timeElapsed":202,"timestamp":"2026-06-06T16:18:25.694Z"}
{"level":"info","message":"⌛ Validating niveles.wlk","timeElapsed":141,"timestamp":"2026-06-06T16:18:25.863Z"}
{"level":"info","message":"⌛ Validating niveles.wlk","timeElapsed":258,"timestamp":"2026-06-06T16:18:26.123Z"}
{"level":"info","message":"⌛ Validating niveles.wlk","timeElapsed":150,"timestamp":"2026-06-06T16:18:26.273Z"}
{"level":"info","message":"⌛ Validating niveles.wlk","timeElapsed":149,"timestamp":"2026-06-06T16:18:26.468Z"}
{"level":"info","message":"⌛ Validating niveles.wlk","timeElapsed":138,"timestamp":"2026-06-06T16:18:26.609Z"}
{"level":"info","message":"⌛ Validating niveles.wlk","timeElapsed":159,"timestamp":"2026-06-06T16:18:26.769Z"}
{"level":"info","message":"⌛ Building environment","timeElapsed":307,"timestamp":"2026-06-06T16:18:27.076Z"}
{"level":"info","message":"⌛ Validating niveles.wlk","timeElapsed":312,"timestamp":"2026-06-06T16:18:27.389Z"}
{"level":"info","message":"⌛ Building environment","timeElapsed":488,"timestamp":"2026-06-06T16:18:27.879Z"}
{"level":"info","message":"⌛ Building environment","timeElapsed":302,"timestamp":"2026-06-06T16:18:28.182Z"}
{"level":"info","message":"⌛ Validating niveles.wlk","timeElapsed":193,"timestamp":"2026-06-06T16:18:28.376Z"}
{"level":"info","message":"⌛ Building environment","timeElapsed":219,"timestamp":"2026-06-06T16:18:28.626Z"}
{"level":"info","message":"⌛ Validating niveles.wlk","timeElapsed":182,"timestamp":"2026-06-06T16:18:28.827Z"}
{"level":"info","message":"⌛ Building environment","timeElapsed":237,"timestamp":"2026-06-06T16:18:29.093Z"}
{"level":"info","message":"⌛ Building environment","timeElapsed":285,"timestamp":"2026-06-06T16:18:29.385Z"}
{"level":"info","message":"⌛ Validating niveles.wlk","timeElapsed":209,"timestamp":"2026-06-06T16:18:29.596Z"}
{"level":"info","message":"⌛ Validating niveles.wlk","timeElapsed":150,"timestamp":"2026-06-06T16:18:29.756Z"}
{"level":"info","message":"⌛ Building environment","timeElapsed":197,"timestamp":"2026-06-06T16:18:29.973Z"}
{"level":"info","message":"⌛ Validating niveles.wlk","timeElapsed":137,"timestamp":"2026-06-06T16:18:30.110Z"}
{"level":"info","message":"⌛ Building environment","timeElapsed":213,"timestamp":"2026-06-06T16:18:30.324Z"}
{"level":"info","message":"⌛ Building environment","timeElapsed":332,"timestamp":"2026-06-06T16:18:30.657Z"}
{"level":"info","message":"⌛ Building environment","timeElapsed":260,"timestamp":"2026-06-06T16:18:30.918Z"}
{"level":"info","message":"⌛ Validating niveles.wlk","timeElapsed":206,"timestamp":"2026-06-06T16:18:31.125Z"}
{"level":"info","message":"⌛ Building environment","timeElapsed":371,"timestamp":"2026-06-06T16:18:31.500Z"}
{"level":"info","message":"⌛ Validating niveles.wlk","timeElapsed":526,"timestamp":"2026-06-06T16:18:32.124Z"}
{"level":"info","message":"⌛ Building environment","timeElapsed":379,"timestamp":"2026-06-06T16:18:32.525Z"}
{"level":"info","message":"⌛ Building environment","timeElapsed":472,"timestamp":"2026-06-06T16:18:32.999Z"}
{"level":"info","message":"⌛ Validating niveles.wlk","timeElapsed":287,"timestamp":"2026-06-06T16:18:33.289Z"}
{"level":"info","message":"⌛ Validating niveles.wlk","timeElapsed":185,"timestamp":"2026-06-06T16:18:33.507Z"}
{"level":"info","message":"⌛ Validating niveles.wlk","timeElapsed":318,"timestamp":"2026-06-06T16:18:33.826Z"}
{"level":"info","message":"⌛ Validating niveles.wlk","timeElapsed":184,"timestamp":"2026-06-06T16:18:34.011Z"}
{"level":"info","message":"⌛ Validating niveles.wlk","timeElapsed":169,"timestamp":"2026-06-06T16:18:34.215Z"}
{"level":"info","message":"⌛ Validating niveles.wlk","timeElapsed":279,"timestamp":"2026-06-06T16:18:34.496Z"}
{"level":"info","message":"⌛ Validating niveles.wlk","timeElapsed":148,"timestamp":"2026-06-06T16:18:34.678Z"}
{"level":"info","message":"⌛ Validating niveles.wlk","timeElapsed":295,"timestamp":"2026-06-06T16:18:34.974Z"}
{"level":"info","message":"⌛ Validating niveles.wlk","timeElapsed":166,"timestamp":"2026-06-06T16:18:35.184Z"}
{"level":"info","message":"⌛ Validating niveles.wlk","timeElapsed":132,"timestamp":"2026-06-06T16:18:35.317Z"}
{"level":"info","message":"⌛ Building environment","timeElapsed":218,"timestamp":"2026-06-06T16:18:35.577Z"}
{"level":"info","message":"⌛ Validating niveles.wlk","timeElapsed":145,"timestamp":"2026-06-06T16:18:35.749Z"}
{"level":"info","message":"⌛ Validating niveles.wlk","timeElapsed":137,"timestamp":"2026-06-06T16:18:35.935Z"}
{"level":"info","message":"⌛ Validating niveles.wlk","timeElapsed":158,"timestamp":"2026-06-06T16:18:36.094Z"}
{"level":"info","message":"⌛ Validating niveles.wlk","timeElapsed":146,"timestamp":"2026-06-06T16:18:36.242Z"}
{"level":"info","message":"⌛ Validating niveles.wlk","timeElapsed":216,"timestamp":"2026-06-06T16:18:36.494Z"}
{"level":"info","message":"⌛ Validating niveles.wlk","timeElapsed":204,"timestamp":"2026-06-06T16:18:36.715Z"}
{"level":"info","message":"⌛ Validating niveles.wlk","timeElapsed":177,"timestamp":"2026-06-06T16:18:36.893Z"}
{"level":"info","message":"⌛ Validating niveles.wlk","timeElapsed":361,"timestamp":"2026-06-06T16:18:37.267Z"}
{"level":"info","message":"⌛ Validating niveles.wlk","timeElapsed":236,"timestamp":"2026-06-06T16:18:37.531Z"}
{"level":"info","message":"⌛ Validating niveles.wlk","timeElapsed":227,"timestamp":"2026-06-06T16:18:37.758Z"}
{"level":"info","message":"⌛ Validating niveles.wlk","timeElapsed":294,"timestamp":"2026-06-06T16:18:38.054Z"}
{"level":"info","message":"⌛ Validating niveles.wlk","timeElapsed":185,"timestamp":"2026-06-06T16:18:38.274Z"}
{"level":"info","message":"⌛ Validating niveles.wlk","timeElapsed":178,"timestamp":"2026-06-06T16:18:38.452Z"}
{"level":"info","message":"⌛ Validating niveles.wlk","timeElapsed":169,"timestamp":"2026-06-06T16:18:38.660Z"}
{"level":"info","message":"⌛ Building environment","timeElapsed":257,"timestamp":"2026-06-06T16:18:38.918Z"}
{"level":"info","message":"⌛ Building environment","timeElapsed":238,"timestamp":"2026-06-06T16:18:39.156Z"}
{"level":"info","message":"⌛ Building environment","timeElapsed":257,"timestamp":"2026-06-06T16:18:39.415Z"}
{"level":"info","message":"⌛ Building environment","timeElapsed":286,"timestamp":"2026-06-06T16:18:39.702Z"}
{"level":"info","message":"⌛ Building environment","timeElapsed":293,"timestamp":"2026-06-06T16:18:39.996Z"}
{"level":"info","message":"⌛ Building environment","timeElapsed":789,"timestamp":"2026-06-06T16:18:40.795Z"}
{"level":"info","message":"⌛ Building environment","timeElapsed":247,"timestamp":"2026-06-06T16:18:41.043Z"}
{"level":"info","message":"⌛ Building environment","timeElapsed":251,"timestamp":"2026-06-06T16:18:41.295Z"}
{"level":"info","message":"⌛ Validating niveles.wlk","timeElapsed":174,"timestamp":"2026-06-06T16:18:41.482Z"}
{"level":"info","message":"⌛ Validating niveles.wlk","timeElapsed":157,"timestamp":"2026-06-06T16:18:41.639Z"}
{"level":"info","message":"⌛ Validating niveles.wlk","timeElapsed":171,"timestamp":"2026-06-06T16:18:41.811Z"}
{"level":"info","message":"⌛ Validating niveles.wlk","timeElapsed":162,"timestamp":"2026-06-06T16:18:41.973Z"}
{"level":"info","message":"⌛ Validating niveles.wlk","timeElapsed":163,"timestamp":"2026-06-06T16:18:42.136Z"}
{"level":"info","message":"⌛ Validating niveles.wlk","timeElapsed":176,"timestamp":"2026-06-06T16:18:42.346Z"}
{"level":"info","message":"⌛ Validating niveles.wlk","timeElapsed":258,"timestamp":"2026-06-06T16:18:42.605Z"}
{"level":"info","message":"⌛ Validating niveles.wlk","timeElapsed":218,"timestamp":"2026-06-06T16:18:42.825Z"}
{"level":"info","message":"⌛ Building environment","timeElapsed":354,"timestamp":"2026-06-06T16:21:00.665Z"}
{"level":"info","message":"⌛ Validating niveles.wlk","timeElapsed":480,"timestamp":"2026-06-06T16:21:01.377Z"}
{"level":"info","message":"⌛ Building environment","timeElapsed":220,"timestamp":"2026-06-06T16:23:17.288Z"}
{"level":"info","message":"⌛ Validating objetos.wlk","timeElapsed":199,"timestamp":"2026-06-06T16:23:17.490Z"}
{"level":"info","message":"⌛ Building environment","timeElapsed":175,"timestamp":"2026-06-06T16:23:17.828Z"}
{"level":"info","message":"⌛ Validating objetos.wlk","timeElapsed":199,"timestamp":"2026-06-06T16:23:18.029Z"}
{"level":"info","message":"⌛ Building environment","timeElapsed":241,"timestamp":"2026-06-06T16:23:18.271Z"}
{"level":"info","message":"⌛ Building environment","timeElapsed":290,"timestamp":"2026-06-06T16:23:18.627Z"}
{"level":"info","message":"⌛ Validating objetos.wlk","timeElapsed":193,"timestamp":"2026-06-06T16:23:18.835Z"}
{"level":"info","message":"⌛ Validating objetos.wlk","timeElapsed":263,"timestamp":"2026-06-06T16:23:19.125Z"}
{"level":"info","message":"⌛ Building environment","timeElapsed":194,"timestamp":"2026-06-06T16:23:20.139Z"}
{"level":"info","message":"⌛ Building environment","timeElapsed":223,"timestamp":"2026-06-06T16:23:20.378Z"}
{"level":"info","message":"⌛ Validating objetos.wlk","timeElapsed":229,"timestamp":"2026-06-06T16:23:20.607Z"}
{"level":"info","message":"⌛ Validating objetos.wlk","timeElapsed":235,"timestamp":"2026-06-06T16:23:20.944Z"}
{"level":"info","message":"⌛ Building environment","timeElapsed":212,"timestamp":"2026-06-06T16:23:24.153Z"}
{"level":"info","message":"⌛ Validating objetos.wlk","timeElapsed":240,"timestamp":"2026-06-06T16:23:24.408Z"}
{"level":"info","message":"⌛ Building environment","timeElapsed":169,"timestamp":"2026-06-06T16:24:16.272Z"}
{"level":"info","message":"⌛ Validating objetos.wlk","timeElapsed":166,"timestamp":"2026-06-06T16:24:16.440Z"}
{"level":"info","message":"⌛ Building environment","timeElapsed":203,"timestamp":"2026-06-06T16:24:16.711Z"}
{"level":"info","message":"⌛ Validating objetos.wlk","timeElapsed":152,"timestamp":"2026-06-06T16:24:16.904Z"}
{"level":"info","message":"⌛ Building environment","timeElapsed":145,"timestamp":"2026-06-06T16:24:17.066Z"}
{"level":"info","message":"⌛ Validating objetos.wlk","timeElapsed":146,"timestamp":"2026-06-06T16:24:17.223Z"}
{"level":"info","message":"⌛ Building environment","timeElapsed":147,"timestamp":"2026-06-06T16:24:17.440Z"}
{"level":"info","message":"⌛ Validating objetos.wlk","timeElapsed":183,"timestamp":"2026-06-06T16:24:17.643Z"}
{"level":"info","message":"⌛ Building environment","timeElapsed":164,"timestamp":"2026-06-06T16:24:17.811Z"}
{"level":"info","message":"⌛ Validating objetos.wlk","timeElapsed":332,"timestamp":"2026-06-06T16:24:18.176Z"}
{"level":"info","message":"⌛ Building environment","timeElapsed":240,"timestamp":"2026-06-06T16:24:24.656Z"}
{"level":"info","message":"⌛ Validating objetos.wlk","timeElapsed":152,"timestamp":"2026-06-06T16:24:24.810Z"}
{"level":"info","message":"⌛ Building environment","timeElapsed":136,"timestamp":"2026-06-06T16:24:25.189Z"}
{"level":"info","message":"⌛ Validating objetos.wlk","timeElapsed":147,"timestamp":"2026-06-06T16:24:25.339Z"}
{"level":"info","message":"⌛ Building environment","timeElapsed":166,"timestamp":"2026-06-06T16:24:25.520Z"}
{"level":"info","message":"⌛ Validating objetos.wlk","timeElapsed":144,"timestamp":"2026-06-06T16:24:25.673Z"}
{"errors":{"errors":[null,["/*\r","*  Este archivo contiene los datos de los niveles del juego.\r","*  Cada nivel es representado por una matriz de enteros, donde cada entero representa un objeto o elemento del juego:\r","*  - 0: Celda vacía\r","*  - 0: Pared\r","*  - 2: Moneda\r","*  - 3: Sapo (enemigo)\r","*  - 4: Pinchos\r","*  - 67: Personaje (punto de inicio)\r","*  - 0: Pinchos\r","*\r","*  Puedes agregar más niveles siguiendo el mismo formato.\r"]]},"level":"error","message":"✘ Failed to get type description: Error: {\n  \"errors\": [\n    null,\n    [\n      \"/*\\r\",\n      \"*  Este archivo contiene los datos de los niveles del juego.\\r\",\n      \"*  Cada nivel es representado por una matriz de enteros, donde cada entero representa un objeto o elemento del juego:\\r\",\n      \"*  - 0: Celda vacía\\r\",\n      \"*  - 0: Pared\\r\",\n      \"*  - 2: Moneda\\r\",\n      \"*  - 3: Sapo (enemigo)\\r\",\n      \"*  - 4: Pinchos\\r\",\n      \"*  - 67: Personaje (punto de inicio)\\r\",\n      \"*  - 0: Pinchos\\r\",\n      \"*\\r\",\n      \"*  Puedes agregar más niveles siguiendo el mismo formato.\\r\"\n    ]\n  ]\n} {\n  \"errors\": [\n    null,\n    [\n      \"/*\\r\",\n      \"*  Este archivo contiene los datos de los niveles del juego.\\r\",\n      \"*  Cada nivel es representado por una matriz de enteros, donde cada entero representa un objeto o elemento del juego:\\r\",\n      \"*  - 0: Celda vacía\\r\",\n      \"*  - 0: Pared\\r\",\n      \"*  - 2: Moneda\\r\",\n      \"*  - 3: Sapo (enemigo)\\r\",\n      \"*  - 4: Pinchos\\r\",\n      \"*  - 67: Personaje (punto de inicio)\\r\",\n      \"*  - 0: Pinchos\\r\",\n      \"*\\r\",\n      \"*  Puedes agregar más niveles siguiendo el mismo formato.\\r\"\n    ]\n  ]\n}","stack":"Error: {\n  \"errors\": [\n    null,\n    [\n      \"/*\\r\",\n      \"*  Este archivo contiene los datos de los niveles del juego.\\r\",\n      \"*  Cada nivel es representado por una matriz de enteros, donde cada entero representa un objeto o elemento del juego:\\r\",\n      \"*  - 0: Celda vacía\\r\",\n      \"*  - 0: Pared\\r\",\n      \"*  - 2: Moneda\\r\",\n      \"*  - 3: Sapo (enemigo)\\r\",\n      \"*  - 4: Pinchos\\r\",\n      \"*  - 67: Personaje (punto de inicio)\\r\",\n      \"*  - 0: Pinchos\\r\",\n      \"*\\r\",\n      \"*  Puedes agregar más niveles siguiendo el mismo formato.\\r\"\n    ]\n  ]\n}\n    at lS (c:\\Users\\santi\\.vscode\\extensions\\uqbar.wollok-lsp-ide-0.5.4\\out\\server\\src\\server.js:64:34609)\n    at Q1 (c:\\Users\\santi\\.vscode\\extensions\\uqbar.wollok-lsp-ide-0.5.4\\out\\server\\src\\server.js:64:34682)\n    at c:\\Users\\santi\\.vscode\\extensions\\uqbar.wollok-lsp-ide-0.5.4\\out\\server\\src\\server.js:64:37949\n    at o.y1 (c:\\Users\\santi\\.vscode\\extensions\\uqbar.wollok-lsp-ide-0.5.4\\out\\server\\src\\server.js:57:59114)\n    at c:\\Users\\santi\\.vscode\\extensions\\uqbar.wollok-lsp-ide-0.5.4\\out\\server\\src\\server.js:64:37918\n    at c:\\Users\\santi\\.vscode\\extensions\\uqbar.wollok-lsp-ide-0.5.4\\out\\server\\src\\server.js:57:57154\n    at Cfn (c:\\Users\\santi\\.vscode\\extensions\\uqbar.wollok-lsp-ide-0.5.4\\out\\server\\src\\server.js:68:11324)\n    at c:\\Users\\santi\\.vscode\\extensions\\uqbar.wollok-lsp-ide-0.5.4\\out\\server\\src\\server.js:68:3629\n    at Array.map (<anonymous>)\n    at c:\\Users\\santi\\.vscode\\extensions\\uqbar.wollok-lsp-ide-0.5.4\\out\\server\\src\\server.js:68:4693","timestamp":"2026-06-06T16:24:29.646Z"}
{"level":"info","message":"⌛ Building environment","timeElapsed":207,"timestamp":"2026-06-06T16:24:30.251Z"}
{"level":"info","message":"⌛ Validating niveles.wlk","timeElapsed":230,"timestamp":"2026-06-06T16:24:30.491Z"}
{"level":"info","message":"⌛ Building environment","timeElapsed":303,"timestamp":"2026-06-06T16:24:30.929Z"}
{"level":"info","message":"⌛ Validating niveles.wlk","timeElapsed":487,"timestamp":"2026-06-06T16:24:31.530Z"}
{"level":"info","message":"⌛ Building environment","timeElapsed":220,"timestamp":"2026-06-06T16:24:39.900Z"}
{"level":"info","message":"⌛ Validating niveles.wlk","timeElapsed":170,"timestamp":"2026-06-06T16:24:40.080Z"}
{"level":"info","message":"⌛ Building environment","timeElapsed":227,"timestamp":"2026-06-06T16:24:42.213Z"}
{"level":"info","message":"⌛ Building environment","timeElapsed":264,"timestamp":"2026-06-06T16:24:42.480Z"}
{"level":"info","message":"⌛ Validating niveles.wlk","timeElapsed":269,"timestamp":"2026-06-06T16:24:42.751Z"}
{"level":"info","message":"⌛ Validating niveles.wlk","timeElapsed":319,"timestamp":"2026-06-06T16:24:43.114Z"}
{"level":"info","message":"⌛ Building environment","timeElapsed":350,"timestamp":"2026-06-06T16:24:47.477Z"}
{"level":"info","message":"⌛ Building environment","timeElapsed":437,"timestamp":"2026-06-06T16:24:47.914Z"}
{"level":"info","message":"⌛ Building environment","timeElapsed":242,"timestamp":"2026-06-06T16:24:48.166Z"}
{"level":"info","message":"⌛ Validating niveles.wlk","timeElapsed":207,"timestamp":"2026-06-06T16:24:48.374Z"}
{"level":"info","message":"⌛ Validating niveles.wlk","timeElapsed":408,"timestamp":"2026-06-06T16:24:48.829Z"}
{"level":"info","message":"⌛ Validating niveles.wlk","timeElapsed":247,"timestamp":"2026-06-06T16:24:49.080Z"}
{"level":"info","message":"⌛ Building environment","timeElapsed":302,"timestamp":"2026-06-06T16:28:03.463Z"}
{"level":"info","message":"⌛ Building environment","timeElapsed":312,"timestamp":"2026-06-06T16:28:03.779Z"}
{"level":"info","message":"⌛ Validating niveles.wlk","timeElapsed":176,"timestamp":"2026-06-06T16:28:03.957Z"}
{"level":"info","message":"⌛ Validating niveles.wlk","timeElapsed":173,"timestamp":"2026-06-06T16:28:04.166Z"}
{"level":"info","message":"⌛ Building environment","timeElapsed":279,"timestamp":"2026-06-06T16:29:06.256Z"}
{"level":"info","message":"⌛ Building environment","timeElapsed":368,"timestamp":"2026-06-06T16:29:06.627Z"}
{"level":"info","message":"⌛ Validating niveles.wlk","timeElapsed":274,"timestamp":"2026-06-06T16:29:06.902Z"}
{"level":"info","message":"⌛ Validating niveles.wlk","timeElapsed":249,"timestamp":"2026-06-06T16:29:07.190Z"}
{"level":"info","message":"⌛ Building environment","timeElapsed":185,"timestamp":"2026-06-06T16:29:10.761Z"}
{"level":"info","message":"⌛ Building environment","timeElapsed":225,"timestamp":"2026-06-06T16:29:10.999Z"}
{"level":"info","message":"⌛ Validating niveles.wlk","timeElapsed":170,"timestamp":"2026-06-06T16:29:11.169Z"}
{"level":"info","message":"⌛ Validating niveles.wlk","timeElapsed":124,"timestamp":"2026-06-06T16:29:11.315Z"}
{"level":"info","message":"⌛ Building environment","timeElapsed":226,"timestamp":"2026-06-06T16:29:12.711Z"}
{"level":"info","message":"⌛ Validating niveles.wlk","timeElapsed":116,"timestamp":"2026-06-06T16:29:12.867Z"}
{"level":"info","message":"⌛ Building environment","timeElapsed":218,"timestamp":"2026-06-06T16:29:13.987Z"}
{"level":"info","message":"⌛ Validating niveles.wlk","timeElapsed":162,"timestamp":"2026-06-06T16:29:14.160Z"}
{"level":"info","message":"⌛ Building environment","timeElapsed":327,"timestamp":"2026-06-06T16:29:15.078Z"}
{"level":"info","message":"⌛ Building environment","timeElapsed":216,"timestamp":"2026-06-06T16:29:15.571Z"}
{"level":"info","message":"⌛ Validating niveles.wlk","timeElapsed":189,"timestamp":"2026-06-06T16:29:15.761Z"}
{"level":"info","message":"⌛ Building environment","timeElapsed":202,"timestamp":"2026-06-06T16:29:15.963Z"}
{"level":"info","message":"⌛ Validating niveles.wlk","timeElapsed":131,"timestamp":"2026-06-06T16:29:16.104Z"}
{"level":"info","message":"⌛ Building environment","timeElapsed":232,"timestamp":"2026-06-06T16:29:16.338Z"}
{"level":"info","message":"⌛ Building environment","timeElapsed":236,"timestamp":"2026-06-06T16:29:16.575Z"}
{"level":"info","message":"⌛ Validating niveles.wlk","timeElapsed":139,"timestamp":"2026-06-06T16:29:16.714Z"}
{"level":"info","message":"⌛ Validating niveles.wlk","timeElapsed":131,"timestamp":"2026-06-06T16:29:16.853Z"}
{"level":"info","message":"⌛ Validating niveles.wlk","timeElapsed":109,"timestamp":"2026-06-06T16:29:16.962Z"}
{"level":"info","message":"⌛ Building environment","timeElapsed":286,"timestamp":"2026-06-06T16:29:20.522Z"}
{"level":"info","message":"⌛ Building environment","timeElapsed":378,"timestamp":"2026-06-06T16:29:20.909Z"}
{"level":"info","message":"⌛ Validating niveles.wlk","timeElapsed":501,"timestamp":"2026-06-06T16:29:21.411Z"}
{"level":"info","message":"⌛ Validating niveles.wlk","timeElapsed":164,"timestamp":"2026-06-06T16:29:21.632Z"}
{"level":"info","message":"⌛ Building environment","timeElapsed":312,"timestamp":"2026-06-06T16:29:23.136Z"}
{"level":"info","message":"⌛ Validating niveles.wlk","timeElapsed":194,"timestamp":"2026-06-06T16:29:23.522Z"}
{"level":"info","message":"⌛ Building environment","timeElapsed":353,"timestamp":"2026-06-06T16:31:10.927Z"}
{"level":"info","message":"⌛ Building environment","timeElapsed":336,"timestamp":"2026-06-06T16:31:11.267Z"}
{"level":"info","message":"⌛ Validating niveles.wlk","timeElapsed":172,"timestamp":"2026-06-06T16:31:11.455Z"}
{"level":"info","message":"⌛ Validating niveles.wlk","timeElapsed":167,"timestamp":"2026-06-06T16:31:11.622Z"}
{"level":"info","message":"⌛ Building environment","timeElapsed":333,"timestamp":"2026-06-06T16:31:11.956Z"}
{"level":"info","message":"⌛ Building environment","timeElapsed":338,"timestamp":"2026-06-06T16:31:12.333Z"}
{"level":"info","message":"⌛ Validating niveles.wlk","timeElapsed":251,"timestamp":"2026-06-06T16:31:12.632Z"}
{"level":"info","message":"⌛ Building environment","timeElapsed":386,"timestamp":"2026-06-06T16:31:13.019Z"}
{"level":"info","message":"⌛ Validating niveles.wlk","timeElapsed":152,"timestamp":"2026-06-06T16:31:13.172Z"}
{"level":"info","message":"⌛ Building environment","timeElapsed":298,"timestamp":"2026-06-06T16:31:13.471Z"}
{"level":"info","message":"⌛ Building environment","timeElapsed":283,"timestamp":"2026-06-06T16:31:13.793Z"}
{"level":"info","message":"⌛ Validating niveles.wlk","timeElapsed":169,"timestamp":"2026-06-06T16:31:13.964Z"}
{"level":"info","message":"⌛ Building environment","timeElapsed":293,"timestamp":"2026-06-06T16:31:14.272Z"}
{"level":"info","message":"⌛ Validating niveles.wlk","timeElapsed":159,"timestamp":"2026-06-06T16:31:14.461Z"}
{"level":"info","message":"⌛ Validating niveles.wlk","timeElapsed":279,"timestamp":"2026-06-06T16:31:14.759Z"}
{"level":"info","message":"⌛ Validating niveles.wlk","timeElapsed":215,"timestamp":"2026-06-06T16:31:14.996Z"}
{"level":"info","message":"⌛ Building environment","timeElapsed":383,"timestamp":"2026-06-06T16:31:15.380Z"}
{"level":"info","message":"⌛ Building environment","timeElapsed":284,"timestamp":"2026-06-06T16:31:15.730Z"}
{"level":"info","message":"⌛ Building environment","timeElapsed":412,"timestamp":"2026-06-06T16:31:16.183Z"}
{"level":"info","message":"⌛ Building environment","timeElapsed":262,"timestamp":"2026-06-06T16:31:16.446Z"}
{"level":"info","message":"⌛ Building environment","timeElapsed":329,"timestamp":"2026-06-06T16:31:16.776Z"}
{"level":"info","message":"⌛ Building environment","timeElapsed":283,"timestamp":"2026-06-06T16:31:17.060Z"}
{"level":"info","message":"⌛ Validating niveles.wlk","timeElapsed":166,"timestamp":"2026-06-06T16:31:17.227Z"}
{"level":"info","message":"⌛ Building environment","timeElapsed":256,"timestamp":"2026-06-06T16:31:17.504Z"}
{"level":"info","message":"⌛ Validating niveles.wlk","timeElapsed":159,"timestamp":"2026-06-06T16:31:17.725Z"}
{"level":"info","message":"⌛ Building environment","timeElapsed":497,"timestamp":"2026-06-06T16:31:18.242Z"}
{"level":"info","message":"⌛ Building environment","timeElapsed":324,"timestamp":"2026-06-06T16:31:18.574Z"}
{"level":"info","message":"⌛ Validating niveles.wlk","timeElapsed":287,"timestamp":"2026-06-06T16:31:18.862Z"}
{"level":"info","message":"⌛ Validating niveles.wlk","timeElapsed":295,"timestamp":"2026-06-06T16:31:19.202Z"}
{"level":"info","message":"⌛ Building environment","timeElapsed":326,"timestamp":"2026-06-06T16:31:19.530Z"}
{"level":"info","message":"⌛ Validating niveles.wlk","timeElapsed":275,"timestamp":"2026-06-06T16:31:19.806Z"}
{"level":"info","message":"⌛ Building environment","timeElapsed":322,"timestamp":"2026-06-06T16:31:20.167Z"}
{"level":"info","message":"⌛ Validating niveles.wlk","timeElapsed":204,"timestamp":"2026-06-06T16:31:20.372Z"}
{"level":"info","message":"⌛ Building environment","timeElapsed":264,"timestamp":"2026-06-06T16:31:20.637Z"}
{"level":"info","message":"⌛ Building environment","timeElapsed":235,"timestamp":"2026-06-06T16:31:20.873Z"}
{"level":"info","message":"⌛ Validating niveles.wlk","timeElapsed":156,"timestamp":"2026-06-06T16:31:21.029Z"}
{"level":"info","message":"⌛ Building environment","timeElapsed":231,"timestamp":"2026-06-06T16:31:21.274Z"}
{"level":"info","message":"⌛ Building environment","timeElapsed":296,"timestamp":"2026-06-06T16:31:21.579Z"}
{"level":"info","message":"⌛ Building environment","timeElapsed":210,"timestamp":"2026-06-06T16:31:21.791Z"}
{"level":"info","message":"⌛ Building environment","timeElapsed":232,"timestamp":"2026-06-06T16:31:22.069Z"}
{"level":"info","message":"⌛ Building environment","timeElapsed":244,"timestamp":"2026-06-06T16:31:22.314Z"}
{"level":"info","message":"⌛ Validating niveles.wlk","timeElapsed":188,"timestamp":"2026-06-06T16:31:22.503Z"}
{"level":"info","message":"⌛ Validating niveles.wlk","timeElapsed":159,"timestamp":"2026-06-06T16:31:22.662Z"}
{"level":"info","message":"⌛ Building environment","timeElapsed":296,"timestamp":"2026-06-06T16:31:22.988Z"}
{"level":"info","message":"⌛ Building environment","timeElapsed":303,"timestamp":"2026-06-06T16:31:23.310Z"}
{"level":"info","message":"⌛ Building environment","timeElapsed":445,"timestamp":"2026-06-06T16:31:23.756Z"}
{"level":"info","message":"⌛ Building environment","timeElapsed":324,"timestamp":"2026-06-06T16:31:24.082Z"}
{"level":"info","message":"⌛ Building environment","timeElapsed":307,"timestamp":"2026-06-06T16:31:24.391Z"}
{"level":"info","message":"⌛ Building environment","timeElapsed":238,"timestamp":"2026-06-06T16:31:24.629Z"}
{"level":"info","message":"⌛ Validating niveles.wlk","timeElapsed":236,"timestamp":"2026-06-06T16:31:24.870Z"}
{"level":"info","message":"⌛ Building environment","timeElapsed":434,"timestamp":"2026-06-06T16:31:25.306Z"}
{"level":"info","message":"⌛ Building environment","timeElapsed":246,"timestamp":"2026-06-06T16:31:25.552Z"}
{"level":"info","message":"⌛ Validating niveles.wlk","timeElapsed":154,"timestamp":"2026-06-06T16:31:25.743Z"}
{"level":"info","message":"⌛ Validating niveles.wlk","timeElapsed":150,"timestamp":"2026-06-06T16:31:25.906Z"}
{"level":"info","message":"⌛ Validating niveles.wlk","timeElapsed":148,"timestamp":"2026-06-06T16:31:26.054Z"}
{"level":"info","message":"⌛ Validating niveles.wlk","timeElapsed":154,"timestamp":"2026-06-06T16:31:26.210Z"}
{"level":"info","message":"⌛ Validating niveles.wlk","timeElapsed":137,"timestamp":"2026-06-06T16:31:26.406Z"}
{"level":"info","message":"⌛ Validating niveles.wlk","timeElapsed":150,"timestamp":"2026-06-06T16:31:26.556Z"}
{"level":"info","message":"⌛ Validating niveles.wlk","timeElapsed":174,"timestamp":"2026-06-06T16:31:26.731Z"}
{"level":"info","message":"⌛ Validating niveles.wlk","timeElapsed":140,"timestamp":"2026-06-06T16:31:26.873Z"}
{"level":"info","message":"⌛ Building environment","timeElapsed":285,"timestamp":"2026-06-06T16:31:27.159Z"}
{"level":"info","message":"⌛ Building environment","timeElapsed":244,"timestamp":"2026-06-06T16:31:27.424Z"}
{"level":"info","message":"⌛ Validating niveles.wlk","timeElapsed":216,"timestamp":"2026-06-06T16:31:27.677Z"}
{"level":"info","message":"⌛ Validating niveles.wlk","timeElapsed":175,"timestamp":"2026-06-06T16:31:27.854Z"}
{"level":"info","message":"⌛ Validating niveles.wlk","timeElapsed":147,"timestamp":"2026-06-06T16:31:28.016Z"}
{"level":"info","message":"⌛ Validating niveles.wlk","timeElapsed":151,"timestamp":"2026-06-06T16:31:28.169Z"}
{"level":"info","message":"⌛ Validating niveles.wlk","timeElapsed":147,"timestamp":"2026-06-06T16:31:28.329Z"}
{"level":"info","message":"⌛ Validating niveles.wlk","timeElapsed":179,"timestamp":"2026-06-06T16:31:28.510Z"}
{"level":"info","message":"⌛ Validating niveles.wlk","timeElapsed":203,"timestamp":"2026-06-06T16:31:28.713Z"}
{"level":"info","message":"⌛ Building environment","timeElapsed":287,"timestamp":"2026-06-06T16:31:29.001Z"}
{"level":"info","message":"⌛ Validating niveles.wlk","timeElapsed":346,"timestamp":"2026-06-06T16:31:29.359Z"}
{"level":"info","message":"⌛ Building environment","timeElapsed":279,"timestamp":"2026-06-06T16:31:29.653Z"}
{"level":"info","message":"⌛ Validating niveles.wlk","timeElapsed":137,"timestamp":"2026-06-06T16:31:29.797Z"}
{"level":"info","message":"⌛ Validating niveles.wlk","timeElapsed":132,"timestamp":"2026-06-06T16:31:29.930Z"}
{"level":"info","message":"⌛ Validating niveles.wlk","timeElapsed":177,"timestamp":"2026-06-06T16:31:30.109Z"}
{"level":"info","message":"⌛ Validating niveles.wlk","timeElapsed":153,"timestamp":"2026-06-06T16:31:30.263Z"}
{"level":"info","message":"⌛ Building environment","timeElapsed":397,"timestamp":"2026-06-06T16:31:42.186Z"}
{"level":"info","message":"⌛ Building environment","timeElapsed":350,"timestamp":"2026-06-06T16:31:42.659Z"}
{"level":"info","message":"⌛ Building environment","timeElapsed":434,"timestamp":"2026-06-06T16:31:43.094Z"}
{"level":"info","message":"⌛ Building environment","timeElapsed":589,"timestamp":"2026-06-06T16:31:43.685Z"}
{"level":"info","message":"⌛ Validating niveles.wlk","timeElapsed":212,"timestamp":"2026-06-06T16:31:43.907Z"}
{"level":"info","message":"⌛ Building environment","timeElapsed":271,"timestamp":"2026-06-06T16:31:44.209Z"}
{"level":"info","message":"⌛ Validating niveles.wlk","timeElapsed":252,"timestamp":"2026-06-06T16:31:44.520Z"}
{"level":"info","message":"⌛ Building environment","timeElapsed":275,"timestamp":"2026-06-06T16:31:44.817Z"}
{"level":"info","message":"⌛ Building environment","timeElapsed":470,"timestamp":"2026-06-06T16:31:45.299Z"}
{"level":"info","message":"⌛ Building environment","timeElapsed":627,"timestamp":"2026-06-06T16:31:45.926Z"}
{"level":"info","message":"⌛ Validating niveles.wlk","timeElapsed":383,"timestamp":"2026-06-06T16:31:46.310Z"}
{"level":"info","message":"⌛ Building environment","timeElapsed":362,"timestamp":"2026-06-06T16:31:46.673Z"}
{"level":"info","message":"⌛ Building environment","timeElapsed":315,"timestamp":"2026-06-06T16:31:46.990Z"}
{"level":"info","message":"⌛ Validating niveles.wlk","timeElapsed":246,"timestamp":"2026-06-06T16:31:47.266Z"}
{"level":"info","message":"⌛ Validating niveles.wlk","timeElapsed":233,"timestamp":"2026-06-06T16:31:47.526Z"}
{"level":"info","message":"⌛ Building environment","timeElapsed":529,"timestamp":"2026-06-06T16:31:48.058Z"}
{"level":"info","message":"⌛ Building environment","timeElapsed":346,"timestamp":"2026-06-06T16:31:48.406Z"}
{"level":"info","message":"⌛ Validating niveles.wlk","timeElapsed":220,"timestamp":"2026-06-06T16:31:48.661Z"}
{"level":"info","message":"⌛ Validating niveles.wlk","timeElapsed":217,"timestamp":"2026-06-06T16:31:48.878Z"}
{"level":"info","message":"⌛ Validating niveles.wlk","timeElapsed":223,"timestamp":"2026-06-06T16:31:49.103Z"}
{"level":"info","message":"⌛ Validating niveles.wlk","timeElapsed":298,"timestamp":"2026-06-06T16:31:49.421Z"}
{"level":"info","message":"⌛ Building environment","timeElapsed":310,"timestamp":"2026-06-06T16:31:49.733Z"}
{"level":"info","message":"⌛ Validating niveles.wlk","timeElapsed":190,"timestamp":"2026-06-06T16:31:49.924Z"}
{"level":"info","message":"⌛ Building environment","timeElapsed":272,"timestamp":"2026-06-06T16:31:50.223Z"}
{"level":"info","message":"⌛ Building environment","timeElapsed":515,"timestamp":"2026-06-06T16:31:50.754Z"}
{"level":"info","message":"⌛ Building environment","timeElapsed":678,"timestamp":"2026-06-06T16:31:51.433Z"}
{"level":"info","message":"⌛ Building environment","timeElapsed":442,"timestamp":"2026-06-06T16:31:51.876Z"}
{"level":"info","message":"⌛ Building environment","timeElapsed":377,"timestamp":"2026-06-06T16:31:52.254Z"}
{"level":"info","message":"⌛ Building environment","timeElapsed":339,"timestamp":"2026-06-06T16:31:52.594Z"}
{"level":"info","message":"⌛ Building environment","timeElapsed":289,"timestamp":"2026-06-06T16:31:52.895Z"}
{"level":"info","message":"⌛ Validating niveles.wlk","timeElapsed":193,"timestamp":"2026-06-06T16:31:53.089Z"}
{"level":"info","message":"⌛ Building environment","timeElapsed":246,"timestamp":"2026-06-06T16:31:53.336Z"}
{"level":"info","message":"⌛ Building environment","timeElapsed":301,"timestamp":"2026-06-06T16:31:53.638Z"}
{"level":"info","message":"⌛ Validating niveles.wlk","timeElapsed":235,"timestamp":"2026-06-06T16:31:53.895Z"}
{"level":"info","message":"⌛ Building environment","timeElapsed":363,"timestamp":"2026-06-06T16:31:54.262Z"}
{"level":"info","message":"⌛ Building environment","timeElapsed":550,"timestamp":"2026-06-06T16:31:54.861Z"}
{"level":"info","message":"⌛ Validating niveles.wlk","timeElapsed":367,"timestamp":"2026-06-06T16:31:55.240Z"}
{"level":"info","message":"⌛ Validating niveles.wlk","timeElapsed":399,"timestamp":"2026-06-06T16:31:55.643Z"}
{"level":"info","message":"⌛ Building environment","timeElapsed":483,"timestamp":"2026-06-06T16:31:56.127Z"}
{"level":"info","message":"⌛ Validating niveles.wlk","timeElapsed":427,"timestamp":"2026-06-06T16:31:56.695Z"}
{"level":"info","message":"⌛ Building environment","timeElapsed":401,"timestamp":"2026-06-06T16:31:57.097Z"}
{"level":"info","message":"⌛ Building environment","timeElapsed":453,"timestamp":"2026-06-06T16:31:57.551Z"}
{"level":"info","message":"⌛ Building environment","timeElapsed":786,"timestamp":"2026-06-06T16:31:58.338Z"}
{"level":"info","message":"⌛ Building environment","timeElapsed":232,"timestamp":"2026-06-06T16:31:58.602Z"}
{"level":"info","message":"⌛ Building environment","timeElapsed":246,"timestamp":"2026-06-06T16:31:58.848Z"}
{"level":"info","message":"⌛ Validating niveles.wlk","timeElapsed":169,"timestamp":"2026-06-06T16:31:59.018Z"}
{"level":"info","message":"⌛ Building environment","timeElapsed":442,"timestamp":"2026-06-06T16:31:59.461Z"}
{"level":"info","message":"⌛ Building environment","timeElapsed":323,"timestamp":"2026-06-06T16:31:59.797Z"}
{"level":"info","message":"⌛ Validating niveles.wlk","timeElapsed":394,"timestamp":"2026-06-06T16:32:00.191Z"}
{"level":"info","message":"⌛ Building environment","timeElapsed":463,"timestamp":"2026-06-06T16:32:00.660Z"}
{"level":"info","message":"⌛ Building environment","timeElapsed":524,"timestamp":"2026-06-06T16:32:01.185Z"}
{"level":"info","message":"⌛ Validating niveles.wlk","timeElapsed":420,"timestamp":"2026-06-06T16:32:01.622Z"}
{"level":"info","message":"⌛ Validating niveles.wlk","timeElapsed":348,"timestamp":"2026-06-06T16:32:02.113Z"}
{"level":"info","message":"⌛ Validating niveles.wlk","timeElapsed":135,"timestamp":"2026-06-06T16:32:02.248Z"}
{"level":"info","message":"⌛ Validating niveles.wlk","timeElapsed":175,"timestamp":"2026-06-06T16:32:02.424Z"}
{"level":"info","message":"⌛ Building environment","timeElapsed":505,"timestamp":"2026-06-06T16:32:02.947Z"}
{"level":"info","message":"⌛ Validating niveles.wlk","timeElapsed":150,"timestamp":"2026-06-06T16:32:03.152Z"}
{"level":"info","message":"⌛ Building environment","timeElapsed":235,"timestamp":"2026-06-06T16:32:03.388Z"}
{"level":"info","message":"⌛ Building environment","timeElapsed":310,"timestamp":"2026-06-06T16:32:03.700Z"}
{"level":"info","message":"⌛ Validating niveles.wlk","timeElapsed":194,"timestamp":"2026-06-06T16:32:03.894Z"}
{"level":"info","message":"⌛ Building environment","timeElapsed":280,"timestamp":"2026-06-06T16:32:04.209Z"}
{"level":"info","message":"⌛ Building environment","timeElapsed":261,"timestamp":"2026-06-06T16:32:04.471Z"}
{"level":"info","message":"⌛ Building environment","timeElapsed":225,"timestamp":"2026-06-06T16:32:04.696Z"}
{"level":"info","message":"⌛ Building environment","timeElapsed":657,"timestamp":"2026-06-06T16:32:05.357Z"}
{"level":"info","message":"⌛ Validating niveles.wlk","timeElapsed":201,"timestamp":"2026-06-06T16:32:05.559Z"}
{"level":"info","message":"⌛ Validating niveles.wlk","timeElapsed":137,"timestamp":"2026-06-06T16:32:05.736Z"}
{"level":"info","message":"⌛ Validating niveles.wlk","timeElapsed":213,"timestamp":"2026-06-06T16:32:05.977Z"}
{"level":"info","message":"⌛ Validating niveles.wlk","timeElapsed":182,"timestamp":"2026-06-06T16:32:06.160Z"}
{"level":"info","message":"⌛ Validating niveles.wlk","timeElapsed":182,"timestamp":"2026-06-06T16:32:06.343Z"}
{"level":"info","message":"⌛ Validating niveles.wlk","timeElapsed":189,"timestamp":"2026-06-06T16:32:06.569Z"}
{"level":"info","message":"⌛ Validating niveles.wlk","timeElapsed":285,"timestamp":"2026-06-06T16:32:06.878Z"}
{"level":"info","message":"⌛ Building environment","timeElapsed":227,"timestamp":"2026-06-06T16:32:07.107Z"}
{"level":"info","message":"⌛ Building environment","timeElapsed":259,"timestamp":"2026-06-06T16:32:07.419Z"}
{"level":"info","message":"⌛ Validating niveles.wlk","timeElapsed":194,"timestamp":"2026-06-06T16:32:07.687Z"}
{"level":"info","message":"⌛ Validating niveles.wlk","timeElapsed":160,"timestamp":"2026-06-06T16:32:07.850Z"}
{"level":"info","message":"⌛ Validating niveles.wlk","timeElapsed":190,"timestamp":"2026-06-06T16:32:08.059Z"}
{"level":"info","message":"⌛ Validating niveles.wlk","timeElapsed":173,"timestamp":"2026-06-06T16:32:08.233Z"}
{"level":"info","message":"⌛ Validating niveles.wlk","timeElapsed":179,"timestamp":"2026-06-06T16:32:08.439Z"}
{"level":"info","message":"⌛ Validating niveles.wlk","timeElapsed":195,"timestamp":"2026-06-06T16:32:08.635Z"}
{"level":"info","message":"⌛ Validating niveles.wlk","timeElapsed":134,"timestamp":"2026-06-06T16:32:08.783Z"}
{"level":"info","message":"⌛ Validating niveles.wlk","timeElapsed":150,"timestamp":"2026-06-06T16:32:08.947Z"}
{"level":"info","message":"⌛ Validating niveles.wlk","timeElapsed":150,"timestamp":"2026-06-06T16:32:09.131Z"}
{"level":"info","message":"⌛ Validating niveles.wlk","timeElapsed":136,"timestamp":"2026-06-06T16:32:09.268Z"}
{"level":"info","message":"⌛ Validating niveles.wlk","timeElapsed":160,"timestamp":"2026-06-06T16:32:09.430Z"}
{"level":"info","message":"⌛ Validating niveles.wlk","timeElapsed":153,"timestamp":"2026-06-06T16:32:09.599Z"}
{"level":"info","message":"⌛ Validating niveles.wlk","timeElapsed":151,"timestamp":"2026-06-06T16:32:09.770Z"}
{"level":"info","message":"⌛ Building environment","timeElapsed":367,"timestamp":"2026-06-06T16:40:58.379Z"}
{"level":"info","message":"⌛ Validating niveles.wlk","timeElapsed":254,"timestamp":"2026-06-06T16:40:59.176Z"}
{"level":"info","message":"⌛ Building environment","timeElapsed":276,"timestamp":"2026-06-06T16:41:00.824Z"}
{"level":"info","message":"⌛ Validating niveles.wlk","timeElapsed":198,"timestamp":"2026-06-06T16:41:01.041Z"}
{"level":"info","message":"⌛ Building environment","timeElapsed":333,"timestamp":"2026-06-06T16:41:01.412Z"}
{"level":"info","message":"⌛ Validating niveles.wlk","timeElapsed":169,"timestamp":"2026-06-06T16:41:01.680Z"}
{"level":"info","message":"⌛ Building environment","timeElapsed":332,"timestamp":"2026-06-06T16:41:03.627Z"}
{"level":"info","message":"⌛ Validating niveles.wlk","timeElapsed":224,"timestamp":"2026-06-06T16:41:04.029Z"}
{"level":"info","message":"⌛ Building environment","timeElapsed":319,"timestamp":"2026-06-06T16:41:04.368Z"}
{"level":"info","message":"⌛ Validating niveles.wlk","timeElapsed":169,"timestamp":"2026-06-06T16:41:04.628Z"}
{"level":"info","message":"⌛ Building environment","timeElapsed":795,"timestamp":"2026-06-06T16:41:21.211Z"}
{"level":"info","message":"⌛ Building environment","timeElapsed":360,"timestamp":"2026-06-06T16:41:21.574Z"}
{"level":"info","message":"⌛ Building environment","timeElapsed":346,"timestamp":"2026-06-06T16:41:21.938Z"}
{"level":"info","message":"⌛ Validating niveles.wlk","timeElapsed":287,"timestamp":"2026-06-06T16:41:22.226Z"}
{"level":"info","message":"⌛ Building environment","timeElapsed":307,"timestamp":"2026-06-06T16:41:22.550Z"}
{"level":"info","message":"⌛ Validating niveles.wlk","timeElapsed":218,"timestamp":"2026-06-06T16:41:22.768Z"}
{"level":"info","message":"⌛ Building environment","timeElapsed":268,"timestamp":"2026-06-06T16:41:23.081Z"}
{"level":"info","message":"⌛ Building environment","timeElapsed":390,"timestamp":"2026-06-06T16:41:23.474Z"}
{"level":"info","message":"⌛ Building environment","timeElapsed":350,"timestamp":"2026-06-06T16:41:23.841Z"}
{"level":"info","message":"⌛ Validating niveles.wlk","timeElapsed":419,"timestamp":"2026-06-06T16:41:24.261Z"}
{"level":"info","message":"⌛ Building environment","timeElapsed":283,"timestamp":"2026-06-06T16:41:24.545Z"}
{"level":"info","message":"⌛ Building environment","timeElapsed":274,"timestamp":"2026-06-06T16:41:24.827Z"}
{"level":"info","message":"⌛ Validating niveles.wlk","timeElapsed":172,"timestamp":"2026-06-06T16:41:25.000Z"}
{"level":"info","message":"⌛ Building environment","timeElapsed":415,"timestamp":"2026-06-06T16:41:25.417Z"}
{"level":"info","message":"⌛ Building environment","timeElapsed":294,"timestamp":"2026-06-06T16:41:25.713Z"}
{"level":"info","message":"⌛ Building environment","timeElapsed":273,"timestamp":"2026-06-06T16:41:25.987Z"}
{"level":"info","message":"⌛ Validating niveles.wlk","timeElapsed":281,"timestamp":"2026-06-06T16:41:26.269Z"}
{"level":"info","message":"⌛ Building environment","timeElapsed":292,"timestamp":"2026-06-06T16:41:26.563Z"}
{"level":"info","message":"⌛ Building environment","timeElapsed":263,"timestamp":"2026-06-06T16:41:26.826Z"}
{"level":"info","message":"⌛ Validating niveles.wlk","timeElapsed":268,"timestamp":"2026-06-06T16:41:27.144Z"}
{"level":"info","message":"⌛ Building environment","timeElapsed":485,"timestamp":"2026-06-06T16:41:27.630Z"}
{"level":"info","message":"⌛ Validating niveles.wlk","timeElapsed":166,"timestamp":"2026-06-06T16:41:27.796Z"}
{"level":"info","message":"⌛ Building environment","timeElapsed":210,"timestamp":"2026-06-06T16:41:28.032Z"}
{"level":"info","message":"⌛ Building environment","timeElapsed":220,"timestamp":"2026-06-06T16:41:28.259Z"}
{"level":"info","message":"⌛ Validating niveles.wlk","timeElapsed":163,"timestamp":"2026-06-06T16:41:28.457Z"}
{"level":"info","message":"⌛ Validating niveles.wlk","timeElapsed":147,"timestamp":"2026-06-06T16:41:28.604Z"}
{"level":"info","message":"⌛ Building environment","timeElapsed":208,"timestamp":"2026-06-06T16:41:28.814Z"}
{"level":"info","message":"⌛ Building environment","timeElapsed":233,"timestamp":"2026-06-06T16:41:29.090Z"}
{"level":"info","message":"⌛ Validating niveles.wlk","timeElapsed":147,"timestamp":"2026-06-06T16:41:29.246Z"}
{"level":"info","message":"⌛ Building environment","timeElapsed":444,"timestamp":"2026-06-06T16:41:29.691Z"}
{"level":"info","message":"⌛ Building environment","timeElapsed":251,"timestamp":"2026-06-06T16:41:29.942Z"}
{"level":"info","message":"⌛ Building environment","timeElapsed":296,"timestamp":"2026-06-06T16:41:30.238Z"}
{"level":"info","message":"⌛ Validating niveles.wlk","timeElapsed":200,"timestamp":"2026-06-06T16:41:30.439Z"}
{"level":"info","message":"⌛ Building environment","timeElapsed":287,"timestamp":"2026-06-06T16:41:30.728Z"}
{"level":"info","message":"⌛ Building environment","timeElapsed":273,"timestamp":"2026-06-06T16:41:31.002Z"}
{"level":"info","message":"⌛ Validating niveles.wlk","timeElapsed":170,"timestamp":"2026-06-06T16:41:31.172Z"}
{"level":"info","message":"⌛ Building environment","timeElapsed":239,"timestamp":"2026-06-06T16:41:31.412Z"}
{"level":"info","message":"⌛ Building environment","timeElapsed":299,"timestamp":"2026-06-06T16:41:31.711Z"}
{"level":"info","message":"⌛ Validating niveles.wlk","timeElapsed":167,"timestamp":"2026-06-06T16:41:31.888Z"}
{"level":"info","message":"⌛ Validating niveles.wlk","timeElapsed":206,"timestamp":"2026-06-06T16:41:32.113Z"}
{"level":"info","message":"⌛ Building environment","timeElapsed":246,"timestamp":"2026-06-06T16:41:32.361Z"}
{"level":"info","message":"⌛ Building environment","timeElapsed":217,"timestamp":"2026-06-06T16:41:32.579Z"}
{"level":"info","message":"⌛ Validating niveles.wlk","timeElapsed":148,"timestamp":"2026-06-06T16:41:32.760Z"}
{"level":"info","message":"⌛ Validating niveles.wlk","timeElapsed":150,"timestamp":"2026-06-06T16:41:32.910Z"}
{"level":"info","message":"⌛ Validating niveles.wlk","timeElapsed":137,"timestamp":"2026-06-06T16:41:33.062Z"}
{"level":"info","message":"⌛ Validating niveles.wlk","timeElapsed":146,"timestamp":"2026-06-06T16:41:33.209Z"}
{"level":"info","message":"⌛ Validating niveles.wlk","timeElapsed":166,"timestamp":"2026-06-06T16:41:33.391Z"}
{"level":"info","message":"⌛ Building environment","timeElapsed":425,"timestamp":"2026-06-06T16:41:33.829Z"}
{"level":"info","message":"⌛ Validating niveles.wlk","timeElapsed":166,"timestamp":"2026-06-06T16:41:33.995Z"}
{"level":"info","message":"⌛ Building environment","timeElapsed":221,"timestamp":"2026-06-06T16:41:34.217Z"}
{"level":"info","message":"⌛ Validating niveles.wlk","timeElapsed":138,"timestamp":"2026-06-06T16:41:34.362Z"}
{"level":"info","message":"⌛ Building environment","timeElapsed":226,"timestamp":"2026-06-06T16:41:34.613Z"}
{"level":"info","message":"⌛ Validating niveles.wlk","timeElapsed":163,"timestamp":"2026-06-06T16:41:34.777Z"}
{"level":"info","message":"⌛ Building environment","timeElapsed":231,"timestamp":"2026-06-06T16:41:35.008Z"}
{"level":"info","message":"⌛ Building environment","timeElapsed":232,"timestamp":"2026-06-06T16:41:35.283Z"}
{"level":"info","message":"⌛ Validating niveles.wlk","timeElapsed":138,"timestamp":"2026-06-06T16:41:35.421Z"}
{"level":"info","message":"⌛ Validating niveles.wlk","timeElapsed":132,"timestamp":"2026-06-06T16:41:35.575Z"}
{"level":"info","message":"⌛ Validating niveles.wlk","timeElapsed":146,"timestamp":"2026-06-06T16:41:35.722Z"}
{"level":"info","message":"⌛ Building environment","timeElapsed":227,"timestamp":"2026-06-06T16:41:35.962Z"}
{"level":"info","message":"⌛ Validating niveles.wlk","timeElapsed":136,"timestamp":"2026-06-06T16:41:36.099Z"}
{"level":"info","message":"⌛ Building environment","timeElapsed":202,"timestamp":"2026-06-06T16:41:36.309Z"}
{"level":"info","message":"⌛ Validating niveles.wlk","timeElapsed":154,"timestamp":"2026-06-06T16:41:36.469Z"}
{"level":"info","message":"⌛ Validating niveles.wlk","timeElapsed":186,"timestamp":"2026-06-06T16:41:36.682Z"}
{"level":"info","message":"⌛ Building environment","timeElapsed":243,"timestamp":"2026-06-06T16:41:36.925Z"}
{"level":"info","message":"⌛ Validating niveles.wlk","timeElapsed":216,"timestamp":"2026-06-06T16:41:37.164Z"}
{"level":"info","message":"⌛ Validating niveles.wlk","timeElapsed":192,"timestamp":"2026-06-06T16:41:37.358Z"}
{"level":"info","message":"⌛ Validating niveles.wlk","timeElapsed":351,"timestamp":"2026-06-06T16:41:37.709Z"}
{"level":"info","message":"⌛ Validating niveles.wlk","timeElapsed":169,"timestamp":"2026-06-06T16:41:37.879Z"}
{"level":"info","message":"⌛ Validating niveles.wlk","timeElapsed":166,"timestamp":"2026-06-06T16:41:38.045Z"}
{"level":"info","message":"⌛ Validating niveles.wlk","timeElapsed":155,"timestamp":"2026-06-06T16:41:38.217Z"}
{"level":"info","message":"⌛ Validating niveles.wlk","timeElapsed":139,"timestamp":"2026-06-06T16:41:38.368Z"}
{"level":"info","message":"⌛ Validating niveles.wlk","timeElapsed":178,"timestamp":"2026-06-06T16:41:38.563Z"}
{"level":"error","message":"✘ Failed to get type description: Error: Failed to print, found malformed node Failed to print, found malformed node","node":{"id":"26f6cf61-0c7e-4948-90bd-fe624f050d21","metadata":[],"problems":[{"code":"malformedSentence","sourceMap":{"end":{"column":11,"line":39,"offset":923},"start":{"column":13,"line":37,"offset":882}}}],"scope":{"containerScope":{"containerScope":{"containerScope":{"containerScope":{"contributions":{},"includedScopes":[]},"contributions":{},"includedScopes":[{"contributions":{},"includedScopes":[]},{"contributions":{},"includedScopes":[]},{"contributions":{},"includedScopes":[]},{"contributions":{},"includedScopes":[]},{"contributions":{},"includedScopes":[]},{"contributions":{},"includedScopes":[]}]},"contributions":{},"includedScopes":[{"containerScope":{"containerScope":{"containerScope":{"contributions":{},"includedScopes":[]},"contributions":{},"includedScopes":[]},"contributions":{},"includedScopes":[]},"contributions":{},"includedScopes":[]}]},"contributions":{},"includedScopes":[]},"contributions":{},"includedScopes":[]},"sentences":[{"args":[],"id":"c74c8ef5-e121-4829-bf62-9846d615ff41","message":"active","metadata":[],"receiver":{"id":"1d9c271c-fa55-4659-bf69-a1acf9b85d9f","metadata":[],"name":"transition","scope":{"containerScope":{"containerScope":{"containerScope":{"containerScope":{"containerScope":{"containerScope":{"contributions":{},"includedScopes":[]},"contributions":{},"includedScopes":[{"contributions":{},"includedScopes":[]},{"contributions":{},"includedScopes":[]},{"contributions":{},"includedScopes":[]},{"contributions":{},"includedScopes":[]},{"contributions":{},"includedScopes":[]},{"contributions":{},"includedScopes":[]}]},"contributions":{},"includedScopes":[{"containerScope":{"containerScope":{"containerScope":{"contributions":{},"includedScopes":[]},"contributions":{},"includedScopes":[]},"contributions":{},"includedScopes":[]},"contributions":{},"includedScopes":[]}]},"contributions":{},"includedScopes":[]},"contributions":{},"includedScopes":[]},"contributions":{},"includedScopes":[]},"contributions":{},"includedScopes":[]},"sourceMap":{"end":{"column":19,"line":35,"offset":857},"start":{"column":9,"line":35,"offset":847}}},"scope":{"containerScope":{"containerScope":{"containerScope":{"containerScope":{"containerScope":{"contributions":{},"includedScopes":[]},"contributions":{},"includedScopes":[{"contributions":{},"includedScopes":[]},{"contributions":{},"includedScopes":[]},{"contributions":{},"includedScopes":[]},{"contributions":{},"includedScopes":[]},{"contributions":{},"includedScopes":[]},{"contributions":{},"includedScopes":[]}]},"contributions":{},"includedScopes":[{"containerScope":{"containerScope":{"containerScope":{"contributions":{},"includedScopes":[]},"contributions":{},"includedScopes":[]},"contributions":{},"includedScopes":[]},"contributions":{},"includedScopes":[]}]},"contributions":{},"includedScopes":[]},"contributions":{},"includedScopes":[]},"contributions":{},"includedScopes":[]},"sourceMap":{"end":{"column":28,"line":35,"offset":866},"start":{"column":9,"line":35,"offset":847}}},{"id":"cee067b0-b208-4cc4-86ba-6886848c0f6f","metadata":[],"name":"game","scope":{"containerScope":{"containerScope":{"containerScope":{"containerScope":{"containerScope":{"contributions":{},"includedScopes":[]},"contributions":{},"includedScopes":[{"contributions":{},"includedScopes":[]},{"contributions":{},"includedScopes":[]},{"contributions":{},"includedScopes":[]},{"contributions":{},"includedScopes":[]},{"contributions":{},"includedScopes":[]},{"contributions":{},"includedScopes":[]}]},"contributions":{},"includedScopes":[{"containerScope":{"containerScope":{"containerScope":{"contributions":{},"includedScopes":[]},"contributions":{},"includedScopes":[]},"contributions":{},"includedScopes":[]},"contributions":{},"includedScopes":[]}]},"contributions":{},"includedScopes":[]},"contributions":{},"includedScopes":[]},"contributions":{},"includedScopes":[]},"sourceMap":{"end":{"column":13,"line":37,"offset":882},"start":{"column":9,"line":37,"offset":878}}},{"args":[],"id":"703fc890-1bdf-41fb-ab78-d7d319a90e53","message":"clear","metadata":[],"receiver":{"id":"442d055c-4bac-431d-8bfb-f5d9cf0bf9ad","metadata":[],"name":"game","scope":{"containerScope":{"containerScope":{"containerScope":{"containerScope":{"containerScope":{"containerScope":{"contributions":{},"includedScopes":[]},"contributions":{},"includedScopes":[{"contributions":{},"includedScopes":[]},{"contributions":{},"includedScopes":[]},{"contributions":{},"includedScopes":[]},{"contributions":{},"includedScopes":[]},{"contributions":{},"includedScopes":[]},{"contributions":{},"includedScopes":[]}]},"contributions":{},"includedScopes":[{"containerScope":{"containerScope":{"containerScope":{"contributions":{},"includedScopes":[]},"contributions":{},"includedScopes":[]},"contributions":{},"includedScopes":[]},"contributions":{},"includedScopes":[]}]},"contributions":{},"includedScopes":[]},"contributions":{},"includedScopes":[]},"contributions":{},"includedScopes":[]},"contributions":{},"includedScopes":[]},"sourceMap":{"end":{"column":13,"line":40,"offset":937},"start":{"column":9,"line":40,"offset":933}}},"scope":{"containerScope":{"containerScope":{"containerScope":{"containerScope":{"containerScope":{"contributions":{},"includedScopes":[]},"contributions":{},"includedScopes":[{"contributions":{},"includedScopes":[]},{"contributions":{},"includedScopes":[]},{"contributions":{},"includedScopes":[]},{"contributions":{},"includedScopes":[]},{"contributions":{},"includedScopes":[]},{"contributions":{},"includedScopes":[]}]},"contributions":{},"includedScopes":[{"containerScope":{"containerScope":{"containerScope":{"contributions":{},"includedScopes":[]},"contributions":{},"includedScopes":[]},"contributions":{},"includedScopes":[]},"contributions":{},"includedScopes":[]}]},"contributions":{},"includedScopes":[]},"contributions":{},"includedScopes":[]},"contributions":{},"includedScopes":[]},"sourceMap":{"end":{"column":21,"line":40,"offset":945},"start":{"column":9,"line":40,"offset":933}}},{"args":[],"id":"79f873bf-ddef-4e53-a1e5-c74628731163","message":"clear","metadata":[],"receiver":{"id":"3e183804-260b-4e03-88c2-5f63df5d85ca","metadata":[],"name":"juego.mapaObjetos","scope":{"containerScope":{"containerScope":{"containerScope":{"containerScope":{"containerScope":{"containerScope":{"contributions":{},"includedScopes":[]},"contributions":{},"includedScopes":[{"contributions":{},"includedScopes":[]},{"contributions":{},"includedScopes":[]},{"contributions":{},"includedScopes":[]},{"contributions":{},"includedScopes":[]},{"contributions":{},"includedScopes":[]},{"contributions":{},"includedScopes":[]}]},"contributions":{},"includedScopes":[{"containerScope":{"containerScope":{"containerScope":{"contributions":{},"includedScopes":[]},"contributions":{},"includedScopes":[]},"contributions":{},"includedScopes":[]},"contributions":{},"includedScopes":[]}]},"contributions":{},"includedScopes":[]},"contributions":{},"includedScopes":[]},"contributions":{},"includedScopes":[]},"contributions":{},"includedScopes":[]},"sourceMap":{"end":{"column":26,"line":41,"offset":972},"start":{"column":9,"line":41,"offset":955}}},"scope":{"containerScope":{"containerScope":{"containerScope":{"containerScope":{"containerScope":{"contributions":{},"includedScopes":[]},"contributions":{},"includedScopes":[{"contributions":{},"includedScopes":[]},{"contributions":{},"includedScopes":[]},{"contributions":{},"includedScopes":[]},{"contributions":{},"includedScopes":[]},{"contributions":{},"includedScopes":[]},{"contributions":{},"includedScopes":[]}]},"contributions":{},"includedScopes":[{"containerScope":{"containerScope":{"containerScope":{"contributions":{},"includedScopes":[]},"contributions":{},"includedScopes":[]},"contributions":{},"includedScopes":[]},"contributions":{},"includedScopes":[]}]},"contributions":{},"includedScopes":[]},"contributions":{},"includedScopes":[]},"contributions":{},"includedScopes":[]},"sourceMap":{"end":{"column":34,"line":41,"offset":980},"start":{"column":8,"line":41,"offset":955}}}],"sourceMap":{"end":{"column":6,"line":43,"offset":989},"start":{"column":5,"line":34,"offset":836}}},"stack":"Error: Failed to print, found malformed node\n    at c:\\Users\\santi\\.vscode\\extensions\\uqbar.wollok-lsp-ide-0.5.4\\out\\server\\src\\server.js:68:3585\n    at c:\\Users\\santi\\.vscode\\extensions\\uqbar.wollok-lsp-ide-0.5.4\\out\\server\\src\\server.js:68:5370\n    at c:\\Users\\santi\\.vscode\\extensions\\uqbar.wollok-lsp-ide-0.5.4\\out\\server\\src\\server.js:38:6131\n    at c:\\Users\\santi\\.vscode\\extensions\\uqbar.wollok-lsp-ide-0.5.4\\out\\server\\src\\server.js:68:3664\n    at Kbn (c:\\Users\\santi\\.vscode\\extensions\\uqbar.wollok-lsp-ide-0.5.4\\out\\server\\src\\server.js:68:3396)\n    at c:\\Users\\santi\\.vscode\\extensions\\uqbar.wollok-lsp-ide-0.5.4\\out\\server\\src\\server.js:2398:847\n    at c:\\Users\\santi\\.vscode\\extensions\\uqbar.wollok-lsp-ide-0.5.4\\out\\server\\src\\server.js:2398:8440\n    at c:\\Users\\santi\\.vscode\\extensions\\uqbar.wollok-lsp-ide-0.5.4\\out\\server\\src\\server.js:37:74770\n    at Ke (c:\\Users\\santi\\.vscode\\extensions\\uqbar.wollok-lsp-ide-0.5.4\\out\\server\\src\\server.js:7:8527)\n    at Lt (c:\\Users\\santi\\.vscode\\extensions\\uqbar.wollok-lsp-ide-0.5.4\\out\\server\\src\\server.js:7:6189)","timestamp":"2026-06-06T16:41:56.735Z"}
{"errors":{"errors":[null,["/*\r","*  Este archivo contiene los datos de los niveles del juego.\r","*  Cada nivel es representado por una matriz de enteros, donde cada entero representa un objeto o elemento del juego:\r","*  - 0: Celda vacía\r","*  - 0: Pared\r","*  - 2: Moneda\r","*  - 3: Sapo (enemigo)\r","*  - 4: Pinchos\r","*  - 67: Personaje (punto de inicio)\r","*  - 0: Pinchos\r","*\r","*  Puedes agregar más niveles siguiendo el mismo formato.\r"]]},"level":"error","message":"✘ Failed to get type description: Error: {\n  \"errors\": [\n    null,\n    [\n      \"/*\\r\",\n      \"*  Este archivo contiene los datos de los niveles del juego.\\r\",\n      \"*  Cada nivel es representado por una matriz de enteros, donde cada entero representa un objeto o elemento del juego:\\r\",\n      \"*  - 0: Celda vacía\\r\",\n      \"*  - 0: Pared\\r\",\n      \"*  - 2: Moneda\\r\",\n      \"*  - 3: Sapo (enemigo)\\r\",\n      \"*  - 4: Pinchos\\r\",\n      \"*  - 67: Personaje (punto de inicio)\\r\",\n      \"*  - 0: Pinchos\\r\",\n      \"*\\r\",\n      \"*  Puedes agregar más niveles siguiendo el mismo formato.\\r\"\n    ]\n  ]\n} {\n  \"errors\": [\n    null,\n    [\n      \"/*\\r\",\n      \"*  Este archivo contiene los datos de los niveles del juego.\\r\",\n      \"*  Cada nivel es representado por una matriz de enteros, donde cada entero representa un objeto o elemento del juego:\\r\",\n      \"*  - 0: Celda vacía\\r\",\n      \"*  - 0: Pared\\r\",\n      \"*  - 2: Moneda\\r\",\n      \"*  - 3: Sapo (enemigo)\\r\",\n      \"*  - 4: Pinchos\\r\",\n      \"*  - 67: Personaje (punto de inicio)\\r\",\n      \"*  - 0: Pinchos\\r\",\n      \"*\\r\",\n      \"*  Puedes agregar más niveles siguiendo el mismo formato.\\r\"\n    ]\n  ]\n}","stack":"Error: {\n  \"errors\": [\n    null,\n    [\n      \"/*\\r\",\n      \"*  Este archivo contiene los datos de los niveles del juego.\\r\",\n      \"*  Cada nivel es representado por una matriz de enteros, donde cada entero representa un objeto o elemento del juego:\\r\",\n      \"*  - 0: Celda vacía\\r\",\n      \"*  - 0: Pared\\r\",\n      \"*  - 2: Moneda\\r\",\n      \"*  - 3: Sapo (enemigo)\\r\",\n      \"*  - 4: Pinchos\\r\",\n      \"*  - 67: Personaje (punto de inicio)\\r\",\n      \"*  - 0: Pinchos\\r\",\n      \"*\\r\",\n      \"*  Puedes agregar más niveles siguiendo el mismo formato.\\r\"\n    ]\n  ]\n}\n    at lS (c:\\Users\\santi\\.vscode\\extensions\\uqbar.wollok-lsp-ide-0.5.4\\out\\server\\src\\server.js:64:34609)\n    at Q1 (c:\\Users\\santi\\.vscode\\extensions\\uqbar.wollok-lsp-ide-0.5.4\\out\\server\\src\\server.js:64:34682)\n    at c:\\Users\\santi\\.vscode\\extensions\\uqbar.wollok-lsp-ide-0.5.4\\out\\server\\src\\server.js:64:37949\n    at o.y1 (c:\\Users\\santi\\.vscode\\extensions\\uqbar.wollok-lsp-ide-0.5.4\\out\\server\\src\\server.js:57:59114)\n    at c:\\Users\\santi\\.vscode\\extensions\\uqbar.wollok-lsp-ide-0.5.4\\out\\server\\src\\server.js:64:37918\n    at c:\\Users\\santi\\.vscode\\extensions\\uqbar.wollok-lsp-ide-0.5.4\\out\\server\\src\\server.js:57:57154\n    at Cfn (c:\\Users\\santi\\.vscode\\extensions\\uqbar.wollok-lsp-ide-0.5.4\\out\\server\\src\\server.js:68:11324)\n    at c:\\Users\\santi\\.vscode\\extensions\\uqbar.wollok-lsp-ide-0.5.4\\out\\server\\src\\server.js:68:3629\n    at Kbn (c:\\Users\\santi\\.vscode\\extensions\\uqbar.wollok-lsp-ide-0.5.4\\out\\server\\src\\server.js:68:3396)\n    at c:\\Users\\santi\\.vscode\\extensions\\uqbar.wollok-lsp-ide-0.5.4\\out\\server\\src\\server.js:2398:847","timestamp":"2026-06-06T16:41:58.296Z"}
{"errors":{"errors":[null,["/*\r","*  Este archivo contiene los datos de los niveles del juego.\r","*  Cada nivel es representado por una matriz de enteros, donde cada entero representa un objeto o elemento del juego:\r","*  - 0: Celda vacía\r","*  - 0: Pared\r","*  - 2: Moneda\r","*  - 3: Sapo (enemigo)\r","*  - 4: Pinchos\r","*  - 67: Personaje (punto de inicio)\r","*  - 0: Pinchos\r","*\r","*  Puedes agregar más niveles siguiendo el mismo formato.\r"]]},"level":"error","message":"✘ Failed to get type description: Error: {\n  \"errors\": [\n    null,\n    [\n      \"/*\\r\",\n      \"*  Este archivo contiene los datos de los niveles del juego.\\r\",\n      \"*  Cada nivel es representado por una matriz de enteros, donde cada entero representa un objeto o elemento del juego:\\r\",\n      \"*  - 0: Celda vacía\\r\",\n      \"*  - 0: Pared\\r\",\n      \"*  - 2: Moneda\\r\",\n      \"*  - 3: Sapo (enemigo)\\r\",\n      \"*  - 4: Pinchos\\r\",\n      \"*  - 67: Personaje (punto de inicio)\\r\",\n      \"*  - 0: Pinchos\\r\",\n      \"*\\r\",\n      \"*  Puedes agregar más niveles siguiendo el mismo formato.\\r\"\n    ]\n  ]\n} {\n  \"errors\": [\n    null,\n    [\n      \"/*\\r\",\n      \"*  Este archivo contiene los datos de los niveles del juego.\\r\",\n      \"*  Cada nivel es representado por una matriz de enteros, donde cada entero representa un objeto o elemento del juego:\\r\",\n      \"*  - 0: Celda vacía\\r\",\n      \"*  - 0: Pared\\r\",\n      \"*  - 2: Moneda\\r\",\n      \"*  - 3: Sapo (enemigo)\\r\",\n      \"*  - 4: Pinchos\\r\",\n      \"*  - 67: Personaje (punto de inicio)\\r\",\n      \"*  - 0: Pinchos\\r\",\n      \"*\\r\",\n      \"*  Puedes agregar más niveles siguiendo el mismo formato.\\r\"\n    ]\n  ]\n}","stack":"Error: {\n  \"errors\": [\n    null,\n    [\n      \"/*\\r\",\n      \"*  Este archivo contiene los datos de los niveles del juego.\\r\",\n      \"*  Cada nivel es representado por una matriz de enteros, donde cada entero representa un objeto o elemento del juego:\\r\",\n      \"*  - 0: Celda vacía\\r\",\n      \"*  - 0: Pared\\r\",\n      \"*  - 2: Moneda\\r\",\n      \"*  - 3: Sapo (enemigo)\\r\",\n      \"*  - 4: Pinchos\\r\",\n      \"*  - 67: Personaje (punto de inicio)\\r\",\n      \"*  - 0: Pinchos\\r\",\n      \"*\\r\",\n      \"*  Puedes agregar más niveles siguiendo el mismo formato.\\r\"\n    ]\n  ]\n}\n    at lS (c:\\Users\\santi\\.vscode\\extensions\\uqbar.wollok-lsp-ide-0.5.4\\out\\server\\src\\server.js:64:34609)\n    at Q1 (c:\\Users\\santi\\.vscode\\extensions\\uqbar.wollok-lsp-ide-0.5.4\\out\\server\\src\\server.js:64:34682)\n    at c:\\Users\\santi\\.vscode\\extensions\\uqbar.wollok-lsp-ide-0.5.4\\out\\server\\src\\server.js:64:37949\n    at o.y1 (c:\\Users\\santi\\.vscode\\extensions\\uqbar.wollok-lsp-ide-0.5.4\\out\\server\\src\\server.js:57:59114)\n    at c:\\Users\\santi\\.vscode\\extensions\\uqbar.wollok-lsp-ide-0.5.4\\out\\server\\src\\server.js:64:37918\n    at c:\\Users\\santi\\.vscode\\extensions\\uqbar.wollok-lsp-ide-0.5.4\\out\\server\\src\\server.js:57:57154\n    at Cfn (c:\\Users\\santi\\.vscode\\extensions\\uqbar.wollok-lsp-ide-0.5.4\\out\\server\\src\\server.js:68:11324)\n    at c:\\Users\\santi\\.vscode\\extensions\\uqbar.wollok-lsp-ide-0.5.4\\out\\server\\src\\server.js:68:3629\n    at Kbn (c:\\Users\\santi\\.vscode\\extensions\\uqbar.wollok-lsp-ide-0.5.4\\out\\server\\src\\server.js:68:3396)\n    at c:\\Users\\santi\\.vscode\\extensions\\uqbar.wollok-lsp-ide-0.5.4\\out\\server\\src\\server.js:2398:847","timestamp":"2026-06-06T16:41:58.680Z"}
{"level":"info","message":"⌛ Building environment","timeElapsed":377,"timestamp":"2026-06-06T16:42:09.117Z"}
{"level":"info","message":"⌛ Validating niveles.wlk","timeElapsed":164,"timestamp":"2026-06-06T16:42:09.374Z"}
{"level":"error","message":"✘ Failed to get type description: Error: Failed to print, found malformed node Failed to print, found malformed node","node":{"id":"e789ecb6-2798-4704-a087-383ffab48c1e","metadata":[],"problems":[{"code":"malformedSentence","sourceMap":{"end":{"column":11,"line":40,"offset":917},"start":{"column":13,"line":38,"offset":888}}}],"scope":{"containerScope":{"containerScope":{"containerScope":{"containerScope":{"contributions":{},"includedScopes":[]},"contributions":{},"includedScopes":[{"contributions":{},"includedScopes":[]},{"contributions":{},"includedScopes":[]},{"contributions":{},"includedScopes":[]},{"contributions":{},"includedScopes":[]},{"contributions":{},"includedScopes":[]},{"contributions":{},"includedScopes":[]}]},"contributions":{},"includedScopes":[{"containerScope":{"containerScope":{"containerScope":{"contributions":{},"includedScopes":[]},"contributions":{},"includedScopes":[]},"contributions":{},"includedScopes":[]},"contributions":{},"includedScopes":[]}]},"contributions":{},"includedScopes":[]},"contributions":{},"includedScopes":[]},"sentences":[{"args":[],"id":"c8104dce-f127-4b80-81c3-5eaa9b1c3af0","message":"active","metadata":[],"receiver":{"id":"0f6d523f-12d9-4ccf-a5a5-e8bdcb1485ff","metadata":[],"name":"transition","scope":{"containerScope":{"containerScope":{"containerScope":{"containerScope":{"containerScope":{"containerScope":{"contributions":{},"includedScopes":[]},"contributions":{},"includedScopes":[{"contributions":{},"includedScopes":[]},{"contributions":{},"includedScopes":[]},{"contributions":{},"includedScopes":[]},{"contributions":{},"includedScopes":[]},{"contributions":{},"includedScopes":[]},{"contributions":{},"includedScopes":[]}]},"contributions":{},"includedScopes":[{"containerScope":{"containerScope":{"containerScope":{"contributions":{},"includedScopes":[]},"contributions":{},"includedScopes":[]},"contributions":{},"includedScopes":[]},"contributions":{},"includedScopes":[]}]},"contributions":{},"includedScopes":[]},"contributions":{},"includedScopes":[]},"contributions":{},"includedScopes":[]},"contributions":{},"includedScopes":[]},"sourceMap":{"end":{"column":19,"line":36,"offset":863},"start":{"column":9,"line":36,"offset":853}}},"scope":{"containerScope":{"containerScope":{"containerScope":{"containerScope":{"containerScope":{"contributions":{},"includedScopes":[]},"contributions":{},"includedScopes":[{"contributions":{},"includedScopes":[]},{"contributions":{},"includedScopes":[]},{"contributions":{},"includedScopes":[]},{"contributions":{},"includedScopes":[]},{"contributions":{},"includedScopes":[]},{"contributions":{},"includedScopes":[]}]},"contributions":{},"includedScopes":[{"containerScope":{"containerScope":{"containerScope":{"contributions":{},"includedScopes":[]},"contributions":{},"includedScopes":[]},"contributions":{},"includedScopes":[]},"contributions":{},"includedScopes":[]}]},"contributions":{},"includedScopes":[]},"contributions":{},"includedScopes":[]},"contributions":{},"includedScopes":[]},"sourceMap":{"end":{"column":28,"line":36,"offset":872},"start":{"column":9,"line":36,"offset":853}}},{"id":"1306477c-a2fb-4058-958b-bbec87d80087","metadata":[],"name":"game","scope":{"containerScope":{"containerScope":{"containerScope":{"containerScope":{"containerScope":{"contributions":{},"includedScopes":[]},"contributions":{},"includedScopes":[{"contributions":{},"includedScopes":[]},{"contributions":{},"includedScopes":[]},{"contributions":{},"includedScopes":[]},{"contributions":{},"includedScopes":[]},{"contributions":{},"includedScopes":[]},{"contributions":{},"includedScopes":[]}]},"contributions":{},"includedScopes":[{"containerScope":{"containerScope":{"containerScope":{"contributions":{},"includedScopes":[]},"contributions":{},"includedScopes":[]},"contributions":{},"includedScopes":[]},"contributions":{},"includedScopes":[]}]},"contributions":{},"includedScopes":[]},"contributions":{},"includedScopes":[]},"contributions":{},"includedScopes":[]},"sourceMap":{"end":{"column":13,"line":38,"offset":888},"start":{"column":9,"line":38,"offset":884}}},{"args":[],"id":"9e091fca-96c4-4ad0-899a-dbd17622aacc","message":"clear","metadata":[],"receiver":{"id":"53fc3e4b-9349-4670-b85d-60814822aa67","metadata":[],"name":"game","scope":{"containerScope":{"containerScope":{"containerScope":{"containerScope":{"containerScope":{"containerScope":{"contributions":{},"includedScopes":[]},"contributions":{},"includedScopes":[{"contributions":{},"includedScopes":[]},{"contributions":{},"includedScopes":[]},{"contributions":{},"includedScopes":[]},{"contributions":{},"includedScopes":[]},{"contributions":{},"includedScopes":[]},{"contributions":{},"includedScopes":[]}]},"contributions":{},"includedScopes":[{"containerScope":{"containerScope":{"containerScope":{"contributions":{},"includedScopes":[]},"contributions":{},"includedScopes":[]},"contributions":{},"includedScopes":[]},"contributions":{},"includedScopes":[]}]},"contributions":{},"includedScopes":[]},"contributions":{},"includedScopes":[]},"contributions":{},"includedScopes":[]},"contributions":{},"includedScopes":[]},"sourceMap":{"end":{"column":13,"line":41,"offset":931},"start":{"column":9,"line":41,"offset":927}}},"scope":{"containerScope":{"containerScope":{"containerScope":{"containerScope":{"containerScope":{"contributions":{},"includedScopes":[]},"contributions":{},"includedScopes":[{"contributions":{},"includedScopes":[]},{"contributions":{},"includedScopes":[]},{"contributions":{},"includedScopes":[]},{"contributions":{},"includedScopes":[]},{"contributions":{},"includedScopes":[]},{"contributions":{},"includedScopes":[]}]},"contributions":{},"includedScopes":[{"containerScope":{"containerScope":{"containerScope":{"contributions":{},"includedScopes":[]},"contributions":{},"includedScopes":[]},"contributions":{},"includedScopes":[]},"contributions":{},"includedScopes":[]}]},"contributions":{},"includedScopes":[]},"contributions":{},"includedScopes":[]},"contributions":{},"includedScopes":[]},"sourceMap":{"end":{"column":21,"line":41,"offset":939},"start":{"column":9,"line":41,"offset":927}}},{"args":[],"id":"483dcaa1-1c07-4946-9858-4352b238fbcf","message":"clear","metadata":[],"receiver":{"id":"10ce3426-2c53-445f-ab42-60d5f59c614d","metadata":[],"name":"juego.mapaObjetos","scope":{"containerScope":{"containerScope":{"containerScope":{"containerScope":{"containerScope":{"containerScope":{"contributions":{},"includedScopes":[]},"contributions":{},"includedScopes":[{"contributions":{},"includedScopes":[]},{"contributions":{},"includedScopes":[]},{"contributions":{},"includedScopes":[]},{"contributions":{},"includedScopes":[]},{"contributions":{},"includedScopes":[]},{"contributions":{},"includedScopes":[]}]},"contributions":{},"includedScopes":[{"containerScope":{"containerScope":{"containerScope":{"contributions":{},"includedScopes":[]},"contributions":{},"includedScopes":[]},"contributions":{},"includedScopes":[]},"contributions":{},"includedScopes":[]}]},"contributions":{},"includedScopes":[]},"contributions":{},"includedScopes":[]},"contributions":{},"includedScopes":[]},"contributions":{},"includedScopes":[]},"sourceMap":{"end":{"column":26,"line":42,"offset":966},"start":{"column":9,"line":42,"offset":949}}},"scope":{"containerScope":{"containerScope":{"containerScope":{"containerScope":{"containerScope":{"contributions":{},"includedScopes":[]},"contributions":{},"includedScopes":[{"contributions":{},"includedScopes":[]},{"contributions":{},"includedScopes":[]},{"contributions":{},"includedScopes":[]},{"contributions":{},"includedScopes":[]},{"contributions":{},"includedScopes":[]},{"contributions":{},"includedScopes":[]}]},"contributions":{},"includedScopes":[{"containerScope":{"containerScope":{"containerScope":{"contributions":{},"includedScopes":[]},"contributions":{},"includedScopes":[]},"contributions":{},"includedScopes":[]},"contributions":{},"includedScopes":[]}]},"contributions":{},"includedScopes":[]},"contributions":{},"includedScopes":[]},"contributions":{},"includedScopes":[]},"sourceMap":{"end":{"column":34,"line":42,"offset":974},"start":{"column":8,"line":42,"offset":949}}}],"sourceMap":{"end":{"column":6,"line":44,"offset":983},"start":{"column":5,"line":35,"offset":842}}},"stack":"Error: Failed to print, found malformed node\n    at c:\\Users\\santi\\.vscode\\extensions\\uqbar.wollok-lsp-ide-0.5.4\\out\\server\\src\\server.js:68:3585\n    at c:\\Users\\santi\\.vscode\\extensions\\uqbar.wollok-lsp-ide-0.5.4\\out\\server\\src\\server.js:68:5370\n    at c:\\Users\\santi\\.vscode\\extensions\\uqbar.wollok-lsp-ide-0.5.4\\out\\server\\src\\server.js:38:6131\n    at c:\\Users\\santi\\.vscode\\extensions\\uqbar.wollok-lsp-ide-0.5.4\\out\\server\\src\\server.js:68:3664\n    at Kbn (c:\\Users\\santi\\.vscode\\extensions\\uqbar.wollok-lsp-ide-0.5.4\\out\\server\\src\\server.js:68:3396)\n    at c:\\Users\\santi\\.vscode\\extensions\\uqbar.wollok-lsp-ide-0.5.4\\out\\server\\src\\server.js:2398:847\n    at c:\\Users\\santi\\.vscode\\extensions\\uqbar.wollok-lsp-ide-0.5.4\\out\\server\\src\\server.js:2398:8440\n    at c:\\Users\\santi\\.vscode\\extensions\\uqbar.wollok-lsp-ide-0.5.4\\out\\server\\src\\server.js:37:74770\n    at Ke (c:\\Users\\santi\\.vscode\\extensions\\uqbar.wollok-lsp-ide-0.5.4\\out\\server\\src\\server.js:7:8527)\n    at Lt (c:\\Users\\santi\\.vscode\\extensions\\uqbar.wollok-lsp-ide-0.5.4\\out\\server\\src\\server.js:7:6189)","timestamp":"2026-06-06T16:42:12.610Z"}
{"level":"error","message":"✘ Failed to get type description: Error: Failed to print, found malformed node Failed to print, found malformed node","node":{"id":"e789ecb6-2798-4704-a087-383ffab48c1e","metadata":[],"problems":[{"code":"malformedSentence","sourceMap":{"end":{"column":11,"line":40,"offset":917},"start":{"column":13,"line":38,"offset":888}}}],"scope":{"containerScope":{"containerScope":{"containerScope":{"containerScope":{"contributions":{},"includedScopes":[]},"contributions":{},"includedScopes":[{"contributions":{},"includedScopes":[]},{"contributions":{},"includedScopes":[]},{"contributions":{},"includedScopes":[]},{"contributions":{},"includedScopes":[]},{"contributions":{},"includedScopes":[]},{"contributions":{},"includedScopes":[]}]},"contributions":{},"includedScopes":[{"containerScope":{"containerScope":{"containerScope":{"contributions":{},"includedScopes":[]},"contributions":{},"includedScopes":[]},"contributions":{},"includedScopes":[]},"contributions":{},"includedScopes":[]}]},"contributions":{},"includedScopes":[]},"contributions":{},"includedScopes":[]},"sentences":[{"args":[],"id":"c8104dce-f127-4b80-81c3-5eaa9b1c3af0","message":"active","metadata":[],"receiver":{"id":"0f6d523f-12d9-4ccf-a5a5-e8bdcb1485ff","metadata":[],"name":"transition","scope":{"containerScope":{"containerScope":{"containerScope":{"containerScope":{"containerScope":{"containerScope":{"contributions":{},"includedScopes":[]},"contributions":{},"includedScopes":[{"contributions":{},"includedScopes":[]},{"contributions":{},"includedScopes":[]},{"contributions":{},"includedScopes":[]},{"contributions":{},"includedScopes":[]},{"contributions":{},"includedScopes":[]},{"contributions":{},"includedScopes":[]}]},"contributions":{},"includedScopes":[{"containerScope":{"containerScope":{"containerScope":{"contributions":{},"includedScopes":[]},"contributions":{},"includedScopes":[]},"contributions":{},"includedScopes":[]},"contributions":{},"includedScopes":[]}]},"contributions":{},"includedScopes":[]},"contributions":{},"includedScopes":[]},"contributions":{},"includedScopes":[]},"contributions":{},"includedScopes":[]},"sourceMap":{"end":{"column":19,"line":36,"offset":863},"start":{"column":9,"line":36,"offset":853}}},"scope":{"containerScope":{"containerScope":{"containerScope":{"containerScope":{"containerScope":{"contributions":{},"includedScopes":[]},"contributions":{},"includedScopes":[{"contributions":{},"includedScopes":[]},{"contributions":{},"includedScopes":[]},{"contributions":{},"includedScopes":[]},{"contributions":{},"includedScopes":[]},{"contributions":{},"includedScopes":[]},{"contributions":{},"includedScopes":[]}]},"contributions":{},"includedScopes":[{"containerScope":{"containerScope":{"containerScope":{"contributions":{},"includedScopes":[]},"contributions":{},"includedScopes":[]},"contributions":{},"includedScopes":[]},"contributions":{},"includedScopes":[]}]},"contributions":{},"includedScopes":[]},"contributions":{},"includedScopes":[]},"contributions":{},"includedScopes":[]},"sourceMap":{"end":{"column":28,"line":36,"offset":872},"start":{"column":9,"line":36,"offset":853}}},{"id":"1306477c-a2fb-4058-958b-bbec87d80087","metadata":[],"name":"game","scope":{"containerScope":{"containerScope":{"containerScope":{"containerScope":{"containerScope":{"contributions":{},"includedScopes":[]},"contributions":{},"includedScopes":[{"contributions":{},"includedScopes":[]},{"contributions":{},"includedScopes":[]},{"contributions":{},"includedScopes":[]},{"contributions":{},"includedScopes":[]},{"contributions":{},"includedScopes":[]},{"contributions":{},"includedScopes":[]}]},"contributions":{},"includedScopes":[{"containerScope":{"containerScope":{"containerScope":{"contributions":{},"includedScopes":[]},"contributions":{},"includedScopes":[]},"contributions":{},"includedScopes":[]},"contributions":{},"includedScopes":[]}]},"contributions":{},"includedScopes":[]},"contributions":{},"includedScopes":[]},"contributions":{},"includedScopes":[]},"sourceMap":{"end":{"column":13,"line":38,"offset":888},"start":{"column":9,"line":38,"offset":884}}},{"args":[],"id":"9e091fca-96c4-4ad0-899a-dbd17622aacc","message":"clear","metadata":[],"receiver":{"id":"53fc3e4b-9349-4670-b85d-60814822aa67","metadata":[],"name":"game","scope":{"containerScope":{"containerScope":{"containerScope":{"containerScope":{"containerScope":{"containerScope":{"contributions":{},"includedScopes":[]},"contributions":{},"includedScopes":[{"contributions":{},"includedScopes":[]},{"contributions":{},"includedScopes":[]},{"contributions":{},"includedScopes":[]},{"contributions":{},"includedScopes":[]},{"contributions":{},"includedScopes":[]},{"contributions":{},"includedScopes":[]}]},"contributions":{},"includedScopes":[{"containerScope":{"containerScope":{"containerScope":{"contributions":{},"includedScopes":[]},"contributions":{},"includedScopes":[]},"contributions":{},"includedScopes":[]},"contributions":{},"includedScopes":[]}]},"contributions":{},"includedScopes":[]},"contributions":{},"includedScopes":[]},"contributions":{},"includedScopes":[]},"contributions":{},"includedScopes":[]},"sourceMap":{"end":{"column":13,"line":41,"offset":931},"start":{"column":9,"line":41,"offset":927}}},"scope":{"containerScope":{"containerScope":{"containerScope":{"containerScope":{"containerScope":{"contributions":{},"includedScopes":[]},"contributions":{},"includedScopes":[{"contributions":{},"includedScopes":[]},{"contributions":{},"includedScopes":[]},{"contributions":{},"includedScopes":[]},{"contributions":{},"includedScopes":[]},{"contributions":{},"includedScopes":[]},{"contributions":{},"includedScopes":[]}]},"contributions":{},"includedScopes":[{"containerScope":{"containerScope":{"containerScope":{"contributions":{},"includedScopes":[]},"contributions":{},"includedScopes":[]},"contributions":{},"includedScopes":[]},"contributions":{},"includedScopes":[]}]},"contributions":{},"includedScopes":[]},"contributions":{},"includedScopes":[]},"contributions":{},"includedScopes":[]},"sourceMap":{"end":{"column":21,"line":41,"offset":939},"start":{"column":9,"line":41,"offset":927}}},{"args":[],"id":"483dcaa1-1c07-4946-9858-4352b238fbcf","message":"clear","metadata":[],"receiver":{"id":"10ce3426-2c53-445f-ab42-60d5f59c614d","metadata":[],"name":"juego.mapaObjetos","scope":{"containerScope":{"containerScope":{"containerScope":{"containerScope":{"containerScope":{"containerScope":{"contributions":{},"includedScopes":[]},"contributions":{},"includedScopes":[{"contributions":{},"includedScopes":[]},{"contributions":{},"includedScopes":[]},{"contributions":{},"includedScopes":[]},{"contributions":{},"includedScopes":[]},{"contributions":{},"includedScopes":[]},{"contributions":{},"includedScopes":[]}]},"contributions":{},"includedScopes":[{"containerScope":{"containerScope":{"containerScope":{"contributions":{},"includedScopes":[]},"contributions":{},"includedScopes":[]},"contributions":{},"includedScopes":[]},"contributions":{},"includedScopes":[]}]},"contributions":{},"includedScopes":[]},"contributions":{},"includedScopes":[]},"contributions":{},"includedScopes":[]},"contributions":{},"includedScopes":[]},"sourceMap":{"end":{"column":26,"line":42,"offset":966},"start":{"column":9,"line":42,"offset":949}}},"scope":{"containerScope":{"containerScope":{"containerScope":{"containerScope":{"containerScope":{"contributions":{},"includedScopes":[]},"contributions":{},"includedScopes":[{"contributions":{},"includedScopes":[]},{"contributions":{},"includedScopes":[]},{"contributions":{},"includedScopes":[]},{"contributions":{},"includedScopes":[]},{"contributions":{},"includedScopes":[]},{"contributions":{},"includedScopes":[]}]},"contributions":{},"includedScopes":[{"containerScope":{"containerScope":{"containerScope":{"contributions":{},"includedScopes":[]},"contributions":{},"includedScopes":[]},"contributions":{},"includedScopes":[]},"contributions":{},"includedScopes":[]}]},"contributions":{},"includedScopes":[]},"contributions":{},"includedScopes":[]},"contributions":{},"includedScopes":[]},"sourceMap":{"end":{"column":34,"line":42,"offset":974},"start":{"column":8,"line":42,"offset":949}}}],"sourceMap":{"end":{"column":6,"line":44,"offset":983},"start":{"column":5,"line":35,"offset":842}}},"stack":"Error: Failed to print, found malformed node\n    at c:\\Users\\santi\\.vscode\\extensions\\uqbar.wollok-lsp-ide-0.5.4\\out\\server\\src\\server.js:68:3585\n    at c:\\Users\\santi\\.vscode\\extensions\\uqbar.wollok-lsp-ide-0.5.4\\out\\server\\src\\server.js:68:5370\n    at c:\\Users\\santi\\.vscode\\extensions\\uqbar.wollok-lsp-ide-0.5.4\\out\\server\\src\\server.js:38:6131\n    at c:\\Users\\santi\\.vscode\\extensions\\uqbar.wollok-lsp-ide-0.5.4\\out\\server\\src\\server.js:68:3664\n    at Kbn (c:\\Users\\santi\\.vscode\\extensions\\uqbar.wollok-lsp-ide-0.5.4\\out\\server\\src\\server.js:68:3396)\n    at c:\\Users\\santi\\.vscode\\extensions\\uqbar.wollok-lsp-ide-0.5.4\\out\\server\\src\\server.js:2398:847\n    at c:\\Users\\santi\\.vscode\\extensions\\uqbar.wollok-lsp-ide-0.5.4\\out\\server\\src\\server.js:2398:8440\n    at c:\\Users\\santi\\.vscode\\extensions\\uqbar.wollok-lsp-ide-0.5.4\\out\\server\\src\\server.js:37:74770\n    at Ke (c:\\Users\\santi\\.vscode\\extensions\\uqbar.wollok-lsp-ide-0.5.4\\out\\server\\src\\server.js:7:8527)\n    at Lt (c:\\Users\\santi\\.vscode\\extensions\\uqbar.wollok-lsp-ide-0.5.4\\out\\server\\src\\server.js:7:6189)","timestamp":"2026-06-06T16:42:13.755Z"}
{"level":"error","message":"✘ Failed to get type description: Error: Failed to print, found malformed node Failed to print, found malformed node","node":{"id":"e789ecb6-2798-4704-a087-383ffab48c1e","metadata":[],"problems":[{"code":"malformedSentence","sourceMap":{"end":{"column":11,"line":40,"offset":917},"start":{"column":13,"line":38,"offset":888}}}],"scope":{"containerScope":{"containerScope":{"containerScope":{"containerScope":{"contributions":{},"includedScopes":[]},"contributions":{},"includedScopes":[{"contributions":{},"includedScopes":[]},{"contributions":{},"includedScopes":[]},{"contributions":{},"includedScopes":[]},{"contributions":{},"includedScopes":[]},{"contributions":{},"includedScopes":[]},{"contributions":{},"includedScopes":[]}]},"contributions":{},"includedScopes":[{"containerScope":{"containerScope":{"containerScope":{"contributions":{},"includedScopes":[]},"contributions":{},"includedScopes":[]},"contributions":{},"includedScopes":[]},"contributions":{},"includedScopes":[]}]},"contributions":{},"includedScopes":[]},"contributions":{},"includedScopes":[]},"sentences":[{"args":[],"id":"c8104dce-f127-4b80-81c3-5eaa9b1c3af0","message":"active","metadata":[],"receiver":{"id":"0f6d523f-12d9-4ccf-a5a5-e8bdcb1485ff","metadata":[],"name":"transition","scope":{"containerScope":{"containerScope":{"containerScope":{"containerScope":{"containerScope":{"containerScope":{"contributions":{},"includedScopes":[]},"contributions":{},"includedScopes":[{"contributions":{},"includedScopes":[]},{"contributions":{},"includedScopes":[]},{"contributions":{},"includedScopes":[]},{"contributions":{},"includedScopes":[]},{"contributions":{},"includedScopes":[]},{"contributions":{},"includedScopes":[]}]},"contributions":{},"includedScopes":[{"containerScope":{"containerScope":{"containerScope":{"contributions":{},"includedScopes":[]},"contributions":{},"includedScopes":[]},"contributions":{},"includedScopes":[]},"contributions":{},"includedScopes":[]}]},"contributions":{},"includedScopes":[]},"contributions":{},"includedScopes":[]},"contributions":{},"includedScopes":[]},"contributions":{},"includedScopes":[]},"sourceMap":{"end":{"column":19,"line":36,"offset":863},"start":{"column":9,"line":36,"offset":853}}},"scope":{"containerScope":{"containerScope":{"containerScope":{"containerScope":{"containerScope":{"contributions":{},"includedScopes":[]},"contributions":{},"includedScopes":[{"contributions":{},"includedScopes":[]},{"contributions":{},"includedScopes":[]},{"contributions":{},"includedScopes":[]},{"contributions":{},"includedScopes":[]},{"contributions":{},"includedScopes":[]},{"contributions":{},"includedScopes":[]}]},"contributions":{},"includedScopes":[{"containerScope":{"containerScope":{"containerScope":{"contributions":{},"includedScopes":[]},"contributions":{},"includedScopes":[]},"contributions":{},"includedScopes":[]},"contributions":{},"includedScopes":[]}]},"contributions":{},"includedScopes":[]},"contributions":{},"includedScopes":[]},"contributions":{},"includedScopes":[]},"sourceMap":{"end":{"column":28,"line":36,"offset":872},"start":{"column":9,"line":36,"offset":853}}},{"id":"1306477c-a2fb-4058-958b-bbec87d80087","metadata":[],"name":"game","scope":{"containerScope":{"containerScope":{"containerScope":{"containerScope":{"containerScope":{"contributions":{},"includedScopes":[]},"contributions":{},"includedScopes":[{"contributions":{},"includedScopes":[]},{"contributions":{},"includedScopes":[]},{"contributions":{},"includedScopes":[]},{"contributions":{},"includedScopes":[]},{"contributions":{},"includedScopes":[]},{"contributions":{},"includedScopes":[]}]},"contributions":{},"includedScopes":[{"containerScope":{"containerScope":{"containerScope":{"contributions":{},"includedScopes":[]},"contributions":{},"includedScopes":[]},"contributions":{},"includedScopes":[]},"contributions":{},"includedScopes":[]}]},"contributions":{},"includedScopes":[]},"contributions":{},"includedScopes":[]},"contributions":{},"includedScopes":[]},"sourceMap":{"end":{"column":13,"line":38,"offset":888},"start":{"column":9,"line":38,"offset":884}}},{"args":[],"id":"9e091fca-96c4-4ad0-899a-dbd17622aacc","message":"clear","metadata":[],"receiver":{"id":"53fc3e4b-9349-4670-b85d-60814822aa67","metadata":[],"name":"game","scope":{"containerScope":{"containerScope":{"containerScope":{"containerScope":{"containerScope":{"containerScope":{"contributions":{},"includedScopes":[]},"contributions":{},"includedScopes":[{"contributions":{},"includedScopes":[]},{"contributions":{},"includedScopes":[]},{"contributions":{},"includedScopes":[]},{"contributions":{},"includedScopes":[]},{"contributions":{},"includedScopes":[]},{"contributions":{},"includedScopes":[]}]},"contributions":{},"includedScopes":[{"containerScope":{"containerScope":{"containerScope":{"contributions":{},"includedScopes":[]},"contributions":{},"includedScopes":[]},"contributions":{},"includedScopes":[]},"contributions":{},"includedScopes":[]}]},"contributions":{},"includedScopes":[]},"contributions":{},"includedScopes":[]},"contributions":{},"includedScopes":[]},"contributions":{},"includedScopes":[]},"sourceMap":{"end":{"column":13,"line":41,"offset":931},"start":{"column":9,"line":41,"offset":927}}},"scope":{"containerScope":{"containerScope":{"containerScope":{"containerScope":{"containerScope":{"contributions":{},"includedScopes":[]},"contributions":{},"includedScopes":[{"contributions":{},"includedScopes":[]},{"contributions":{},"includedScopes":[]},{"contributions":{},"includedScopes":[]},{"contributions":{},"includedScopes":[]},{"contributions":{},"includedScopes":[]},{"contributions":{},"includedScopes":[]}]},"contributions":{},"includedScopes":[{"containerScope":{"containerScope":{"containerScope":{"contributions":{},"includedScopes":[]},"contributions":{},"includedScopes":[]},"contributions":{},"includedScopes":[]},"contributions":{},"includedScopes":[]}]},"contributions":{},"includedScopes":[]},"contributions":{},"includedScopes":[]},"contributions":{},"includedScopes":[]},"sourceMap":{"end":{"column":21,"line":41,"offset":939},"start":{"column":9,"line":41,"offset":927}}},{"args":[],"id":"483dcaa1-1c07-4946-9858-4352b238fbcf","message":"clear","metadata":[],"receiver":{"id":"10ce3426-2c53-445f-ab42-60d5f59c614d","metadata":[],"name":"juego.mapaObjetos","scope":{"containerScope":{"containerScope":{"containerScope":{"containerScope":{"containerScope":{"containerScope":{"contributions":{},"includedScopes":[]},"contributions":{},"includedScopes":[{"contributions":{},"includedScopes":[]},{"contributions":{},"includedScopes":[]},{"contributions":{},"includedScopes":[]},{"contributions":{},"includedScopes":[]},{"contributions":{},"includedScopes":[]},{"contributions":{},"includedScopes":[]}]},"contributions":{},"includedScopes":[{"containerScope":{"containerScope":{"containerScope":{"contributions":{},"includedScopes":[]},"contributions":{},"includedScopes":[]},"contributions":{},"includedScopes":[]},"contributions":{},"includedScopes":[]}]},"contributions":{},"includedScopes":[]},"contributions":{},"includedScopes":[]},"contributions":{},"includedScopes":[]},"contributions":{},"includedScopes":[]},"sourceMap":{"end":{"column":26,"line":42,"offset":966},"start":{"column":9,"line":42,"offset":949}}},"scope":{"containerScope":{"containerScope":{"containerScope":{"containerScope":{"containerScope":{"contributions":{},"includedScopes":[]},"contributions":{},"includedScopes":[{"contributions":{},"includedScopes":[]},{"contributions":{},"includedScopes":[]},{"contributions":{},"includedScopes":[]},{"contributions":{},"includedScopes":[]},{"contributions":{},"includedScopes":[]},{"contributions":{},"includedScopes":[]}]},"contributions":{},"includedScopes":[{"containerScope":{"containerScope":{"containerScope":{"contributions":{},"includedScopes":[]},"contributions":{},"includedScopes":[]},"contributions":{},"includedScopes":[]},"contributions":{},"includedScopes":[]}]},"contributions":{},"includedScopes":[]},"contributions":{},"includedScopes":[]},"contributions":{},"includedScopes":[]},"sourceMap":{"end":{"column":34,"line":42,"offset":974},"start":{"column":8,"line":42,"offset":949}}}],"sourceMap":{"end":{"column":6,"line":44,"offset":983},"start":{"column":5,"line":35,"offset":842}}},"stack":"Error: Failed to print, found malformed node\n    at c:\\Users\\santi\\.vscode\\extensions\\uqbar.wollok-lsp-ide-0.5.4\\out\\server\\src\\server.js:68:3585\n    at c:\\Users\\santi\\.vscode\\extensions\\uqbar.wollok-lsp-ide-0.5.4\\out\\server\\src\\server.js:68:5370\n    at c:\\Users\\santi\\.vscode\\extensions\\uqbar.wollok-lsp-ide-0.5.4\\out\\server\\src\\server.js:38:6131\n    at c:\\Users\\santi\\.vscode\\extensions\\uqbar.wollok-lsp-ide-0.5.4\\out\\server\\src\\server.js:68:3664\n    at Kbn (c:\\Users\\santi\\.vscode\\extensions\\uqbar.wollok-lsp-ide-0.5.4\\out\\server\\src\\server.js:68:3396)\n    at c:\\Users\\santi\\.vscode\\extensions\\uqbar.wollok-lsp-ide-0.5.4\\out\\server\\src\\server.js:2398:847\n    at c:\\Users\\santi\\.vscode\\extensions\\uqbar.wollok-lsp-ide-0.5.4\\out\\server\\src\\server.js:2398:8440\n    at c:\\Users\\santi\\.vscode\\extensions\\uqbar.wollok-lsp-ide-0.5.4\\out\\server\\src\\server.js:37:74770\n    at Ke (c:\\Users\\santi\\.vscode\\extensions\\uqbar.wollok-lsp-ide-0.5.4\\out\\server\\src\\server.js:7:8527)\n    at Lt (c:\\Users\\santi\\.vscode\\extensions\\uqbar.wollok-lsp-ide-0.5.4\\out\\server\\src\\server.js:7:6189)","timestamp":"2026-06-06T16:42:14.084Z"}
{"level":"error","message":"✘ Failed to get type description: Error: Failed to print, found malformed node Failed to print, found malformed node","node":{"id":"e789ecb6-2798-4704-a087-383ffab48c1e","metadata":[],"problems":[{"code":"malformedSentence","sourceMap":{"end":{"column":11,"line":40,"offset":917},"start":{"column":13,"line":38,"offset":888}}}],"scope":{"containerScope":{"containerScope":{"containerScope":{"containerScope":{"contributions":{},"includedScopes":[]},"contributions":{},"includedScopes":[{"contributions":{},"includedScopes":[]},{"contributions":{},"includedScopes":[]},{"contributions":{},"includedScopes":[]},{"contributions":{},"includedScopes":[]},{"contributions":{},"includedScopes":[]},{"contributions":{},"includedScopes":[]}]},"contributions":{},"includedScopes":[{"containerScope":{"containerScope":{"containerScope":{"contributions":{},"includedScopes":[]},"contributions":{},"includedScopes":[]},"contributions":{},"includedScopes":[]},"contributions":{},"includedScopes":[]}]},"contributions":{},"includedScopes":[]},"contributions":{},"includedScopes":[]},"sentences":[{"args":[],"id":"c8104dce-f127-4b80-81c3-5eaa9b1c3af0","message":"active","metadata":[],"receiver":{"id":"0f6d523f-12d9-4ccf-a5a5-e8bdcb1485ff","metadata":[],"name":"transition","scope":{"containerScope":{"containerScope":{"containerScope":{"containerScope":{"containerScope":{"containerScope":{"contributions":{},"includedScopes":[]},"contributions":{},"includedScopes":[{"contributions":{},"includedScopes":[]},{"contributions":{},"includedScopes":[]},{"contributions":{},"includedScopes":[]},{"contributions":{},"includedScopes":[]},{"contributions":{},"includedScopes":[]},{"contributions":{},"includedScopes":[]}]},"contributions":{},"includedScopes":[{"containerScope":{"containerScope":{"containerScope":{"contributions":{},"includedScopes":[]},"contributions":{},"includedScopes":[]},"contributions":{},"includedScopes":[]},"contributions":{},"includedScopes":[]}]},"contributions":{},"includedScopes":[]},"contributions":{},"includedScopes":[]},"contributions":{},"includedScopes":[]},"contributions":{},"includedScopes":[]},"sourceMap":{"end":{"column":19,"line":36,"offset":863},"start":{"column":9,"line":36,"offset":853}}},"scope":{"containerScope":{"containerScope":{"containerScope":{"containerScope":{"containerScope":{"contributions":{},"includedScopes":[]},"contributions":{},"includedScopes":[{"contributions":{},"includedScopes":[]},{"contributions":{},"includedScopes":[]},{"contributions":{},"includedScopes":[]},{"contributions":{},"includedScopes":[]},{"contributions":{},"includedScopes":[]},{"contributions":{},"includedScopes":[]}]},"contributions":{},"includedScopes":[{"containerScope":{"containerScope":{"containerScope":{"contributions":{},"includedScopes":[]},"contributions":{},"includedScopes":[]},"contributions":{},"includedScopes":[]},"contributions":{},"includedScopes":[]}]},"contributions":{},"includedScopes":[]},"contributions":{},"includedScopes":[]},"contributions":{},"includedScopes":[]},"sourceMap":{"end":{"column":28,"line":36,"offset":872},"start":{"column":9,"line":36,"offset":853}}},{"id":"1306477c-a2fb-4058-958b-bbec87d80087","metadata":[],"name":"game","scope":{"containerScope":{"containerScope":{"containerScope":{"containerScope":{"containerScope":{"contributions":{},"includedScopes":[]},"contributions":{},"includedScopes":[{"contributions":{},"includedScopes":[]},{"contributions":{},"includedScopes":[]},{"contributions":{},"includedScopes":[]},{"contributions":{},"includedScopes":[]},{"contributions":{},"includedScopes":[]},{"contributions":{},"includedScopes":[]}]},"contributions":{},"includedScopes":[{"containerScope":{"containerScope":{"containerScope":{"contributions":{},"includedScopes":[]},"contributions":{},"includedScopes":[]},"contributions":{},"includedScopes":[]},"contributions":{},"includedScopes":[]}]},"contributions":{},"includedScopes":[]},"contributions":{},"includedScopes":[]},"contributions":{},"includedScopes":[]},"sourceMap":{"end":{"column":13,"line":38,"offset":888},"start":{"column":9,"line":38,"offset":884}}},{"args":[],"id":"9e091fca-96c4-4ad0-899a-dbd17622aacc","message":"clear","metadata":[],"receiver":{"id":"53fc3e4b-9349-4670-b85d-60814822aa67","metadata":[],"name":"game","scope":{"containerScope":{"containerScope":{"containerScope":{"containerScope":{"containerScope":{"containerScope":{"contributions":{},"includedScopes":[]},"contributions":{},"includedScopes":[{"contributions":{},"includedScopes":[]},{"contributions":{},"includedScopes":[]},{"contributions":{},"includedScopes":[]},{"contributions":{},"includedScopes":[]},{"contributions":{},"includedScopes":[]},{"contributions":{},"includedScopes":[]}]},"contributions":{},"includedScopes":[{"containerScope":{"containerScope":{"containerScope":{"contributions":{},"includedScopes":[]},"contributions":{},"includedScopes":[]},"contributions":{},"includedScopes":[]},"contributions":{},"includedScopes":[]}]},"contributions":{},"includedScopes":[]},"contributions":{},"includedScopes":[]},"contributions":{},"includedScopes":[]},"contributions":{},"includedScopes":[]},"sourceMap":{"end":{"column":13,"line":41,"offset":931},"start":{"column":9,"line":41,"offset":927}}},"scope":{"containerScope":{"containerScope":{"containerScope":{"containerScope":{"containerScope":{"contributions":{},"includedScopes":[]},"contributions":{},"includedScopes":[{"contributions":{},"includedScopes":[]},{"contributions":{},"includedScopes":[]},{"contributions":{},"includedScopes":[]},{"contributions":{},"includedScopes":[]},{"contributions":{},"includedScopes":[]},{"contributions":{},"includedScopes":[]}]},"contributions":{},"includedScopes":[{"containerScope":{"containerScope":{"containerScope":{"contributions":{},"includedScopes":[]},"contributions":{},"includedScopes":[]},"contributions":{},"includedScopes":[]},"contributions":{},"includedScopes":[]}]},"contributions":{},"includedScopes":[]},"contributions":{},"includedScopes":[]},"contributions":{},"includedScopes":[]},"sourceMap":{"end":{"column":21,"line":41,"offset":939},"start":{"column":9,"line":41,"offset":927}}},{"args":[],"id":"483dcaa1-1c07-4946-9858-4352b238fbcf","message":"clear","metadata":[],"receiver":{"id":"10ce3426-2c53-445f-ab42-60d5f59c614d","metadata":[],"name":"juego.mapaObjetos","scope":{"containerScope":{"containerScope":{"containerScope":{"containerScope":{"containerScope":{"containerScope":{"contributions":{},"includedScopes":[]},"contributions":{},"includedScopes":[{"contributions":{},"includedScopes":[]},{"contributions":{},"includedScopes":[]},{"contributions":{},"includedScopes":[]},{"contributions":{},"includedScopes":[]},{"contributions":{},"includedScopes":[]},{"contributions":{},"includedScopes":[]}]},"contributions":{},"includedScopes":[{"containerScope":{"containerScope":{"containerScope":{"contributions":{},"includedScopes":[]},"contributions":{},"includedScopes":[]},"contributions":{},"includedScopes":[]},"contributions":{},"includedScopes":[]}]},"contributions":{},"includedScopes":[]},"contributions":{},"includedScopes":[]},"contributions":{},"includedScopes":[]},"contributions":{},"includedScopes":[]},"sourceMap":{"end":{"column":26,"line":42,"offset":966},"start":{"column":9,"line":42,"offset":949}}},"scope":{"containerScope":{"containerScope":{"containerScope":{"containerScope":{"containerScope":{"contributions":{},"includedScopes":[]},"contributions":{},"includedScopes":[{"contributions":{},"includedScopes":[]},{"contributions":{},"includedScopes":[]},{"contributions":{},"includedScopes":[]},{"contributions":{},"includedScopes":[]},{"contributions":{},"includedScopes":[]},{"contributions":{},"includedScopes":[]}]},"contributions":{},"includedScopes":[{"containerScope":{"containerScope":{"containerScope":{"contributions":{},"includedScopes":[]},"contributions":{},"includedScopes":[]},"contributions":{},"includedScopes":[]},"contributions":{},"includedScopes":[]}]},"contributions":{},"includedScopes":[]},"contributions":{},"includedScopes":[]},"contributions":{},"includedScopes":[]},"sourceMap":{"end":{"column":34,"line":42,"offset":974},"start":{"column":8,"line":42,"offset":949}}}],"sourceMap":{"end":{"column":6,"line":44,"offset":983},"start":{"column":5,"line":35,"offset":842}}},"stack":"Error: Failed to print, found malformed node\n    at c:\\Users\\santi\\.vscode\\extensions\\uqbar.wollok-lsp-ide-0.5.4\\out\\server\\src\\server.js:68:3585\n    at c:\\Users\\santi\\.vscode\\extensions\\uqbar.wollok-lsp-ide-0.5.4\\out\\server\\src\\server.js:68:5370\n    at c:\\Users\\santi\\.vscode\\extensions\\uqbar.wollok-lsp-ide-0.5.4\\out\\server\\src\\server.js:38:6131\n    at c:\\Users\\santi\\.vscode\\extensions\\uqbar.wollok-lsp-ide-0.5.4\\out\\server\\src\\server.js:68:3664\n    at Kbn (c:\\Users\\santi\\.vscode\\extensions\\uqbar.wollok-lsp-ide-0.5.4\\out\\server\\src\\server.js:68:3396)\n    at c:\\Users\\santi\\.vscode\\extensions\\uqbar.wollok-lsp-ide-0.5.4\\out\\server\\src\\server.js:2398:847\n    at c:\\Users\\santi\\.vscode\\extensions\\uqbar.wollok-lsp-ide-0.5.4\\out\\server\\src\\server.js:2398:8440\n    at c:\\Users\\santi\\.vscode\\extensions\\uqbar.wollok-lsp-ide-0.5.4\\out\\server\\src\\server.js:37:74770\n    at Ke (c:\\Users\\santi\\.vscode\\extensions\\uqbar.wollok-lsp-ide-0.5.4\\out\\server\\src\\server.js:7:8527)\n    at Lt (c:\\Users\\santi\\.vscode\\extensions\\uqbar.wollok-lsp-ide-0.5.4\\out\\server\\src\\server.js:7:6189)","timestamp":"2026-06-06T16:42:18.785Z"}
{"level":"error","message":"✘ Failed to get type description: Error: Failed to print, found malformed node Failed to print, found malformed node","node":{"id":"e789ecb6-2798-4704-a087-383ffab48c1e","metadata":[],"problems":[{"code":"malformedSentence","sourceMap":{"end":{"column":11,"line":40,"offset":917},"start":{"column":13,"line":38,"offset":888}}}],"scope":{"containerScope":{"containerScope":{"containerScope":{"containerScope":{"contributions":{},"includedScopes":[]},"contributions":{},"includedScopes":[{"contributions":{},"includedScopes":[]},{"contributions":{},"includedScopes":[]},{"contributions":{},"includedScopes":[]},{"contributions":{},"includedScopes":[]},{"contributions":{},"includedScopes":[]},{"contributions":{},"includedScopes":[]}]},"contributions":{},"includedScopes":[{"containerScope":{"containerScope":{"containerScope":{"contributions":{},"includedScopes":[]},"contributions":{},"includedScopes":[]},"contributions":{},"includedScopes":[]},"contributions":{},"includedScopes":[]}]},"contributions":{},"includedScopes":[]},"contributions":{},"includedScopes":[]},"sentences":[{"args":[],"id":"c8104dce-f127-4b80-81c3-5eaa9b1c3af0","message":"active","metadata":[],"receiver":{"id":"0f6d523f-12d9-4ccf-a5a5-e8bdcb1485ff","metadata":[],"name":"transition","scope":{"containerScope":{"containerScope":{"containerScope":{"containerScope":{"containerScope":{"containerScope":{"contributions":{},"includedScopes":[]},"contributions":{},"includedScopes":[{"contributions":{},"includedScopes":[]},{"contributions":{},"includedScopes":[]},{"contributions":{},"includedScopes":[]},{"contributions":{},"includedScopes":[]},{"contributions":{},"includedScopes":[]},{"contributions":{},"includedScopes":[]}]},"contributions":{},"includedScopes":[{"containerScope":{"containerScope":{"containerScope":{"contributions":{},"includedScopes":[]},"contributions":{},"includedScopes":[]},"contributions":{},"includedScopes":[]},"contributions":{},"includedScopes":[]}]},"contributions":{},"includedScopes":[]},"contributions":{},"includedScopes":[]},"contributions":{},"includedScopes":[]},"contributions":{},"includedScopes":[]},"sourceMap":{"end":{"column":19,"line":36,"offset":863},"start":{"column":9,"line":36,"offset":853}}},"scope":{"containerScope":{"containerScope":{"containerScope":{"containerScope":{"containerScope":{"contributions":{},"includedScopes":[]},"contributions":{},"includedScopes":[{"contributions":{},"includedScopes":[]},{"contributions":{},"includedScopes":[]},{"contributions":{},"includedScopes":[]},{"contributions":{},"includedScopes":[]},{"contributions":{},"includedScopes":[]},{"contributions":{},"includedScopes":[]}]},"contributions":{},"includedScopes":[{"containerScope":{"containerScope":{"containerScope":{"contributions":{},"includedScopes":[]},"contributions":{},"includedScopes":[]},"contributions":{},"includedScopes":[]},"contributions":{},"includedScopes":[]}]},"contributions":{},"includedScopes":[]},"contributions":{},"includedScopes":[]},"contributions":{},"includedScopes":[]},"sourceMap":{"end":{"column":28,"line":36,"offset":872},"start":{"column":9,"line":36,"offset":853}}},{"id":"1306477c-a2fb-4058-958b-bbec87d80087","metadata":[],"name":"game","scope":{"containerScope":{"containerScope":{"containerScope":{"containerScope":{"containerScope":{"contributions":{},"includedScopes":[]},"contributions":{},"includedScopes":[{"contributions":{},"includedScopes":[]},{"contributions":{},"includedScopes":[]},{"contributions":{},"includedScopes":[]},{"contributions":{},"includedScopes":[]},{"contributions":{},"includedScopes":[]},{"contributions":{},"includedScopes":[]}]},"contributions":{},"includedScopes":[{"containerScope":{"containerScope":{"containerScope":{"contributions":{},"includedScopes":[]},"contributions":{},"includedScopes":[]},"contributions":{},"includedScopes":[]},"contributions":{},"includedScopes":[]}]},"contributions":{},"includedScopes":[]},"contributions":{},"includedScopes":[]},"contributions":{},"includedScopes":[]},"sourceMap":{"end":{"column":13,"line":38,"offset":888},"start":{"column":9,"line":38,"offset":884}}},{"args":[],"id":"9e091fca-96c4-4ad0-899a-dbd17622aacc","message":"clear","metadata":[],"receiver":{"id":"53fc3e4b-9349-4670-b85d-60814822aa67","metadata":[],"name":"game","scope":{"containerScope":{"containerScope":{"containerScope":{"containerScope":{"containerScope":{"containerScope":{"contributions":{},"includedScopes":[]},"contributions":{},"includedScopes":[{"contributions":{},"includedScopes":[]},{"contributions":{},"includedScopes":[]},{"contributions":{},"includedScopes":[]},{"contributions":{},"includedScopes":[]},{"contributions":{},"includedScopes":[]},{"contributions":{},"includedScopes":[]}]},"contributions":{},"includedScopes":[{"containerScope":{"containerScope":{"containerScope":{"contributions":{},"includedScopes":[]},"contributions":{},"includedScopes":[]},"contributions":{},"includedScopes":[]},"contributions":{},"includedScopes":[]}]},"contributions":{},"includedScopes":[]},"contributions":{},"includedScopes":[]},"contributions":{},"includedScopes":[]},"contributions":{},"includedScopes":[]},"sourceMap":{"end":{"column":13,"line":41,"offset":931},"start":{"column":9,"line":41,"offset":927}}},"scope":{"containerScope":{"containerScope":{"containerScope":{"containerScope":{"containerScope":{"contributions":{},"includedScopes":[]},"contributions":{},"includedScopes":[{"contributions":{},"includedScopes":[]},{"contributions":{},"includedScopes":[]},{"contributions":{},"includedScopes":[]},{"contributions":{},"includedScopes":[]},{"contributions":{},"includedScopes":[]},{"contributions":{},"includedScopes":[]}]},"contributions":{},"includedScopes":[{"containerScope":{"containerScope":{"containerScope":{"contributions":{},"includedScopes":[]},"contributions":{},"includedScopes":[]},"contributions":{},"includedScopes":[]},"contributions":{},"includedScopes":[]}]},"contributions":{},"includedScopes":[]},"contributions":{},"includedScopes":[]},"contributions":{},"includedScopes":[]},"sourceMap":{"end":{"column":21,"line":41,"offset":939},"start":{"column":9,"line":41,"offset":927}}},{"args":[],"id":"483dcaa1-1c07-4946-9858-4352b238fbcf","message":"clear","metadata":[],"receiver":{"id":"10ce3426-2c53-445f-ab42-60d5f59c614d","metadata":[],"name":"juego.mapaObjetos","scope":{"containerScope":{"containerScope":{"containerScope":{"containerScope":{"containerScope":{"containerScope":{"contributions":{},"includedScopes":[]},"contributions":{},"includedScopes":[{"contributions":{},"includedScopes":[]},{"contributions":{},"includedScopes":[]},{"contributions":{},"includedScopes":[]},{"contributions":{},"includedScopes":[]},{"contributions":{},"includedScopes":[]},{"contributions":{},"includedScopes":[]}]},"contributions":{},"includedScopes":[{"containerScope":{"containerScope":{"containerScope":{"contributions":{},"includedScopes":[]},"contributions":{},"includedScopes":[]},"contributions":{},"includedScopes":[]},"contributions":{},"includedScopes":[]}]},"contributions":{},"includedScopes":[]},"contributions":{},"includedScopes":[]},"contributions":{},"includedScopes":[]},"contributions":{},"includedScopes":[]},"sourceMap":{"end":{"column":26,"line":42,"offset":966},"start":{"column":9,"line":42,"offset":949}}},"scope":{"containerScope":{"containerScope":{"containerScope":{"containerScope":{"containerScope":{"contributions":{},"includedScopes":[]},"contributions":{},"includedScopes":[{"contributions":{},"includedScopes":[]},{"contributions":{},"includedScopes":[]},{"contributions":{},"includedScopes":[]},{"contributions":{},"includedScopes":[]},{"contributions":{},"includedScopes":[]},{"contributions":{},"includedScopes":[]}]},"contributions":{},"includedScopes":[{"containerScope":{"containerScope":{"containerScope":{"contributions":{},"includedScopes":[]},"contributions":{},"includedScopes":[]},"contributions":{},"includedScopes":[]},"contributions":{},"includedScopes":[]}]},"contributions":{},"includedScopes":[]},"contributions":{},"includedScopes":[]},"contributions":{},"includedScopes":[]},"sourceMap":{"end":{"column":34,"line":42,"offset":974},"start":{"column":8,"line":42,"offset":949}}}],"sourceMap":{"end":{"column":6,"line":44,"offset":983},"start":{"column":5,"line":35,"offset":842}}},"stack":"Error: Failed to print, found malformed node\n    at c:\\Users\\santi\\.vscode\\extensions\\uqbar.wollok-lsp-ide-0.5.4\\out\\server\\src\\server.js:68:3585\n    at c:\\Users\\santi\\.vscode\\extensions\\uqbar.wollok-lsp-ide-0.5.4\\out\\server\\src\\server.js:68:5370\n    at c:\\Users\\santi\\.vscode\\extensions\\uqbar.wollok-lsp-ide-0.5.4\\out\\server\\src\\server.js:38:6131\n    at c:\\Users\\santi\\.vscode\\extensions\\uqbar.wollok-lsp-ide-0.5.4\\out\\server\\src\\server.js:68:3664\n    at Kbn (c:\\Users\\santi\\.vscode\\extensions\\uqbar.wollok-lsp-ide-0.5.4\\out\\server\\src\\server.js:68:3396)\n    at c:\\Users\\santi\\.vscode\\extensions\\uqbar.wollok-lsp-ide-0.5.4\\out\\server\\src\\server.js:2398:847\n    at c:\\Users\\santi\\.vscode\\extensions\\uqbar.wollok-lsp-ide-0.5.4\\out\\server\\src\\server.js:2398:8440\n    at c:\\Users\\santi\\.vscode\\extensions\\uqbar.wollok-lsp-ide-0.5.4\\out\\server\\src\\server.js:37:74770\n    at Ke (c:\\Users\\santi\\.vscode\\extensions\\uqbar.wollok-lsp-ide-0.5.4\\out\\server\\src\\server.js:7:8527)\n    at Lt (c:\\Users\\santi\\.vscode\\extensions\\uqbar.wollok-lsp-ide-0.5.4\\out\\server\\src\\server.js:7:6189)","timestamp":"2026-06-06T16:42:19.789Z"}
{"level":"error","message":"✘ Failed to get type description: Error: Failed to print, found malformed node Failed to print, found malformed node","node":{"id":"e789ecb6-2798-4704-a087-383ffab48c1e","metadata":[],"problems":[{"code":"malformedSentence","sourceMap":{"end":{"column":11,"line":40,"offset":917},"start":{"column":13,"line":38,"offset":888}}}],"scope":{"containerScope":{"containerScope":{"containerScope":{"containerScope":{"contributions":{},"includedScopes":[]},"contributions":{},"includedScopes":[{"contributions":{},"includedScopes":[]},{"contributions":{},"includedScopes":[]},{"contributions":{},"includedScopes":[]},{"contributions":{},"includedScopes":[]},{"contributions":{},"includedScopes":[]},{"contributions":{},"includedScopes":[]}]},"contributions":{},"includedScopes":[{"containerScope":{"containerScope":{"containerScope":{"contributions":{},"includedScopes":[]},"contributions":{},"includedScopes":[]},"contributions":{},"includedScopes":[]},"contributions":{},"includedScopes":[]}]},"contributions":{},"includedScopes":[]},"contributions":{},"includedScopes":[]},"sentences":[{"args":[],"id":"c8104dce-f127-4b80-81c3-5eaa9b1c3af0","message":"active","metadata":[],"receiver":{"id":"0f6d523f-12d9-4ccf-a5a5-e8bdcb1485ff","metadata":[],"name":"transition","scope":{"containerScope":{"containerScope":{"containerScope":{"containerScope":{"containerScope":{"containerScope":{"contributions":{},"includedScopes":[]},"contributions":{},"includedScopes":[{"contributions":{},"includedScopes":[]},{"contributions":{},"includedScopes":[]},{"contributions":{},"includedScopes":[]},{"contributions":{},"includedScopes":[]},{"contributions":{},"includedScopes":[]},{"contributions":{},"includedScopes":[]}]},"contributions":{},"includedScopes":[{"containerScope":{"containerScope":{"containerScope":{"contributions":{},"includedScopes":[]},"contributions":{},"includedScopes":[]},"contributions":{},"includedScopes":[]},"contributions":{},"includedScopes":[]}]},"contributions":{},"includedScopes":[]},"contributions":{},"includedScopes":[]},"contributions":{},"includedScopes":[]},"contributions":{},"includedScopes":[]},"sourceMap":{"end":{"column":19,"line":36,"offset":863},"start":{"column":9,"line":36,"offset":853}}},"scope":{"containerScope":{"containerScope":{"containerScope":{"containerScope":{"containerScope":{"contributions":{},"includedScopes":[]},"contributions":{},"includedScopes":[{"contributions":{},"includedScopes":[]},{"contributions":{},"includedScopes":[]},{"contributions":{},"includedScopes":[]},{"contributions":{},"includedScopes":[]},{"contributions":{},"includedScopes":[]},{"contributions":{},"includedScopes":[]}]},"contributions":{},"includedScopes":[{"containerScope":{"containerScope":{"containerScope":{"contributions":{},"includedScopes":[]},"contributions":{},"includedScopes":[]},"contributions":{},"includedScopes":[]},"contributions":{},"includedScopes":[]}]},"contributions":{},"includedScopes":[]},"contributions":{},"includedScopes":[]},"contributions":{},"includedScopes":[]},"sourceMap":{"end":{"column":28,"line":36,"offset":872},"start":{"column":9,"line":36,"offset":853}}},{"id":"1306477c-a2fb-4058-958b-bbec87d80087","metadata":[],"name":"game","scope":{"containerScope":{"containerScope":{"containerScope":{"containerScope":{"containerScope":{"contributions":{},"includedScopes":[]},"contributions":{},"includedScopes":[{"contributions":{},"includedScopes":[]},{"contributions":{},"includedScopes":[]},{"contributions":{},"includedScopes":[]},{"contributions":{},"includedScopes":[]},{"contributions":{},"includedScopes":[]},{"contributions":{},"includedScopes":[]}]},"contributions":{},"includedScopes":[{"containerScope":{"containerScope":{"containerScope":{"contributions":{},"includedScopes":[]},"contributions":{},"includedScopes":[]},"contributions":{},"includedScopes":[]},"contributions":{},"includedScopes":[]}]},"contributions":{},"includedScopes":[]},"contributions":{},"includedScopes":[]},"contributions":{},"includedScopes":[]},"sourceMap":{"end":{"column":13,"line":38,"offset":888},"start":{"column":9,"line":38,"offset":884}}},{"args":[],"id":"9e091fca-96c4-4ad0-899a-dbd17622aacc","message":"clear","metadata":[],"receiver":{"id":"53fc3e4b-9349-4670-b85d-60814822aa67","metadata":[],"name":"game","scope":{"containerScope":{"containerScope":{"containerScope":{"containerScope":{"containerScope":{"containerScope":{"contributions":{},"includedScopes":[]},"contributions":{},"includedScopes":[{"contributions":{},"includedScopes":[]},{"contributions":{},"includedScopes":[]},{"contributions":{},"includedScopes":[]},{"contributions":{},"includedScopes":[]},{"contributions":{},"includedScopes":[]},{"contributions":{},"includedScopes":[]}]},"contributions":{},"includedScopes":[{"containerScope":{"containerScope":{"containerScope":{"contributions":{},"includedScopes":[]},"contributions":{},"includedScopes":[]},"contributions":{},"includedScopes":[]},"contributions":{},"includedScopes":[]}]},"contributions":{},"includedScopes":[]},"contributions":{},"includedScopes":[]},"contributions":{},"includedScopes":[]},"contributions":{},"includedScopes":[]},"sourceMap":{"end":{"column":13,"line":41,"offset":931},"start":{"column":9,"line":41,"offset":927}}},"scope":{"containerScope":{"containerScope":{"containerScope":{"containerScope":{"containerScope":{"contributions":{},"includedScopes":[]},"contributions":{},"includedScopes":[{"contributions":{},"includedScopes":[]},{"contributions":{},"includedScopes":[]},{"contributions":{},"includedScopes":[]},{"contributions":{},"includedScopes":[]},{"contributions":{},"includedScopes":[]},{"contributions":{},"includedScopes":[]}]},"contributions":{},"includedScopes":[{"containerScope":{"containerScope":{"containerScope":{"contributions":{},"includedScopes":[]},"contributions":{},"includedScopes":[]},"contributions":{},"includedScopes":[]},"contributions":{},"includedScopes":[]}]},"contributions":{},"includedScopes":[]},"contributions":{},"includedScopes":[]},"contributions":{},"includedScopes":[]},"sourceMap":{"end":{"column":21,"line":41,"offset":939},"start":{"column":9,"line":41,"offset":927}}},{"args":[],"id":"483dcaa1-1c07-4946-9858-4352b238fbcf","message":"clear","metadata":[],"receiver":{"id":"10ce3426-2c53-445f-ab42-60d5f59c614d","metadata":[],"name":"juego.mapaObjetos","scope":{"containerScope":{"containerScope":{"containerScope":{"containerScope":{"containerScope":{"containerScope":{"contributions":{},"includedScopes":[]},"contributions":{},"includedScopes":[{"contributions":{},"includedScopes":[]},{"contributions":{},"includedScopes":[]},{"contributions":{},"includedScopes":[]},{"contributions":{},"includedScopes":[]},{"contributions":{},"includedScopes":[]},{"contributions":{},"includedScopes":[]}]},"contributions":{},"includedScopes":[{"containerScope":{"containerScope":{"containerScope":{"contributions":{},"includedScopes":[]},"contributions":{},"includedScopes":[]},"contributions":{},"includedScopes":[]},"contributions":{},"includedScopes":[]}]},"contributions":{},"includedScopes":[]},"contributions":{},"includedScopes":[]},"contributions":{},"includedScopes":[]},"contributions":{},"includedScopes":[]},"sourceMap":{"end":{"column":26,"line":42,"offset":966},"start":{"column":9,"line":42,"offset":949}}},"scope":{"containerScope":{"containerScope":{"containerScope":{"containerScope":{"containerScope":{"contributions":{},"includedScopes":[]},"contributions":{},"includedScopes":[{"contributions":{},"includedScopes":[]},{"contributions":{},"includedScopes":[]},{"contributions":{},"includedScopes":[]},{"contributions":{},"includedScopes":[]},{"contributions":{},"includedScopes":[]},{"contributions":{},"includedScopes":[]}]},"contributions":{},"includedScopes":[{"containerScope":{"containerScope":{"containerScope":{"contributions":{},"includedScopes":[]},"contributions":{},"includedScopes":[]},"contributions":{},"includedScopes":[]},"contributions":{},"includedScopes":[]}]},"contributions":{},"includedScopes":[]},"contributions":{},"includedScopes":[]},"contributions":{},"includedScopes":[]},"sourceMap":{"end":{"column":34,"line":42,"offset":974},"start":{"column":8,"line":42,"offset":949}}}],"sourceMap":{"end":{"column":6,"line":44,"offset":983},"start":{"column":5,"line":35,"offset":842}}},"stack":"Error: Failed to print, found malformed node\n    at c:\\Users\\santi\\.vscode\\extensions\\uqbar.wollok-lsp-ide-0.5.4\\out\\server\\src\\server.js:68:3585\n    at c:\\Users\\santi\\.vscode\\extensions\\uqbar.wollok-lsp-ide-0.5.4\\out\\server\\src\\server.js:68:5370\n    at c:\\Users\\santi\\.vscode\\extensions\\uqbar.wollok-lsp-ide-0.5.4\\out\\server\\src\\server.js:38:6131\n    at c:\\Users\\santi\\.vscode\\extensions\\uqbar.wollok-lsp-ide-0.5.4\\out\\server\\src\\server.js:68:3664\n    at Kbn (c:\\Users\\santi\\.vscode\\extensions\\uqbar.wollok-lsp-ide-0.5.4\\out\\server\\src\\server.js:68:3396)\n    at c:\\Users\\santi\\.vscode\\extensions\\uqbar.wollok-lsp-ide-0.5.4\\out\\server\\src\\server.js:2398:847\n    at c:\\Users\\santi\\.vscode\\extensions\\uqbar.wollok-lsp-ide-0.5.4\\out\\server\\src\\server.js:2398:8440\n    at c:\\Users\\santi\\.vscode\\extensions\\uqbar.wollok-lsp-ide-0.5.4\\out\\server\\src\\server.js:37:74770\n    at Ke (c:\\Users\\santi\\.vscode\\extensions\\uqbar.wollok-lsp-ide-0.5.4\\out\\server\\src\\server.js:7:8527)\n    at Lt (c:\\Users\\santi\\.vscode\\extensions\\uqbar.wollok-lsp-ide-0.5.4\\out\\server\\src\\server.js:7:6189)","timestamp":"2026-06-06T16:42:21.143Z"}
{"level":"error","message":"✘ Failed to get type description: Error: Failed to print, found malformed node Failed to print, found malformed node","node":{"id":"e789ecb6-2798-4704-a087-383ffab48c1e","metadata":[],"problems":[{"code":"malformedSentence","sourceMap":{"end":{"column":11,"line":40,"offset":917},"start":{"column":13,"line":38,"offset":888}}}],"scope":{"containerScope":{"containerScope":{"containerScope":{"containerScope":{"contributions":{},"includedScopes":[]},"contributions":{},"includedScopes":[{"contributions":{},"includedScopes":[]},{"contributions":{},"includedScopes":[]},{"contributions":{},"includedScopes":[]},{"contributions":{},"includedScopes":[]},{"contributions":{},"includedScopes":[]},{"contributions":{},"includedScopes":[]}]},"contributions":{},"includedScopes":[{"containerScope":{"containerScope":{"containerScope":{"contributions":{},"includedScopes":[]},"contributions":{},"includedScopes":[]},"contributions":{},"includedScopes":[]},"contributions":{},"includedScopes":[]}]},"contributions":{},"includedScopes":[]},"contributions":{},"includedScopes":[]},"sentences":[{"args":[],"id":"c8104dce-f127-4b80-81c3-5eaa9b1c3af0","message":"active","metadata":[],"receiver":{"id":"0f6d523f-12d9-4ccf-a5a5-e8bdcb1485ff","metadata":[],"name":"transition","scope":{"containerScope":{"containerScope":{"containerScope":{"containerScope":{"containerScope":{"containerScope":{"contributions":{},"includedScopes":[]},"contributions":{},"includedScopes":[{"contributions":{},"includedScopes":[]},{"contributions":{},"includedScopes":[]},{"contributions":{},"includedScopes":[]},{"contributions":{},"includedScopes":[]},{"contributions":{},"includedScopes":[]},{"contributions":{},"includedScopes":[]}]},"contributions":{},"includedScopes":[{"containerScope":{"containerScope":{"containerScope":{"contributions":{},"includedScopes":[]},"contributions":{},"includedScopes":[]},"contributions":{},"includedScopes":[]},"contributions":{},"includedScopes":[]}]},"contributions":{},"includedScopes":[]},"contributions":{},"includedScopes":[]},"contributions":{},"includedScopes":[]},"contributions":{},"includedScopes":[]},"sourceMap":{"end":{"column":19,"line":36,"offset":863},"start":{"column":9,"line":36,"offset":853}}},"scope":{"containerScope":{"containerScope":{"containerScope":{"containerScope":{"containerScope":{"contributions":{},"includedScopes":[]},"contributions":{},"includedScopes":[{"contributions":{},"includedScopes":[]},{"contributions":{},"includedScopes":[]},{"contributions":{},"includedScopes":[]},{"contributions":{},"includedScopes":[]},{"contributions":{},"includedScopes":[]},{"contributions":{},"includedScopes":[]}]},"contributions":{},"includedScopes":[{"containerScope":{"containerScope":{"containerScope":{"contributions":{},"includedScopes":[]},"contributions":{},"includedScopes":[]},"contributions":{},"includedScopes":[]},"contributions":{},"includedScopes":[]}]},"contributions":{},"includedScopes":[]},"contributions":{},"includedScopes":[]},"contributions":{},"includedScopes":[]},"sourceMap":{"end":{"column":28,"line":36,"offset":872},"start":{"column":9,"line":36,"offset":853}}},{"id":"1306477c-a2fb-4058-958b-bbec87d80087","metadata":[],"name":"game","scope":{"containerScope":{"containerScope":{"containerScope":{"containerScope":{"containerScope":{"contributions":{},"includedScopes":[]},"contributions":{},"includedScopes":[{"contributions":{},"includedScopes":[]},{"contributions":{},"includedScopes":[]},{"contributions":{},"includedScopes":[]},{"contributions":{},"includedScopes":[]},{"contributions":{},"includedScopes":[]},{"contributions":{},"includedScopes":[]}]},"contributions":{},"includedScopes":[{"containerScope":{"containerScope":{"containerScope":{"contributions":{},"includedScopes":[]},"contributions":{},"includedScopes":[]},"contributions":{},"includedScopes":[]},"contributions":{},"includedScopes":[]}]},"contributions":{},"includedScopes":[]},"contributions":{},"includedScopes":[]},"contributions":{},"includedScopes":[]},"sourceMap":{"end":{"column":13,"line":38,"offset":888},"start":{"column":9,"line":38,"offset":884}}},{"args":[],"id":"9e091fca-96c4-4ad0-899a-dbd17622aacc","message":"clear","metadata":[],"receiver":{"id":"53fc3e4b-9349-4670-b85d-60814822aa67","metadata":[],"name":"game","scope":{"containerScope":{"containerScope":{"containerScope":{"containerScope":{"containerScope":{"containerScope":{"contributions":{},"includedScopes":[]},"contributions":{},"includedScopes":[{"contributions":{},"includedScopes":[]},{"contributions":{},"includedScopes":[]},{"contributions":{},"includedScopes":[]},{"contributions":{},"includedScopes":[]},{"contributions":{},"includedScopes":[]},{"contributions":{},"includedScopes":[]}]},"contributions":{},"includedScopes":[{"containerScope":{"containerScope":{"containerScope":{"contributions":{},"includedScopes":[]},"contributions":{},"includedScopes":[]},"contributions":{},"includedScopes":[]},"contributions":{},"includedScopes":[]}]},"contributions":{},"includedScopes":[]},"contributions":{},"includedScopes":[]},"contributions":{},"includedScopes":[]},"contributions":{},"includedScopes":[]},"sourceMap":{"end":{"column":13,"line":41,"offset":931},"start":{"column":9,"line":41,"offset":927}}},"scope":{"containerScope":{"containerScope":{"containerScope":{"containerScope":{"containerScope":{"contributions":{},"includedScopes":[]},"contributions":{},"includedScopes":[{"contributions":{},"includedScopes":[]},{"contributions":{},"includedScopes":[]},{"contributions":{},"includedScopes":[]},{"contributions":{},"includedScopes":[]},{"contributions":{},"includedScopes":[]},{"contributions":{},"includedScopes":[]}]},"contributions":{},"includedScopes":[{"containerScope":{"containerScope":{"containerScope":{"contributions":{},"includedScopes":[]},"contributions":{},"includedScopes":[]},"contributions":{},"includedScopes":[]},"contributions":{},"includedScopes":[]}]},"contributions":{},"includedScopes":[]},"contributions":{},"includedScopes":[]},"contributions":{},"includedScopes":[]},"sourceMap":{"end":{"column":21,"line":41,"offset":939},"start":{"column":9,"line":41,"offset":927}}},{"args":[],"id":"483dcaa1-1c07-4946-9858-4352b238fbcf","message":"clear","metadata":[],"receiver":{"id":"10ce3426-2c53-445f-ab42-60d5f59c614d","metadata":[],"name":"juego.mapaObjetos","scope":{"containerScope":{"containerScope":{"containerScope":{"containerScope":{"containerScope":{"containerScope":{"contributions":{},"includedScopes":[]},"contributions":{},"includedScopes":[{"contributions":{},"includedScopes":[]},{"contributions":{},"includedScopes":[]},{"contributions":{},"includedScopes":[]},{"contributions":{},"includedScopes":[]},{"contributions":{},"includedScopes":[]},{"contributions":{},"includedScopes":[]}]},"contributions":{},"includedScopes":[{"containerScope":{"containerScope":{"containerScope":{"contributions":{},"includedScopes":[]},"contributions":{},"includedScopes":[]},"contributions":{},"includedScopes":[]},"contributions":{},"includedScopes":[]}]},"contributions":{},"includedScopes":[]},"contributions":{},"includedScopes":[]},"contributions":{},"includedScopes":[]},"contributions":{},"includedScopes":[]},"sourceMap":{"end":{"column":26,"line":42,"offset":966},"start":{"column":9,"line":42,"offset":949}}},"scope":{"containerScope":{"containerScope":{"containerScope":{"containerScope":{"containerScope":{"contributions":{},"includedScopes":[]},"contributions":{},"includedScopes":[{"contributions":{},"includedScopes":[]},{"contributions":{},"includedScopes":[]},{"contributions":{},"includedScopes":[]},{"contributions":{},"includedScopes":[]},{"contributions":{},"includedScopes":[]},{"contributions":{},"includedScopes":[]}]},"contributions":{},"includedScopes":[{"containerScope":{"containerScope":{"containerScope":{"contributions":{},"includedScopes":[]},"contributions":{},"includedScopes":[]},"contributions":{},"includedScopes":[]},"contributions":{},"includedScopes":[]}]},"contributions":{},"includedScopes":[]},"contributions":{},"includedScopes":[]},"contributions":{},"includedScopes":[]},"sourceMap":{"end":{"column":34,"line":42,"offset":974},"start":{"column":8,"line":42,"offset":949}}}],"sourceMap":{"end":{"column":6,"line":44,"offset":983},"start":{"column":5,"line":35,"offset":842}}},"stack":"Error: Failed to print, found malformed node\n    at c:\\Users\\santi\\.vscode\\extensions\\uqbar.wollok-lsp-ide-0.5.4\\out\\server\\src\\server.js:68:3585\n    at c:\\Users\\santi\\.vscode\\extensions\\uqbar.wollok-lsp-ide-0.5.4\\out\\server\\src\\server.js:68:5370\n    at c:\\Users\\santi\\.vscode\\extensions\\uqbar.wollok-lsp-ide-0.5.4\\out\\server\\src\\server.js:38:6131\n    at c:\\Users\\santi\\.vscode\\extensions\\uqbar.wollok-lsp-ide-0.5.4\\out\\server\\src\\server.js:68:3664\n    at Kbn (c:\\Users\\santi\\.vscode\\extensions\\uqbar.wollok-lsp-ide-0.5.4\\out\\server\\src\\server.js:68:3396)\n    at c:\\Users\\santi\\.vscode\\extensions\\uqbar.wollok-lsp-ide-0.5.4\\out\\server\\src\\server.js:2398:847\n    at c:\\Users\\santi\\.vscode\\extensions\\uqbar.wollok-lsp-ide-0.5.4\\out\\server\\src\\server.js:2398:8440\n    at c:\\Users\\santi\\.vscode\\extensions\\uqbar.wollok-lsp-ide-0.5.4\\out\\server\\src\\server.js:37:74770\n    at Ke (c:\\Users\\santi\\.vscode\\extensions\\uqbar.wollok-lsp-ide-0.5.4\\out\\server\\src\\server.js:7:8527)\n    at Lt (c:\\Users\\santi\\.vscode\\extensions\\uqbar.wollok-lsp-ide-0.5.4\\out\\server\\src\\server.js:7:6189)","timestamp":"2026-06-06T16:42:24.785Z"}
{"level":"error","message":"✘ Failed to get type description: Error: Failed to print, found malformed node Failed to print, found malformed node","node":{"id":"e789ecb6-2798-4704-a087-383ffab48c1e","metadata":[],"problems":[{"code":"malformedSentence","sourceMap":{"end":{"column":11,"line":40,"offset":917},"start":{"column":13,"line":38,"offset":888}}}],"scope":{"containerScope":{"containerScope":{"containerScope":{"containerScope":{"contributions":{},"includedScopes":[]},"contributions":{},"includedScopes":[{"contributions":{},"includedScopes":[]},{"contributions":{},"includedScopes":[]},{"contributions":{},"includedScopes":[]},{"contributions":{},"includedScopes":[]},{"contributions":{},"includedScopes":[]},{"contributions":{},"includedScopes":[]}]},"contributions":{},"includedScopes":[{"containerScope":{"containerScope":{"containerScope":{"contributions":{},"includedScopes":[]},"contributions":{},"includedScopes":[]},"contributions":{},"includedScopes":[]},"contributions":{},"includedScopes":[]}]},"contributions":{},"includedScopes":[]},"contributions":{},"includedScopes":[]},"sentences":[{"args":[],"id":"c8104dce-f127-4b80-81c3-5eaa9b1c3af0","message":"active","metadata":[],"receiver":{"id":"0f6d523f-12d9-4ccf-a5a5-e8bdcb1485ff","metadata":[],"name":"transition","scope":{"containerScope":{"containerScope":{"containerScope":{"containerScope":{"containerScope":{"containerScope":{"contributions":{},"includedScopes":[]},"contributions":{},"includedScopes":[{"contributions":{},"includedScopes":[]},{"contributions":{},"includedScopes":[]},{"contributions":{},"includedScopes":[]},{"contributions":{},"includedScopes":[]},{"contributions":{},"includedScopes":[]},{"contributions":{},"includedScopes":[]}]},"contributions":{},"includedScopes":[{"containerScope":{"containerScope":{"containerScope":{"contributions":{},"includedScopes":[]},"contributions":{},"includedScopes":[]},"contributions":{},"includedScopes":[]},"contributions":{},"includedScopes":[]}]},"contributions":{},"includedScopes":[]},"contributions":{},"includedScopes":[]},"contributions":{},"includedScopes":[]},"contributions":{},"includedScopes":[]},"sourceMap":{"end":{"column":19,"line":36,"offset":863},"start":{"column":9,"line":36,"offset":853}}},"scope":{"containerScope":{"containerScope":{"containerScope":{"containerScope":{"containerScope":{"contributions":{},"includedScopes":[]},"contributions":{},"includedScopes":[{"contributions":{},"includedScopes":[]},{"contributions":{},"includedScopes":[]},{"contributions":{},"includedScopes":[]},{"contributions":{},"includedScopes":[]},{"contributions":{},"includedScopes":[]},{"contributions":{},"includedScopes":[]}]},"contributions":{},"includedScopes":[{"containerScope":{"containerScope":{"containerScope":{"contributions":{},"includedScopes":[]},"contributions":{},"includedScopes":[]},"contributions":{},"includedScopes":[]},"contributions":{},"includedScopes":[]}]},"contributions":{},"includedScopes":[]},"contributions":{},"includedScopes":[]},"contributions":{},"includedScopes":[]},"sourceMap":{"end":{"column":28,"line":36,"offset":872},"start":{"column":9,"line":36,"offset":853}}},{"id":"1306477c-a2fb-4058-958b-bbec87d80087","metadata":[],"name":"game","scope":{"containerScope":{"containerScope":{"containerScope":{"containerScope":{"containerScope":{"contributions":{},"includedScopes":[]},"contributions":{},"includedScopes":[{"contributions":{},"includedScopes":[]},{"contributions":{},"includedScopes":[]},{"contributions":{},"includedScopes":[]},{"contributions":{},"includedScopes":[]},{"contributions":{},"includedScopes":[]},{"contributions":{},"includedScopes":[]}]},"contributions":{},"includedScopes":[{"containerScope":{"containerScope":{"containerScope":{"contributions":{},"includedScopes":[]},"contributions":{},"includedScopes":[]},"contributions":{},"includedScopes":[]},"contributions":{},"includedScopes":[]}]},"contributions":{},"includedScopes":[]},"contributions":{},"includedScopes":[]},"contributions":{},"includedScopes":[]},"sourceMap":{"end":{"column":13,"line":38,"offset":888},"start":{"column":9,"line":38,"offset":884}}},{"args":[],"id":"9e091fca-96c4-4ad0-899a-dbd17622aacc","message":"clear","metadata":[],"receiver":{"id":"53fc3e4b-9349-4670-b85d-60814822aa67","metadata":[],"name":"game","scope":{"containerScope":{"containerScope":{"containerScope":{"containerScope":{"containerScope":{"containerScope":{"contributions":{},"includedScopes":[]},"contributions":{},"includedScopes":[{"contributions":{},"includedScopes":[]},{"contributions":{},"includedScopes":[]},{"contributions":{},"includedScopes":[]},{"contributions":{},"includedScopes":[]},{"contributions":{},"includedScopes":[]},{"contributions":{},"includedScopes":[]}]},"contributions":{},"includedScopes":[{"containerScope":{"containerScope":{"containerScope":{"contributions":{},"includedScopes":[]},"contributions":{},"includedScopes":[]},"contributions":{},"includedScopes":[]},"contributions":{},"includedScopes":[]}]},"contributions":{},"includedScopes":[]},"contributions":{},"includedScopes":[]},"contributions":{},"includedScopes":[]},"contributions":{},"includedScopes":[]},"sourceMap":{"end":{"column":13,"line":41,"offset":931},"start":{"column":9,"line":41,"offset":927}}},"scope":{"containerScope":{"containerScope":{"containerScope":{"containerScope":{"containerScope":{"contributions":{},"includedScopes":[]},"contributions":{},"includedScopes":[{"contributions":{},"includedScopes":[]},{"contributions":{},"includedScopes":[]},{"contributions":{},"includedScopes":[]},{"contributions":{},"includedScopes":[]},{"contributions":{},"includedScopes":[]},{"contributions":{},"includedScopes":[]}]},"contributions":{},"includedScopes":[{"containerScope":{"containerScope":{"containerScope":{"contributions":{},"includedScopes":[]},"contributions":{},"includedScopes":[]},"contributions":{},"includedScopes":[]},"contributions":{},"includedScopes":[]}]},"contributions":{},"includedScopes":[]},"contributions":{},"includedScopes":[]},"contributions":{},"includedScopes":[]},"sourceMap":{"end":{"column":21,"line":41,"offset":939},"start":{"column":9,"line":41,"offset":927}}},{"args":[],"id":"483dcaa1-1c07-4946-9858-4352b238fbcf","message":"clear","metadata":[],"receiver":{"id":"10ce3426-2c53-445f-ab42-60d5f59c614d","metadata":[],"name":"juego.mapaObjetos","scope":{"containerScope":{"containerScope":{"containerScope":{"containerScope":{"containerScope":{"containerScope":{"contributions":{},"includedScopes":[]},"contributions":{},"includedScopes":[{"contributions":{},"includedScopes":[]},{"contributions":{},"includedScopes":[]},{"contributions":{},"includedScopes":[]},{"contributions":{},"includedScopes":[]},{"contributions":{},"includedScopes":[]},{"contributions":{},"includedScopes":[]}]},"contributions":{},"includedScopes":[{"containerScope":{"containerScope":{"containerScope":{"contributions":{},"includedScopes":[]},"contributions":{},"includedScopes":[]},"contributions":{},"includedScopes":[]},"contributions":{},"includedScopes":[]}]},"contributions":{},"includedScopes":[]},"contributions":{},"includedScopes":[]},"contributions":{},"includedScopes":[]},"contributions":{},"includedScopes":[]},"sourceMap":{"end":{"column":26,"line":42,"offset":966},"start":{"column":9,"line":42,"offset":949}}},"scope":{"containerScope":{"containerScope":{"containerScope":{"containerScope":{"containerScope":{"contributions":{},"includedScopes":[]},"contributions":{},"includedScopes":[{"contributions":{},"includedScopes":[]},{"contributions":{},"includedScopes":[]},{"contributions":{},"includedScopes":[]},{"contributions":{},"includedScopes":[]},{"contributions":{},"includedScopes":[]},{"contributions":{},"includedScopes":[]}]},"contributions":{},"includedScopes":[{"containerScope":{"containerScope":{"containerScope":{"contributions":{},"includedScopes":[]},"contributions":{},"includedScopes":[]},"contributions":{},"includedScopes":[]},"contributions":{},"includedScopes":[]}]},"contributions":{},"includedScopes":[]},"contributions":{},"includedScopes":[]},"contributions":{},"includedScopes":[]},"sourceMap":{"end":{"column":34,"line":42,"offset":974},"start":{"column":8,"line":42,"offset":949}}}],"sourceMap":{"end":{"column":6,"line":44,"offset":983},"start":{"column":5,"line":35,"offset":842}}},"stack":"Error: Failed to print, found malformed node\n    at c:\\Users\\santi\\.vscode\\extensions\\uqbar.wollok-lsp-ide-0.5.4\\out\\server\\src\\server.js:68:3585\n    at c:\\Users\\santi\\.vscode\\extensions\\uqbar.wollok-lsp-ide-0.5.4\\out\\server\\src\\server.js:68:5370\n    at c:\\Users\\santi\\.vscode\\extensions\\uqbar.wollok-lsp-ide-0.5.4\\out\\server\\src\\server.js:38:6131\n    at c:\\Users\\santi\\.vscode\\extensions\\uqbar.wollok-lsp-ide-0.5.4\\out\\server\\src\\server.js:68:3664\n    at Kbn (c:\\Users\\santi\\.vscode\\extensions\\uqbar.wollok-lsp-ide-0.5.4\\out\\server\\src\\server.js:68:3396)\n    at c:\\Users\\santi\\.vscode\\extensions\\uqbar.wollok-lsp-ide-0.5.4\\out\\server\\src\\server.js:2398:847\n    at c:\\Users\\santi\\.vscode\\extensions\\uqbar.wollok-lsp-ide-0.5.4\\out\\server\\src\\server.js:2398:8440\n    at c:\\Users\\santi\\.vscode\\extensions\\uqbar.wollok-lsp-ide-0.5.4\\out\\server\\src\\server.js:37:74770\n    at Ke (c:\\Users\\santi\\.vscode\\extensions\\uqbar.wollok-lsp-ide-0.5.4\\out\\server\\src\\server.js:7:8527)\n    at Lt (c:\\Users\\santi\\.vscode\\extensions\\uqbar.wollok-lsp-ide-0.5.4\\out\\server\\src\\server.js:7:6189)","timestamp":"2026-06-06T16:42:25.444Z"}
{"level":"error","message":"✘ Failed to get type description: Error: Failed to print, found malformed node Failed to print, found malformed node","node":{"id":"e789ecb6-2798-4704-a087-383ffab48c1e","metadata":[],"problems":[{"code":"malformedSentence","sourceMap":{"end":{"column":11,"line":40,"offset":917},"start":{"column":13,"line":38,"offset":888}}}],"scope":{"containerScope":{"containerScope":{"containerScope":{"containerScope":{"contributions":{},"includedScopes":[]},"contributions":{},"includedScopes":[{"contributions":{},"includedScopes":[]},{"contributions":{},"includedScopes":[]},{"contributions":{},"includedScopes":[]},{"contributions":{},"includedScopes":[]},{"contributions":{},"includedScopes":[]},{"contributions":{},"includedScopes":[]}]},"contributions":{},"includedScopes":[{"containerScope":{"containerScope":{"containerScope":{"contributions":{},"includedScopes":[]},"contributions":{},"includedScopes":[]},"contributions":{},"includedScopes":[]},"contributions":{},"includedScopes":[]}]},"contributions":{},"includedScopes":[]},"contributions":{},"includedScopes":[]},"sentences":[{"args":[],"id":"c8104dce-f127-4b80-81c3-5eaa9b1c3af0","message":"active","metadata":[],"receiver":{"id":"0f6d523f-12d9-4ccf-a5a5-e8bdcb1485ff","metadata":[],"name":"transition","scope":{"containerScope":{"containerScope":{"containerScope":{"containerScope":{"containerScope":{"containerScope":{"contributions":{},"includedScopes":[]},"contributions":{},"includedScopes":[{"contributions":{},"includedScopes":[]},{"contributions":{},"includedScopes":[]},{"contributions":{},"includedScopes":[]},{"contributions":{},"includedScopes":[]},{"contributions":{},"includedScopes":[]},{"contributions":{},"includedScopes":[]}]},"contributions":{},"includedScopes":[{"containerScope":{"containerScope":{"containerScope":{"contributions":{},"includedScopes":[]},"contributions":{},"includedScopes":[]},"contributions":{},"includedScopes":[]},"contributions":{},"includedScopes":[]}]},"contributions":{},"includedScopes":[]},"contributions":{},"includedScopes":[]},"contributions":{},"includedScopes":[]},"contributions":{},"includedScopes":[]},"sourceMap":{"end":{"column":19,"line":36,"offset":863},"start":{"column":9,"line":36,"offset":853}}},"scope":{"containerScope":{"containerScope":{"containerScope":{"containerScope":{"containerScope":{"contributions":{},"includedScopes":[]},"contributions":{},"includedScopes":[{"contributions":{},"includedScopes":[]},{"contributions":{},"includedScopes":[]},{"contributions":{},"includedScopes":[]},{"contributions":{},"includedScopes":[]},{"contributions":{},"includedScopes":[]},{"contributions":{},"includedScopes":[]}]},"contributions":{},"includedScopes":[{"containerScope":{"containerScope":{"containerScope":{"contributions":{},"includedScopes":[]},"contributions":{},"includedScopes":[]},"contributions":{},"includedScopes":[]},"contributions":{},"includedScopes":[]}]},"contributions":{},"includedScopes":[]},"contributions":{},"includedScopes":[]},"contributions":{},"includedScopes":[]},"sourceMap":{"end":{"column":28,"line":36,"offset":872},"start":{"column":9,"line":36,"offset":853}}},{"id":"1306477c-a2fb-4058-958b-bbec87d80087","metadata":[],"name":"game","scope":{"containerScope":{"containerScope":{"containerScope":{"containerScope":{"containerScope":{"contributions":{},"includedScopes":[]},"contributions":{},"includedScopes":[{"contributions":{},"includedScopes":[]},{"contributions":{},"includedScopes":[]},{"contributions":{},"includedScopes":[]},{"contributions":{},"includedScopes":[]},{"contributions":{},"includedScopes":[]},{"contributions":{},"includedScopes":[]}]},"contributions":{},"includedScopes":[{"containerScope":{"containerScope":{"containerScope":{"contributions":{},"includedScopes":[]},"contributions":{},"includedScopes":[]},"contributions":{},"includedScopes":[]},"contributions":{},"includedScopes":[]}]},"contributions":{},"includedScopes":[]},"contributions":{},"includedScopes":[]},"contributions":{},"includedScopes":[]},"sourceMap":{"end":{"column":13,"line":38,"offset":888},"start":{"column":9,"line":38,"offset":884}}},{"args":[],"id":"9e091fca-96c4-4ad0-899a-dbd17622aacc","message":"clear","metadata":[],"receiver":{"id":"53fc3e4b-9349-4670-b85d-60814822aa67","metadata":[],"name":"game","scope":{"containerScope":{"containerScope":{"containerScope":{"containerScope":{"containerScope":{"containerScope":{"contributions":{},"includedScopes":[]},"contributions":{},"includedScopes":[{"contributions":{},"includedScopes":[]},{"contributions":{},"includedScopes":[]},{"contributions":{},"includedScopes":[]},{"contributions":{},"includedScopes":[]},{"contributions":{},"includedScopes":[]},{"contributions":{},"includedScopes":[]}]},"contributions":{},"includedScopes":[{"containerScope":{"containerScope":{"containerScope":{"contributions":{},"includedScopes":[]},"contributions":{},"includedScopes":[]},"contributions":{},"includedScopes":[]},"contributions":{},"includedScopes":[]}]},"contributions":{},"includedScopes":[]},"contributions":{},"includedScopes":[]},"contributions":{},"includedScopes":[]},"contributions":{},"includedScopes":[]},"sourceMap":{"end":{"column":13,"line":41,"offset":931},"start":{"column":9,"line":41,"offset":927}}},"scope":{"containerScope":{"containerScope":{"containerScope":{"containerScope":{"containerScope":{"contributions":{},"includedScopes":[]},"contributions":{},"includedScopes":[{"contributions":{},"includedScopes":[]},{"contributions":{},"includedScopes":[]},{"contributions":{},"includedScopes":[]},{"contributions":{},"includedScopes":[]},{"contributions":{},"includedScopes":[]},{"contributions":{},"includedScopes":[]}]},"contributions":{},"includedScopes":[{"containerScope":{"containerScope":{"containerScope":{"contributions":{},"includedScopes":[]},"contributions":{},"includedScopes":[]},"contributions":{},"includedScopes":[]},"contributions":{},"includedScopes":[]}]},"contributions":{},"includedScopes":[]},"contributions":{},"includedScopes":[]},"contributions":{},"includedScopes":[]},"sourceMap":{"end":{"column":21,"line":41,"offset":939},"start":{"column":9,"line":41,"offset":927}}},{"args":[],"id":"483dcaa1-1c07-4946-9858-4352b238fbcf","message":"clear","metadata":[],"receiver":{"id":"10ce3426-2c53-445f-ab42-60d5f59c614d","metadata":[],"name":"juego.mapaObjetos","scope":{"containerScope":{"containerScope":{"containerScope":{"containerScope":{"containerScope":{"containerScope":{"contributions":{},"includedScopes":[]},"contributions":{},"includedScopes":[{"contributions":{},"includedScopes":[]},{"contributions":{},"includedScopes":[]},{"contributions":{},"includedScopes":[]},{"contributions":{},"includedScopes":[]},{"contributions":{},"includedScopes":[]},{"contributions":{},"includedScopes":[]}]},"contributions":{},"includedScopes":[{"containerScope":{"containerScope":{"containerScope":{"contributions":{},"includedScopes":[]},"contributions":{},"includedScopes":[]},"contributions":{},"includedScopes":[]},"contributions":{},"includedScopes":[]}]},"contributions":{},"includedScopes":[]},"contributions":{},"includedScopes":[]},"contributions":{},"includedScopes":[]},"contributions":{},"includedScopes":[]},"sourceMap":{"end":{"column":26,"line":42,"offset":966},"start":{"column":9,"line":42,"offset":949}}},"scope":{"containerScope":{"containerScope":{"containerScope":{"containerScope":{"containerScope":{"contributions":{},"includedScopes":[]},"contributions":{},"includedScopes":[{"contributions":{},"includedScopes":[]},{"contributions":{},"includedScopes":[]},{"contributions":{},"includedScopes":[]},{"contributions":{},"includedScopes":[]},{"contributions":{},"includedScopes":[]},{"contributions":{},"includedScopes":[]}]},"contributions":{},"includedScopes":[{"containerScope":{"containerScope":{"containerScope":{"contributions":{},"includedScopes":[]},"contributions":{},"includedScopes":[]},"contributions":{},"includedScopes":[]},"contributions":{},"includedScopes":[]}]},"contributions":{},"includedScopes":[]},"contributions":{},"includedScopes":[]},"contributions":{},"includedScopes":[]},"sourceMap":{"end":{"column":34,"line":42,"offset":974},"start":{"column":8,"line":42,"offset":949}}}],"sourceMap":{"end":{"column":6,"line":44,"offset":983},"start":{"column":5,"line":35,"offset":842}}},"stack":"Error: Failed to print, found malformed node\n    at c:\\Users\\santi\\.vscode\\extensions\\uqbar.wollok-lsp-ide-0.5.4\\out\\server\\src\\server.js:68:3585\n    at c:\\Users\\santi\\.vscode\\extensions\\uqbar.wollok-lsp-ide-0.5.4\\out\\server\\src\\server.js:68:5370\n    at c:\\Users\\santi\\.vscode\\extensions\\uqbar.wollok-lsp-ide-0.5.4\\out\\server\\src\\server.js:38:6131\n    at c:\\Users\\santi\\.vscode\\extensions\\uqbar.wollok-lsp-ide-0.5.4\\out\\server\\src\\server.js:68:3664\n    at Kbn (c:\\Users\\santi\\.vscode\\extensions\\uqbar.wollok-lsp-ide-0.5.4\\out\\server\\src\\server.js:68:3396)\n    at c:\\Users\\santi\\.vscode\\extensions\\uqbar.wollok-lsp-ide-0.5.4\\out\\server\\src\\server.js:2398:847\n    at c:\\Users\\santi\\.vscode\\extensions\\uqbar.wollok-lsp-ide-0.5.4\\out\\server\\src\\server.js:2398:8440\n    at c:\\Users\\santi\\.vscode\\extensions\\uqbar.wollok-lsp-ide-0.5.4\\out\\server\\src\\server.js:37:74770\n    at Ke (c:\\Users\\santi\\.vscode\\extensions\\uqbar.wollok-lsp-ide-0.5.4\\out\\server\\src\\server.js:7:8527)\n    at Lt (c:\\Users\\santi\\.vscode\\extensions\\uqbar.wollok-lsp-ide-0.5.4\\out\\server\\src\\server.js:7:6189)","timestamp":"2026-06-06T16:42:28.846Z"}
{"level":"error","message":"✘ Failed to get type description: Error: Failed to print, found malformed node Failed to print, found malformed node","node":{"id":"e789ecb6-2798-4704-a087-383ffab48c1e","metadata":[],"problems":[{"code":"malformedSentence","sourceMap":{"end":{"column":11,"line":40,"offset":917},"start":{"column":13,"line":38,"offset":888}}}],"scope":{"containerScope":{"containerScope":{"containerScope":{"containerScope":{"contributions":{},"includedScopes":[]},"contributions":{},"includedScopes":[{"contributions":{},"includedScopes":[]},{"contributions":{},"includedScopes":[]},{"contributions":{},"includedScopes":[]},{"contributions":{},"includedScopes":[]},{"contributions":{},"includedScopes":[]},{"contributions":{},"includedScopes":[]}]},"contributions":{},"includedScopes":[{"containerScope":{"containerScope":{"containerScope":{"contributions":{},"includedScopes":[]},"contributions":{},"includedScopes":[]},"contributions":{},"includedScopes":[]},"contributions":{},"includedScopes":[]}]},"contributions":{},"includedScopes":[]},"contributions":{},"includedScopes":[]},"sentences":[{"args":[],"id":"c8104dce-f127-4b80-81c3-5eaa9b1c3af0","message":"active","metadata":[],"receiver":{"id":"0f6d523f-12d9-4ccf-a5a5-e8bdcb1485ff","metadata":[],"name":"transition","scope":{"containerScope":{"containerScope":{"containerScope":{"containerScope":{"containerScope":{"containerScope":{"contributions":{},"includedScopes":[]},"contributions":{},"includedScopes":[{"contributions":{},"includedScopes":[]},{"contributions":{},"includedScopes":[]},{"contributions":{},"includedScopes":[]},{"contributions":{},"includedScopes":[]},{"contributions":{},"includedScopes":[]},{"contributions":{},"includedScopes":[]}]},"contributions":{},"includedScopes":[{"containerScope":{"containerScope":{"containerScope":{"contributions":{},"includedScopes":[]},"contributions":{},"includedScopes":[]},"contributions":{},"includedScopes":[]},"contributions":{},"includedScopes":[]}]},"contributions":{},"includedScopes":[]},"contributions":{},"includedScopes":[]},"contributions":{},"includedScopes":[]},"contributions":{},"includedScopes":[]},"sourceMap":{"end":{"column":19,"line":36,"offset":863},"start":{"column":9,"line":36,"offset":853}}},"scope":{"containerScope":{"containerScope":{"containerScope":{"containerScope":{"containerScope":{"contributions":{},"includedScopes":[]},"contributions":{},"includedScopes":[{"contributions":{},"includedScopes":[]},{"contributions":{},"includedScopes":[]},{"contributions":{},"includedScopes":[]},{"contributions":{},"includedScopes":[]},{"contributions":{},"includedScopes":[]},{"contributions":{},"includedScopes":[]}]},"contributions":{},"includedScopes":[{"containerScope":{"containerScope":{"containerScope":{"contributions":{},"includedScopes":[]},"contributions":{},"includedScopes":[]},"contributions":{},"includedScopes":[]},"contributions":{},"includedScopes":[]}]},"contributions":{},"includedScopes":[]},"contributions":{},"includedScopes":[]},"contributions":{},"includedScopes":[]},"sourceMap":{"end":{"column":28,"line":36,"offset":872},"start":{"column":9,"line":36,"offset":853}}},{"id":"1306477c-a2fb-4058-958b-bbec87d80087","metadata":[],"name":"game","scope":{"containerScope":{"containerScope":{"containerScope":{"containerScope":{"containerScope":{"contributions":{},"includedScopes":[]},"contributions":{},"includedScopes":[{"contributions":{},"includedScopes":[]},{"contributions":{},"includedScopes":[]},{"contributions":{},"includedScopes":[]},{"contributions":{},"includedScopes":[]},{"contributions":{},"includedScopes":[]},{"contributions":{},"includedScopes":[]}]},"contributions":{},"includedScopes":[{"containerScope":{"containerScope":{"containerScope":{"contributions":{},"includedScopes":[]},"contributions":{},"includedScopes":[]},"contributions":{},"includedScopes":[]},"contributions":{},"includedScopes":[]}]},"contributions":{},"includedScopes":[]},"contributions":{},"includedScopes":[]},"contributions":{},"includedScopes":[]},"sourceMap":{"end":{"column":13,"line":38,"offset":888},"start":{"column":9,"line":38,"offset":884}}},{"args":[],"id":"9e091fca-96c4-4ad0-899a-dbd17622aacc","message":"clear","metadata":[],"receiver":{"id":"53fc3e4b-9349-4670-b85d-60814822aa67","metadata":[],"name":"game","scope":{"containerScope":{"containerScope":{"containerScope":{"containerScope":{"containerScope":{"containerScope":{"contributions":{},"includedScopes":[]},"contributions":{},"includedScopes":[{"contributions":{},"includedScopes":[]},{"contributions":{},"includedScopes":[]},{"contributions":{},"includedScopes":[]},{"contributions":{},"includedScopes":[]},{"contributions":{},"includedScopes":[]},{"contributions":{},"includedScopes":[]}]},"contributions":{},"includedScopes":[{"containerScope":{"containerScope":{"containerScope":{"contributions":{},"includedScopes":[]},"contributions":{},"includedScopes":[]},"contributions":{},"includedScopes":[]},"contributions":{},"includedScopes":[]}]},"contributions":{},"includedScopes":[]},"contributions":{},"includedScopes":[]},"contributions":{},"includedScopes":[]},"contributions":{},"includedScopes":[]},"sourceMap":{"end":{"column":13,"line":41,"offset":931},"start":{"column":9,"line":41,"offset":927}}},"scope":{"containerScope":{"containerScope":{"containerScope":{"containerScope":{"containerScope":{"contributions":{},"includedScopes":[]},"contributions":{},"includedScopes":[{"contributions":{},"includedScopes":[]},{"contributions":{},"includedScopes":[]},{"contributions":{},"includedScopes":[]},{"contributions":{},"includedScopes":[]},{"contributions":{},"includedScopes":[]},{"contributions":{},"includedScopes":[]}]},"contributions":{},"includedScopes":[{"containerScope":{"containerScope":{"containerScope":{"contributions":{},"includedScopes":[]},"contributions":{},"includedScopes":[]},"contributions":{},"includedScopes":[]},"contributions":{},"includedScopes":[]}]},"contributions":{},"includedScopes":[]},"contributions":{},"includedScopes":[]},"contributions":{},"includedScopes":[]},"sourceMap":{"end":{"column":21,"line":41,"offset":939},"start":{"column":9,"line":41,"offset":927}}},{"args":[],"id":"483dcaa1-1c07-4946-9858-4352b238fbcf","message":"clear","metadata":[],"receiver":{"id":"10ce3426-2c53-445f-ab42-60d5f59c614d","metadata":[],"name":"juego.mapaObjetos","scope":{"containerScope":{"containerScope":{"containerScope":{"containerScope":{"containerScope":{"containerScope":{"contributions":{},"includedScopes":[]},"contributions":{},"includedScopes":[{"contributions":{},"includedScopes":[]},{"contributions":{},"includedScopes":[]},{"contributions":{},"includedScopes":[]},{"contributions":{},"includedScopes":[]},{"contributions":{},"includedScopes":[]},{"contributions":{},"includedScopes":[]}]},"contributions":{},"includedScopes":[{"containerScope":{"containerScope":{"containerScope":{"contributions":{},"includedScopes":[]},"contributions":{},"includedScopes":[]},"contributions":{},"includedScopes":[]},"contributions":{},"includedScopes":[]}]},"contributions":{},"includedScopes":[]},"contributions":{},"includedScopes":[]},"contributions":{},"includedScopes":[]},"contributions":{},"includedScopes":[]},"sourceMap":{"end":{"column":26,"line":42,"offset":966},"start":{"column":9,"line":42,"offset":949}}},"scope":{"containerScope":{"containerScope":{"containerScope":{"containerScope":{"containerScope":{"contributions":{},"includedScopes":[]},"contributions":{},"includedScopes":[{"contributions":{},"includedScopes":[]},{"contributions":{},"includedScopes":[]},{"contributions":{},"includedScopes":[]},{"contributions":{},"includedScopes":[]},{"contributions":{},"includedScopes":[]},{"contributions":{},"includedScopes":[]}]},"contributions":{},"includedScopes":[{"containerScope":{"containerScope":{"containerScope":{"contributions":{},"includedScopes":[]},"contributions":{},"includedScopes":[]},"contributions":{},"includedScopes":[]},"contributions":{},"includedScopes":[]}]},"contributions":{},"includedScopes":[]},"contributions":{},"includedScopes":[]},"contributions":{},"includedScopes":[]},"sourceMap":{"end":{"column":34,"line":42,"offset":974},"start":{"column":8,"line":42,"offset":949}}}],"sourceMap":{"end":{"column":6,"line":44,"offset":983},"start":{"column":5,"line":35,"offset":842}}},"stack":"Error: Failed to print, found malformed node\n    at c:\\Users\\santi\\.vscode\\extensions\\uqbar.wollok-lsp-ide-0.5.4\\out\\server\\src\\server.js:68:3585\n    at c:\\Users\\santi\\.vscode\\extensions\\uqbar.wollok-lsp-ide-0.5.4\\out\\server\\src\\server.js:68:5370\n    at c:\\Users\\santi\\.vscode\\extensions\\uqbar.wollok-lsp-ide-0.5.4\\out\\server\\src\\server.js:38:6131\n    at c:\\Users\\santi\\.vscode\\extensions\\uqbar.wollok-lsp-ide-0.5.4\\out\\server\\src\\server.js:68:3664\n    at Kbn (c:\\Users\\santi\\.vscode\\extensions\\uqbar.wollok-lsp-ide-0.5.4\\out\\server\\src\\server.js:68:3396)\n    at c:\\Users\\santi\\.vscode\\extensions\\uqbar.wollok-lsp-ide-0.5.4\\out\\server\\src\\server.js:2398:847\n    at c:\\Users\\santi\\.vscode\\extensions\\uqbar.wollok-lsp-ide-0.5.4\\out\\server\\src\\server.js:2398:8440\n    at c:\\Users\\santi\\.vscode\\extensions\\uqbar.wollok-lsp-ide-0.5.4\\out\\server\\src\\server.js:37:74770\n    at Ke (c:\\Users\\santi\\.vscode\\extensions\\uqbar.wollok-lsp-ide-0.5.4\\out\\server\\src\\server.js:7:8527)\n    at Lt (c:\\Users\\santi\\.vscode\\extensions\\uqbar.wollok-lsp-ide-0.5.4\\out\\server\\src\\server.js:7:6189)","timestamp":"2026-06-06T16:42:29.307Z"}
{"level":"info","message":"⌛ Building environment","timeElapsed":304,"timestamp":"2026-06-06T16:42:30.206Z"}
{"level":"info","message":"⌛ Building environment","timeElapsed":303,"timestamp":"2026-06-06T16:42:30.510Z"}
{"level":"info","message":"⌛ Building environment","timeElapsed":296,"timestamp":"2026-06-06T16:42:30.820Z"}
{"level":"info","message":"⌛ Validating niveles.wlk","timeElapsed":197,"timestamp":"2026-06-06T16:42:31.018Z"}
{"level":"info","message":"⌛ Validating niveles.wlk","timeElapsed":240,"timestamp":"2026-06-06T16:42:31.259Z"}
{"level":"info","message":"⌛ Building environment","timeElapsed":222,"timestamp":"2026-06-06T16:42:31.519Z"}
{"level":"info","message":"⌛ Building environment","timeElapsed":235,"timestamp":"2026-06-06T16:42:31.755Z"}
{"level":"info","message":"⌛ Validating niveles.wlk","timeElapsed":135,"timestamp":"2026-06-06T16:42:31.890Z"}
{"level":"info","message":"⌛ Building environment","timeElapsed":263,"timestamp":"2026-06-06T16:42:32.155Z"}
{"level":"info","message":"⌛ Validating niveles.wlk","timeElapsed":150,"timestamp":"2026-06-06T16:42:32.329Z"}
{"level":"info","message":"⌛ Validating niveles.wlk","timeElapsed":125,"timestamp":"2026-06-06T16:42:32.471Z"}
{"level":"info","message":"⌛ Validating niveles.wlk","timeElapsed":145,"timestamp":"2026-06-06T16:42:32.627Z"}
{"level":"info","message":"⌛ Building environment","timeElapsed":211,"timestamp":"2026-06-06T16:42:32.946Z"}
{"level":"info","message":"⌛ Validating niveles.wlk","timeElapsed":157,"timestamp":"2026-06-06T16:42:33.108Z"}
{"level":"info","message":"⌛ Building environment","timeElapsed":434,"timestamp":"2026-06-06T16:44:12.852Z"}
{"level":"info","message":"⌛ Building environment","timeElapsed":401,"timestamp":"2026-06-06T16:44:13.476Z"}
{"level":"info","message":"⌛ Building environment","timeElapsed":348,"timestamp":"2026-06-06T16:44:13.836Z"}
{"level":"info","message":"⌛ Validating niveles.wlk","timeElapsed":274,"timestamp":"2026-06-06T16:44:14.111Z"}
{"level":"info","message":"⌛ Building environment","timeElapsed":401,"timestamp":"2026-06-06T16:44:14.559Z"}
{"level":"info","message":"⌛ Validating niveles.wlk","timeElapsed":524,"timestamp":"2026-06-06T16:44:15.124Z"}
{"level":"info","message":"⌛ Validating niveles.wlk","timeElapsed":165,"timestamp":"2026-06-06T16:44:15.290Z"}
{"level":"info","message":"⌛ Building environment","timeElapsed":237,"timestamp":"2026-06-06T16:44:15.528Z"}
{"level":"info","message":"⌛ Validating niveles.wlk","timeElapsed":143,"timestamp":"2026-06-06T16:44:15.705Z"}
{"level":"info","message":"⌛ Validating niveles.wlk","timeElapsed":153,"timestamp":"2026-06-06T16:44:15.859Z"}
{"level":"info","message":"⌛ Building environment","timeElapsed":245,"timestamp":"2026-06-06T16:45:15.847Z"}
{"level":"info","message":"⌛ Validating niveles.wlk","timeElapsed":169,"timestamp":"2026-06-06T16:45:16.019Z"}
{"level":"info","message":"⌛ Building environment","timeElapsed":261,"timestamp":"2026-06-06T16:45:16.697Z"}
{"level":"error","message":"✘ Completions for node If ([162:13, 168:14] - niveles.wlk) failed: Error: [If]{326eb2} at niveles.wlk:162 exhausted all cases without a match [If]{326eb2} at niveles.wlk:162 exhausted all cases without a match","stack":"Error: [If]{326eb2} at niveles.wlk:162 exhausted all cases without a match\n    at c:\\Users\\santi\\.vscode\\extensions\\uqbar.wollok-lsp-ide-0.5.4\\out\\server\\src\\server.js:38:6142\n    at L2 (c:\\Users\\santi\\.vscode\\extensions\\uqbar.wollok-lsp-ide-0.5.4\\out\\server\\src\\server.js:2389:42)\n    at Jh (c:\\Users\\santi\\.vscode\\extensions\\uqbar.wollok-lsp-ide-0.5.4\\out\\server\\src\\server.js:2389:1092)\n    at v5n (c:\\Users\\santi\\.vscode\\extensions\\uqbar.wollok-lsp-ide-0.5.4\\out\\server\\src\\server.js:2389:818)\n    at c:\\Users\\santi\\.vscode\\extensions\\uqbar.wollok-lsp-ide-0.5.4\\out\\server\\src\\server.js:38:6131\n    at L2 (c:\\Users\\santi\\.vscode\\extensions\\uqbar.wollok-lsp-ide-0.5.4\\out\\server\\src\\server.js:2389:42)\n    at Jh (c:\\Users\\santi\\.vscode\\extensions\\uqbar.wollok-lsp-ide-0.5.4\\out\\server\\src\\server.js:2389:1092)\n    at M5n (c:\\Users\\santi\\.vscode\\extensions\\uqbar.wollok-lsp-ide-0.5.4\\out\\server\\src\\server.js:2389:1248)\n    at c:\\Users\\santi\\.vscode\\extensions\\uqbar.wollok-lsp-ide-0.5.4\\out\\server\\src\\server.js:38:6131\n    at L2 (c:\\Users\\santi\\.vscode\\extensions\\uqbar.wollok-lsp-ide-0.5.4\\out\\server\\src\\server.js:2389:42)","timestamp":"2026-06-06T16:45:16.734Z"}
{"level":"error","message":"✘ Completions for node Return (undefined - niveles.wlk) failed: Error: [Return]{640bba} at niveles.wlk:-- exhausted all cases without a match [Return]{640bba} at niveles.wlk:-- exhausted all cases without a match","stack":"Error: [Return]{640bba} at niveles.wlk:-- exhausted all cases without a match\n    at c:\\Users\\santi\\.vscode\\extensions\\uqbar.wollok-lsp-ide-0.5.4\\out\\server\\src\\server.js:38:6142\n    at L2 (c:\\Users\\santi\\.vscode\\extensions\\uqbar.wollok-lsp-ide-0.5.4\\out\\server\\src\\server.js:2389:42)\n    at Jh (c:\\Users\\santi\\.vscode\\extensions\\uqbar.wollok-lsp-ide-0.5.4\\out\\server\\src\\server.js:2389:1092)\n    at L2 (c:\\Users\\santi\\.vscode\\extensions\\uqbar.wollok-lsp-ide-0.5.4\\out\\server\\src\\server.js:2389:544)\n    at Jh (c:\\Users\\santi\\.vscode\\extensions\\uqbar.wollok-lsp-ide-0.5.4\\out\\server\\src\\server.js:2389:1092)\n    at v5n (c:\\Users\\santi\\.vscode\\extensions\\uqbar.wollok-lsp-ide-0.5.4\\out\\server\\src\\server.js:2389:818)\n    at c:\\Users\\santi\\.vscode\\extensions\\uqbar.wollok-lsp-ide-0.5.4\\out\\server\\src\\server.js:38:6131\n    at L2 (c:\\Users\\santi\\.vscode\\extensions\\uqbar.wollok-lsp-ide-0.5.4\\out\\server\\src\\server.js:2389:42)\n    at Jh (c:\\Users\\santi\\.vscode\\extensions\\uqbar.wollok-lsp-ide-0.5.4\\out\\server\\src\\server.js:2389:1092)\n    at M5n (c:\\Users\\santi\\.vscode\\extensions\\uqbar.wollok-lsp-ide-0.5.4\\out\\server\\src\\server.js:2389:1248)","timestamp":"2026-06-06T16:45:16.734Z"}
{"level":"info","message":"⌛ Building environment","timeElapsed":422,"timestamp":"2026-06-06T16:45:17.171Z"}
{"level":"info","message":"⌛ Validating niveles.wlk","timeElapsed":340,"timestamp":"2026-06-06T16:45:17.512Z"}
{"level":"info","message":"⌛ Building environment","timeElapsed":306,"timestamp":"2026-06-06T16:45:17.819Z"}
{"level":"info","message":"⌛ Building environment","timeElapsed":258,"timestamp":"2026-06-06T16:45:18.090Z"}
{"level":"info","message":"⌛ Building environment","timeElapsed":302,"timestamp":"2026-06-06T16:45:18.394Z"}
{"level":"info","message":"⌛ Building environment","timeElapsed":256,"timestamp":"2026-06-06T16:45:18.651Z"}
{"level":"info","message":"⌛ Building environment","timeElapsed":250,"timestamp":"2026-06-06T16:45:18.903Z"}
{"level":"info","message":"⌛ Validating niveles.wlk","timeElapsed":170,"timestamp":"2026-06-06T16:45:19.073Z"}
{"level":"info","message":"⌛ Building environment","timeElapsed":218,"timestamp":"2026-06-06T16:45:19.292Z"}
{"level":"info","message":"⌛ Building environment","timeElapsed":287,"timestamp":"2026-06-06T16:45:19.581Z"}
{"level":"info","message":"⌛ Validating niveles.wlk","timeElapsed":157,"timestamp":"2026-06-06T16:45:19.738Z"}
{"level":"info","message":"⌛ Building environment","timeElapsed":448,"timestamp":"2026-06-06T16:45:20.187Z"}
{"level":"info","message":"⌛ Building environment","timeElapsed":379,"timestamp":"2026-06-06T16:45:20.568Z"}
{"level":"info","message":"⌛ Validating niveles.wlk","timeElapsed":211,"timestamp":"2026-06-06T16:45:20.779Z"}
{"level":"info","message":"⌛ Validating niveles.wlk","timeElapsed":159,"timestamp":"2026-06-06T16:45:20.966Z"}
{"level":"info","message":"⌛ Validating niveles.wlk","timeElapsed":161,"timestamp":"2026-06-06T16:45:21.128Z"}
{"level":"info","message":"⌛ Building environment","timeElapsed":222,"timestamp":"2026-06-06T16:45:21.351Z"}
{"level":"info","message":"⌛ Validating niveles.wlk","timeElapsed":158,"timestamp":"2026-06-06T16:45:21.564Z"}
{"level":"info","message":"⌛ Building environment","timeElapsed":216,"timestamp":"2026-06-06T16:45:21.796Z"}
{"level":"info","message":"⌛ Validating niveles.wlk","timeElapsed":155,"timestamp":"2026-06-06T16:45:21.962Z"}
{"level":"info","message":"⌛ Building environment","timeElapsed":219,"timestamp":"2026-06-06T16:45:22.183Z"}
{"level":"info","message":"⌛ Building environment","timeElapsed":253,"timestamp":"2026-06-06T16:45:22.436Z"}
{"level":"info","message":"⌛ Validating niveles.wlk","timeElapsed":220,"timestamp":"2026-06-06T16:45:22.658Z"}
{"level":"info","message":"⌛ Building environment","timeElapsed":329,"timestamp":"2026-06-06T16:45:22.987Z"}
{"level":"info","message":"⌛ Building environment","timeElapsed":263,"timestamp":"2026-06-06T16:45:23.268Z"}
{"level":"info","message":"⌛ Building environment","timeElapsed":273,"timestamp":"2026-06-06T16:45:23.542Z"}
{"level":"info","message":"⌛ Validating niveles.wlk","timeElapsed":210,"timestamp":"2026-06-06T16:45:23.753Z"}
{"level":"info","message":"⌛ Validating niveles.wlk","timeElapsed":167,"timestamp":"2026-06-06T16:45:23.942Z"}
{"level":"info","message":"⌛ Validating niveles.wlk","timeElapsed":203,"timestamp":"2026-06-06T16:45:24.146Z"}
{"level":"info","message":"⌛ Validating niveles.wlk","timeElapsed":346,"timestamp":"2026-06-06T16:45:24.516Z"}
{"level":"info","message":"⌛ Building environment","timeElapsed":260,"timestamp":"2026-06-06T16:45:24.801Z"}
{"level":"info","message":"⌛ Validating niveles.wlk","timeElapsed":184,"timestamp":"2026-06-06T16:45:24.987Z"}
{"level":"info","message":"⌛ Building environment","timeElapsed":217,"timestamp":"2026-06-06T16:45:25.205Z"}
{"level":"info","message":"⌛ Building environment","timeElapsed":377,"timestamp":"2026-06-06T16:45:25.593Z"}
{"level":"info","message":"⌛ Building environment","timeElapsed":275,"timestamp":"2026-06-06T16:45:25.869Z"}
{"level":"info","message":"⌛ Validating niveles.wlk","timeElapsed":153,"timestamp":"2026-06-06T16:45:26.023Z"}
{"level":"info","message":"⌛ Building environment","timeElapsed":405,"timestamp":"2026-06-06T16:45:26.429Z"}
{"level":"info","message":"⌛ Building environment","timeElapsed":213,"timestamp":"2026-06-06T16:45:26.652Z"}
{"level":"info","message":"⌛ Building environment","timeElapsed":200,"timestamp":"2026-06-06T16:45:26.854Z"}
{"level":"info","message":"⌛ Building environment","timeElapsed":293,"timestamp":"2026-06-06T16:45:27.148Z"}
{"level":"info","message":"⌛ Validating niveles.wlk","timeElapsed":182,"timestamp":"2026-06-06T16:45:27.337Z"}
{"level":"info","message":"⌛ Building environment","timeElapsed":252,"timestamp":"2026-06-06T16:45:27.590Z"}
{"level":"info","message":"⌛ Building environment","timeElapsed":280,"timestamp":"2026-06-06T16:45:27.870Z"}
{"level":"info","message":"⌛ Validating niveles.wlk","timeElapsed":223,"timestamp":"2026-06-06T16:45:28.094Z"}
{"level":"info","message":"⌛ Building environment","timeElapsed":249,"timestamp":"2026-06-06T16:45:28.343Z"}
{"level":"info","message":"⌛ Building environment","timeElapsed":276,"timestamp":"2026-06-06T16:45:28.636Z"}
{"level":"info","message":"⌛ Validating niveles.wlk","timeElapsed":165,"timestamp":"2026-06-06T16:45:28.802Z"}
{"level":"info","message":"⌛ Building environment","timeElapsed":236,"timestamp":"2026-06-06T16:45:29.044Z"}
{"level":"info","message":"⌛ Validating niveles.wlk","timeElapsed":173,"timestamp":"2026-06-06T16:45:29.268Z"}
{"level":"info","message":"⌛ Validating niveles.wlk","timeElapsed":258,"timestamp":"2026-06-06T16:45:29.543Z"}
{"level":"info","message":"⌛ Validating niveles.wlk","timeElapsed":181,"timestamp":"2026-06-06T16:45:29.748Z"}
{"level":"info","message":"⌛ Validating niveles.wlk","timeElapsed":143,"timestamp":"2026-06-06T16:45:29.892Z"}
{"level":"info","message":"⌛ Validating niveles.wlk","timeElapsed":181,"timestamp":"2026-06-06T16:45:30.088Z"}
{"level":"info","message":"⌛ Validating niveles.wlk","timeElapsed":216,"timestamp":"2026-06-06T16:45:30.328Z"}
{"level":"info","message":"⌛ Validating niveles.wlk","timeElapsed":210,"timestamp":"2026-06-06T16:45:30.538Z"}
{"level":"info","message":"⌛ Building environment","timeElapsed":432,"timestamp":"2026-06-06T16:45:30.971Z"}
{"level":"info","message":"⌛ Validating niveles.wlk","timeElapsed":220,"timestamp":"2026-06-06T16:45:31.193Z"}
{"level":"info","message":"⌛ Building environment","timeElapsed":279,"timestamp":"2026-06-06T16:45:31.472Z"}
{"level":"info","message":"⌛ Building environment","timeElapsed":267,"timestamp":"2026-06-06T16:45:31.739Z"}
{"level":"info","message":"⌛ Building environment","timeElapsed":489,"timestamp":"2026-06-06T16:45:32.231Z"}
{"level":"info","message":"⌛ Validating niveles.wlk","timeElapsed":161,"timestamp":"2026-06-06T16:45:32.394Z"}
{"level":"info","message":"⌛ Building environment","timeElapsed":229,"timestamp":"2026-06-06T16:45:32.623Z"}
{"level":"info","message":"⌛ Building environment","timeElapsed":242,"timestamp":"2026-06-06T16:45:32.879Z"}
{"level":"info","message":"⌛ Validating niveles.wlk","timeElapsed":139,"timestamp":"2026-06-06T16:45:33.020Z"}
{"level":"info","message":"⌛ Building environment","timeElapsed":215,"timestamp":"2026-06-06T16:45:33.235Z"}
{"level":"info","message":"⌛ Building environment","timeElapsed":263,"timestamp":"2026-06-06T16:45:33.499Z"}
{"level":"info","message":"⌛ Validating niveles.wlk","timeElapsed":143,"timestamp":"2026-06-06T16:45:33.644Z"}
{"level":"info","message":"⌛ Validating niveles.wlk","timeElapsed":166,"timestamp":"2026-06-06T16:45:33.837Z"}
{"level":"info","message":"⌛ Validating niveles.wlk","timeElapsed":158,"timestamp":"2026-06-06T16:45:33.997Z"}
{"level":"info","message":"⌛ Validating niveles.wlk","timeElapsed":163,"timestamp":"2026-06-06T16:45:34.206Z"}
{"level":"info","message":"⌛ Validating niveles.wlk","timeElapsed":242,"timestamp":"2026-06-06T16:45:34.466Z"}
{"level":"info","message":"⌛ Validating niveles.wlk","timeElapsed":255,"timestamp":"2026-06-06T16:45:34.722Z"}
{"level":"info","message":"⌛ Validating niveles.wlk","timeElapsed":193,"timestamp":"2026-06-06T16:45:34.965Z"}
{"level":"info","message":"⌛ Validating niveles.wlk","timeElapsed":146,"timestamp":"2026-06-06T16:45:35.112Z"}
{"level":"info","message":"⌛ Validating niveles.wlk","timeElapsed":177,"timestamp":"2026-06-06T16:45:35.337Z"}
{"level":"info","message":"⌛ Validating niveles.wlk","timeElapsed":208,"timestamp":"2026-06-06T16:45:35.545Z"}
{"level":"info","message":"⌛ Validating niveles.wlk","timeElapsed":208,"timestamp":"2026-06-06T16:45:35.796Z"}
{"level":"info","message":"⌛ Building environment","timeElapsed":311,"timestamp":"2026-06-06T16:45:36.169Z"}
{"level":"info","message":"⌛ Building environment","timeElapsed":383,"timestamp":"2026-06-06T16:45:36.556Z"}
{"level":"info","message":"⌛ Validating niveles.wlk","timeElapsed":171,"timestamp":"2026-06-06T16:45:36.807Z"}
{"level":"info","message":"⌛ Validating niveles.wlk","timeElapsed":201,"timestamp":"2026-06-06T16:45:37.055Z"}
{"level":"info","message":"⌛ Building environment","timeElapsed":232,"timestamp":"2026-06-06T16:45:39.218Z"}
{"level":"info","message":"⌛ Building environment","timeElapsed":258,"timestamp":"2026-06-06T16:45:39.487Z"}
{"level":"info","message":"⌛ Validating niveles.wlk","timeElapsed":182,"timestamp":"2026-06-06T16:45:39.670Z"}
{"level":"info","message":"⌛ Validating niveles.wlk","timeElapsed":182,"timestamp":"2026-06-06T16:45:39.883Z"}
{"level":"info","message":"⌛ Building environment","timeElapsed":511,"timestamp":"2026-06-06T16:45:41.772Z"}
{"level":"info","message":"⌛ Validating niveles.wlk","timeElapsed":233,"timestamp":"2026-06-06T16:45:42.138Z"}
{"level":"info","message":"⌛ Building environment","timeElapsed":282,"timestamp":"2026-06-06T16:45:44.299Z"}
{"level":"info","message":"⌛ Validating niveles.wlk","timeElapsed":160,"timestamp":"2026-06-06T16:45:44.491Z"}
{"level":"info","message":"⌛ Building environment","timeElapsed":244,"timestamp":"2026-06-06T16:45:44.748Z"}
{"level":"info","message":"⌛ Validating niveles.wlk","timeElapsed":139,"timestamp":"2026-06-06T16:45:45.050Z"}
{"level":"info","message":"⌛ Building environment","timeElapsed":219,"timestamp":"2026-06-06T16:46:01.752Z"}
{"level":"info","message":"⌛ Building environment","timeElapsed":276,"timestamp":"2026-06-06T16:46:02.029Z"}
{"level":"info","message":"⌛ Validating niveles.wlk","timeElapsed":173,"timestamp":"2026-06-06T16:46:02.204Z"}
{"level":"info","message":"⌛ Building environment","timeElapsed":249,"timestamp":"2026-06-06T16:46:02.454Z"}
{"level":"info","message":"⌛ Building environment","timeElapsed":344,"timestamp":"2026-06-06T16:46:02.810Z"}
{"level":"info","message":"⌛ Validating niveles.wlk","timeElapsed":156,"timestamp":"2026-06-06T16:46:02.967Z"}
{"level":"info","message":"⌛ Building environment","timeElapsed":290,"timestamp":"2026-06-06T16:46:03.257Z"}
{"level":"info","message":"⌛ Building environment","timeElapsed":374,"timestamp":"2026-06-06T16:46:03.633Z"}
{"level":"info","message":"⌛ Building environment","timeElapsed":353,"timestamp":"2026-06-06T16:46:04.006Z"}
{"level":"info","message":"⌛ Validating niveles.wlk","timeElapsed":193,"timestamp":"2026-06-06T16:46:04.200Z"}
{"level":"info","message":"⌛ Validating niveles.wlk","timeElapsed":211,"timestamp":"2026-06-06T16:46:04.439Z"}
{"level":"info","message":"⌛ Building environment","timeElapsed":564,"timestamp":"2026-06-06T16:46:05.003Z"}
{"level":"info","message":"⌛ Validating niveles.wlk","timeElapsed":252,"timestamp":"2026-06-06T16:46:05.318Z"}
{"level":"info","message":"⌛ Validating niveles.wlk","timeElapsed":226,"timestamp":"2026-06-06T16:46:05.545Z"}
{"level":"info","message":"⌛ Validating niveles.wlk","timeElapsed":181,"timestamp":"2026-06-06T16:46:05.728Z"}
{"level":"info","message":"⌛ Validating niveles.wlk","timeElapsed":199,"timestamp":"2026-06-06T16:46:05.941Z"}
{"level":"info","message":"⌛ Building environment","timeElapsed":202,"timestamp":"2026-06-06T16:46:12.439Z"}
{"level":"error","message":"✘ Completions for node Send ([167:16, 167:46] - niveles.wlk) failed: Error: [Send]{4bd2ce} at niveles.wlk:167 exhausted all cases without a match [Send]{4bd2ce} at niveles.wlk:167 exhausted all cases without a match","stack":"Error: [Send]{4bd2ce} at niveles.wlk:167 exhausted all cases without a match\n    at c:\\Users\\santi\\.vscode\\extensions\\uqbar.wollok-lsp-ide-0.5.4\\out\\server\\src\\server.js:38:6142\n    at L2 (c:\\Users\\santi\\.vscode\\extensions\\uqbar.wollok-lsp-ide-0.5.4\\out\\server\\src\\server.js:2389:42)\n    at Jh (c:\\Users\\santi\\.vscode\\extensions\\uqbar.wollok-lsp-ide-0.5.4\\out\\server\\src\\server.js:2389:1092)\n    at M5n (c:\\Users\\santi\\.vscode\\extensions\\uqbar.wollok-lsp-ide-0.5.4\\out\\server\\src\\server.js:2389:1248)\n    at c:\\Users\\santi\\.vscode\\extensions\\uqbar.wollok-lsp-ide-0.5.4\\out\\server\\src\\server.js:38:6131\n    at L2 (c:\\Users\\santi\\.vscode\\extensions\\uqbar.wollok-lsp-ide-0.5.4\\out\\server\\src\\server.js:2389:42)\n    at c:\\Users\\santi\\.vscode\\extensions\\uqbar.wollok-lsp-ide-0.5.4\\out\\server\\src\\server.js:2389:2988\n    at c:\\Users\\santi\\.vscode\\extensions\\uqbar.wollok-lsp-ide-0.5.4\\out\\server\\src\\server.js:2398:8440\n    at c:\\Users\\santi\\.vscode\\extensions\\uqbar.wollok-lsp-ide-0.5.4\\out\\server\\src\\server.js:37:74872\n    at Ke (c:\\Users\\santi\\.vscode\\extensions\\uqbar.wollok-lsp-ide-0.5.4\\out\\server\\src\\server.js:7:8527)","timestamp":"2026-06-06T16:46:12.498Z"}
{"level":"error","message":"✘ Completions for node If ([162:13, 168:14] - niveles.wlk) failed: Error: [If]{d38c79} at niveles.wlk:162 exhausted all cases without a match [If]{d38c79} at niveles.wlk:162 exhausted all cases without a match","stack":"Error: [If]{d38c79} at niveles.wlk:162 exhausted all cases without a match\n    at c:\\Users\\santi\\.vscode\\extensions\\uqbar.wollok-lsp-ide-0.5.4\\out\\server\\src\\server.js:38:6142\n    at L2 (c:\\Users\\santi\\.vscode\\extensions\\uqbar.wollok-lsp-ide-0.5.4\\out\\server\\src\\server.js:2389:42)\n    at Jh (c:\\Users\\santi\\.vscode\\extensions\\uqbar.wollok-lsp-ide-0.5.4\\out\\server\\src\\server.js:2389:1092)\n    at v5n (c:\\Users\\santi\\.vscode\\extensions\\uqbar.wollok-lsp-ide-0.5.4\\out\\server\\src\\server.js:2389:818)\n    at c:\\Users\\santi\\.vscode\\extensions\\uqbar.wollok-lsp-ide-0.5.4\\out\\server\\src\\server.js:38:6131\n    at L2 (c:\\Users\\santi\\.vscode\\extensions\\uqbar.wollok-lsp-ide-0.5.4\\out\\server\\src\\server.js:2389:42)\n    at Jh (c:\\Users\\santi\\.vscode\\extensions\\uqbar.wollok-lsp-ide-0.5.4\\out\\server\\src\\server.js:2389:1092)\n    at L2 (c:\\Users\\santi\\.vscode\\extensions\\uqbar.wollok-lsp-ide-0.5.4\\out\\server\\src\\server.js:2389:544)\n    at Jh (c:\\Users\\santi\\.vscode\\extensions\\uqbar.wollok-lsp-ide-0.5.4\\out\\server\\src\\server.js:2389:1092)\n    at M5n (c:\\Users\\santi\\.vscode\\extensions\\uqbar.wollok-lsp-ide-0.5.4\\out\\server\\src\\server.js:2389:1248)","timestamp":"2026-06-06T16:46:12.498Z"}
{"level":"error","message":"✘ Completions for node Return (undefined - niveles.wlk) failed: Error: [Return]{b0d892} at niveles.wlk:-- exhausted all cases without a match [Return]{b0d892} at niveles.wlk:-- exhausted all cases without a match","stack":"Error: [Return]{b0d892} at niveles.wlk:-- exhausted all cases without a match\n    at c:\\Users\\santi\\.vscode\\extensions\\uqbar.wollok-lsp-ide-0.5.4\\out\\server\\src\\server.js:38:6142\n    at L2 (c:\\Users\\santi\\.vscode\\extensions\\uqbar.wollok-lsp-ide-0.5.4\\out\\server\\src\\server.js:2389:42)\n    at Jh (c:\\Users\\santi\\.vscode\\extensions\\uqbar.wollok-lsp-ide-0.5.4\\out\\server\\src\\server.js:2389:1092)\n    at L2 (c:\\Users\\santi\\.vscode\\extensions\\uqbar.wollok-lsp-ide-0.5.4\\out\\server\\src\\server.js:2389:544)\n    at Jh (c:\\Users\\santi\\.vscode\\extensions\\uqbar.wollok-lsp-ide-0.5.4\\out\\server\\src\\server.js:2389:1092)\n    at v5n (c:\\Users\\santi\\.vscode\\extensions\\uqbar.wollok-lsp-ide-0.5.4\\out\\server\\src\\server.js:2389:818)\n    at c:\\Users\\santi\\.vscode\\extensions\\uqbar.wollok-lsp-ide-0.5.4\\out\\server\\src\\server.js:38:6131\n    at L2 (c:\\Users\\santi\\.vscode\\extensions\\uqbar.wollok-lsp-ide-0.5.4\\out\\server\\src\\server.js:2389:42)\n    at Jh (c:\\Users\\santi\\.vscode\\extensions\\uqbar.wollok-lsp-ide-0.5.4\\out\\server\\src\\server.js:2389:1092)\n    at L2 (c:\\Users\\santi\\.vscode\\extensions\\uqbar.wollok-lsp-ide-0.5.4\\out\\server\\src\\server.js:2389:544)","timestamp":"2026-06-06T16:46:12.498Z"}
{"level":"info","message":"⌛ Validating niveles.wlk","timeElapsed":181,"timestamp":"2026-06-06T16:46:12.685Z"}
{"level":"info","message":"⌛ Building environment","timeElapsed":404,"timestamp":"2026-06-06T16:46:13.089Z"}
{"level":"info","message":"⌛ Validating niveles.wlk","timeElapsed":371,"timestamp":"2026-06-06T16:46:13.563Z"}
{"level":"info","message":"⌛ Building environment","timeElapsed":285,"timestamp":"2026-06-06T16:46:18.272Z"}
{"level":"info","message":"⌛ Validating niveles.wlk","timeElapsed":236,"timestamp":"2026-06-06T16:46:18.521Z"}
{"level":"info","message":"⌛ Building environment","timeElapsed":320,"timestamp":"2026-06-06T16:47:12.172Z"}
{"level":"info","message":"⌛ Building environment","timeElapsed":290,"timestamp":"2026-06-06T16:47:12.463Z"}
{"level":"info","message":"⌛ Validating niveles.wlk","timeElapsed":189,"timestamp":"2026-06-06T16:47:12.667Z"}
{"level":"info","message":"⌛ Validating niveles.wlk","timeElapsed":157,"timestamp":"2026-06-06T16:47:12.825Z"}
{"level":"info","message":"⌛ Building environment","timeElapsed":217,"timestamp":"2026-06-06T16:47:13.275Z"}
{"level":"info","message":"⌛ Building environment","timeElapsed":276,"timestamp":"2026-06-06T16:47:13.551Z"}
{"level":"info","message":"⌛ Validating niveles.wlk","timeElapsed":235,"timestamp":"2026-06-06T16:47:13.787Z"}
{"level":"info","message":"⌛ Building environment","timeElapsed":250,"timestamp":"2026-06-06T16:47:14.040Z"}
{"level":"info","message":"⌛ Validating niveles.wlk","timeElapsed":172,"timestamp":"2026-06-06T16:47:14.212Z"}
{"level":"info","message":"⌛ Building environment","timeElapsed":473,"timestamp":"2026-06-06T16:47:14.696Z"}
{"level":"info","message":"⌛ Validating niveles.wlk","timeElapsed":208,"timestamp":"2026-06-06T16:47:14.906Z"}
{"level":"info","message":"⌛ Building environment","timeElapsed":935,"timestamp":"2026-06-06T16:47:15.851Z"}
{"level":"info","message":"⌛ Building environment","timeElapsed":292,"timestamp":"2026-06-06T16:47:16.145Z"}
{"level":"info","message":"⌛ Validating niveles.wlk","timeElapsed":205,"timestamp":"2026-06-06T16:47:16.375Z"}
{"level":"info","message":"⌛ Building environment","timeElapsed":259,"timestamp":"2026-06-06T16:47:16.635Z"}
{"level":"info","message":"⌛ Building environment","timeElapsed":279,"timestamp":"2026-06-06T16:47:16.920Z"}
{"level":"info","message":"⌛ Building environment","timeElapsed":271,"timestamp":"2026-06-06T16:47:17.192Z"}
{"level":"info","message":"⌛ Validating niveles.wlk","timeElapsed":149,"timestamp":"2026-06-06T16:47:17.370Z"}
{"level":"info","message":"⌛ Validating niveles.wlk","timeElapsed":215,"timestamp":"2026-06-06T16:47:17.588Z"}
{"level":"info","message":"⌛ Validating niveles.wlk","timeElapsed":131,"timestamp":"2026-06-06T16:47:17.752Z"}
{"level":"info","message":"⌛ Validating niveles.wlk","timeElapsed":299,"timestamp":"2026-06-06T16:47:18.073Z"}
{"level":"info","message":"⌛ Validating niveles.wlk","timeElapsed":146,"timestamp":"2026-06-06T16:47:18.221Z"}
{"level":"info","message":"⌛ Building environment","timeElapsed":384,"timestamp":"2026-06-06T16:48:17.878Z"}
{"level":"info","message":"⌛ Building environment","timeElapsed":404,"timestamp":"2026-06-06T16:48:18.408Z"}
{"level":"info","message":"⌛ Building environment","timeElapsed":339,"timestamp":"2026-06-06T16:48:18.748Z"}
{"level":"info","message":"⌛ Building environment","timeElapsed":451,"timestamp":"2026-06-06T16:48:19.201Z"}
{"level":"info","message":"⌛ Validating niveles.wlk","timeElapsed":301,"timestamp":"2026-06-06T16:48:19.504Z"}
{"level":"info","message":"⌛ Validating niveles.wlk","timeElapsed":149,"timestamp":"2026-06-06T16:48:19.690Z"}
{"level":"info","message":"⌛ Building environment","timeElapsed":264,"timestamp":"2026-06-06T16:48:19.955Z"}
{"level":"info","message":"⌛ Validating niveles.wlk","timeElapsed":144,"timestamp":"2026-06-06T16:48:20.100Z"}
{"level":"info","message":"⌛ Validating niveles.wlk","timeElapsed":266,"timestamp":"2026-06-06T16:48:20.387Z"}
{"level":"info","message":"⌛ Validating niveles.wlk","timeElapsed":239,"timestamp":"2026-06-06T16:48:20.670Z"}
{"level":"info","message":"⌛ Building environment","timeElapsed":376,"timestamp":"2026-06-06T16:48:21.071Z"}
{"level":"info","message":"⌛ Validating niveles.wlk","timeElapsed":178,"timestamp":"2026-06-06T16:48:21.295Z"}
{"level":"info","message":"⌛ Building environment","timeElapsed":365,"timestamp":"2026-06-06T16:49:12.020Z"}
{"level":"info","message":"⌛ Building environment","timeElapsed":319,"timestamp":"2026-06-06T16:49:12.349Z"}
{"level":"info","message":"⌛ Building environment","timeElapsed":344,"timestamp":"2026-06-06T16:49:12.701Z"}
{"level":"info","message":"⌛ Validating niveles.wlk","timeElapsed":294,"timestamp":"2026-06-06T16:49:12.996Z"}
{"level":"info","message":"⌛ Validating niveles.wlk","timeElapsed":205,"timestamp":"2026-06-06T16:49:13.202Z"}
{"level":"info","message":"⌛ Building environment","timeElapsed":292,"timestamp":"2026-06-06T16:49:13.503Z"}
{"level":"info","message":"⌛ Validating niveles.wlk","timeElapsed":163,"timestamp":"2026-06-06T16:49:13.676Z"}
{"level":"info","message":"⌛ Validating niveles.wlk","timeElapsed":159,"timestamp":"2026-06-06T16:49:13.873Z"}
{"level":"info","message":"⌛ Building environment","timeElapsed":294,"timestamp":"2026-06-06T16:49:18.700Z"}
{"level":"info","message":"⌛ Validating niveles.wlk","timeElapsed":225,"timestamp":"2026-06-06T16:49:18.946Z"}
{"level":"info","message":"⌛ Building environment","timeElapsed":250,"timestamp":"2026-06-06T16:49:33.585Z"}
{"level":"info","message":"⌛ Validating niveles.wlk","timeElapsed":212,"timestamp":"2026-06-06T16:49:33.801Z"}
{"level":"info","message":"⌛ Building environment","timeElapsed":338,"timestamp":"2026-06-06T16:49:34.254Z"}
{"level":"info","message":"⌛ Building environment","timeElapsed":298,"timestamp":"2026-06-06T16:49:34.563Z"}
{"level":"info","message":"⌛ Building environment","timeElapsed":482,"timestamp":"2026-06-06T16:49:35.067Z"}
{"level":"info","message":"⌛ Validating niveles.wlk","timeElapsed":340,"timestamp":"2026-06-06T16:49:35.408Z"}
{"level":"info","message":"⌛ Building environment","timeElapsed":345,"timestamp":"2026-06-06T16:49:35.754Z"}
{"level":"info","message":"⌛ Building environment","timeElapsed":293,"timestamp":"2026-06-06T16:49:36.047Z"}
{"level":"info","message":"⌛ Validating niveles.wlk","timeElapsed":235,"timestamp":"2026-06-06T16:49:36.285Z"}
{"level":"info","message":"⌛ Building environment","timeElapsed":344,"timestamp":"2026-06-06T16:49:36.634Z"}
{"level":"info","message":"⌛ Validating niveles.wlk","timeElapsed":481,"timestamp":"2026-06-06T16:49:37.157Z"}
{"level":"info","message":"⌛ Validating niveles.wlk","timeElapsed":202,"timestamp":"2026-06-06T16:49:37.456Z"}
{"level":"info","message":"⌛ Validating niveles.wlk","timeElapsed":132,"timestamp":"2026-06-06T16:49:37.615Z"}
{"level":"info","message":"⌛ Building environment","timeElapsed":282,"timestamp":"2026-06-06T16:49:37.898Z"}
{"level":"info","message":"⌛ Building environment","timeElapsed":286,"timestamp":"2026-06-06T16:49:38.185Z"}
{"level":"info","message":"⌛ Validating niveles.wlk","timeElapsed":194,"timestamp":"2026-06-06T16:49:38.396Z"}
{"level":"info","message":"⌛ Validating niveles.wlk","timeElapsed":154,"timestamp":"2026-06-06T16:49:38.716Z"}
{"level":"info","message":"⌛ Validating niveles.wlk","timeElapsed":211,"timestamp":"2026-06-06T16:49:38.928Z"}
{"level":"info","message":"⌛ Building environment","timeElapsed":294,"timestamp":"2026-06-06T16:50:12.492Z"}
{"level":"info","message":"⌛ Validating niveles.wlk","timeElapsed":248,"timestamp":"2026-06-06T16:50:12.744Z"}
{"level":"info","message":"⌛ Building environment","timeElapsed":268,"timestamp":"2026-06-06T16:50:15.436Z"}
{"level":"info","message":"⌛ Building environment","timeElapsed":267,"timestamp":"2026-06-06T16:50:15.738Z"}
{"level":"info","message":"⌛ Validating niveles.wlk","timeElapsed":152,"timestamp":"2026-06-06T16:50:15.891Z"}
{"level":"info","message":"⌛ Building environment","timeElapsed":477,"timestamp":"2026-06-06T16:50:16.370Z"}
{"level":"info","message":"⌛ Building environment","timeElapsed":285,"timestamp":"2026-06-06T16:50:16.656Z"}
{"level":"info","message":"⌛ Validating niveles.wlk","timeElapsed":230,"timestamp":"2026-06-06T16:50:16.888Z"}
{"level":"info","message":"⌛ Building environment","timeElapsed":258,"timestamp":"2026-06-06T16:50:17.147Z"}
{"level":"info","message":"⌛ Building environment","timeElapsed":252,"timestamp":"2026-06-06T16:50:17.415Z"}
{"level":"info","message":"⌛ Validating niveles.wlk","timeElapsed":139,"timestamp":"2026-06-06T16:50:17.585Z"}
{"level":"info","message":"⌛ Validating niveles.wlk","timeElapsed":218,"timestamp":"2026-06-06T16:50:17.805Z"}
{"level":"info","message":"⌛ Validating niveles.wlk","timeElapsed":137,"timestamp":"2026-06-06T16:50:17.968Z"}
{"level":"info","message":"⌛ Validating niveles.wlk","timeElapsed":189,"timestamp":"2026-06-06T16:50:18.158Z"}
{"level":"info","message":"⌛ Building environment","timeElapsed":334,"timestamp":"2026-06-06T16:50:18.492Z"}
{"level":"info","message":"⌛ Building environment","timeElapsed":270,"timestamp":"2026-06-06T16:50:18.773Z"}
{"level":"info","message":"⌛ Building environment","timeElapsed":388,"timestamp":"2026-06-06T16:50:19.209Z"}
{"level":"info","message":"⌛ Building environment","timeElapsed":312,"timestamp":"2026-06-06T16:50:19.536Z"}
{"level":"info","message":"⌛ Building environment","timeElapsed":464,"timestamp":"2026-06-06T16:50:20.003Z"}
{"level":"info","message":"⌛ Validating niveles.wlk","timeElapsed":182,"timestamp":"2026-06-06T16:50:20.186Z"}
{"level":"info","message":"⌛ Validating niveles.wlk","timeElapsed":175,"timestamp":"2026-06-06T16:50:20.361Z"}
{"level":"info","message":"⌛ Building environment","timeElapsed":258,"timestamp":"2026-06-06T16:50:20.622Z"}
{"level":"info","message":"⌛ Building environment","timeElapsed":261,"timestamp":"2026-06-06T16:50:20.884Z"}
{"level":"info","message":"⌛ Building environment","timeElapsed":266,"timestamp":"2026-06-06T16:50:21.151Z"}
{"level":"info","message":"⌛ Validating niveles.wlk","timeElapsed":150,"timestamp":"2026-06-06T16:50:21.301Z"}
{"level":"info","message":"⌛ Validating niveles.wlk","timeElapsed":164,"timestamp":"2026-06-06T16:50:21.565Z"}
{"level":"info","message":"⌛ Validating niveles.wlk","timeElapsed":159,"timestamp":"2026-06-06T16:50:21.725Z"}
{"level":"info","message":"⌛ Validating niveles.wlk","timeElapsed":191,"timestamp":"2026-06-06T16:50:21.936Z"}
{"level":"info","message":"⌛ Validating niveles.wlk","timeElapsed":222,"timestamp":"2026-06-06T16:50:22.179Z"}
{"level":"info","message":"⌛ Building environment","timeElapsed":362,"timestamp":"2026-06-06T16:50:22.541Z"}
{"level":"info","message":"⌛ Validating niveles.wlk","timeElapsed":156,"timestamp":"2026-06-06T16:50:22.697Z"}
{"level":"info","message":"⌛ Validating niveles.wlk","timeElapsed":196,"timestamp":"2026-06-06T16:50:22.984Z"}
{"level":"info","message":"⌛ Building environment","timeElapsed":252,"timestamp":"2026-06-06T16:50:58.756Z"}
{"level":"info","message":"⌛ Validating niveles.wlk","timeElapsed":217,"timestamp":"2026-06-06T16:50:58.975Z"}
{"level":"info","message":"⌛ Building environment","timeElapsed":226,"timestamp":"2026-06-06T16:50:59.702Z"}
{"level":"error","message":"✘ Completions for node If ([161:13, 168:14] - niveles.wlk) failed: Error: [If]{254dec} at niveles.wlk:161 exhausted all cases without a match [If]{254dec} at niveles.wlk:161 exhausted all cases without a match","stack":"Error: [If]{254dec} at niveles.wlk:161 exhausted all cases without a match\n    at c:\\Users\\santi\\.vscode\\extensions\\uqbar.wollok-lsp-ide-0.5.4\\out\\server\\src\\server.js:38:6142\n    at L2 (c:\\Users\\santi\\.vscode\\extensions\\uqbar.wollok-lsp-ide-0.5.4\\out\\server\\src\\server.js:2389:42)\n    at Jh (c:\\Users\\santi\\.vscode\\extensions\\uqbar.wollok-lsp-ide-0.5.4\\out\\server\\src\\server.js:2389:1092)\n    at v5n (c:\\Users\\santi\\.vscode\\extensions\\uqbar.wollok-lsp-ide-0.5.4\\out\\server\\src\\server.js:2389:818)\n    at c:\\Users\\santi\\.vscode\\extensions\\uqbar.wollok-lsp-ide-0.5.4\\out\\server\\src\\server.js:38:6131\n    at L2 (c:\\Users\\santi\\.vscode\\extensions\\uqbar.wollok-lsp-ide-0.5.4\\out\\server\\src\\server.js:2389:42)\n    at Jh (c:\\Users\\santi\\.vscode\\extensions\\uqbar.wollok-lsp-ide-0.5.4\\out\\server\\src\\server.js:2389:1092)\n    at M5n (c:\\Users\\santi\\.vscode\\extensions\\uqbar.wollok-lsp-ide-0.5.4\\out\\server\\src\\server.js:2389:1248)\n    at c:\\Users\\santi\\.vscode\\extensions\\uqbar.wollok-lsp-ide-0.5.4\\out\\server\\src\\server.js:38:6131\n    at L2 (c:\\Users\\santi\\.vscode\\extensions\\uqbar.wollok-lsp-ide-0.5.4\\out\\server\\src\\server.js:2389:42)","timestamp":"2026-06-06T16:50:59.816Z"}
{"level":"error","message":"✘ Completions for node Return (undefined - niveles.wlk) failed: Error: [Return]{6ff517} at niveles.wlk:-- exhausted all cases without a match [Return]{6ff517} at niveles.wlk:-- exhausted all cases without a match","stack":"Error: [Return]{6ff517} at niveles.wlk:-- exhausted all cases without a match\n    at c:\\Users\\santi\\.vscode\\extensions\\uqbar.wollok-lsp-ide-0.5.4\\out\\server\\src\\server.js:38:6142\n    at L2 (c:\\Users\\santi\\.vscode\\extensions\\uqbar.wollok-lsp-ide-0.5.4\\out\\server\\src\\server.js:2389:42)\n    at Jh (c:\\Users\\santi\\.vscode\\extensions\\uqbar.wollok-lsp-ide-0.5.4\\out\\server\\src\\server.js:2389:1092)\n    at L2 (c:\\Users\\santi\\.vscode\\extensions\\uqbar.wollok-lsp-ide-0.5.4\\out\\server\\src\\server.js:2389:544)\n    at Jh (c:\\Users\\santi\\.vscode\\extensions\\uqbar.wollok-lsp-ide-0.5.4\\out\\server\\src\\server.js:2389:1092)\n    at v5n (c:\\Users\\santi\\.vscode\\extensions\\uqbar.wollok-lsp-ide-0.5.4\\out\\server\\src\\server.js:2389:818)\n    at c:\\Users\\santi\\.vscode\\extensions\\uqbar.wollok-lsp-ide-0.5.4\\out\\server\\src\\server.js:38:6131\n    at L2 (c:\\Users\\santi\\.vscode\\extensions\\uqbar.wollok-lsp-ide-0.5.4\\out\\server\\src\\server.js:2389:42)\n    at Jh (c:\\Users\\santi\\.vscode\\extensions\\uqbar.wollok-lsp-ide-0.5.4\\out\\server\\src\\server.js:2389:1092)\n    at M5n (c:\\Users\\santi\\.vscode\\extensions\\uqbar.wollok-lsp-ide-0.5.4\\out\\server\\src\\server.js:2389:1248)","timestamp":"2026-06-06T16:50:59.817Z"}
{"level":"info","message":"⌛ Building environment","timeElapsed":269,"timestamp":"2026-06-06T16:51:00.090Z"}
{"level":"info","message":"⌛ Validating niveles.wlk","timeElapsed":236,"timestamp":"2026-06-06T16:51:00.327Z"}
{"level":"info","message":"⌛ Building environment","timeElapsed":325,"timestamp":"2026-06-06T16:51:00.653Z"}
{"level":"info","message":"⌛ Building environment","timeElapsed":291,"timestamp":"2026-06-06T16:51:00.945Z"}
{"level":"info","message":"⌛ Validating niveles.wlk","timeElapsed":210,"timestamp":"2026-06-06T16:51:01.156Z"}
{"level":"info","message":"⌛ Building environment","timeElapsed":365,"timestamp":"2026-06-06T16:51:01.523Z"}
{"level":"info","message":"⌛ Building environment","timeElapsed":378,"timestamp":"2026-06-06T16:51:02.003Z"}
{"level":"info","message":"⌛ Building environment","timeElapsed":448,"timestamp":"2026-06-06T16:51:02.467Z"}
{"level":"info","message":"⌛ Validating niveles.wlk","timeElapsed":299,"timestamp":"2026-06-06T16:51:02.767Z"}
{"level":"info","message":"⌛ Building environment","timeElapsed":314,"timestamp":"2026-06-06T16:51:03.082Z"}
{"level":"info","message":"⌛ Validating niveles.wlk","timeElapsed":203,"timestamp":"2026-06-06T16:51:03.285Z"}
{"level":"info","message":"⌛ Building environment","timeElapsed":310,"timestamp":"2026-06-06T16:51:03.685Z"}
{"level":"info","message":"⌛ Building environment","timeElapsed":252,"timestamp":"2026-06-06T16:51:03.942Z"}
{"level":"info","message":"⌛ Building environment","timeElapsed":280,"timestamp":"2026-06-06T16:51:04.253Z"}
{"level":"info","message":"⌛ Validating niveles.wlk","timeElapsed":155,"timestamp":"2026-06-06T16:51:04.420Z"}
{"level":"info","message":"⌛ Building environment","timeElapsed":242,"timestamp":"2026-06-06T16:51:04.691Z"}
{"level":"info","message":"⌛ Validating niveles.wlk","timeElapsed":166,"timestamp":"2026-06-06T16:51:04.857Z"}
{"level":"error","message":"✘ Completions for node If ([161:13, 168:14] - niveles.wlk) failed: Error: [If]{99d4dc} at niveles.wlk:161 exhausted all cases without a match [If]{99d4dc} at niveles.wlk:161 exhausted all cases without a match","stack":"Error: [If]{99d4dc} at niveles.wlk:161 exhausted all cases without a match\n    at c:\\Users\\santi\\.vscode\\extensions\\uqbar.wollok-lsp-ide-0.5.4\\out\\server\\src\\server.js:38:6142\n    at L2 (c:\\Users\\santi\\.vscode\\extensions\\uqbar.wollok-lsp-ide-0.5.4\\out\\server\\src\\server.js:2389:42)\n    at Jh (c:\\Users\\santi\\.vscode\\extensions\\uqbar.wollok-lsp-ide-0.5.4\\out\\server\\src\\server.js:2389:1092)\n    at v5n (c:\\Users\\santi\\.vscode\\extensions\\uqbar.wollok-lsp-ide-0.5.4\\out\\server\\src\\server.js:2389:818)\n    at c:\\Users\\santi\\.vscode\\extensions\\uqbar.wollok-lsp-ide-0.5.4\\out\\server\\src\\server.js:38:6131\n    at L2 (c:\\Users\\santi\\.vscode\\extensions\\uqbar.wollok-lsp-ide-0.5.4\\out\\server\\src\\server.js:2389:42)\n    at c:\\Users\\santi\\.vscode\\extensions\\uqbar.wollok-lsp-ide-0.5.4\\out\\server\\src\\server.js:2389:2988\n    at c:\\Users\\santi\\.vscode\\extensions\\uqbar.wollok-lsp-ide-0.5.4\\out\\server\\src\\server.js:2398:8440\n    at c:\\Users\\santi\\.vscode\\extensions\\uqbar.wollok-lsp-ide-0.5.4\\out\\server\\src\\server.js:37:74872\n    at Ke (c:\\Users\\santi\\.vscode\\extensions\\uqbar.wollok-lsp-ide-0.5.4\\out\\server\\src\\server.js:7:8527)","timestamp":"2026-06-06T16:51:04.944Z"}
{"level":"error","message":"✘ Completions for node Return (undefined - niveles.wlk) failed: Error: [Return]{f21a81} at niveles.wlk:-- exhausted all cases without a match [Return]{f21a81} at niveles.wlk:-- exhausted all cases without a match","stack":"Error: [Return]{f21a81} at niveles.wlk:-- exhausted all cases without a match\n    at c:\\Users\\santi\\.vscode\\extensions\\uqbar.wollok-lsp-ide-0.5.4\\out\\server\\src\\server.js:38:6142\n    at L2 (c:\\Users\\santi\\.vscode\\extensions\\uqbar.wollok-lsp-ide-0.5.4\\out\\server\\src\\server.js:2389:42)\n    at Jh (c:\\Users\\santi\\.vscode\\extensions\\uqbar.wollok-lsp-ide-0.5.4\\out\\server\\src\\server.js:2389:1092)\n    at L2 (c:\\Users\\santi\\.vscode\\extensions\\uqbar.wollok-lsp-ide-0.5.4\\out\\server\\src\\server.js:2389:544)\n    at Jh (c:\\Users\\santi\\.vscode\\extensions\\uqbar.wollok-lsp-ide-0.5.4\\out\\server\\src\\server.js:2389:1092)\n    at v5n (c:\\Users\\santi\\.vscode\\extensions\\uqbar.wollok-lsp-ide-0.5.4\\out\\server\\src\\server.js:2389:818)\n    at c:\\Users\\santi\\.vscode\\extensions\\uqbar.wollok-lsp-ide-0.5.4\\out\\server\\src\\server.js:38:6131\n    at L2 (c:\\Users\\santi\\.vscode\\extensions\\uqbar.wollok-lsp-ide-0.5.4\\out\\server\\src\\server.js:2389:42)\n    at c:\\Users\\santi\\.vscode\\extensions\\uqbar.wollok-lsp-ide-0.5.4\\out\\server\\src\\server.js:2389:2988\n    at c:\\Users\\santi\\.vscode\\extensions\\uqbar.wollok-lsp-ide-0.5.4\\out\\server\\src\\server.js:2398:8440","timestamp":"2026-06-06T16:51:04.944Z"}
{"level":"info","message":"⌛ Building environment","timeElapsed":319,"timestamp":"2026-06-06T16:51:05.267Z"}
{"level":"info","message":"⌛ Building environment","timeElapsed":225,"timestamp":"2026-06-06T16:51:05.492Z"}
{"level":"info","message":"⌛ Building environment","timeElapsed":235,"timestamp":"2026-06-06T16:51:05.740Z"}
{"level":"info","message":"⌛ Validating niveles.wlk","timeElapsed":166,"timestamp":"2026-06-06T16:51:05.906Z"}
{"level":"info","message":"⌛ Validating niveles.wlk","timeElapsed":156,"timestamp":"2026-06-06T16:51:06.107Z"}
{"level":"info","message":"⌛ Building environment","timeElapsed":332,"timestamp":"2026-06-06T16:51:06.440Z"}
{"level":"info","message":"⌛ Building environment","timeElapsed":280,"timestamp":"2026-06-06T16:51:06.720Z"}
{"level":"info","message":"⌛ Validating niveles.wlk","timeElapsed":196,"timestamp":"2026-06-06T16:51:06.953Z"}
{"level":"info","message":"⌛ Validating niveles.wlk","timeElapsed":147,"timestamp":"2026-06-06T16:51:07.101Z"}
{"level":"info","message":"⌛ Validating niveles.wlk","timeElapsed":189,"timestamp":"2026-06-06T16:51:07.291Z"}
{"level":"info","message":"⌛ Validating niveles.wlk","timeElapsed":178,"timestamp":"2026-06-06T16:51:07.489Z"}
{"level":"info","message":"⌛ Validating niveles.wlk","timeElapsed":154,"timestamp":"2026-06-06T16:51:07.693Z"}
{"level":"info","message":"⌛ Validating niveles.wlk","timeElapsed":200,"timestamp":"2026-06-06T16:51:07.894Z"}
{"level":"info","message":"⌛ Validating niveles.wlk","timeElapsed":303,"timestamp":"2026-06-06T16:51:08.199Z"}
{"level":"info","message":"⌛ Validating niveles.wlk","timeElapsed":183,"timestamp":"2026-06-06T16:51:08.408Z"}
{"level":"info","message":"⌛ Validating niveles.wlk","timeElapsed":197,"timestamp":"2026-06-06T16:51:08.607Z"}
{"level":"info","message":"⌛ Building environment","timeElapsed":339,"timestamp":"2026-06-06T16:51:14.391Z"}
{"level":"info","message":"⌛ Validating niveles.wlk","timeElapsed":132,"timestamp":"2026-06-06T16:51:14.661Z"}
{"level":"info","message":"⌛ Building environment","timeElapsed":469,"timestamp":"2026-06-06T16:51:45.319Z"}
{"level":"info","message":"⌛ Building environment","timeElapsed":345,"timestamp":"2026-06-06T16:51:45.800Z"}
{"level":"info","message":"⌛ Validating niveles.wlk","timeElapsed":200,"timestamp":"2026-06-06T16:51:46.013Z"}
{"level":"info","message":"⌛ Building environment","timeElapsed":553,"timestamp":"2026-06-06T16:51:46.568Z"}
{"level":"info","message":"⌛ Building environment","timeElapsed":472,"timestamp":"2026-06-06T16:51:47.040Z"}
{"level":"info","message":"⌛ Validating niveles.wlk","timeElapsed":274,"timestamp":"2026-06-06T16:51:47.315Z"}
{"level":"info","message":"⌛ Validating niveles.wlk","timeElapsed":167,"timestamp":"2026-06-06T16:51:47.535Z"}
{"level":"info","message":"⌛ Validating niveles.wlk","timeElapsed":188,"timestamp":"2026-06-06T16:51:47.726Z"}
{"level":"info","message":"⌛ Building environment","timeElapsed":298,"timestamp":"2026-06-06T16:51:55.318Z"}
{"level":"info","message":"⌛ Validating niveles.wlk","timeElapsed":205,"timestamp":"2026-06-06T16:51:55.526Z"}
{"level":"info","message":"⌛ Building environment","timeElapsed":338,"timestamp":"2026-06-06T16:51:56.246Z"}
{"level":"info","message":"⌛ Building environment","timeElapsed":320,"timestamp":"2026-06-06T16:51:56.567Z"}
{"level":"info","message":"⌛ Building environment","timeElapsed":334,"timestamp":"2026-06-06T16:51:56.901Z"}
{"level":"info","message":"⌛ Validating niveles.wlk","timeElapsed":195,"timestamp":"2026-06-06T16:51:57.109Z"}
{"level":"info","message":"⌛ Validating niveles.wlk","timeElapsed":233,"timestamp":"2026-06-06T16:51:57.352Z"}
{"level":"info","message":"⌛ Building environment","timeElapsed":354,"timestamp":"2026-06-06T16:51:57.710Z"}
{"level":"info","message":"⌛ Validating niveles.wlk","timeElapsed":273,"timestamp":"2026-06-06T16:51:58.071Z"}
{"level":"info","message":"⌛ Building environment","timeElapsed":312,"timestamp":"2026-06-06T16:51:58.384Z"}
{"level":"info","message":"⌛ Building environment","timeElapsed":252,"timestamp":"2026-06-06T16:51:58.641Z"}
{"level":"info","message":"⌛ Validating niveles.wlk","timeElapsed":153,"timestamp":"2026-06-06T16:51:58.849Z"}
{"level":"info","message":"⌛ Validating niveles.wlk","timeElapsed":272,"timestamp":"2026-06-06T16:51:59.123Z"}
{"level":"info","message":"⌛ Building environment","timeElapsed":414,"timestamp":"2026-06-06T16:51:59.538Z"}
{"level":"info","message":"⌛ Validating niveles.wlk","timeElapsed":161,"timestamp":"2026-06-06T16:51:59.712Z"}
{"level":"info","message":"⌛ Validating niveles.wlk","timeElapsed":157,"timestamp":"2026-06-06T16:51:59.994Z"}
{"level":"info","message":"⌛ Building environment","timeElapsed":448,"timestamp":"2026-06-06T16:53:52.349Z"}
{"level":"info","message":"⌛ Validating niveles.wlk","timeElapsed":259,"timestamp":"2026-06-06T16:53:52.813Z"}
{"level":"info","message":"⌛ Building environment","timeElapsed":410,"timestamp":"2026-06-06T16:55:02.597Z"}
{"level":"info","message":"⌛ Validating niveles.wlk","timeElapsed":232,"timestamp":"2026-06-06T16:55:03.002Z"}
{"level":"info","message":"⌛ Building environment","timeElapsed":279,"timestamp":"2026-06-06T16:55:04.563Z"}
{"level":"info","message":"⌛ Building environment","timeElapsed":265,"timestamp":"2026-06-06T16:55:04.873Z"}
{"level":"info","message":"⌛ Building environment","timeElapsed":288,"timestamp":"2026-06-06T16:55:05.169Z"}
{"level":"info","message":"⌛ Validating niveles.wlk","timeElapsed":212,"timestamp":"2026-06-06T16:55:05.382Z"}
{"level":"info","message":"⌛ Building environment","timeElapsed":326,"timestamp":"2026-06-06T16:55:05.709Z"}
{"level":"info","message":"⌛ Building environment","timeElapsed":288,"timestamp":"2026-06-06T16:55:05.998Z"}
{"level":"info","message":"⌛ Validating niveles.wlk","timeElapsed":147,"timestamp":"2026-06-06T16:55:06.146Z"}
{"level":"info","message":"⌛ Building environment","timeElapsed":301,"timestamp":"2026-06-06T16:55:06.449Z"}
{"level":"info","message":"⌛ Building environment","timeElapsed":349,"timestamp":"2026-06-06T16:55:06.799Z"}
{"level":"info","message":"⌛ Building environment","timeElapsed":313,"timestamp":"2026-06-06T16:55:07.113Z"}
{"level":"info","message":"⌛ Validating niveles.wlk","timeElapsed":266,"timestamp":"2026-06-06T16:55:07.385Z"}
{"level":"info","message":"⌛ Building environment","timeElapsed":484,"timestamp":"2026-06-06T16:55:07.869Z"}
{"level":"info","message":"⌛ Validating niveles.wlk","timeElapsed":252,"timestamp":"2026-06-06T16:55:08.184Z"}
{"level":"info","message":"⌛ Building environment","timeElapsed":396,"timestamp":"2026-06-06T16:55:08.582Z"}
{"level":"info","message":"⌛ Validating niveles.wlk","timeElapsed":151,"timestamp":"2026-06-06T16:55:08.781Z"}
{"level":"info","message":"⌛ Building environment","timeElapsed":256,"timestamp":"2026-06-06T16:55:09.038Z"}
{"level":"info","message":"⌛ Building environment","timeElapsed":289,"timestamp":"2026-06-06T16:55:09.328Z"}
{"level":"info","message":"⌛ Building environment","timeElapsed":322,"timestamp":"2026-06-06T16:55:09.673Z"}
{"level":"info","message":"⌛ Validating niveles.wlk","timeElapsed":322,"timestamp":"2026-06-06T16:55:10.000Z"}
{"level":"info","message":"⌛ Building environment","timeElapsed":358,"timestamp":"2026-06-06T16:55:10.361Z"}
{"level":"info","message":"⌛ Building environment","timeElapsed":223,"timestamp":"2026-06-06T16:55:10.585Z"}
{"level":"info","message":"⌛ Building environment","timeElapsed":237,"timestamp":"2026-06-06T16:55:10.832Z"}
{"level":"info","message":"⌛ Building environment","timeElapsed":253,"timestamp":"2026-06-06T16:55:11.086Z"}
{"level":"info","message":"⌛ Building environment","timeElapsed":266,"timestamp":"2026-06-06T16:55:11.353Z"}
{"level":"info","message":"⌛ Validating niveles.wlk","timeElapsed":130,"timestamp":"2026-06-06T16:55:11.484Z"}
{"level":"info","message":"⌛ Building environment","timeElapsed":306,"timestamp":"2026-06-06T16:55:11.790Z"}
{"level":"info","message":"⌛ Building environment","timeElapsed":359,"timestamp":"2026-06-06T16:55:12.237Z"}
{"level":"info","message":"⌛ Validating niveles.wlk","timeElapsed":142,"timestamp":"2026-06-06T16:55:12.379Z"}
{"level":"info","message":"⌛ Validating niveles.wlk","timeElapsed":141,"timestamp":"2026-06-06T16:55:12.543Z"}
{"level":"info","message":"⌛ Building environment","timeElapsed":256,"timestamp":"2026-06-06T16:55:12.800Z"}
{"level":"info","message":"⌛ Building environment","timeElapsed":437,"timestamp":"2026-06-06T16:55:13.238Z"}
{"level":"info","message":"⌛ Validating niveles.wlk","timeElapsed":658,"timestamp":"2026-06-06T16:55:13.939Z"}
{"level":"info","message":"⌛ Building environment","timeElapsed":740,"timestamp":"2026-06-06T16:55:14.763Z"}
{"level":"error","message":"✘ Completions for node Send ([38:8, 38:32] - niveles.wlk) failed: Error: [Send]{fc1c82} at niveles.wlk:38 exhausted all cases without a match [Send]{fc1c82} at niveles.wlk:38 exhausted all cases without a match","stack":"Error: [Send]{fc1c82} at niveles.wlk:38 exhausted all cases without a match\n    at c:\\Users\\santi\\.vscode\\extensions\\uqbar.wollok-lsp-ide-0.5.4\\out\\server\\src\\server.js:38:6142\n    at L2 (c:\\Users\\santi\\.vscode\\extensions\\uqbar.wollok-lsp-ide-0.5.4\\out\\server\\src\\server.js:2389:42)\n    at Jh (c:\\Users\\santi\\.vscode\\extensions\\uqbar.wollok-lsp-ide-0.5.4\\out\\server\\src\\server.js:2389:1092)\n    at M5n (c:\\Users\\santi\\.vscode\\extensions\\uqbar.wollok-lsp-ide-0.5.4\\out\\server\\src\\server.js:2389:1248)\n    at c:\\Users\\santi\\.vscode\\extensions\\uqbar.wollok-lsp-ide-0.5.4\\out\\server\\src\\server.js:38:6131\n    at L2 (c:\\Users\\santi\\.vscode\\extensions\\uqbar.wollok-lsp-ide-0.5.4\\out\\server\\src\\server.js:2389:42)\n    at c:\\Users\\santi\\.vscode\\extensions\\uqbar.wollok-lsp-ide-0.5.4\\out\\server\\src\\server.js:2389:2988\n    at c:\\Users\\santi\\.vscode\\extensions\\uqbar.wollok-lsp-ide-0.5.4\\out\\server\\src\\server.js:2398:8440\n    at c:\\Users\\santi\\.vscode\\extensions\\uqbar.wollok-lsp-ide-0.5.4\\out\\server\\src\\server.js:37:74872\n    at Ke (c:\\Users\\santi\\.vscode\\extensions\\uqbar.wollok-lsp-ide-0.5.4\\out\\server\\src\\server.js:7:8527)","timestamp":"2026-06-06T16:55:14.852Z"}
{"level":"info","message":"⌛ Validating niveles.wlk","timeElapsed":381,"timestamp":"2026-06-06T16:55:15.262Z"}
{"level":"info","message":"⌛ Building environment","timeElapsed":436,"timestamp":"2026-06-06T16:55:15.702Z"}
{"level":"info","message":"⌛ Building environment","timeElapsed":228,"timestamp":"2026-06-06T16:55:15.931Z"}
{"level":"info","message":"⌛ Building environment","timeElapsed":226,"timestamp":"2026-06-06T16:55:16.159Z"}
{"level":"info","message":"⌛ Validating niveles.wlk","timeElapsed":292,"timestamp":"2026-06-06T16:55:16.455Z"}
{"level":"info","message":"⌛ Validating niveles.wlk","timeElapsed":168,"timestamp":"2026-06-06T16:55:16.646Z"}
{"level":"info","message":"⌛ Validating niveles.wlk","timeElapsed":174,"timestamp":"2026-06-06T16:55:16.833Z"}
{"level":"info","message":"⌛ Validating niveles.wlk","timeElapsed":140,"timestamp":"2026-06-06T16:55:16.973Z"}
{"level":"info","message":"⌛ Validating niveles.wlk","timeElapsed":147,"timestamp":"2026-06-06T16:55:17.120Z"}
{"level":"info","message":"⌛ Validating niveles.wlk","timeElapsed":157,"timestamp":"2026-06-06T16:55:17.278Z"}
{"level":"info","message":"⌛ Validating niveles.wlk","timeElapsed":140,"timestamp":"2026-06-06T16:55:17.419Z"}
{"level":"info","message":"⌛ Validating niveles.wlk","timeElapsed":126,"timestamp":"2026-06-06T16:55:17.590Z"}
{"level":"info","message":"⌛ Validating niveles.wlk","timeElapsed":150,"timestamp":"2026-06-06T16:55:17.741Z"}
{"level":"info","message":"⌛ Validating niveles.wlk","timeElapsed":156,"timestamp":"2026-06-06T16:55:17.896Z"}
{"level":"info","message":"⌛ Validating niveles.wlk","timeElapsed":181,"timestamp":"2026-06-06T16:55:18.090Z"}
{"level":"info","message":"⌛ Validating niveles.wlk","timeElapsed":151,"timestamp":"2026-06-06T16:55:18.258Z"}
{"level":"info","message":"⌛ Validating niveles.wlk","timeElapsed":185,"timestamp":"2026-06-06T16:55:18.487Z"}
{"level":"info","message":"⌛ Validating niveles.wlk","timeElapsed":215,"timestamp":"2026-06-06T16:55:18.701Z"}
{"level":"info","message":"⌛ Validating niveles.wlk","timeElapsed":246,"timestamp":"2026-06-06T16:55:18.948Z"}
{"level":"info","message":"⌛ Building environment","timeElapsed":438,"timestamp":"2026-06-06T16:55:22.742Z"}
{"level":"info","message":"⌛ Building environment","timeElapsed":291,"timestamp":"2026-06-06T16:55:23.035Z"}
{"level":"info","message":"⌛ Validating niveles.wlk","timeElapsed":145,"timestamp":"2026-06-06T16:55:23.181Z"}
{"level":"info","message":"⌛ Building environment","timeElapsed":220,"timestamp":"2026-06-06T16:55:23.402Z"}
{"level":"info","message":"⌛ Validating niveles.wlk","timeElapsed":143,"timestamp":"2026-06-06T16:55:23.546Z"}
{"level":"info","message":"⌛ Validating niveles.wlk","timeElapsed":159,"timestamp":"2026-06-06T16:55:23.714Z"}
{"level":"info","message":"⌛ Building environment","timeElapsed":256,"timestamp":"2026-06-06T16:55:23.972Z"}
{"level":"info","message":"⌛ Validating niveles.wlk","timeElapsed":208,"timestamp":"2026-06-06T16:55:24.270Z"}
{"level":"info","message":"⌛ Building environment","timeElapsed":355,"timestamp":"2026-06-06T16:57:41.910Z"}
{"level":"info","message":"⌛ Validating niveles.wlk","timeElapsed":234,"timestamp":"2026-06-06T16:57:42.358Z"}
{"level":"info","message":"⌛ Building environment","timeElapsed":268,"timestamp":"2026-06-06T16:57:42.626Z"}
{"level":"info","message":"⌛ Building environment","timeElapsed":233,"timestamp":"2026-06-06T16:57:43.051Z"}
{"level":"info","message":"⌛ Validating niveles.wlk","timeElapsed":164,"timestamp":"2026-06-06T16:57:43.216Z"}
{"level":"info","message":"⌛ Validating niveles.wlk","timeElapsed":263,"timestamp":"2026-06-06T16:57:43.480Z"}
{"level":"info","message":"⌛ Building environment","timeElapsed":268,"timestamp":"2026-06-06T16:57:43.861Z"}
{"level":"info","message":"⌛ Building environment","timeElapsed":260,"timestamp":"2026-06-06T16:57:44.165Z"}
{"level":"info","message":"⌛ Building environment","timeElapsed":280,"timestamp":"2026-06-06T16:57:44.453Z"}
{"level":"info","message":"⌛ Validating niveles.wlk","timeElapsed":188,"timestamp":"2026-06-06T16:57:44.641Z"}
{"level":"info","message":"⌛ Building environment","timeElapsed":310,"timestamp":"2026-06-06T16:57:44.952Z"}
{"level":"info","message":"⌛ Building environment","timeElapsed":267,"timestamp":"2026-06-06T16:57:45.219Z"}
{"level":"info","message":"⌛ Validating niveles.wlk","timeElapsed":147,"timestamp":"2026-06-06T16:57:45.379Z"}
{"level":"info","message":"⌛ Building environment","timeElapsed":239,"timestamp":"2026-06-06T16:57:45.620Z"}
{"level":"info","message":"⌛ Building environment","timeElapsed":253,"timestamp":"2026-06-06T16:57:45.874Z"}
{"level":"info","message":"⌛ Validating niveles.wlk","timeElapsed":238,"timestamp":"2026-06-06T16:57:46.112Z"}
{"level":"info","message":"⌛ Building environment","timeElapsed":371,"timestamp":"2026-06-06T16:57:46.487Z"}
{"level":"info","message":"⌛ Building environment","timeElapsed":365,"timestamp":"2026-06-06T16:57:46.853Z"}
{"level":"info","message":"⌛ Validating niveles.wlk","timeElapsed":155,"timestamp":"2026-06-06T16:57:47.009Z"}
{"level":"info","message":"⌛ Validating niveles.wlk","timeElapsed":155,"timestamp":"2026-06-06T16:57:47.192Z"}
{"level":"info","message":"⌛ Building environment","timeElapsed":263,"timestamp":"2026-06-06T16:57:47.455Z"}
{"level":"info","message":"⌛ Validating niveles.wlk","timeElapsed":195,"timestamp":"2026-06-06T16:57:47.695Z"}
{"level":"info","message":"⌛ Validating niveles.wlk","timeElapsed":152,"timestamp":"2026-06-06T16:57:47.871Z"}
{"level":"info","message":"⌛ Validating niveles.wlk","timeElapsed":132,"timestamp":"2026-06-06T16:57:48.018Z"}
{"level":"info","message":"⌛ Validating niveles.wlk","timeElapsed":147,"timestamp":"2026-06-06T16:57:48.167Z"}
{"level":"info","message":"⌛ Validating niveles.wlk","timeElapsed":163,"timestamp":"2026-06-06T16:57:48.347Z"}
{"level":"info","message":"⌛ Building environment","timeElapsed":346,"timestamp":"2026-06-06T16:57:49.308Z"}
{"level":"info","message":"⌛ Building environment","timeElapsed":281,"timestamp":"2026-06-06T16:57:49.606Z"}
{"level":"info","message":"⌛ Building environment","timeElapsed":285,"timestamp":"2026-06-06T16:57:49.891Z"}
{"level":"info","message":"⌛ Building environment","timeElapsed":264,"timestamp":"2026-06-06T16:57:50.156Z"}
{"level":"info","message":"⌛ Building environment","timeElapsed":247,"timestamp":"2026-06-06T16:57:50.404Z"}
{"level":"info","message":"⌛ Validating niveles.wlk","timeElapsed":163,"timestamp":"2026-06-06T16:57:50.568Z"}
{"level":"info","message":"⌛ Building environment","timeElapsed":237,"timestamp":"2026-06-06T16:57:50.806Z"}
{"level":"info","message":"⌛ Validating niveles.wlk","timeElapsed":149,"timestamp":"2026-06-06T16:57:50.955Z"}
{"level":"info","message":"⌛ Building environment","timeElapsed":252,"timestamp":"2026-06-06T16:57:51.208Z"}
{"level":"info","message":"⌛ Building environment","timeElapsed":237,"timestamp":"2026-06-06T16:57:51.447Z"}
{"level":"info","message":"⌛ Validating niveles.wlk","timeElapsed":188,"timestamp":"2026-06-06T16:57:51.636Z"}
{"level":"info","message":"⌛ Building environment","timeElapsed":220,"timestamp":"2026-06-06T16:57:51.857Z"}
{"level":"info","message":"⌛ Building environment","timeElapsed":276,"timestamp":"2026-06-06T16:57:52.134Z"}
{"level":"info","message":"⌛ Validating niveles.wlk","timeElapsed":168,"timestamp":"2026-06-06T16:57:52.302Z"}
{"level":"info","message":"⌛ Validating niveles.wlk","timeElapsed":148,"timestamp":"2026-06-06T16:57:52.481Z"}
{"level":"info","message":"⌛ Building environment","timeElapsed":392,"timestamp":"2026-06-06T16:57:52.875Z"}
{"level":"info","message":"⌛ Building environment","timeElapsed":259,"timestamp":"2026-06-06T16:57:53.179Z"}
{"level":"info","message":"⌛ Validating niveles.wlk","timeElapsed":187,"timestamp":"2026-06-06T16:57:53.366Z"}
{"level":"info","message":"⌛ Validating niveles.wlk","timeElapsed":165,"timestamp":"2026-06-06T16:57:53.568Z"}
{"level":"info","message":"⌛ Validating niveles.wlk","timeElapsed":153,"timestamp":"2026-06-06T16:57:53.737Z"}
{"level":"info","message":"⌛ Building environment","timeElapsed":377,"timestamp":"2026-06-06T16:57:54.116Z"}
{"level":"error","message":"✘ Completions for node Send ([148:9, 148:32] - niveles.wlk) failed: Error: [Send]{cabaca} at niveles.wlk:148 exhausted all cases without a match [Send]{cabaca} at niveles.wlk:148 exhausted all cases without a match","stack":"Error: [Send]{cabaca} at niveles.wlk:148 exhausted all cases without a match\n    at c:\\Users\\santi\\.vscode\\extensions\\uqbar.wollok-lsp-ide-0.5.4\\out\\server\\src\\server.js:38:6142\n    at L2 (c:\\Users\\santi\\.vscode\\extensions\\uqbar.wollok-lsp-ide-0.5.4\\out\\server\\src\\server.js:2389:42)\n    at Jh (c:\\Users\\santi\\.vscode\\extensions\\uqbar.wollok-lsp-ide-0.5.4\\out\\server\\src\\server.js:2389:1092)\n    at M5n (c:\\Users\\santi\\.vscode\\extensions\\uqbar.wollok-lsp-ide-0.5.4\\out\\server\\src\\server.js:2389:1248)\n    at c:\\Users\\santi\\.vscode\\extensions\\uqbar.wollok-lsp-ide-0.5.4\\out\\server\\src\\server.js:38:6131\n    at L2 (c:\\Users\\santi\\.vscode\\extensions\\uqbar.wollok-lsp-ide-0.5.4\\out\\server\\src\\server.js:2389:42)\n    at c:\\Users\\santi\\.vscode\\extensions\\uqbar.wollok-lsp-ide-0.5.4\\out\\server\\src\\server.js:2389:2988\n    at c:\\Users\\santi\\.vscode\\extensions\\uqbar.wollok-lsp-ide-0.5.4\\out\\server\\src\\server.js:2398:8440\n    at c:\\Users\\santi\\.vscode\\extensions\\uqbar.wollok-lsp-ide-0.5.4\\out\\server\\src\\server.js:37:74872\n    at Ke (c:\\Users\\santi\\.vscode\\extensions\\uqbar.wollok-lsp-ide-0.5.4\\out\\server\\src\\server.js:7:8527)","timestamp":"2026-06-06T16:57:54.158Z"}
{"level":"info","message":"⌛ Validating niveles.wlk","timeElapsed":160,"timestamp":"2026-06-06T16:57:54.332Z"}
{"level":"info","message":"⌛ Building environment","timeElapsed":232,"timestamp":"2026-06-06T16:57:54.566Z"}
{"level":"info","message":"⌛ Building environment","timeElapsed":257,"timestamp":"2026-06-06T16:57:54.824Z"}
{"level":"info","message":"⌛ Building environment","timeElapsed":263,"timestamp":"2026-06-06T16:57:55.088Z"}
{"level":"info","message":"⌛ Validating niveles.wlk","timeElapsed":177,"timestamp":"2026-06-06T16:57:55.264Z"}
{"level":"info","message":"⌛ Validating niveles.wlk","timeElapsed":187,"timestamp":"2026-06-06T16:57:55.496Z"}
{"level":"info","message":"⌛ Validating niveles.wlk","timeElapsed":152,"timestamp":"2026-06-06T16:57:55.649Z"}
{"level":"info","message":"⌛ Validating niveles.wlk","timeElapsed":203,"timestamp":"2026-06-06T16:57:55.896Z"}
{"level":"info","message":"⌛ Validating niveles.wlk","timeElapsed":233,"timestamp":"2026-06-06T16:57:56.132Z"}
{"level":"info","message":"⌛ Validating niveles.wlk","timeElapsed":230,"timestamp":"2026-06-06T16:57:56.384Z"}
{"level":"info","message":"⌛ Validating niveles.wlk","timeElapsed":209,"timestamp":"2026-06-06T16:57:56.631Z"}
{"level":"info","message":"⌛ Building environment","timeElapsed":233,"timestamp":"2026-06-06T16:57:59.578Z"}
{"level":"info","message":"⌛ Validating niveles.wlk","timeElapsed":168,"timestamp":"2026-06-06T16:57:59.749Z"}
{"level":"info","message":"⌛ Building environment","timeElapsed":446,"timestamp":"2026-06-06T16:58:01.786Z"}
{"level":"info","message":"⌛ Building environment","timeElapsed":323,"timestamp":"2026-06-06T16:58:02.110Z"}
{"level":"error","message":"✘ Completions for node If ([175:13, 183:14] - niveles.wlk) failed: Error: [If]{d113a9} at niveles.wlk:175 exhausted all cases without a match [If]{d113a9} at niveles.wlk:175 exhausted all cases without a match","stack":"Error: [If]{d113a9} at niveles.wlk:175 exhausted all cases without a match\n    at c:\\Users\\santi\\.vscode\\extensions\\uqbar.wollok-lsp-ide-0.5.4\\out\\server\\src\\server.js:38:6142\n    at L2 (c:\\Users\\santi\\.vscode\\extensions\\uqbar.wollok-lsp-ide-0.5.4\\out\\server\\src\\server.js:2389:42)\n    at Jh (c:\\Users\\santi\\.vscode\\extensions\\uqbar.wollok-lsp-ide-0.5.4\\out\\server\\src\\server.js:2389:1092)\n    at v5n (c:\\Users\\santi\\.vscode\\extensions\\uqbar.wollok-lsp-ide-0.5.4\\out\\server\\src\\server.js:2389:818)\n    at c:\\Users\\santi\\.vscode\\extensions\\uqbar.wollok-lsp-ide-0.5.4\\out\\server\\src\\server.js:38:6131\n    at L2 (c:\\Users\\santi\\.vscode\\extensions\\uqbar.wollok-lsp-ide-0.5.4\\out\\server\\src\\server.js:2389:42)\n    at Jh (c:\\Users\\santi\\.vscode\\extensions\\uqbar.wollok-lsp-ide-0.5.4\\out\\server\\src\\server.js:2389:1092)\n    at M5n (c:\\Users\\santi\\.vscode\\extensions\\uqbar.wollok-lsp-ide-0.5.4\\out\\server\\src\\server.js:2389:1248)\n    at c:\\Users\\santi\\.vscode\\extensions\\uqbar.wollok-lsp-ide-0.5.4\\out\\server\\src\\server.js:38:6131\n    at L2 (c:\\Users\\santi\\.vscode\\extensions\\uqbar.wollok-lsp-ide-0.5.4\\out\\server\\src\\server.js:2389:42)","timestamp":"2026-06-06T16:58:02.161Z"}
{"level":"error","message":"✘ Completions for node Return (undefined - niveles.wlk) failed: Error: [Return]{993947} at niveles.wlk:-- exhausted all cases without a match [Return]{993947} at niveles.wlk:-- exhausted all cases without a match","stack":"Error: [Return]{993947} at niveles.wlk:-- exhausted all cases without a match\n    at c:\\Users\\santi\\.vscode\\extensions\\uqbar.wollok-lsp-ide-0.5.4\\out\\server\\src\\server.js:38:6142\n    at L2 (c:\\Users\\santi\\.vscode\\extensions\\uqbar.wollok-lsp-ide-0.5.4\\out\\server\\src\\server.js:2389:42)\n    at Jh (c:\\Users\\santi\\.vscode\\extensions\\uqbar.wollok-lsp-ide-0.5.4\\out\\server\\src\\server.js:2389:1092)\n    at L2 (c:\\Users\\santi\\.vscode\\extensions\\uqbar.wollok-lsp-ide-0.5.4\\out\\server\\src\\server.js:2389:544)\n    at Jh (c:\\Users\\santi\\.vscode\\extensions\\uqbar.wollok-lsp-ide-0.5.4\\out\\server\\src\\server.js:2389:1092)\n    at v5n (c:\\Users\\santi\\.vscode\\extensions\\uqbar.wollok-lsp-ide-0.5.4\\out\\server\\src\\server.js:2389:818)\n    at c:\\Users\\santi\\.vscode\\extensions\\uqbar.wollok-lsp-ide-0.5.4\\out\\server\\src\\server.js:38:6131\n    at L2 (c:\\Users\\santi\\.vscode\\extensions\\uqbar.wollok-lsp-ide-0.5.4\\out\\server\\src\\server.js:2389:42)\n    at Jh (c:\\Users\\santi\\.vscode\\extensions\\uqbar.wollok-lsp-ide-0.5.4\\out\\server\\src\\server.js:2389:1092)\n    at M5n (c:\\Users\\santi\\.vscode\\extensions\\uqbar.wollok-lsp-ide-0.5.4\\out\\server\\src\\server.js:2389:1248)","timestamp":"2026-06-06T16:58:02.162Z"}
{"level":"info","message":"⌛ Building environment","timeElapsed":305,"timestamp":"2026-06-06T16:58:02.519Z"}
{"level":"error","message":"✘ Completions for node If ([175:13, 183:14] - niveles.wlk) failed: Error: [If]{c8f22b} at niveles.wlk:175 exhausted all cases without a match [If]{c8f22b} at niveles.wlk:175 exhausted all cases without a match","stack":"Error: [If]{c8f22b} at niveles.wlk:175 exhausted all cases without a match\n    at c:\\Users\\santi\\.vscode\\extensions\\uqbar.wollok-lsp-ide-0.5.4\\out\\server\\src\\server.js:38:6142\n    at L2 (c:\\Users\\santi\\.vscode\\extensions\\uqbar.wollok-lsp-ide-0.5.4\\out\\server\\src\\server.js:2389:42)\n    at Jh (c:\\Users\\santi\\.vscode\\extensions\\uqbar.wollok-lsp-ide-0.5.4\\out\\server\\src\\server.js:2389:1092)\n    at v5n (c:\\Users\\santi\\.vscode\\extensions\\uqbar.wollok-lsp-ide-0.5.4\\out\\server\\src\\server.js:2389:818)\n    at c:\\Users\\santi\\.vscode\\extensions\\uqbar.wollok-lsp-ide-0.5.4\\out\\server\\src\\server.js:38:6131\n    at L2 (c:\\Users\\santi\\.vscode\\extensions\\uqbar.wollok-lsp-ide-0.5.4\\out\\server\\src\\server.js:2389:42)\n    at Jh (c:\\Users\\santi\\.vscode\\extensions\\uqbar.wollok-lsp-ide-0.5.4\\out\\server\\src\\server.js:2389:1092)\n    at M5n (c:\\Users\\santi\\.vscode\\extensions\\uqbar.wollok-lsp-ide-0.5.4\\out\\server\\src\\server.js:2389:1248)\n    at c:\\Users\\santi\\.vscode\\extensions\\uqbar.wollok-lsp-ide-0.5.4\\out\\server\\src\\server.js:38:6131\n    at L2 (c:\\Users\\santi\\.vscode\\extensions\\uqbar.wollok-lsp-ide-0.5.4\\out\\server\\src\\server.js:2389:42)","timestamp":"2026-06-06T16:58:02.582Z"}
{"level":"error","message":"✘ Completions for node Return (undefined - niveles.wlk) failed: Error: [Return]{6c4057} at niveles.wlk:-- exhausted all cases without a match [Return]{6c4057} at niveles.wlk:-- exhausted all cases without a match","stack":"Error: [Return]{6c4057} at niveles.wlk:-- exhausted all cases without a match\n    at c:\\Users\\santi\\.vscode\\extensions\\uqbar.wollok-lsp-ide-0.5.4\\out\\server\\src\\server.js:38:6142\n    at L2 (c:\\Users\\santi\\.vscode\\extensions\\uqbar.wollok-lsp-ide-0.5.4\\out\\server\\src\\server.js:2389:42)\n    at Jh (c:\\Users\\santi\\.vscode\\extensions\\uqbar.wollok-lsp-ide-0.5.4\\out\\server\\src\\server.js:2389:1092)\n    at L2 (c:\\Users\\santi\\.vscode\\extensions\\uqbar.wollok-lsp-ide-0.5.4\\out\\server\\src\\server.js:2389:544)\n    at Jh (c:\\Users\\santi\\.vscode\\extensions\\uqbar.wollok-lsp-ide-0.5.4\\out\\server\\src\\server.js:2389:1092)\n    at v5n (c:\\Users\\santi\\.vscode\\extensions\\uqbar.wollok-lsp-ide-0.5.4\\out\\server\\src\\server.js:2389:818)\n    at c:\\Users\\santi\\.vscode\\extensions\\uqbar.wollok-lsp-ide-0.5.4\\out\\server\\src\\server.js:38:6131\n    at L2 (c:\\Users\\santi\\.vscode\\extensions\\uqbar.wollok-lsp-ide-0.5.4\\out\\server\\src\\server.js:2389:42)\n    at Jh (c:\\Users\\santi\\.vscode\\extensions\\uqbar.wollok-lsp-ide-0.5.4\\out\\server\\src\\server.js:2389:1092)\n    at M5n (c:\\Users\\santi\\.vscode\\extensions\\uqbar.wollok-lsp-ide-0.5.4\\out\\server\\src\\server.js:2389:1248)","timestamp":"2026-06-06T16:58:02.582Z"}
{"level":"info","message":"⌛ Validating niveles.wlk","timeElapsed":273,"timestamp":"2026-06-06T16:58:02.873Z"}
{"level":"info","message":"⌛ Validating niveles.wlk","timeElapsed":218,"timestamp":"2026-06-06T16:58:03.114Z"}
{"level":"info","message":"⌛ Building environment","timeElapsed":377,"timestamp":"2026-06-06T16:58:03.492Z"}
{"level":"info","message":"⌛ Validating niveles.wlk","timeElapsed":296,"timestamp":"2026-06-06T16:58:03.790Z"}
{"level":"info","message":"⌛ Building environment","timeElapsed":263,"timestamp":"2026-06-06T16:58:04.054Z"}
{"level":"error","message":"✘ Completions for node If ([175:13, 183:14] - niveles.wlk) failed: Error: [If]{5493b5} at niveles.wlk:175 exhausted all cases without a match [If]{5493b5} at niveles.wlk:175 exhausted all cases without a match","stack":"Error: [If]{5493b5} at niveles.wlk:175 exhausted all cases without a match\n    at c:\\Users\\santi\\.vscode\\extensions\\uqbar.wollok-lsp-ide-0.5.4\\out\\server\\src\\server.js:38:6142\n    at L2 (c:\\Users\\santi\\.vscode\\extensions\\uqbar.wollok-lsp-ide-0.5.4\\out\\server\\src\\server.js:2389:42)\n    at Jh (c:\\Users\\santi\\.vscode\\extensions\\uqbar.wollok-lsp-ide-0.5.4\\out\\server\\src\\server.js:2389:1092)\n    at v5n (c:\\Users\\santi\\.vscode\\extensions\\uqbar.wollok-lsp-ide-0.5.4\\out\\server\\src\\server.js:2389:818)\n    at c:\\Users\\santi\\.vscode\\extensions\\uqbar.wollok-lsp-ide-0.5.4\\out\\server\\src\\server.js:38:6131\n    at L2 (c:\\Users\\santi\\.vscode\\extensions\\uqbar.wollok-lsp-ide-0.5.4\\out\\server\\src\\server.js:2389:42)\n    at Jh (c:\\Users\\santi\\.vscode\\extensions\\uqbar.wollok-lsp-ide-0.5.4\\out\\server\\src\\server.js:2389:1092)\n    at M5n (c:\\Users\\santi\\.vscode\\extensions\\uqbar.wollok-lsp-ide-0.5.4\\out\\server\\src\\server.js:2389:1248)\n    at c:\\Users\\santi\\.vscode\\extensions\\uqbar.wollok-lsp-ide-0.5.4\\out\\server\\src\\server.js:38:6131\n    at L2 (c:\\Users\\santi\\.vscode\\extensions\\uqbar.wollok-lsp-ide-0.5.4\\out\\server\\src\\server.js:2389:42)","timestamp":"2026-06-06T16:58:04.105Z"}
{"level":"error","message":"✘ Completions for node Return (undefined - niveles.wlk) failed: Error: [Return]{80a511} at niveles.wlk:-- exhausted all cases without a match [Return]{80a511} at niveles.wlk:-- exhausted all cases without a match","stack":"Error: [Return]{80a511} at niveles.wlk:-- exhausted all cases without a match\n    at c:\\Users\\santi\\.vscode\\extensions\\uqbar.wollok-lsp-ide-0.5.4\\out\\server\\src\\server.js:38:6142\n    at L2 (c:\\Users\\santi\\.vscode\\extensions\\uqbar.wollok-lsp-ide-0.5.4\\out\\server\\src\\server.js:2389:42)\n    at Jh (c:\\Users\\santi\\.vscode\\extensions\\uqbar.wollok-lsp-ide-0.5.4\\out\\server\\src\\server.js:2389:1092)\n    at L2 (c:\\Users\\santi\\.vscode\\extensions\\uqbar.wollok-lsp-ide-0.5.4\\out\\server\\src\\server.js:2389:544)\n    at Jh (c:\\Users\\santi\\.vscode\\extensions\\uqbar.wollok-lsp-ide-0.5.4\\out\\server\\src\\server.js:2389:1092)\n    at v5n (c:\\Users\\santi\\.vscode\\extensions\\uqbar.wollok-lsp-ide-0.5.4\\out\\server\\src\\server.js:2389:818)\n    at c:\\Users\\santi\\.vscode\\extensions\\uqbar.wollok-lsp-ide-0.5.4\\out\\server\\src\\server.js:38:6131\n    at L2 (c:\\Users\\santi\\.vscode\\extensions\\uqbar.wollok-lsp-ide-0.5.4\\out\\server\\src\\server.js:2389:42)\n    at Jh (c:\\Users\\santi\\.vscode\\extensions\\uqbar.wollok-lsp-ide-0.5.4\\out\\server\\src\\server.js:2389:1092)\n    at M5n (c:\\Users\\santi\\.vscode\\extensions\\uqbar.wollok-lsp-ide-0.5.4\\out\\server\\src\\server.js:2389:1248)","timestamp":"2026-06-06T16:58:04.105Z"}
{"level":"info","message":"⌛ Building environment","timeElapsed":272,"timestamp":"2026-06-06T16:58:04.381Z"}
{"level":"info","message":"⌛ Building environment","timeElapsed":308,"timestamp":"2026-06-06T16:58:04.689Z"}
{"level":"info","message":"⌛ Building environment","timeElapsed":276,"timestamp":"2026-06-06T16:58:04.966Z"}
{"level":"info","message":"⌛ Building environment","timeElapsed":300,"timestamp":"2026-06-06T16:58:05.268Z"}
{"level":"info","message":"⌛ Building environment","timeElapsed":264,"timestamp":"2026-06-06T16:58:05.533Z"}
{"level":"info","message":"⌛ Building environment","timeElapsed":330,"timestamp":"2026-06-06T16:58:05.863Z"}
{"level":"info","message":"⌛ Building environment","timeElapsed":450,"timestamp":"2026-06-06T16:58:06.322Z"}
{"level":"info","message":"⌛ Building environment","timeElapsed":253,"timestamp":"2026-06-06T16:58:06.575Z"}
{"level":"info","message":"⌛ Validating niveles.wlk","timeElapsed":141,"timestamp":"2026-06-06T16:58:06.717Z"}
{"level":"info","message":"⌛ Validating niveles.wlk","timeElapsed":157,"timestamp":"2026-06-06T16:58:06.902Z"}
{"level":"info","message":"⌛ Building environment","timeElapsed":228,"timestamp":"2026-06-06T16:58:07.131Z"}
{"level":"info","message":"⌛ Validating niveles.wlk","timeElapsed":153,"timestamp":"2026-06-06T16:58:07.319Z"}
{"level":"info","message":"⌛ Building environment","timeElapsed":218,"timestamp":"2026-06-06T16:58:07.538Z"}
{"level":"info","message":"⌛ Building environment","timeElapsed":299,"timestamp":"2026-06-06T16:58:07.838Z"}
{"level":"info","message":"⌛ Building environment","timeElapsed":257,"timestamp":"2026-06-06T16:58:08.096Z"}
{"level":"info","message":"⌛ Validating niveles.wlk","timeElapsed":158,"timestamp":"2026-06-06T16:58:08.255Z"}
{"level":"info","message":"⌛ Building environment","timeElapsed":247,"timestamp":"2026-06-06T16:58:08.503Z"}
{"level":"info","message":"⌛ Validating niveles.wlk","timeElapsed":259,"timestamp":"2026-06-06T16:58:08.763Z"}
{"level":"info","message":"⌛ Building environment","timeElapsed":347,"timestamp":"2026-06-06T16:58:09.137Z"}
{"level":"info","message":"⌛ Validating niveles.wlk","timeElapsed":171,"timestamp":"2026-06-06T16:58:09.334Z"}
{"level":"info","message":"⌛ Building environment","timeElapsed":201,"timestamp":"2026-06-06T16:58:09.537Z"}
{"level":"info","message":"⌛ Validating niveles.wlk","timeElapsed":164,"timestamp":"2026-06-06T16:58:09.701Z"}
{"level":"info","message":"⌛ Building environment","timeElapsed":224,"timestamp":"2026-06-06T16:58:09.926Z"}
{"level":"info","message":"⌛ Building environment","timeElapsed":256,"timestamp":"2026-06-06T16:58:10.183Z"}
{"level":"info","message":"⌛ Building environment","timeElapsed":253,"timestamp":"2026-06-06T16:58:10.437Z"}
{"level":"info","message":"⌛ Validating niveles.wlk","timeElapsed":181,"timestamp":"2026-06-06T16:58:10.618Z"}
{"level":"info","message":"⌛ Building environment","timeElapsed":287,"timestamp":"2026-06-06T16:58:10.907Z"}
{"level":"info","message":"⌛ Building environment","timeElapsed":242,"timestamp":"2026-06-06T16:58:11.149Z"}
{"level":"info","message":"⌛ Validating niveles.wlk","timeElapsed":127,"timestamp":"2026-06-06T16:58:11.277Z"}
{"level":"info","message":"⌛ Validating niveles.wlk","timeElapsed":185,"timestamp":"2026-06-06T16:58:11.485Z"}
{"level":"info","message":"⌛ Validating niveles.wlk","timeElapsed":167,"timestamp":"2026-06-06T16:58:11.652Z"}
{"level":"info","message":"⌛ Building environment","timeElapsed":231,"timestamp":"2026-06-06T16:58:11.902Z"}
{"level":"info","message":"⌛ Building environment","timeElapsed":301,"timestamp":"2026-06-06T16:58:12.204Z"}
{"level":"info","message":"⌛ Validating niveles.wlk","timeElapsed":215,"timestamp":"2026-06-06T16:58:12.419Z"}
{"level":"info","message":"⌛ Building environment","timeElapsed":256,"timestamp":"2026-06-06T16:58:12.676Z"}
{"level":"info","message":"⌛ Validating niveles.wlk","timeElapsed":201,"timestamp":"2026-06-06T16:58:12.879Z"}
{"level":"info","message":"⌛ Validating niveles.wlk","timeElapsed":151,"timestamp":"2026-06-06T16:58:13.057Z"}
{"level":"info","message":"⌛ Validating niveles.wlk","timeElapsed":216,"timestamp":"2026-06-06T16:58:13.275Z"}
{"level":"info","message":"⌛ Building environment","timeElapsed":222,"timestamp":"2026-06-06T16:58:13.525Z"}
{"level":"info","message":"⌛ Building environment","timeElapsed":258,"timestamp":"2026-06-06T16:58:13.784Z"}
{"level":"info","message":"⌛ Validating niveles.wlk","timeElapsed":239,"timestamp":"2026-06-06T16:58:14.030Z"}
{"level":"info","message":"⌛ Validating niveles.wlk","timeElapsed":185,"timestamp":"2026-06-06T16:58:14.232Z"}
{"level":"info","message":"⌛ Building environment","timeElapsed":338,"timestamp":"2026-06-06T16:58:14.596Z"}
{"level":"error","message":"✘ Completions for node Send ([182:16, 182:40] - niveles.wlk) failed: Error: [Send]{acabea} at niveles.wlk:182 exhausted all cases without a match [Send]{acabea} at niveles.wlk:182 exhausted all cases without a match","stack":"Error: [Send]{acabea} at niveles.wlk:182 exhausted all cases without a match\n    at c:\\Users\\santi\\.vscode\\extensions\\uqbar.wollok-lsp-ide-0.5.4\\out\\server\\src\\server.js:38:6142\n    at L2 (c:\\Users\\santi\\.vscode\\extensions\\uqbar.wollok-lsp-ide-0.5.4\\out\\server\\src\\server.js:2389:42)\n    at Jh (c:\\Users\\santi\\.vscode\\extensions\\uqbar.wollok-lsp-ide-0.5.4\\out\\server\\src\\server.js:2389:1092)\n    at M5n (c:\\Users\\santi\\.vscode\\extensions\\uqbar.wollok-lsp-ide-0.5.4\\out\\server\\src\\server.js:2389:1248)\n    at c:\\Users\\santi\\.vscode\\extensions\\uqbar.wollok-lsp-ide-0.5.4\\out\\server\\src\\server.js:38:6131\n    at L2 (c:\\Users\\santi\\.vscode\\extensions\\uqbar.wollok-lsp-ide-0.5.4\\out\\server\\src\\server.js:2389:42)\n    at c:\\Users\\santi\\.vscode\\extensions\\uqbar.wollok-lsp-ide-0.5.4\\out\\server\\src\\server.js:2389:2988\n    at c:\\Users\\santi\\.vscode\\extensions\\uqbar.wollok-lsp-ide-0.5.4\\out\\server\\src\\server.js:2398:8440\n    at c:\\Users\\santi\\.vscode\\extensions\\uqbar.wollok-lsp-ide-0.5.4\\out\\server\\src\\server.js:37:74872\n    at Ke (c:\\Users\\santi\\.vscode\\extensions\\uqbar.wollok-lsp-ide-0.5.4\\out\\server\\src\\server.js:7:8527)","timestamp":"2026-06-06T16:58:14.641Z"}
{"level":"error","message":"✘ Completions for node If ([175:13, 183:14] - niveles.wlk) failed: Error: [If]{dabe84} at niveles.wlk:175 exhausted all cases without a match [If]{dabe84} at niveles.wlk:175 exhausted all cases without a match","stack":"Error: [If]{dabe84} at niveles.wlk:175 exhausted all cases without a match\n    at c:\\Users\\santi\\.vscode\\extensions\\uqbar.wollok-lsp-ide-0.5.4\\out\\server\\src\\server.js:38:6142\n    at L2 (c:\\Users\\santi\\.vscode\\extensions\\uqbar.wollok-lsp-ide-0.5.4\\out\\server\\src\\server.js:2389:42)\n    at Jh (c:\\Users\\santi\\.vscode\\extensions\\uqbar.wollok-lsp-ide-0.5.4\\out\\server\\src\\server.js:2389:1092)\n    at v5n (c:\\Users\\santi\\.vscode\\extensions\\uqbar.wollok-lsp-ide-0.5.4\\out\\server\\src\\server.js:2389:818)\n    at c:\\Users\\santi\\.vscode\\extensions\\uqbar.wollok-lsp-ide-0.5.4\\out\\server\\src\\server.js:38:6131\n    at L2 (c:\\Users\\santi\\.vscode\\extensions\\uqbar.wollok-lsp-ide-0.5.4\\out\\server\\src\\server.js:2389:42)\n    at Jh (c:\\Users\\santi\\.vscode\\extensions\\uqbar.wollok-lsp-ide-0.5.4\\out\\server\\src\\server.js:2389:1092)\n    at L2 (c:\\Users\\santi\\.vscode\\extensions\\uqbar.wollok-lsp-ide-0.5.4\\out\\server\\src\\server.js:2389:544)\n    at Jh (c:\\Users\\santi\\.vscode\\extensions\\uqbar.wollok-lsp-ide-0.5.4\\out\\server\\src\\server.js:2389:1092)\n    at M5n (c:\\Users\\santi\\.vscode\\extensions\\uqbar.wollok-lsp-ide-0.5.4\\out\\server\\src\\server.js:2389:1248)","timestamp":"2026-06-06T16:58:14.641Z"}
{"level":"error","message":"✘ Completions for node Return (undefined - niveles.wlk) failed: Error: [Return]{aaabec} at niveles.wlk:-- exhausted all cases without a match [Return]{aaabec} at niveles.wlk:-- exhausted all cases without a match","stack":"Error: [Return]{aaabec} at niveles.wlk:-- exhausted all cases without a match\n    at c:\\Users\\santi\\.vscode\\extensions\\uqbar.wollok-lsp-ide-0.5.4\\out\\server\\src\\server.js:38:6142\n    at L2 (c:\\Users\\santi\\.vscode\\extensions\\uqbar.wollok-lsp-ide-0.5.4\\out\\server\\src\\server.js:2389:42)\n    at Jh (c:\\Users\\santi\\.vscode\\extensions\\uqbar.wollok-lsp-ide-0.5.4\\out\\server\\src\\server.js:2389:1092)\n    at L2 (c:\\Users\\santi\\.vscode\\extensions\\uqbar.wollok-lsp-ide-0.5.4\\out\\server\\src\\server.js:2389:544)\n    at Jh (c:\\Users\\santi\\.vscode\\extensions\\uqbar.wollok-lsp-ide-0.5.4\\out\\server\\src\\server.js:2389:1092)\n    at v5n (c:\\Users\\santi\\.vscode\\extensions\\uqbar.wollok-lsp-ide-0.5.4\\out\\server\\src\\server.js:2389:818)\n    at c:\\Users\\santi\\.vscode\\extensions\\uqbar.wollok-lsp-ide-0.5.4\\out\\server\\src\\server.js:38:6131\n    at L2 (c:\\Users\\santi\\.vscode\\extensions\\uqbar.wollok-lsp-ide-0.5.4\\out\\server\\src\\server.js:2389:42)\n    at Jh (c:\\Users\\santi\\.vscode\\extensions\\uqbar.wollok-lsp-ide-0.5.4\\out\\server\\src\\server.js:2389:1092)\n    at L2 (c:\\Users\\santi\\.vscode\\extensions\\uqbar.wollok-lsp-ide-0.5.4\\out\\server\\src\\server.js:2389:544)","timestamp":"2026-06-06T16:58:14.641Z"}
{"level":"info","message":"⌛ Building environment","timeElapsed":851,"timestamp":"2026-06-06T16:58:15.499Z"}
{"level":"info","message":"⌛ Building environment","timeElapsed":382,"timestamp":"2026-06-06T16:58:15.895Z"}
{"level":"info","message":"⌛ Validating niveles.wlk","timeElapsed":290,"timestamp":"2026-06-06T16:58:16.187Z"}
{"level":"info","message":"⌛ Building environment","timeElapsed":554,"timestamp":"2026-06-06T16:58:16.912Z"}
{"level":"info","message":"⌛ Validating niveles.wlk","timeElapsed":252,"timestamp":"2026-06-06T16:58:17.165Z"}
{"level":"info","message":"⌛ Validating niveles.wlk","timeElapsed":210,"timestamp":"2026-06-06T16:58:17.410Z"}
{"level":"info","message":"⌛ Validating niveles.wlk","timeElapsed":163,"timestamp":"2026-06-06T16:58:17.575Z"}
{"level":"info","message":"⌛ Validating niveles.wlk","timeElapsed":151,"timestamp":"2026-06-06T16:58:17.741Z"}
{"level":"info","message":"⌛ Validating niveles.wlk","timeElapsed":151,"timestamp":"2026-06-06T16:58:17.894Z"}
{"level":"info","message":"⌛ Validating niveles.wlk","timeElapsed":177,"timestamp":"2026-06-06T16:58:18.085Z"}
{"level":"info","message":"⌛ Validating niveles.wlk","timeElapsed":160,"timestamp":"2026-06-06T16:58:18.246Z"}
{"level":"info","message":"⌛ Validating niveles.wlk","timeElapsed":148,"timestamp":"2026-06-06T16:58:18.407Z"}
{"level":"info","message":"⌛ Validating niveles.wlk","timeElapsed":327,"timestamp":"2026-06-06T16:58:18.749Z"}
{"level":"info","message":"⌛ Validating niveles.wlk","timeElapsed":204,"timestamp":"2026-06-06T16:58:18.970Z"}
{"level":"info","message":"⌛ Validating niveles.wlk","timeElapsed":181,"timestamp":"2026-06-06T16:58:19.152Z"}
{"level":"info","message":"⌛ Validating niveles.wlk","timeElapsed":203,"timestamp":"2026-06-06T16:58:19.355Z"}
{"level":"info","message":"⌛ Validating niveles.wlk","timeElapsed":143,"timestamp":"2026-06-06T16:58:19.512Z"}
{"level":"info","message":"⌛ Building environment","timeElapsed":441,"timestamp":"2026-06-06T16:58:19.972Z"}
{"level":"info","message":"⌛ Building environment","timeElapsed":450,"timestamp":"2026-06-06T16:58:20.423Z"}
{"level":"info","message":"⌛ Building environment","timeElapsed":265,"timestamp":"2026-06-06T16:58:20.690Z"}
{"level":"info","message":"⌛ Building environment","timeElapsed":431,"timestamp":"2026-06-06T16:58:21.121Z"}
{"level":"info","message":"⌛ Building environment","timeElapsed":251,"timestamp":"2026-06-06T16:58:21.418Z"}
{"level":"error","message":"✘ Completions for node Send ([182:16, 182:40] - niveles.wlk) failed: Error: [Send]{b4ac72} at niveles.wlk:182 exhausted all cases without a match [Send]{b4ac72} at niveles.wlk:182 exhausted all cases without a match","stack":"Error: [Send]{b4ac72} at niveles.wlk:182 exhausted all cases without a match\n    at c:\\Users\\santi\\.vscode\\extensions\\uqbar.wollok-lsp-ide-0.5.4\\out\\server\\src\\server.js:38:6142\n    at L2 (c:\\Users\\santi\\.vscode\\extensions\\uqbar.wollok-lsp-ide-0.5.4\\out\\server\\src\\server.js:2389:42)\n    at Jh (c:\\Users\\santi\\.vscode\\extensions\\uqbar.wollok-lsp-ide-0.5.4\\out\\server\\src\\server.js:2389:1092)\n    at M5n (c:\\Users\\santi\\.vscode\\extensions\\uqbar.wollok-lsp-ide-0.5.4\\out\\server\\src\\server.js:2389:1248)\n    at c:\\Users\\santi\\.vscode\\extensions\\uqbar.wollok-lsp-ide-0.5.4\\out\\server\\src\\server.js:38:6131\n    at L2 (c:\\Users\\santi\\.vscode\\extensions\\uqbar.wollok-lsp-ide-0.5.4\\out\\server\\src\\server.js:2389:42)\n    at c:\\Users\\santi\\.vscode\\extensions\\uqbar.wollok-lsp-ide-0.5.4\\out\\server\\src\\server.js:2389:2988\n    at c:\\Users\\santi\\.vscode\\extensions\\uqbar.wollok-lsp-ide-0.5.4\\out\\server\\src\\server.js:2398:8440\n    at c:\\Users\\santi\\.vscode\\extensions\\uqbar.wollok-lsp-ide-0.5.4\\out\\server\\src\\server.js:37:74872\n    at Ke (c:\\Users\\santi\\.vscode\\extensions\\uqbar.wollok-lsp-ide-0.5.4\\out\\server\\src\\server.js:7:8527)","timestamp":"2026-06-06T16:58:21.466Z"}
{"level":"error","message":"✘ Completions for node If ([175:13, 183:14] - niveles.wlk) failed: Error: [If]{356d27} at niveles.wlk:175 exhausted all cases without a match [If]{356d27} at niveles.wlk:175 exhausted all cases without a match","stack":"Error: [If]{356d27} at niveles.wlk:175 exhausted all cases without a match\n    at c:\\Users\\santi\\.vscode\\extensions\\uqbar.wollok-lsp-ide-0.5.4\\out\\server\\src\\server.js:38:6142\n    at L2 (c:\\Users\\santi\\.vscode\\extensions\\uqbar.wollok-lsp-ide-0.5.4\\out\\server\\src\\server.js:2389:42)\n    at Jh (c:\\Users\\santi\\.vscode\\extensions\\uqbar.wollok-lsp-ide-0.5.4\\out\\server\\src\\server.js:2389:1092)\n    at v5n (c:\\Users\\santi\\.vscode\\extensions\\uqbar.wollok-lsp-ide-0.5.4\\out\\server\\src\\server.js:2389:818)\n    at c:\\Users\\santi\\.vscode\\extensions\\uqbar.wollok-lsp-ide-0.5.4\\out\\server\\src\\server.js:38:6131\n    at L2 (c:\\Users\\santi\\.vscode\\extensions\\uqbar.wollok-lsp-ide-0.5.4\\out\\server\\src\\server.js:2389:42)\n    at Jh (c:\\Users\\santi\\.vscode\\extensions\\uqbar.wollok-lsp-ide-0.5.4\\out\\server\\src\\server.js:2389:1092)\n    at L2 (c:\\Users\\santi\\.vscode\\extensions\\uqbar.wollok-lsp-ide-0.5.4\\out\\server\\src\\server.js:2389:544)\n    at Jh (c:\\Users\\santi\\.vscode\\extensions\\uqbar.wollok-lsp-ide-0.5.4\\out\\server\\src\\server.js:2389:1092)\n    at M5n (c:\\Users\\santi\\.vscode\\extensions\\uqbar.wollok-lsp-ide-0.5.4\\out\\server\\src\\server.js:2389:1248)","timestamp":"2026-06-06T16:58:21.466Z"}
{"level":"error","message":"✘ Completions for node Return (undefined - niveles.wlk) failed: Error: [Return]{461ec8} at niveles.wlk:-- exhausted all cases without a match [Return]{461ec8} at niveles.wlk:-- exhausted all cases without a match","stack":"Error: [Return]{461ec8} at niveles.wlk:-- exhausted all cases without a match\n    at c:\\Users\\santi\\.vscode\\extensions\\uqbar.wollok-lsp-ide-0.5.4\\out\\server\\src\\server.js:38:6142\n    at L2 (c:\\Users\\santi\\.vscode\\extensions\\uqbar.wollok-lsp-ide-0.5.4\\out\\server\\src\\server.js:2389:42)\n    at Jh (c:\\Users\\santi\\.vscode\\extensions\\uqbar.wollok-lsp-ide-0.5.4\\out\\server\\src\\server.js:2389:1092)\n    at L2 (c:\\Users\\santi\\.vscode\\extensions\\uqbar.wollok-lsp-ide-0.5.4\\out\\server\\src\\server.js:2389:544)\n    at Jh (c:\\Users\\santi\\.vscode\\extensions\\uqbar.wollok-lsp-ide-0.5.4\\out\\server\\src\\server.js:2389:1092)\n    at v5n (c:\\Users\\santi\\.vscode\\extensions\\uqbar.wollok-lsp-ide-0.5.4\\out\\server\\src\\server.js:2389:818)\n    at c:\\Users\\santi\\.vscode\\extensions\\uqbar.wollok-lsp-ide-0.5.4\\out\\server\\src\\server.js:38:6131\n    at L2 (c:\\Users\\santi\\.vscode\\extensions\\uqbar.wollok-lsp-ide-0.5.4\\out\\server\\src\\server.js:2389:42)\n    at Jh (c:\\Users\\santi\\.vscode\\extensions\\uqbar.wollok-lsp-ide-0.5.4\\out\\server\\src\\server.js:2389:1092)\n    at L2 (c:\\Users\\santi\\.vscode\\extensions\\uqbar.wollok-lsp-ide-0.5.4\\out\\server\\src\\server.js:2389:544)","timestamp":"2026-06-06T16:58:21.466Z"}
{"level":"info","message":"⌛ Building environment","timeElapsed":269,"timestamp":"2026-06-06T16:58:21.739Z"}
{"level":"info","message":"⌛ Validating niveles.wlk","timeElapsed":158,"timestamp":"2026-06-06T16:58:21.898Z"}
{"level":"info","message":"⌛ Building environment","timeElapsed":291,"timestamp":"2026-06-06T16:58:22.190Z"}
{"level":"info","message":"⌛ Building environment","timeElapsed":294,"timestamp":"2026-06-06T16:58:22.483Z"}
{"level":"info","message":"⌛ Building environment","timeElapsed":247,"timestamp":"2026-06-06T16:58:22.735Z"}
{"level":"info","message":"⌛ Validating niveles.wlk","timeElapsed":151,"timestamp":"2026-06-06T16:58:22.887Z"}
{"level":"info","message":"⌛ Validating niveles.wlk","timeElapsed":168,"timestamp":"2026-06-06T16:58:23.085Z"}
{"level":"info","message":"⌛ Validating niveles.wlk","timeElapsed":297,"timestamp":"2026-06-06T16:58:23.383Z"}
{"level":"info","message":"⌛ Validating niveles.wlk","timeElapsed":218,"timestamp":"2026-06-06T16:58:23.645Z"}
{"level":"info","message":"⌛ Validating niveles.wlk","timeElapsed":212,"timestamp":"2026-06-06T16:58:23.857Z"}
{"level":"info","message":"⌛ Validating niveles.wlk","timeElapsed":182,"timestamp":"2026-06-06T16:58:24.042Z"}
{"level":"info","message":"⌛ Validating niveles.wlk","timeElapsed":261,"timestamp":"2026-06-06T16:58:24.321Z"}
{"level":"info","message":"⌛ Validating niveles.wlk","timeElapsed":200,"timestamp":"2026-06-06T16:58:24.522Z"}
{"level":"info","message":"⌛ Building environment","timeElapsed":217,"timestamp":"2026-06-06T16:58:49.230Z"}
{"level":"info","message":"⌛ Validating niveles.wlk","timeElapsed":206,"timestamp":"2026-06-06T16:58:49.462Z"}
{"level":"info","message":"⌛ Building environment","timeElapsed":230,"timestamp":"2026-06-06T16:58:49.833Z"}
{"level":"info","message":"⌛ Validating niveles.wlk","timeElapsed":126,"timestamp":"2026-06-06T16:58:50.137Z"}
{"level":"info","message":"⌛ Building environment","timeElapsed":257,"timestamp":"2026-06-06T16:58:50.442Z"}
{"level":"info","message":"⌛ Building environment","timeElapsed":668,"timestamp":"2026-06-06T16:58:51.152Z"}
{"level":"info","message":"⌛ Validating niveles.wlk","timeElapsed":214,"timestamp":"2026-06-06T16:58:51.366Z"}
{"level":"info","message":"⌛ Building environment","timeElapsed":250,"timestamp":"2026-06-06T16:58:51.617Z"}
{"level":"info","message":"⌛ Building environment","timeElapsed":227,"timestamp":"2026-06-06T16:58:51.853Z"}
{"level":"info","message":"⌛ Building environment","timeElapsed":236,"timestamp":"2026-06-06T16:58:52.089Z"}
{"level":"info","message":"⌛ Building environment","timeElapsed":283,"timestamp":"2026-06-06T16:58:52.374Z"}
{"level":"info","message":"⌛ Validating niveles.wlk","timeElapsed":166,"timestamp":"2026-06-06T16:58:52.572Z"}
{"level":"info","message":"⌛ Building environment","timeElapsed":340,"timestamp":"2026-06-06T16:58:52.913Z"}
{"level":"info","message":"⌛ Validating niveles.wlk","timeElapsed":203,"timestamp":"2026-06-06T16:58:53.179Z"}
{"level":"info","message":"⌛ Validating niveles.wlk","timeElapsed":189,"timestamp":"2026-06-06T16:58:53.369Z"}
{"level":"info","message":"⌛ Validating niveles.wlk","timeElapsed":148,"timestamp":"2026-06-06T16:58:53.518Z"}
{"level":"info","message":"⌛ Validating niveles.wlk","timeElapsed":184,"timestamp":"2026-06-06T16:58:53.702Z"}
{"level":"info","message":"⌛ Building environment","timeElapsed":249,"timestamp":"2026-06-06T16:58:53.952Z"}
{"level":"info","message":"⌛ Building environment","timeElapsed":272,"timestamp":"2026-06-06T16:58:54.300Z"}
{"level":"info","message":"⌛ Building environment","timeElapsed":260,"timestamp":"2026-06-06T16:58:54.574Z"}
{"level":"info","message":"⌛ Building environment","timeElapsed":367,"timestamp":"2026-06-06T16:58:54.942Z"}
{"level":"info","message":"⌛ Validating niveles.wlk","timeElapsed":140,"timestamp":"2026-06-06T16:58:55.082Z"}
{"level":"info","message":"⌛ Building environment","timeElapsed":233,"timestamp":"2026-06-06T16:58:55.316Z"}
{"level":"info","message":"⌛ Building environment","timeElapsed":218,"timestamp":"2026-06-06T16:58:55.570Z"}
{"level":"info","message":"⌛ Building environment","timeElapsed":227,"timestamp":"2026-06-06T16:58:55.814Z"}
{"level":"info","message":"⌛ Building environment","timeElapsed":203,"timestamp":"2026-06-06T16:58:56.044Z"}
{"level":"info","message":"⌛ Validating niveles.wlk","timeElapsed":148,"timestamp":"2026-06-06T16:58:56.193Z"}
{"level":"info","message":"⌛ Building environment","timeElapsed":227,"timestamp":"2026-06-06T16:58:56.420Z"}
{"level":"info","message":"⌛ Building environment","timeElapsed":302,"timestamp":"2026-06-06T16:58:56.722Z"}
{"level":"info","message":"⌛ Validating niveles.wlk","timeElapsed":144,"timestamp":"2026-06-06T16:58:56.914Z"}
{"level":"info","message":"⌛ Validating niveles.wlk","timeElapsed":145,"timestamp":"2026-06-06T16:58:57.084Z"}
{"level":"info","message":"⌛ Validating niveles.wlk","timeElapsed":140,"timestamp":"2026-06-06T16:58:57.235Z"}
{"level":"info","message":"⌛ Validating niveles.wlk","timeElapsed":166,"timestamp":"2026-06-06T16:58:57.416Z"}
{"level":"info","message":"⌛ Validating niveles.wlk","timeElapsed":187,"timestamp":"2026-06-06T16:58:57.635Z"}
{"level":"info","message":"⌛ Validating niveles.wlk","timeElapsed":166,"timestamp":"2026-06-06T16:58:57.801Z"}
{"level":"info","message":"⌛ Validating niveles.wlk","timeElapsed":149,"timestamp":"2026-06-06T16:58:57.951Z"}
{"level":"info","message":"⌛ Building environment","timeElapsed":220,"timestamp":"2026-06-06T16:58:58.171Z"}
{"level":"info","message":"⌛ Validating niveles.wlk","timeElapsed":153,"timestamp":"2026-06-06T16:58:58.333Z"}
{"level":"info","message":"⌛ Validating niveles.wlk","timeElapsed":154,"timestamp":"2026-06-06T16:58:58.487Z"}
{"level":"info","message":"⌛ Validating niveles.wlk","timeElapsed":134,"timestamp":"2026-06-06T16:58:58.625Z"}
{"level":"info","message":"⌛ Building environment","timeElapsed":248,"timestamp":"2026-06-06T16:58:58.986Z"}
{"level":"info","message":"⌛ Building environment","timeElapsed":269,"timestamp":"2026-06-06T16:58:59.295Z"}
{"level":"info","message":"⌛ Validating niveles.wlk","timeElapsed":144,"timestamp":"2026-06-06T16:58:59.440Z"}
{"level":"info","message":"⌛ Validating niveles.wlk","timeElapsed":135,"timestamp":"2026-06-06T16:58:59.575Z"}
{"level":"info","message":"⌛ Building environment","timeElapsed":235,"timestamp":"2026-06-06T16:59:00.460Z"}
{"level":"info","message":"⌛ Validating niveles.wlk","timeElapsed":172,"timestamp":"2026-06-06T16:59:00.695Z"}
{"level":"info","message":"⌛ Building environment","timeElapsed":469,"timestamp":"2026-06-06T16:59:01.179Z"}
{"level":"info","message":"⌛ Building environment","timeElapsed":290,"timestamp":"2026-06-06T16:59:01.477Z"}
{"level":"info","message":"⌛ Building environment","timeElapsed":230,"timestamp":"2026-06-06T16:59:01.757Z"}
{"level":"info","message":"⌛ Validating niveles.wlk","timeElapsed":174,"timestamp":"2026-06-06T16:59:01.932Z"}
{"level":"info","message":"⌛ Building environment","timeElapsed":328,"timestamp":"2026-06-06T16:59:02.309Z"}
{"level":"info","message":"⌛ Validating niveles.wlk","timeElapsed":165,"timestamp":"2026-06-06T16:59:02.486Z"}
{"level":"info","message":"⌛ Building environment","timeElapsed":252,"timestamp":"2026-06-06T16:59:02.739Z"}
{"level":"info","message":"⌛ Validating niveles.wlk","timeElapsed":283,"timestamp":"2026-06-06T16:59:03.022Z"}
{"level":"info","message":"⌛ Building environment","timeElapsed":287,"timestamp":"2026-06-06T16:59:03.310Z"}
{"level":"info","message":"⌛ Building environment","timeElapsed":223,"timestamp":"2026-06-06T16:59:03.590Z"}
{"level":"info","message":"⌛ Building environment","timeElapsed":363,"timestamp":"2026-06-06T16:59:03.954Z"}
{"level":"info","message":"⌛ Validating niveles.wlk","timeElapsed":144,"timestamp":"2026-06-06T16:59:04.098Z"}
{"level":"info","message":"⌛ Building environment","timeElapsed":327,"timestamp":"2026-06-06T16:59:04.426Z"}
{"level":"info","message":"⌛ Validating niveles.wlk","timeElapsed":147,"timestamp":"2026-06-06T16:59:04.610Z"}
{"level":"info","message":"⌛ Building environment","timeElapsed":659,"timestamp":"2026-06-06T16:59:05.270Z"}
{"level":"info","message":"⌛ Validating niveles.wlk","timeElapsed":162,"timestamp":"2026-06-06T16:59:05.466Z"}
{"level":"info","message":"⌛ Building environment","timeElapsed":619,"timestamp":"2026-06-06T16:59:06.087Z"}
{"level":"info","message":"⌛ Validating niveles.wlk","timeElapsed":238,"timestamp":"2026-06-06T16:59:06.326Z"}
{"level":"info","message":"⌛ Building environment","timeElapsed":241,"timestamp":"2026-06-06T16:59:06.569Z"}
{"level":"info","message":"⌛ Building environment","timeElapsed":313,"timestamp":"2026-06-06T16:59:06.883Z"}
{"level":"info","message":"⌛ Building environment","timeElapsed":273,"timestamp":"2026-06-06T16:59:07.157Z"}
{"level":"info","message":"⌛ Validating niveles.wlk","timeElapsed":179,"timestamp":"2026-06-06T16:59:07.337Z"}
{"level":"info","message":"⌛ Building environment","timeElapsed":241,"timestamp":"2026-06-06T16:59:07.580Z"}
{"level":"info","message":"⌛ Validating niveles.wlk","timeElapsed":152,"timestamp":"2026-06-06T16:59:07.756Z"}
{"level":"info","message":"⌛ Building environment","timeElapsed":651,"timestamp":"2026-06-06T16:59:08.436Z"}
{"level":"info","message":"⌛ Validating niveles.wlk","timeElapsed":172,"timestamp":"2026-06-06T16:59:08.685Z"}
{"level":"info","message":"⌛ Building environment","timeElapsed":219,"timestamp":"2026-06-06T16:59:08.905Z"}
{"level":"info","message":"⌛ Building environment","timeElapsed":247,"timestamp":"2026-06-06T16:59:09.154Z"}
{"level":"info","message":"⌛ Building environment","timeElapsed":283,"timestamp":"2026-06-06T16:59:09.438Z"}
{"level":"info","message":"⌛ Building environment","timeElapsed":250,"timestamp":"2026-06-06T16:59:09.690Z"}
{"level":"info","message":"⌛ Building environment","timeElapsed":217,"timestamp":"2026-06-06T16:59:09.908Z"}
{"level":"info","message":"⌛ Validating niveles.wlk","timeElapsed":166,"timestamp":"2026-06-06T16:59:10.087Z"}
{"level":"info","message":"⌛ Building environment","timeElapsed":221,"timestamp":"2026-06-06T16:59:10.311Z"}
{"level":"info","message":"⌛ Validating niveles.wlk","timeElapsed":190,"timestamp":"2026-06-06T16:59:10.502Z"}
{"level":"info","message":"⌛ Building environment","timeElapsed":373,"timestamp":"2026-06-06T16:59:10.907Z"}
{"level":"info","message":"⌛ Validating niveles.wlk","timeElapsed":142,"timestamp":"2026-06-06T16:59:11.061Z"}
{"level":"info","message":"⌛ Building environment","timeElapsed":270,"timestamp":"2026-06-06T16:59:11.333Z"}
{"level":"info","message":"⌛ Validating niveles.wlk","timeElapsed":185,"timestamp":"2026-06-06T16:59:11.544Z"}
{"level":"info","message":"⌛ Validating niveles.wlk","timeElapsed":252,"timestamp":"2026-06-06T16:59:11.798Z"}
{"level":"info","message":"⌛ Validating niveles.wlk","timeElapsed":241,"timestamp":"2026-06-06T16:59:12.082Z"}
{"level":"info","message":"⌛ Validating niveles.wlk","timeElapsed":223,"timestamp":"2026-06-06T16:59:12.322Z"}
{"level":"info","message":"⌛ Validating niveles.wlk","timeElapsed":173,"timestamp":"2026-06-06T16:59:12.511Z"}
{"level":"info","message":"⌛ Validating niveles.wlk","timeElapsed":211,"timestamp":"2026-06-06T16:59:12.722Z"}
{"level":"info","message":"⌛ Validating niveles.wlk","timeElapsed":178,"timestamp":"2026-06-06T16:59:12.900Z"}
{"level":"info","message":"⌛ Validating niveles.wlk","timeElapsed":134,"timestamp":"2026-06-06T16:59:13.035Z"}
{"level":"info","message":"⌛ Validating niveles.wlk","timeElapsed":282,"timestamp":"2026-06-06T16:59:13.318Z"}
{"level":"info","message":"⌛ Validating niveles.wlk","timeElapsed":155,"timestamp":"2026-06-06T16:59:13.529Z"}
{"level":"info","message":"⌛ Validating niveles.wlk","timeElapsed":221,"timestamp":"2026-06-06T16:59:13.766Z"}
{"level":"error","message":"✘ Failed to rebuild document Failed to parse niveles.wlk: \n-- PARSING FAILED --------------------------------------------------\n\n  207 |     }\n  208 | \n> 209 | }\n      | ^\n  210 | \n  211 | object nivel_1 inherits Nivel {\n\nExpected one of the following: \n\n' ', '@', 'class', 'const', 'describe', 'mixin', 'object', 'only', 'package', 'program', 'test', 'var', '{', EOF, comment, not \"}\r\n\r\n\", whitespace\n","stack":"Error: Failed to parse niveles.wlk: \n-- PARSING FAILED --------------------------------------------------\n\n  207 |     }\n  208 | \n> 209 | }\n      | ^\n  210 | \n  211 | object nivel_1 inherits Nivel {\n\nExpected one of the following: \n\n' ', '@', 'class', 'const', 'describe', 'mixin', 'object', 'only', 'package', 'program', 'test', 'var', '{', EOF, comment, not \"}\r\n\r\n\", whitespace\n\n    at c:\\Users\\santi\\.vscode\\extensions\\uqbar.wollok-lsp-ide-0.5.4\\out\\server\\src\\server.js:2353:13026\n    at Array.map (<anonymous>)\n    at U1n (c:\\Users\\santi\\.vscode\\extensions\\uqbar.wollok-lsp-ide-0.5.4\\out\\server\\src\\server.js:2353:12950)\n    at H2.buildEnvironmentFrom (c:\\Users\\santi\\.vscode\\extensions\\uqbar.wollok-lsp-ide-0.5.4\\out\\server\\src\\server.js:2398:5254)\n    at H2.updateEnvironmentWith (c:\\Users\\santi\\.vscode\\extensions\\uqbar.wollok-lsp-ide-0.5.4\\out\\server\\src\\server.js:2398:4989)\n    at GF (c:\\Users\\santi\\.vscode\\extensions\\uqbar.wollok-lsp-ide-0.5.4\\out\\server\\src\\server.js:2398:7383)\n    at V3.invoke (c:\\Users\\santi\\.vscode\\extensions\\uqbar.wollok-lsp-ide-0.5.4\\out\\server\\src\\server.js:3:157328)\n    at o.fire (c:\\Users\\santi\\.vscode\\extensions\\uqbar.wollok-lsp-ide-0.5.4\\out\\server\\src\\server.js:3:158098)\n    at c:\\Users\\santi\\.vscode\\extensions\\uqbar.wollok-lsp-ide-0.5.4\\out\\server\\src\\server.js:37:57871\n    at nd (c:\\Users\\santi\\.vscode\\extensions\\uqbar.wollok-lsp-ide-0.5.4\\out\\server\\src\\server.js:8:1561)","timestamp":"2026-06-06T16:59:29.079Z"}
{"level":"info","message":"⌛ Building environment","timeElapsed":241,"timestamp":"2026-06-06T16:59:30.873Z"}
{"level":"info","message":"⌛ Validating niveles.wlk","timeElapsed":241,"timestamp":"2026-06-06T16:59:31.127Z"}
{"level":"error","message":"✘ Failed to get type description: Error: Failed to print, found malformed node Failed to print, found malformed node","node":{"id":"95b1f044-cffb-4be7-abf8-7718132c6abb","members":[{"body":{"id":"4e63d21c-c035-4877-a600-4d56ba7e5396","metadata":[],"problems":[],"scope":{"containerScope":{"containerScope":{"containerScope":{"containerScope":{"contributions":{},"includedScopes":[]},"contributions":{},"includedScopes":[{"contributions":{},"includedScopes":[]},{"contributions":{},"includedScopes":[]},{"contributions":{},"includedScopes":[]},{"contributions":{},"includedScopes":[]},{"contributions":{},"includedScopes":[]},{"contributions":{},"includedScopes":[]}]},"contributions":{},"includedScopes":[{"containerScope":{"containerScope":{"containerScope":{"contributions":{},"includedScopes":[]},"contributions":{},"includedScopes":[]},"contributions":{},"includedScopes":[]},"contributions":{},"includedScopes":[]}]},"contributions":{},"includedScopes":[]},"contributions":{},"includedScopes":[]},"sentences":[{"id":"a50ba002-2d6e-4db8-97e9-f3f644173c57","metadata":[],"scope":{"containerScope":{"containerScope":{"containerScope":{"containerScope":{"containerScope":{"contributions":{},"includedScopes":[]},"contributions":{},"includedScopes":[{"contributions":{},"includedScopes":[]},{"contributions":{},"includedScopes":[]},{"contributions":{},"includedScopes":[]},{"contributions":{},"includedScopes":[]},{"contributions":{},"includedScopes":[]},{"contributions":{},"includedScopes":[]}]},"contributions":{},"includedScopes":[{"containerScope":{"containerScope":{"containerScope":{"contributions":{},"includedScopes":[]},"contributions":{},"includedScopes":[]},"contributions":{},"includedScopes":[]},"contributions":{},"includedScopes":[]}]},"contributions":{},"includedScopes":[]},"contributions":{},"includedScopes":[]},"contributions":{},"includedScopes":[]},"value":{"args":[{"id":"a6962702-4401-4eec-af77-4bdbf0b01ae0","metadata":[],"scope":{"containerScope":{"containerScope":{"containerScope":{"containerScope":{"containerScope":{"containerScope":{"containerScope":{"contributions":{},"includedScopes":[]},"contributions":{},"includedScopes":[{"contributions":{},"includedScopes":[]},{"contributions":{},"includedScopes":[]},{"contributions":{},"includedScopes":[]},{"contributions":{},"includedScopes":[]},{"contributions":{},"includedScopes":[]},{"contributions":{},"includedScopes":[]}]},"contributions":{},"includedScopes":[{"containerScope":{"containerScope":{"containerScope":{"contributions":{},"includedScopes":[]},"contributions":{},"includedScopes":[]},"contributions":{},"includedScopes":[]},"contributions":{},"includedScopes":[]}]},"contributions":{},"includedScopes":[]},"contributions":{},"includedScopes":[]},"contributions":{},"includedScopes":[]},"contributions":{},"includedScopes":[]},"contributions":{},"includedScopes":[]},"sourceMap":{"end":{"column":51,"line":193,"offset":5280},"start":{"column":45,"line":193,"offset":5274}},"value":".png"}],"id":"176184d5-ce66-436f-b2cd-7c8e754160c0","message":"+","metadata":[],"receiver":{"args":[],"id":"ab6f006e-8b96-45d6-ba6a-96c1345fe6e3","message":"toString","metadata":[],"receiver":{"id":"0f0eabd6-72b7-4f74-9e0d-34be4e33fa6a","metadata":[],"scope":{"containerScope":{"containerScope":{"containerScope":{"containerScope":{"containerScope":{"containerScope":{"containerScope":{"containerScope":{"contributions":{},"includedScopes":[]},"contributions":{},"includedScopes":[{"contributions":{},"includedScopes":[]},{"contributions":{},"includedScopes":[]},{"contributions":{},"includedScopes":[]},{"contributions":{},"includedScopes":[]},{"contributions":{},"includedScopes":[]},{"contributions":{},"includedScopes":[]}]},"contributions":{},"includedScopes":[{"containerScope":{"containerScope":{"containerScope":{"contributions":{},"includedScopes":[]},"contributions":{},"includedScopes":[]},"contributions":{},"includedScopes":[]},"contributions":{},"includedScopes":[]}]},"contributions":{},"includedScopes":[]},"contributions":{},"includedScopes":[]},"contributions":{},"includedScopes":[]},"contributions":{},"includedScopes":[]},"contributions":{},"includedScopes":[]},"contributions":{},"includedScopes":[]},"sourceMap":{"end":{"column":31,"line":193,"offset":5260},"start":{"column":27,"line":193,"offset":5256}}},"scope":{"containerScope":{"containerScope":{"containerScope":{"containerScope":{"containerScope":{"containerScope":{"containerScope":{"contributions":{},"includedScopes":[]},"contributions":{},"includedScopes":[{"contributions":{},"includedScopes":[]},{"contributions":{},"includedScopes":[]},{"contributions":{},"includedScopes":[]},{"contributions":{},"includedScopes":[]},{"contributions":{},"includedScopes":[]},{"contributions":{},"includedScopes":[]}]},"contributions":{},"includedScopes":[{"containerScope":{"containerScope":{"containerScope":{"contributions":{},"includedScopes":[]},"contributions":{},"includedScopes":[]},"contributions":{},"includedScopes":[]},"contributions":{},"includedScopes":[]}]},"contributions":{},"includedScopes":[]},"contributions":{},"includedScopes":[]},"contributions":{},"includedScopes":[]},"contributions":{},"includedScopes":[]},"contributions":{},"includedScopes":[]},"sourceMap":{"end":{"column":42,"line":193,"offset":5271},"start":{"column":27,"line":193,"offset":5256}}},"scope":{"containerScope":{"containerScope":{"containerScope":{"containerScope":{"containerScope":{"containerScope":{"contributions":{},"includedScopes":[]},"contributions":{},"includedScopes":[{"contributions":{},"includedScopes":[]},{"contributions":{},"includedScopes":[]},{"contributions":{},"includedScopes":[]},{"contributions":{},"includedScopes":[]},{"contributions":{},"includedScopes":[]},{"contributions":{},"includedScopes":[]}]},"contributions":{},"includedScopes":[{"containerScope":{"containerScope":{"containerScope":{"contributions":{},"includedScopes":[]},"contributions":{},"includedScopes":[]},"contributions":{},"includedScopes":[]},"contributions":{},"includedScopes":[]}]},"contributions":{},"includedScopes":[]},"contributions":{},"includedScopes":[]},"contributions":{},"includedScopes":[]},"contributions":{},"includedScopes":[]},"sourceMap":{"end":{"column":51,"line":193,"offset":5280},"start":{"column":27,"line":193,"offset":5256}}}}],"sourceMap":{"end":{"column":51,"line":193,"offset":5280},"start":{"column":27,"line":193,"offset":5256}}},"compiled":false,"id":"2c4c35ca-b774-4913-beea-9a2a307beaa5","isOverride":false,"metadata":[],"name":"background","parameters":[],"problems":[],"scope":{"containerScope":{"containerScope":{"containerScope":{"contributions":{},"includedScopes":[]},"contributions":{},"includedScopes":[{"contributions":{},"includedScopes":[]},{"contributions":{},"includedScopes":[]},{"contributions":{},"includedScopes":[]},{"contributions":{},"includedScopes":[]},{"contributions":{},"includedScopes":[]},{"contributions":{},"includedScopes":[]}]},"contributions":{},"includedScopes":[{"containerScope":{"containerScope":{"containerScope":{"contributions":{},"includedScopes":[]},"contributions":{},"includedScopes":[]},"contributions":{},"includedScopes":[]},"contributions":{},"includedScopes":[]}]},"contributions":{},"includedScopes":[]},"sourceMap":{"end":{"column":51,"line":193,"offset":5280},"start":{"column":5,"line":193,"offset":5234}}},{"body":{"id":"22d875c0-6ba6-4301-bd99-6e6f73a42ecd","metadata":[],"problems":[],"scope":{"containerScope":{"containerScope":{"containerScope":{"containerScope":{"contributions":{},"includedScopes":[]},"contributions":{},"includedScopes":[{"contributions":{},"includedScopes":[]},{"contributions":{},"includedScopes":[]},{"contributions":{},"includedScopes":[]},{"contributions":{},"includedScopes":[]},{"contributions":{},"includedScopes":[]},{"contributions":{},"includedScopes":[]}]},"contributions":{},"includedScopes":[{"containerScope":{"containerScope":{"containerScope":{"contributions":{},"includedScopes":[]},"contributions":{},"includedScopes":[]},"contributions":{},"includedScopes":[]},"contributions":{},"includedScopes":[]}]},"contributions":{},"includedScopes":[]},"contributions":{},"includedScopes":[]},"sentences":[{"id":"d3a052e3-c2d6-4484-b51e-906bb199692b","metadata":[],"scope":{"containerScope":{"containerScope":{"containerScope":{"containerScope":{"containerScope":{"contributions":{},"includedScopes":[]},"contributions":{},"includedScopes":[{"contributions":{},"includedScopes":[]},{"contributions":{},"includedScopes":[]},{"contributions":{},"includedScopes":[]},{"contributions":{},"includedScopes":[]},{"contributions":{},"includedScopes":[]},{"contributions":{},"includedScopes":[]}]},"contributions":{},"includedScopes":[{"containerScope":{"containerScope":{"containerScope":{"contributions":{},"includedScopes":[]},"contributions":{},"includedScopes":[]},"contributions":{},"includedScopes":[]},"contributions":{},"includedScopes":[]}]},"contributions":{},"includedScopes":[]},"contributions":{},"includedScopes":[]},"contributions":{},"includedScopes":[]},"value":{"id":"9ab128fe-07c9-4938-bf70-5cb759c4c7c2","metadata":[],"scope":{"containerScope":{"containerScope":{"containerScope":{"containerScope":{"containerScope":{"containerScope":{"contributions":{},"includedScopes":[]},"contributions":{},"includedScopes":[{"contributions":{},"includedScopes":[]},{"contributions":{},"includedScopes":[]},{"contributions":{},"includedScopes":[]},{"contributions":{},"includedScopes":[]},{"contributions":{},"includedScopes":[]},{"contributions":{},"includedScopes":[]}]},"contributions":{},"includedScopes":[{"containerScope":{"containerScope":{"containerScope":{"contributions":{},"includedScopes":[]},"contributions":{},"includedScopes":[]},"contributions":{},"includedScopes":[]},"contributions":{},"includedScopes":[]}]},"contributions":{},"includedScopes":[]},"contributions":{},"includedScopes":[]},"contributions":{},"includedScopes":[]},"contributions":{},"includedScopes":[]},"sourceMap":{"end":{"column":27,"line":194,"offset":5308},"start":{"column":25,"line":194,"offset":5306}},"value":[{"id":"7e3e4450-1e51-448c-94d7-2733b9a224d9","metadata":[],"name":"wollok.lang.List","scope":{"containerScope":{"containerScope":{"containerScope":{"containerScope":{"containerScope":{"containerScope":{"containerScope":{"contributions":{},"includedScopes":[]},"contributions":{},"includedScopes":[{"contributions":{},"includedScopes":[]},{"contributions":{},"includedScopes":[]},{"contributions":{},"includedScopes":[]},{"contributions":{},"includedScopes":[]},{"contributions":{},"includedScopes":[]},{"contributions":{},"includedScopes":[]}]},"contributions":{},"includedScopes":[{"containerScope":{"containerScope":{"containerScope":{"contributions":{},"includedScopes":[]},"contributions":{},"includedScopes":[]},"contributions":{},"includedScopes":[]},"contributions":{},"includedScopes":[]}]},"contributions":{},"includedScopes":[]},"contributions":{},"includedScopes":[]},"contributions":{},"includedScopes":[]},"contributions":{},"includedScopes":[]},"contributions":{},"includedScopes":[]}},[]]}}],"sourceMap":{"end":{"column":27,"line":194,"offset":5308},"start":{"column":25,"line":194,"offset":5306}}},"compiled":false,"id":"e74fe31d-ddaa-47ed-b913-0bf917b70d82","isOverride":false,"metadata":[],"name":"mapaData","parameters":[],"problems":[],"scope":{"containerScope":{"containerScope":{"containerScope":{"contributions":{},"includedScopes":[]},"contributions":{},"includedScopes":[{"contributions":{},"includedScopes":[]},{"contributions":{},"includedScopes":[]},{"contributions":{},"includedScopes":[]},{"contributions":{},"includedScopes":[]},{"contributions":{},"includedScopes":[]},{"contributions":{},"includedScopes":[]}]},"contributions":{},"includedScopes":[{"containerScope":{"containerScope":{"containerScope":{"contributions":{},"includedScopes":[]},"contributions":{},"includedScopes":[]},"contributions":{},"includedScopes":[]},"contributions":{},"includedScopes":[]}]},"contributions":{},"includedScopes":[]},"sourceMap":{"end":{"column":27,"line":194,"offset":5308},"start":{"column":5,"line":194,"offset":5286}}},{"id":"c219678d-273c-4173-a751-f4a04d3669cc","isConstant":false,"isProperty":true,"metadata":[],"name":"musicasFondo","scope":{"containerScope":{"containerScope":{"containerScope":{"contributions":{},"includedScopes":[]},"contributions":{},"includedScopes":[{"contributions":{},"includedScopes":[]},{"contributions":{},"includedScopes":[]},{"contributions":{},"includedScopes":[]},{"contributions":{},"includedScopes":[]},{"contributions":{},"includedScopes":[]},{"contributions":{},"includedScopes":[]}]},"contributions":{},"includedScopes":[{"containerScope":{"containerScope":{"containerScope":{"contributions":{},"includedScopes":[]},"contributions":{},"includedScopes":[]},"contributions":{},"includedScopes":[]},"contributions":{},"includedScopes":[]}]},"contributions":{},"includedScopes":[]},"sourceMap":{"end":{"column":61,"line":195,"offset":5370},"start":{"column":5,"line":195,"offset":5314}},"value":{"id":"fe1c1201-4d11-487a-9209-79b83d60e3fd","metadata":[],"scope":{"containerScope":{"containerScope":{"containerScope":{"containerScope":{"contributions":{},"includedScopes":[]},"contributions":{},"includedScopes":[{"contributions":{},"includedScopes":[]},{"contributions":{},"includedScopes":[]},{"contributions":{},"includedScopes":[]},{"contributions":{},"includedScopes":[]},{"contributions":{},"includedScopes":[]},{"contributions":{},"includedScopes":[]}]},"contributions":{},"includedScopes":[{"containerScope":{"containerScope":{"containerScope":{"contributions":{},"includedScopes":[]},"contributions":{},"includedScopes":[]},"contributions":{},"includedScopes":[]},"contributions":{},"includedScopes":[]}]},"contributions":{},"includedScopes":[]},"contributions":{},"includedScopes":[]},"sourceMap":{"end":{"column":61,"line":195,"offset":5370},"start":{"column":33,"line":195,"offset":5342}},"value":[{"id":"a7f33b31-4ed9-42e5-86aa-ed6fa5ba97f6","metadata":[],"name":"wollok.lang.List","scope":{"containerScope":{"containerScope":{"containerScope":{"containerScope":{"containerScope":{"contributions":{},"includedScopes":[]},"contributions":{},"includedScopes":[{"contributions":{},"includedScopes":[]},{"contributions":{},"includedScopes":[]},{"contributions":{},"includedScopes":[]},{"contributions":{},"includedScopes":[]},{"contributions":{},"includedScopes":[]},{"contributions":{},"includedScopes":[]}]},"contributions":{},"includedScopes":[{"containerScope":{"containerScope":{"containerScope":{"contributions":{},"includedScopes":[]},"contributions":{},"includedScopes":[]},"contributions":{},"includedScopes":[]},"contributions":{},"includedScopes":[]}]},"contributions":{},"includedScopes":[]},"contributions":{},"includedScopes":[]},"contributions":{},"includedScopes":[]}},[{"id":"a0246a5d-dec5-4a2f-a645-ca3b5b781019","metadata":[],"scope":{"containerScope":{"containerScope":{"containerScope":{"containerScope":{"containerScope":{"contributions":{},"includedScopes":[]},"contributions":{},"includedScopes":[{"contributions":{},"includedScopes":[]},{"contributions":{},"includedScopes":[]},{"contributions":{},"includedScopes":[]},{"contributions":{},"includedScopes":[]},{"contributions":{},"includedScopes":[]},{"contributions":{},"includedScopes":[]}]},"contributions":{},"includedScopes":[{"containerScope":{"containerScope":{"containerScope":{"contributions":{},"includedScopes":[]},"contributions":{},"includedScopes":[]},"contributions":{},"includedScopes":[]},"contributions":{},"includedScopes":[]}]},"contributions":{},"includedScopes":[]},"contributions":{},"includedScopes":[]},"contributions":{},"includedScopes":[]},"sourceMap":{"end":{"column":46,"line":195,"offset":5355},"start":{"column":34,"line":195,"offset":5343}},"value":"fondo1.mp3"},{"id":"2b0cb900-c973-4ccf-b734-4da96b134908","metadata":[],"scope":{"containerScope":{"containerScope":{"containerScope":{"containerScope":{"containerScope":{"contributions":{},"includedScopes":[]},"contributions":{},"includedScopes":[{"contributions":{},"includedScopes":[]},{"contributions":{},"includedScopes":[]},{"contributions":{},"includedScopes":[]},{"contributions":{},"includedScopes":[]},{"contributions":{},"includedScopes":[]},{"contributions":{},"includedScopes":[]}]},"contributions":{},"includedScopes":[{"containerScope":{"containerScope":{"containerScope":{"contributions":{},"includedScopes":[]},"contributions":{},"includedScopes":[]},"contributions":{},"includedScopes":[]},"contributions":{},"includedScopes":[]}]},"contributions":{},"includedScopes":[]},"contributions":{},"includedScopes":[]},"contributions":{},"includedScopes":[]},"sourceMap":{"end":{"column":60,"line":195,"offset":5369},"start":{"column":48,"line":195,"offset":5357}},"value":"fondo2.mp3"}]]}},{"body":{"id":"4bfc4f7b-f42c-4875-929a-4a7fdaf9a099","metadata":[],"problems":[],"scope":{"containerScope":{"containerScope":{"containerScope":{"containerScope":{"contributions":{},"includedScopes":[]},"contributions":{},"includedScopes":[{"contributions":{},"includedScopes":[]},{"contributions":{},"includedScopes":[]},{"contributions":{},"includedScopes":[]},{"contributions":{},"includedScopes":[]},{"contributions":{},"includedScopes":[]},{"contributions":{},"includedScopes":[]}]},"contributions":{},"includedScopes":[{"containerScope":{"containerScope":{"containerScope":{"contributions":{},"includedScopes":[]},"contributions":{},"includedScopes":[]},"contributions":{},"includedScopes":[]},"contributions":{},"includedScopes":[]}]},"contributions":{},"includedScopes":[]},"contributions":{},"includedScopes":[]},"sentences":[{"id":"debeb08a-2d63-4824-97b6-bbb3f6e4c719","metadata":[],"scope":{"containerScope":{"containerScope":{"containerScope":{"containerScope":{"containerScope":{"contributions":{},"includedScopes":[]},"contributions":{},"includedScopes":[{"contributions":{},"includedScopes":[]},{"contributions":{},"includedScopes":[]},{"contributions":{},"includedScopes":[]},{"contributions":{},"includedScopes":[]},{"contributions":{},"includedScopes":[]},{"contributions":{},"includedScopes":[]}]},"contributions":{},"includedScopes":[{"containerScope":{"containerScope":{"containerScope":{"contributions":{},"includedScopes":[]},"contributions":{},"includedScopes":[]},"contributions":{},"includedScopes":[]},"contributions":{},"includedScopes":[]}]},"contributions":{},"includedScopes":[]},"contributions":{},"includedScopes":[]},"contributions":{},"includedScopes":[]},"value":{"id":"35c9675f-dc30-4aac-8588-fbcb4e1a5e83","metadata":[],"scope":{"containerScope":{"containerScope":{"containerScope":{"containerScope":{"containerScope":{"containerScope":{"contributions":{},"includedScopes":[]},"contributions":{},"includedScopes":[{"contributions":{},"includedScopes":[]},{"contributions":{},"includedScopes":[]},{"contributions":{},"includedScopes":[]},{"contributions":{},"includedScopes":[]},{"contributions":{},"includedScopes":[]},{"contributions":{},"includedScopes":[]}]},"contributions":{},"includedScopes":[{"containerScope":{"containerScope":{"containerScope":{"contributions":{},"includedScopes":[]},"contributions":{},"includedScopes":[]},"contributions":{},"includedScopes":[]},"contributions":{},"includedScopes":[]}]},"contributions":{},"includedScopes":[]},"contributions":{},"includedScopes":[]},"contributions":{},"includedScopes":[]},"contributions":{},"includedScopes":[]},"sourceMap":{"end":{"column":48,"line":197,"offset":5421},"start":{"column":31,"line":197,"offset":5404}},"value":[{"id":"d53f37ba-37db-40b1-bead-2576b7a230bd","metadata":[],"name":"wollok.lang.List","scope":{"containerScope":{"containerScope":{"containerScope":{"containerScope":{"containerScope":{"containerScope":{"containerScope":{"contributions":{},"includedScopes":[]},"contributions":{},"includedScopes":[{"contributions":{},"includedScopes":[]},{"contributions":{},"includedScopes":[]},{"contributions":{},"includedScopes":[]},{"contributions":{},"includedScopes":[]},{"contributions":{},"includedScopes":[]},{"contributions":{},"includedScopes":[]}]},"contributions":{},"includedScopes":[{"containerScope":{"containerScope":{"containerScope":{"contributions":{},"includedScopes":[]},"contributions":{},"includedScopes":[]},"contributions":{},"includedScopes":[]},"contributions":{},"includedScopes":[]}]},"contributions":{},"includedScopes":[]},"contributions":{},"includedScopes":[]},"contributions":{},"includedScopes":[]},"contributions":{},"includedScopes":[]},"contributions":{},"includedScopes":[]}},[{"args":[],"id":"d689223a-94de-4f56-95b9-aa391b81359b","message":"palancas","metadata":[],"receiver":{"id":"5c424e45-13e4-41ce-bc5c-8417618b320f","metadata":[],"scope":{"containerScope":{"containerScope":{"containerScope":{"containerScope":{"containerScope":{"containerScope":{"containerScope":{"containerScope":{"contributions":{},"includedScopes":[]},"contributions":{},"includedScopes":[{"contributions":{},"includedScopes":[]},{"contributions":{},"includedScopes":[]},{"contributions":{},"includedScopes":[]},{"contributions":{},"includedScopes":[]},{"contributions":{},"includedScopes":[]},{"contributions":{},"includedScopes":[]}]},"contributions":{},"includedScopes":[{"containerScope":{"containerScope":{"containerScope":{"contributions":{},"includedScopes":[]},"contributions":{},"includedScopes":[]},"contributions":{},"includedScopes":[]},"contributions":{},"includedScopes":[]}]},"contributions":{},"includedScopes":[]},"contributions":{},"includedScopes":[]},"contributions":{},"includedScopes":[]},"contributions":{},"includedScopes":[]},"contributions":{},"includedScopes":[]},"contributions":{},"includedScopes":[]},"sourceMap":{"end":{"column":36,"line":197,"offset":5409},"start":{"column":32,"line":197,"offset":5405}}},"scope":{"containerScope":{"containerScope":{"containerScope":{"containerScope":{"containerScope":{"containerScope":{"containerScope":{"contributions":{},"includedScopes":[]},"contributions":{},"includedScopes":[{"contributions":{},"includedScopes":[]},{"contributions":{},"includedScopes":[]},{"contributions":{},"includedScopes":[]},{"contributions":{},"includedScopes":[]},{"contributions":{},"includedScopes":[]},{"contributions":{},"includedScopes":[]}]},"contributions":{},"includedScopes":[{"containerScope":{"containerScope":{"containerScope":{"contributions":{},"includedScopes":[]},"contributions":{},"includedScopes":[]},"contributions":{},"includedScopes":[]},"contributions":{},"includedScopes":[]}]},"contributions":{},"includedScopes":[]},"contributions":{},"includedScopes":[]},"contributions":{},"includedScopes":[]},"contributions":{},"includedScopes":[]},"contributions":{},"includedScopes":[]},"sourceMap":{"end":{"column":47,"line":197,"offset":5420},"start":{"column":32,"line":197,"offset":5405}}}]]}}],"sourceMap":{"end":{"column":48,"line":197,"offset":5421},"start":{"column":31,"line":197,"offset":5404}}},"compiled":false,"id":"cf2c1dd6-defc-47c0-9438-01d8c9c161ca","isOverride":false,"metadata":[],"name":"interactuables","parameters":[],"problems":[],"scope":{"containerScope":{"containerScope":{"containerScope":{"contributions":{},"includedScopes":[]},"contributions":{},"includedScopes":[{"contributions":{},"includedScopes":[]},{"contributions":{},"includedScopes":[]},{"contributions":{},"includedScopes":[]},{"contributions":{},"includedScopes":[]},{"contributions":{},"includedScopes":[]},{"contributions":{},"includedScopes":[]}]},"contributions":{},"includedScopes":[{"containerScope":{"containerScope":{"containerScope":{"contributions":{},"includedScopes":[]},"contributions":{},"includedScopes":[]},"contributions":{},"includedScopes":[]},"contributions":{},"includedScopes":[]}]},"contributions":{},"includedScopes":[]},"sourceMap":{"end":{"column":48,"line":197,"offset":5421},"start":{"column":5,"line":197,"offset":5378}}},{"body":{"id":"5590d740-5bd9-4bf5-877a-24ac63664802","metadata":[],"problems":[],"scope":{"containerScope":{"containerScope":{"containerScope":{"containerScope":{"contributions":{},"includedScopes":[]},"contributions":{},"includedScopes":[{"contributions":{},"includedScopes":[]},{"contributions":{},"includedScopes":[]},{"contributions":{},"includedScopes":[]},{"contributions":{},"includedScopes":[]},{"contributions":{},"includedScopes":[]},{"contributions":{},"includedScopes":[]}]},"contributions":{},"includedScopes":[{"containerScope":{"containerScope":{"containerScope":{"contributions":{},"includedScopes":[]},"contributions":{},"includedScopes":[]},"contributions":{},"includedScopes":[]},"contributions":{},"includedScopes":[]}]},"contributions":{},"includedScopes":[]},"contributions":{},"includedScopes":[]},"sentences":[{"id":"46cf793f-59db-428c-b8f5-8121789c26a0","metadata":[],"scope":{"containerScope":{"containerScope":{"containerScope":{"containerScope":{"containerScope":{"contributions":{},"includedScopes":[]},"contributions":{},"includedScopes":[{"contributions":{},"includedScopes":[]},{"contributions":{},"includedScopes":[]},{"contributions":{},"includedScopes":[]},{"contributions":{},"includedScopes":[]},{"contributions":{},"includedScopes":[]},{"contributions":{},"includedScopes":[]}]},"contributions":{},"includedScopes":[{"containerScope":{"containerScope":{"containerScope":{"contributions":{},"includedScopes":[]},"contributions":{},"includedScopes":[]},"contributions":{},"includedScopes":[]},"contributions":{},"includedScopes":[]}]},"contributions":{},"includedScopes":[]},"contributions":{},"includedScopes":[]},"contributions":{},"includedScopes":[]},"value":{"id":"cfc2c01b-d2c6-4530-b409-1edba8fa40cb","metadata":[],"scope":{"containerScope":{"containerScope":{"containerScope":{"containerScope":{"containerScope":{"containerScope":{"contributions":{},"includedScopes":[]},"contributions":{},"includedScopes":[{"contributions":{},"includedScopes":[]},{"contributions":{},"includedScopes":[]},{"contributions":{},"includedScopes":[]},{"contributions":{},"includedScopes":[]},{"contributions":{},"includedScopes":[]},{"contributions":{},"includedScopes":[]}]},"contributions":{},"includedScopes":[{"containerScope":{"containerScope":{"containerScope":{"contributions":{},"includedScopes":[]},"contributions":{},"includedScopes":[]},"contributions":{},"includedScopes":[]},"contributions":{},"includedScopes":[]}]},"contributions":{},"includedScopes":[]},"contributions":{},"includedScopes":[]},"contributions":{},"includedScopes":[]},"contributions":{},"includedScopes":[]},"sourceMap":{"end":{"column":49,"line":198,"offset":5471},"start":{"column":25,"line":198,"offset":5447}},"value":[{"id":"9372707c-5072-4b9a-b677-56b0e6f52d71","metadata":[],"name":"wollok.lang.List","scope":{"containerScope":{"containerScope":{"containerScope":{"containerScope":{"containerScope":{"containerScope":{"containerScope":{"contributions":{},"includedScopes":[]},"contributions":{},"includedScopes":[{"contributions":{},"includedScopes":[]},{"contributions":{},"includedScopes":[]},{"contributions":{},"includedScopes":[]},{"contributions":{},"includedScopes":[]},{"contributions":{},"includedScopes":[]},{"contributions":{},"includedScopes":[]}]},"contributions":{},"includedScopes":[{"containerScope":{"containerScope":{"containerScope":{"contributions":{},"includedScopes":[]},"contributions":{},"includedScopes":[]},"contributions":{},"includedScopes":[]},"contributions":{},"includedScopes":[]}]},"contributions":{},"includedScopes":[]},"contributions":{},"includedScopes":[]},"contributions":{},"includedScopes":[]},"contributions":{},"includedScopes":[]},"contributions":{},"includedScopes":[]}},[{"args":[],"id":"5c2c351b-7d15-45e6-951f-19815f28516b","message":"teletransportes","metadata":[],"receiver":{"id":"3d0df807-345d-4305-9cad-26d37c3680a8","metadata":[],"scope":{"containerScope":{"containerScope":{"containerScope":{"containerScope":{"containerScope":{"containerScope":{"containerScope":{"containerScope":{"contributions":{},"includedScopes":[]},"contributions":{},"includedScopes":[{"contributions":{},"includedScopes":[]},{"contributions":{},"includedScopes":[]},{"contributions":{},"includedScopes":[]},{"contributions":{},"includedScopes":[]},{"contributions":{},"includedScopes":[]},{"contributions":{},"includedScopes":[]}]},"contributions":{},"includedScopes":[{"containerScope":{"containerScope":{"containerScope":{"contributions":{},"includedScopes":[]},"contributions":{},"includedScopes":[]},"contributions":{},"includedScopes":[]},"contributions":{},"includedScopes":[]}]},"contributions":{},"includedScopes":[]},"contributions":{},"includedScopes":[]},"contributions":{},"includedScopes":[]},"contributions":{},"includedScopes":[]},"contributions":{},"includedScopes":[]},"contributions":{},"includedScopes":[]},"sourceMap":{"end":{"column":30,"line":198,"offset":5452},"start":{"column":26,"line":198,"offset":5448}}},"scope":{"containerScope":{"containerScope":{"containerScope":{"containerScope":{"containerScope":{"containerScope":{"containerScope":{"contributions":{},"includedScopes":[]},"contributions":{},"includedScopes":[{"contributions":{},"includedScopes":[]},{"contributions":{},"includedScopes":[]},{"contributions":{},"includedScopes":[]},{"contributions":{},"includedScopes":[]},{"contributions":{},"includedScopes":[]},{"contributions":{},"includedScopes":[]}]},"contributions":{},"includedScopes":[{"containerScope":{"containerScope":{"containerScope":{"contributions":{},"includedScopes":[]},"contributions":{},"includedScopes":[]},"contributions":{},"includedScopes":[]},"contributions":{},"includedScopes":[]}]},"contributions":{},"includedScopes":[]},"contributions":{},"includedScopes":[]},"contributions":{},"includedScopes":[]},"contributions":{},"includedScopes":[]},"contributions":{},"includedScopes":[]},"sourceMap":{"end":{"column":48,"line":198,"offset":5470},"start":{"column":26,"line":198,"offset":5448}}}]]}}],"sourceMap":{"end":{"column":49,"line":198,"offset":5471},"start":{"column":25,"line":198,"offset":5447}}},"compiled":false,"id":"d4d2273c-f842-4038-b529-8881e541d34c","isOverride":false,"metadata":[],"name":"pisables","parameters":[],"problems":[],"scope":{"containerScope":{"containerScope":{"containerScope":{"contributions":{},"includedScopes":[]},"contributions":{},"includedScopes":[{"contributions":{},"includedScopes":[]},{"contributions":{},"includedScopes":[]},{"contributions":{},"includedScopes":[]},{"contributions":{},"includedScopes":[]},{"contributions":{},"includedScopes":[]},{"contributions":{},"includedScopes":[]}]},"contributions":{},"includedScopes":[{"containerScope":{"containerScope":{"containerScope":{"contributions":{},"includedScopes":[]},"contributions":{},"includedScopes":[]},"contributions":{},"includedScopes":[]},"contributions":{},"includedScopes":[]}]},"contributions":{},"includedScopes":[]},"sourceMap":{"end":{"column":49,"line":198,"offset":5471},"start":{"column":5,"line":198,"offset":5427}}},{"body":{"id":"5aa6b956-33e2-4f00-b8ba-f11a926ae43e","metadata":[],"problems":[],"scope":{"containerScope":{"containerScope":{"containerScope":{"containerScope":{"contributions":{},"includedScopes":[]},"contributions":{},"includedScopes":[{"contributions":{},"includedScopes":[]},{"contributions":{},"includedScopes":[]},{"contributions":{},"includedScopes":[]},{"contributions":{},"includedScopes":[]},{"contributions":{},"includedScopes":[]},{"contributions":{},"includedScopes":[]}]},"contributions":{},"includedScopes":[{"containerScope":{"containerScope":{"containerScope":{"contributions":{},"includedScopes":[]},"contributions":{},"includedScopes":[]},"contributions":{},"includedScopes":[]},"contributions":{},"includedScopes":[]}]},"contributions":{},"includedScopes":[]},"contributions":{},"includedScopes":[]},"sentences":[{"id":"2bb9da7a-0ed7-42f3-80c2-c80e6ca46c09","metadata":[],"scope":{"containerScope":{"containerScope":{"containerScope":{"containerScope":{"containerScope":{"contributions":{},"includedScopes":[]},"contributions":{},"includedScopes":[{"contributions":{},"includedScopes":[]},{"contributions":{},"includedScopes":[]},{"contributions":{},"includedScopes":[]},{"contributions":{},"includedScopes":[]},{"contributions":{},"includedScopes":[]},{"contributions":{},"includedScopes":[]}]},"contributions":{},"includedScopes":[{"containerScope":{"containerScope":{"containerScope":{"contributions":{},"includedScopes":[]},"contributions":{},"includedScopes":[]},"contributions":{},"includedScopes":[]},"contributions":{},"includedScopes":[]}]},"contributions":{},"includedScopes":[]},"contributions":{},"includedScopes":[]},"contributions":{},"includedScopes":[]},"value":{"id":"2d049a6b-b278-48e4-9a43-d3c7f194f72f","metadata":[],"scope":{"containerScope":{"containerScope":{"containerScope":{"containerScope":{"containerScope":{"containerScope":{"contributions":{},"includedScopes":[]},"contributions":{},"includedScopes":[{"contributions":{},"includedScopes":[]},{"contributions":{},"includedScopes":[]},{"contributions":{},"includedScopes":[]},{"contributions":{},"includedScopes":[]},{"contributions":{},"includedScopes":[]},{"contributions":{},"includedScopes":[]}]},"contributions":{},"includedScopes":[{"containerScope":{"containerScope":{"containerScope":{"contributions":{},"includedScopes":[]},"contributions":{},"includedScopes":[]},"contributions":{},"includedScopes":[]},"contributions":{},"includedScopes":[]}]},"contributions":{},"includedScopes":[]},"contributions":{},"includedScopes":[]},"contributions":{},"includedScopes":[]},"contributions":{},"includedScopes":[]},"sourceMap":{"end":{"column":27,"line":200,"offset":5502},"start":{"column":25,"line":200,"offset":5500}},"value":[{"id":"7c82f893-dcfc-496c-87d1-2ed49870c1bf","metadata":[],"name":"wollok.lang.List","scope":{"containerScope":{"containerScope":{"containerScope":{"containerScope":{"containerScope":{"containerScope":{"containerScope":{"contributions":{},"includedScopes":[]},"contributions":{},"includedScopes":[{"contributions":{},"includedScopes":[]},{"contributions":{},"includedScopes":[]},{"contributions":{},"includedScopes":[]},{"contributions":{},"includedScopes":[]},{"contributions":{},"includedScopes":[]},{"contributions":{},"includedScopes":[]}]},"contributions":{},"includedScopes":[{"containerScope":{"containerScope":{"containerScope":{"contributions":{},"includedScopes":[]},"contributions":{},"includedScopes":[]},"contributions":{},"includedScopes":[]},"contributions":{},"includedScopes":[]}]},"contributions":{},"includedScopes":[]},"contributions":{},"includedScopes":[]},"contributions":{},"includedScopes":[]},"contributions":{},"includedScopes":[]},"contributions":{},"includedScopes":[]}},[]]}}],"sourceMap":{"end":{"column":27,"line":200,"offset":5502},"start":{"column":25,"line":200,"offset":5500}}},"compiled":false,"id":"bed58e53-4679-48f5-8311-8bcde3888861","isOverride":false,"metadata":[],"name":"palancas","parameters":[],"problems":[],"scope":{"containerScope":{"containerScope":{"containerScope":{"contributions":{},"includedScopes":[]},"contributions":{},"includedScopes":[{"contributions":{},"includedScopes":[]},{"contributions":{},"includedScopes":[]},{"contributions":{},"includedScopes":[]},{"contributions":{},"includedScopes":[]},{"contributions":{},"includedScopes":[]},{"contributions":{},"includedScopes":[]}]},"contributions":{},"includedScopes":[{"containerScope":{"containerScope":{"containerScope":{"contributions":{},"includedScopes":[]},"contributions":{},"includedScopes":[]},"contributions":{},"includedScopes":[]},"contributions":{},"includedScopes":[]}]},"contributions":{},"includedScopes":[]},"sourceMap":{"end":{"column":27,"line":200,"offset":5502},"start":{"column":5,"line":200,"offset":5480}}},{"body":{"id":"c9225cab-dea2-470d-83de-9225b4fa13ea","metadata":[],"problems":[],"scope":{"containerScope":{"containerScope":{"containerScope":{"containerScope":{"contributions":{},"includedScopes":[]},"contributions":{},"includedScopes":[{"contributions":{},"includedScopes":[]},{"contributions":{},"includedScopes":[]},{"contributions":{},"includedScopes":[]},{"contributions":{},"includedScopes":[]},{"contributions":{},"includedScopes":[]},{"contributions":{},"includedScopes":[]}]},"contributions":{},"includedScopes":[{"containerScope":{"containerScope":{"containerScope":{"contributions":{},"includedScopes":[]},"contributions":{},"includedScopes":[]},"contributions":{},"includedScopes":[]},"contributions":{},"includedScopes":[]}]},"contributions":{},"includedScopes":[]},"contributions":{},"includedScopes":[]},"sentences":[{"id":"1f4435d4-90fa-4ce1-b82d-27b1afd17e82","metadata":[],"scope":{"containerScope":{"containerScope":{"containerScope":{"containerScope":{"containerScope":{"contributions":{},"includedScopes":[]},"contributions":{},"includedScopes":[{"contributions":{},"includedScopes":[]},{"contributions":{},"includedScopes":[]},{"contributions":{},"includedScopes":[]},{"contributions":{},"includedScopes":[]},{"contributions":{},"includedScopes":[]},{"contributions":{},"includedScopes":[]}]},"contributions":{},"includedScopes":[{"containerScope":{"containerScope":{"containerScope":{"contributions":{},"includedScopes":[]},"contributions":{},"includedScopes":[]},"contributions":{},"includedScopes":[]},"contributions":{},"includedScopes":[]}]},"contributions":{},"includedScopes":[]},"contributions":{},"includedScopes":[]},"contributions":{},"includedScopes":[]},"value":{"id":"58a0bdca-1fac-477e-8f7b-e1a89af43170","metadata":[],"scope":{"containerScope":{"containerScope":{"containerScope":{"containerScope":{"containerScope":{"containerScope":{"contributions":{},"includedScopes":[]},"contributions":{},"includedScopes":[{"contributions":{},"includedScopes":[]},{"contributions":{},"includedScopes":[]},{"contributions":{},"includedScopes":[]},{"contributions":{},"includedScopes":[]},{"contributions":{},"includedScopes":[]},{"contributions":{},"includedScopes":[]}]},"contributions":{},"includedScopes":[{"containerScope":{"containerScope":{"containerScope":{"contributions":{},"includedScopes":[]},"contributions":{},"includedScopes":[]},"contributions":{},"includedScopes":[]},"contributions":{},"includedScopes":[]}]},"contributions":{},"includedScopes":[]},"contributions":{},"includedScopes":[]},"contributions":{},"includedScopes":[]},"contributions":{},"includedScopes":[]},"sourceMap":{"end":{"column":34,"line":201,"offset":5537},"start":{"column":32,"line":201,"offset":5535}},"value":[{"id":"6c3d4178-4f18-41b0-b8f6-3d5013e19a27","metadata":[],"name":"wollok.lang.List","scope":{"containerScope":{"containerScope":{"containerScope":{"containerScope":{"containerScope":{"containerScope":{"containerScope":{"contributions":{},"includedScopes":[]},"contributions":{},"includedScopes":[{"contributions":{},"includedScopes":[]},{"contributions":{},"includedScopes":[]},{"contributions":{},"includedScopes":[]},{"contributions":{},"includedScopes":[]},{"contributions":{},"includedScopes":[]},{"contributions":{},"includedScopes":[]}]},"contributions":{},"includedScopes":[{"containerScope":{"containerScope":{"containerScope":{"contributions":{},"includedScopes":[]},"contributions":{},"includedScopes":[]},"contributions":{},"includedScopes":[]},"contributions":{},"includedScopes":[]}]},"contributions":{},"includedScopes":[]},"contributions":{},"includedScopes":[]},"contributions":{},"includedScopes":[]},"contributions":{},"includedScopes":[]},"contributions":{},"includedScopes":[]}},[]]}}],"sourceMap":{"end":{"column":34,"line":201,"offset":5537},"start":{"column":32,"line":201,"offset":5535}}},"compiled":false,"id":"33876237-f7a0-41d0-a49f-ad1c9104f935","isOverride":false,"metadata":[],"name":"teletransportes","parameters":[],"problems":[],"scope":{"containerScope":{"containerScope":{"containerScope":{"contributions":{},"includedScopes":[]},"contributions":{},"includedScopes":[{"contributions":{},"includedScopes":[]},{"contributions":{},"includedScopes":[]},{"contributions":{},"includedScopes":[]},{"contributions":{},"includedScopes":[]},{"contributions":{},"includedScopes":[]},{"contributions":{},"includedScopes":[]}]},"contributions":{},"includedScopes":[{"containerScope":{"containerScope":{"containerScope":{"contributions":{},"includedScopes":[]},"contributions":{},"includedScopes":[]},"contributions":{},"includedScopes":[]},"contributions":{},"includedScopes":[]}]},"contributions":{},"includedScopes":[]},"sourceMap":{"end":{"column":34,"line":201,"offset":5537},"start":{"column":5,"line":201,"offset":5508}}},{"body":{"id":"9c02a6bf-7f00-47c7-8fcf-7ce5ba2b822e","metadata":[],"problems":[],"scope":{"containerScope":{"containerScope":{"containerScope":{"containerScope":{"contributions":{},"includedScopes":[]},"contributions":{},"includedScopes":[{"contributions":{},"includedScopes":[]},{"contributions":{},"includedScopes":[]},{"contributions":{},"includedScopes":[]},{"contributions":{},"includedScopes":[]},{"contributions":{},"includedScopes":[]},{"contributions":{},"includedScopes":[]}]},"contributions":{},"includedScopes":[{"containerScope":{"containerScope":{"containerScope":{"contributions":{},"includedScopes":[]},"contributions":{},"includedScopes":[]},"contributions":{},"includedScopes":[]},"contributions":{},"includedScopes":[]}]},"contributions":{},"includedScopes":[]},"contributions":{},"includedScopes":[]},"sentences":[{"id":"00bc3690-a77f-44df-9c93-93deff4cd7e5","metadata":[],"scope":{"containerScope":{"containerScope":{"containerScope":{"containerScope":{"containerScope":{"contributions":{},"includedScopes":[]},"contributions":{},"includedScopes":[{"contributions":{},"includedScopes":[]},{"contributions":{},"includedScopes":[]},{"contributions":{},"includedScopes":[]},{"contributions":{},"includedScopes":[]},{"contributions":{},"includedScopes":[]},{"contributions":{},"includedScopes":[]}]},"contributions":{},"includedScopes":[{"containerScope":{"containerScope":{"containerScope":{"contributions":{},"includedScopes":[]},"contributions":{},"includedScopes":[]},"contributions":{},"includedScopes":[]},"contributions":{},"includedScopes":[]}]},"contributions":{},"includedScopes":[]},"contributions":{},"includedScopes":[]},"contributions":{},"includedScopes":[]},"value":{"args":[{"args":[],"id":"7029799a-9e60-4048-9928-6fd738e66fa0","message":"anyOne","metadata":[],"receiver":{"args":[{"args":[{"id":"4fb91ea7-d7fe-419e-836e-a64b6edf25da","metadata":[],"scope":{"containerScope":{"containerScope":{"containerScope":{"containerScope":{"containerScope":{"containerScope":{"containerScope":{"containerScope":{"containerScope":{"containerScope":{"contributions":{},"includedScopes":[]},"contributions":{},"includedScopes":[{"contributions":{},"includedScopes":[]},{"contributions":{},"includedScopes":[]},{"contributions":{},"includedScopes":[]},{"contributions":{},"includedScopes":[]},{"contributions":{},"includedScopes":[]},{"contributions":{},"includedScopes":[]}]},"contributions":{},"includedScopes":[{"containerScope":{"containerScope":{"containerScope":{"contributions":{},"includedScopes":[]},"contributions":{},"includedScopes":[]},"contributions":{},"includedScopes":[]},"contributions":{},"includedScopes":[]}]},"contributions":{},"includedScopes":[]},"contributions":{},"includedScopes":[]},"contributions":{},"includedScopes":[]},"contributions":{},"includedScopes":[]},"contributions":{},"includedScopes":[]},"contributions":{},"includedScopes":[]},"contributions":{},"includedScopes":[]},"contributions":{},"includedScopes":[]},"sourceMap":{"end":{"column":71,"line":203,"offset":5611},"start":{"column":70,"line":203,"offset":5610}},"value":1}],"id":"da40eff5-420c-4385-861a-246c0e923c23","message":"-","metadata":[],"receiver":{"args":[],"id":"97468b1f-4ccb-476d-b8d4-92d0d337036f","message":"size","metadata":[],"receiver":{"id":"c1a3511a-f286-450d-8a9f-cc98efdd8fd2","metadata":[],"name":"musicasFondo","scope":{"containerScope":{"containerScope":{"containerScope":{"containerScope":{"containerScope":{"containerScope":{"containerScope":{"containerScope":{"containerScope":{"containerScope":{"containerScope":{"contributions":{},"includedScopes":[]},"contributions":{},"includedScopes":[{"contributions":{},"includedScopes":[]},{"contributions":{},"includedScopes":[]},{"contributions":{},"includedScopes":[]},{"contributions":{},"includedScopes":[]},{"contributions":{},"includedScopes":[]},{"contributions":{},"includedScopes":[]}]},"contributions":{},"includedScopes":[{"containerScope":{"containerScope":{"containerScope":{"contributions":{},"includedScopes":[]},"contributions":{},"includedScopes":[]},"contributions":{},"includedScopes":[]},"contributions":{},"includedScopes":[]}]},"contributions":{},"includedScopes":[]},"contributions":{},"includedScopes":[]},"contributions":{},"includedScopes":[]},"contributions":{},"includedScopes":[]},"contributions":{},"includedScopes":[]},"contributions":{},"includedScopes":[]},"contributions":{},"includedScopes":[]},"contributions":{},"includedScopes":[]},"contributions":{},"includedScopes":[]},"sourceMap":{"end":{"column":62,"line":203,"offset":5602},"start":{"column":50,"line":203,"offset":5590}}},"scope":{"containerScope":{"containerScope":{"containerScope":{"containerScope":{"containerScope":{"containerScope":{"containerScope":{"containerScope":{"containerScope":{"containerScope":{"contributions":{},"includedScopes":[]},"contributions":{},"includedScopes":[{"contributions":{},"includedScopes":[]},{"contributions":{},"includedScopes":[]},{"contributions":{},"includedScopes":[]},{"contributions":{},"includedScopes":[]},{"contributions":{},"includedScopes":[]},{"contributions":{},"includedScopes":[]}]},"contributions":{},"includedScopes":[{"containerScope":{"containerScope":{"containerScope":{"contributions":{},"includedScopes":[]},"contributions":{},"includedScopes":[]},"contributions":{},"includedScopes":[]},"contributions":{},"includedScopes":[]}]},"contributions":{},"includedScopes":[]},"contributions":{},"includedScopes":[]},"contributions":{},"includedScopes":[]},"contributions":{},"includedScopes":[]},"contributions":{},"includedScopes":[]},"contributions":{},"includedScopes":[]},"contributions":{},"includedScopes":[]},"contributions":{},"includedScopes":[]},"sourceMap":{"end":{"column":69,"line":203,"offset":5609},"start":{"column":50,"line":203,"offset":5590}}},"scope":{"containerScope":{"containerScope":{"containerScope":{"containerScope":{"containerScope":{"containerScope":{"containerScope":{"containerScope":{"containerScope":{"contributions":{},"includedScopes":[]},"contributions":{},"includedScopes":[{"contributions":{},"includedScopes":[]},{"contributions":{},"includedScopes":[]},{"contributions":{},"includedScopes":[]},{"contributions":{},"includedScopes":[]},{"contributions":{},"includedScopes":[]},{"contributions":{},"includedScopes":[]}]},"contributions":{},"includedScopes":[{"containerScope":{"containerScope":{"containerScope":{"contributions":{},"includedScopes":[]},"contributions":{},"includedScopes":[]},"contributions":{},"includedScopes":[]},"contributions":{},"includedScopes":[]}]},"contributions":{},"includedScopes":[]},"contributions":{},"includedScopes":[]},"contributions":{},"includedScopes":[]},"contributions":{},"includedScopes":[]},"contributions":{},"includedScopes":[]},"contributions":{},"includedScopes":[]},"contributions":{},"includedScopes":[]},"sourceMap":{"end":{"column":71,"line":203,"offset":5611},"start":{"column":50,"line":203,"offset":5590}}}],"id":"aa598615-86e2-4586-8fce-5b5892fdb1ae","message":"..","metadata":[],"receiver":{"id":"cee6d700-17f3-45f6-b7b6-e5b613c54e66","metadata":[],"scope":{"containerScope":{"containerScope":{"containerScope":{"containerScope":{"containerScope":{"containerScope":{"containerScope":{"containerScope":{"containerScope":{"contributions":{},"includedScopes":[]},"contributions":{},"includedScopes":[{"contributions":{},"includedScopes":[]},{"contributions":{},"includedScopes":[]},{"contributions":{},"includedScopes":[]},{"contributions":{},"includedScopes":[]},{"contributions":{},"includedScopes":[]},{"contributions":{},"includedScopes":[]}]},"contributions":{},"includedScopes":[{"containerScope":{"containerScope":{"containerScope":{"contributions":{},"includedScopes":[]},"contributions":{},"includedScopes":[]},"contributions":{},"includedScopes":[]},"contributions":{},"includedScopes":[]}]},"contributions":{},"includedScopes":[]},"contributions":{},"includedScopes":[]},"contributions":{},"includedScopes":[]},"contributions":{},"includedScopes":[]},"contributions":{},"includedScopes":[]},"contributions":{},"includedScopes":[]},"contributions":{},"includedScopes":[]},"sourceMap":{"end":{"column":48,"line":203,"offset":5588},"start":{"column":47,"line":203,"offset":5587}},"value":0},"scope":{"containerScope":{"containerScope":{"containerScope":{"containerScope":{"containerScope":{"containerScope":{"containerScope":{"containerScope":{"contributions":{},"includedScopes":[]},"contributions":{},"includedScopes":[{"contributions":{},"includedScopes":[]},{"contributions":{},"includedScopes":[]},{"contributions":{},"includedScopes":[]},{"contributions":{},"includedScopes":[]},{"contributions":{},"includedScopes":[]},{"contributions":{},"includedScopes":[]}]},"contributions":{},"includedScopes":[{"containerScope":{"containerScope":{"containerScope":{"contributions":{},"includedScopes":[]},"contributions":{},"includedScopes":[]},"contributions":{},"includedScopes":[]},"contributions":{},"includedScopes":[]}]},"contributions":{},"includedScopes":[]},"contributions":{},"includedScopes":[]},"contributions":{},"includedScopes":[]},"contributions":{},"includedScopes":[]},"contributions":{},"includedScopes":[]},"contributions":{},"includedScopes":[]},"sourceMap":{"end":{"column":71,"line":203,"offset":5611},"start":{"column":47,"line":203,"offset":5587}}},"scope":{"containerScope":{"containerScope":{"containerScope":{"containerScope":{"containerScope":{"containerScope":{"containerScope":{"contributions":{},"includedScopes":[]},"contributions":{},"includedScopes":[{"contributions":{},"includedScopes":[]},{"contributions":{},"includedScopes":[]},{"contributions":{},"includedScopes":[]},{"contributions":{},"includedScopes":[]},{"contributions":{},"includedScopes":[]},{"contributions":{},"includedScopes":[]}]},"contributions":{},"includedScopes":[{"containerScope":{"containerScope":{"containerScope":{"contributions":{},"includedScopes":[]},"contributions":{},"includedScopes":[]},"contributions":{},"includedScopes":[]},"contributions":{},"includedScopes":[]}]},"contributions":{},"includedScopes":[]},"contributions":{},"includedScopes":[]},"contributions":{},"includedScopes":[]},"contributions":{},"includedScopes":[]},"contributions":{},"includedScopes":[]},"sourceMap":{"end":{"column":81,"line":203,"offset":5621},"start":{"column":46,"line":203,"offset":5586}}}],"id":"8d6fccc2-9112-4daf-ab4d-dff9fd4f8e99","message":"get","metadata":[],"receiver":{"id":"3ddfc169-82b4-4bbc-b8f1-0eee359ddba5","metadata":[],"name":"musicasFondo","scope":{"containerScope":{"containerScope":{"containerScope":{"containerScope":{"containerScope":{"containerScope":{"containerScope":{"contributions":{},"includedScopes":[]},"contributions":{},"includedScopes":[{"contributions":{},"includedScopes":[]},{"contributions":{},"includedScopes":[]},{"contributions":{},"includedScopes":[]},{"contributions":{},"includedScopes":[]},{"contributions":{},"includedScopes":[]},{"contributions":{},"includedScopes":[]}]},"contributions":{},"includedScopes":[{"containerScope":{"containerScope":{"containerScope":{"contributions":{},"includedScopes":[]},"contributions":{},"includedScopes":[]},"contributions":{},"includedScopes":[]},"contributions":{},"includedScopes":[]}]},"contributions":{},"includedScopes":[]},"contributions":{},"includedScopes":[]},"contributions":{},"includedScopes":[]},"contributions":{},"includedScopes":[]},"contributions":{},"includedScopes":[]},"sourceMap":{"end":{"column":40,"line":203,"offset":5580},"start":{"column":28,"line":203,"offset":5568}}},"scope":{"containerScope":{"containerScope":{"containerScope":{"containerScope":{"containerScope":{"containerScope":{"contributions":{},"includedScopes":[]},"contributions":{},"includedScopes":[{"contributions":{},"includedScopes":[]},{"contributions":{},"includedScopes":[]},{"contributions":{},"includedScopes":[]},{"contributions":{},"includedScopes":[]},{"contributions":{},"includedScopes":[]},{"contributions":{},"includedScopes":[]}]},"contributions":{},"includedScopes":[{"containerScope":{"containerScope":{"containerScope":{"contributions":{},"includedScopes":[]},"contributions":{},"includedScopes":[]},"contributions":{},"includedScopes":[]},"contributions":{},"includedScopes":[]}]},"contributions":{},"includedScopes":[]},"contributions":{},"includedScopes":[]},"contributions":{},"includedScopes":[]},"contributions":{},"includedScopes":[]},"sourceMap":{"end":{"column":83,"line":203,"offset":5623},"start":{"column":28,"line":203,"offset":5568}}}}],"sourceMap":{"end":{"column":83,"line":203,"offset":5623},"start":{"column":28,"line":203,"offset":5568}}},"compiled":false,"id":"a75b8186-782d-4536-b63e-581660376262","isOverride":false,"metadata":[],"name":"musicaNivel","parameters":[],"problems":[],"scope":{"containerScope":{"containerScope":{"containerScope":{"contributions":{},"includedScopes":[]},"contributions":{},"includedScopes":[{"contributions":{},"includedScopes":[]},{"contributions":{},"includedScopes":[]},{"contributions":{},"includedScopes":[]},{"contributions":{},"includedScopes":[]},{"contributions":{},"includedScopes":[]},{"contributions":{},"includedScopes":[]}]},"contributions":{},"includedScopes":[{"containerScope":{"containerScope":{"containerScope":{"contributions":{},"includedScopes":[]},"contributions":{},"includedScopes":[]},"contributions":{},"includedScopes":[]},"contributions":{},"includedScopes":[]}]},"contributions":{},"includedScopes":[]},"sourceMap":{"end":{"column":83,"line":203,"offset":5623},"start":{"column":5,"line":203,"offset":5545}}},{"body":{"id":"976f9bd0-5294-4bae-8a89-5ee270c61a03","metadata":[],"scope":{"containerScope":{"containerScope":{"containerScope":{"containerScope":{"contributions":{},"includedScopes":[]},"contributions":{},"includedScopes":[{"contributions":{},"includedScopes":[]},{"contributions":{},"includedScopes":[]},{"contributions":{},"includedScopes":[]},{"contributions":{},"includedScopes":[]},{"contributions":{},"includedScopes":[]},{"contributions":{},"includedScopes":[]}]},"contributions":{},"includedScopes":[{"containerScope":{"containerScope":{"containerScope":{"contributions":{},"includedScopes":[]},"contributions":{},"includedScopes":[]},"contributions":{},"includedScopes":[]},"contributions":{},"includedScopes":[]}]},"contributions":{},"includedScopes":[]},"contributions":{},"includedScopes":[]},"sentences":[{"id":"837217cc-c664-4a01-8a39-da3d6aa8c9bc","metadata":[],"scope":{"containerScope":{"containerScope":{"containerScope":{"containerScope":{"containerScope":{"contributions":{},"includedScopes":[]},"contributions":{},"includedScopes":[{"contributions":{},"includedScopes":[]},{"contributions":{},"includedScopes":[]},{"contributions":{},"includedScopes":[]},{"contributions":{},"includedScopes":[]},{"contributions":{},"includedScopes":[]},{"contributions":{},"includedScopes":[]}]},"contributions":{},"includedScopes":[{"containerScope":{"containerScope":{"containerScope":{"contributions":{},"includedScopes":[]},"contributions":{},"includedScopes":[]},"contributions":{},"includedScopes":[]},"contributions":{},"includedScopes":[]}]},"contributions":{},"includedScopes":[]},"contributions":{},"includedScopes":[]},"contributions":{},"includedScopes":[]},"value":{"id":"619d0448-78ac-43c9-af4c-92c5802a596b","metadata":[],"name":"musicasFondo","scope":{"containerScope":{"containerScope":{"containerScope":{"containerScope":{"containerScope":{"containerScope":{"contributions":{},"includedScopes":[]},"contributions":{},"includedScopes":[{"contributions":{},"includedScopes":[]},{"contributions":{},"includedScopes":[]},{"contributions":{},"includedScopes":[]},{"contributions":{},"includedScopes":[]},{"contributions":{},"includedScopes":[]},{"contributions":{},"includedScopes":[]}]},"contributions":{},"includedScopes":[{"containerScope":{"containerScope":{"containerScope":{"contributions":{},"includedScopes":[]},"contributions":{},"includedScopes":[]},"contributions":{},"includedScopes":[]},"contributions":{},"includedScopes":[]}]},"contributions":{},"includedScopes":[]},"contributions":{},"includedScopes":[]},"contributions":{},"includedScopes":[]},"contributions":{},"includedScopes":[]}}}]},"compiled":false,"id":"c35f755d-a59e-4d61-a31b-5100fe4a095e","isOverride":false,"metadata":[],"name":"musicasFondo","parameters":[],"scope":{"containerScope":{"containerScope":{"containerScope":{"contributions":{},"includedScopes":[]},"contributions":{},"includedScopes":[{"contributions":{},"includedScopes":[]},{"contributions":{},"includedScopes":[]},{"contributions":{},"includedScopes":[]},{"contributions":{},"includedScopes":[]},{"contributions":{},"includedScopes":[]},{"contributions":{},"includedScopes":[]}]},"contributions":{},"includedScopes":[{"containerScope":{"containerScope":{"containerScope":{"contributions":{},"includedScopes":[]},"contributions":{},"includedScopes":[]},"contributions":{},"includedScopes":[]},"contributions":{},"includedScopes":[]}]},"contributions":{},"includedScopes":[]}},{"body":{"id":"213c740c-2beb-4d51-98c7-7bc5484c210c","metadata":[],"scope":{"containerScope":{"containerScope":{"containerScope":{"containerScope":{"contributions":{},"includedScopes":[]},"contributions":{},"includedScopes":[{"contributions":{},"includedScopes":[]},{"contributions":{},"includedScopes":[]},{"contributions":{},"includedScopes":[]},{"contributions":{},"includedScopes":[]},{"contributions":{},"includedScopes":[]},{"contributions":{},"includedScopes":[]}]},"contributions":{},"includedScopes":[{"containerScope":{"containerScope":{"containerScope":{"contributions":{},"includedScopes":[]},"contributions":{},"includedScopes":[]},"contributions":{},"includedScopes":[]},"contributions":{},"includedScopes":[]}]},"contributions":{},"includedScopes":[]},"contributions":{},"includedScopes":[]},"sentences":[{"id":"4bf38ad3-0be0-4a75-b8f5-6a9da1e4875c","metadata":[],"scope":{"containerScope":{"containerScope":{"containerScope":{"containerScope":{"containerScope":{"contributions":{},"includedScopes":[]},"contributions":{},"includedScopes":[{"contributions":{},"includedScopes":[]},{"contributions":{},"includedScopes":[]},{"contributions":{},"includedScopes":[]},{"contributions":{},"includedScopes":[]},{"contributions":{},"includedScopes":[]},{"contributions":{},"includedScopes":[]}]},"contributions":{},"includedScopes":[{"containerScope":{"containerScope":{"containerScope":{"contributions":{},"includedScopes":[]},"contributions":{},"includedScopes":[]},"contributions":{},"includedScopes":[]},"contributions":{},"includedScopes":[]}]},"contributions":{},"includedScopes":[]},"contributions":{},"includedScopes":[]},"contributions":{},"includedScopes":[]},"value":{"id":"de60e2d8-8eb6-43e3-b024-ae1abe20e836","metadata":[],"name":"<value>","scope":{"containerScope":{"containerScope":{"containerScope":{"containerScope":{"containerScope":{"containerScope":{"contributions":{},"includedScopes":[]},"contributions":{},"includedScopes":[{"contributions":{},"includedScopes":[]},{"contributions":{},"includedScopes":[]},{"contributions":{},"includedScopes":[]},{"contributions":{},"includedScopes":[]},{"contributions":{},"includedScopes":[]},{"contributions":{},"includedScopes":[]}]},"contributions":{},"includedScopes":[{"containerScope":{"containerScope":{"containerScope":{"contributions":{},"includedScopes":[]},"contributions":{},"includedScopes":[]},"contributions":{},"includedScopes":[]},"contributions":{},"includedScopes":[]}]},"contributions":{},"includedScopes":[]},"contributions":{},"includedScopes":[]},"contributions":{},"includedScopes":[]},"contributions":{},"includedScopes":[]}},"variable":{"id":"60a10d04-8a2f-499f-b71e-497e2239f0a1","metadata":[],"name":"musicasFondo","scope":{"containerScope":{"containerScope":{"containerScope":{"containerScope":{"containerScope":{"containerScope":{"contributions":{},"includedScopes":[]},"contributions":{},"includedScopes":[{"contributions":{},"includedScopes":[]},{"contributions":{},"includedScopes":[]},{"contributions":{},"includedScopes":[]},{"contributions":{},"includedScopes":[]},{"contributions":{},"includedScopes":[]},{"contributions":{},"includedScopes":[]}]},"contributions":{},"includedScopes":[{"containerScope":{"containerScope":{"containerScope":{"contributions":{},"includedScopes":[]},"contributions":{},"includedScopes":[]},"contributions":{},"includedScopes":[]},"contributions":{},"includedScopes":[]}]},"contributions":{},"includedScopes":[]},"contributions":{},"includedScopes":[]},"contributions":{},"includedScopes":[]},"contributions":{},"includedScopes":[]}}}]},"compiled":false,"id":"9043c374-f40b-45bc-b239-a240d3652b18","isOverride":false,"metadata":[],"name":"musicasFondo","parameters":[{"id":"6253ec76-a6fb-4a01-ba9a-2d66f730aaa0","isVarArg":false,"metadata":[],"name":"<value>","scope":{"containerScope":{"containerScope":{"containerScope":{"containerScope":{"contributions":{},"includedScopes":[]},"contributions":{},"includedScopes":[{"contributions":{},"includedScopes":[]},{"contributions":{},"includedScopes":[]},{"contributions":{},"includedScopes":[]},{"contributions":{},"includedScopes":[]},{"contributions":{},"includedScopes":[]},{"contributions":{},"includedScopes":[]}]},"contributions":{},"includedScopes":[{"containerScope":{"containerScope":{"containerScope":{"contributions":{},"includedScopes":[]},"contributions":{},"includedScopes":[]},"contributions":{},"includedScopes":[]},"contributions":{},"includedScopes":[]}]},"contributions":{},"includedScopes":[]},"contributions":{},"includedScopes":[]}}],"scope":{"containerScope":{"containerScope":{"containerScope":{"contributions":{},"includedScopes":[]},"contributions":{},"includedScopes":[{"contributions":{},"includedScopes":[]},{"contributions":{},"includedScopes":[]},{"contributions":{},"includedScopes":[]},{"contributions":{},"includedScopes":[]},{"contributions":{},"includedScopes":[]},{"contributions":{},"includedScopes":[]}]},"contributions":{},"includedScopes":[{"containerScope":{"containerScope":{"containerScope":{"contributions":{},"includedScopes":[]},"contributions":{},"includedScopes":[]},"contributions":{},"includedScopes":[]},"contributions":{},"includedScopes":[]}]},"contributions":{},"includedScopes":[]}}],"metadata":[],"name":"Nivel","problems":[{"code":"malformedMember","sourceMap":{"end":{"column":33,"line":206,"offset":5666},"start":{"column":9,"line":206,"offset":5642}}}],"scope":{"containerScope":{"containerScope":{"contributions":{},"includedScopes":[]},"contributions":{},"includedScopes":[{"contributions":{},"includedScopes":[]},{"contributions":{},"includedScopes":[]},{"contributions":{},"includedScopes":[]},{"contributions":{},"includedScopes":[]},{"contributions":{},"includedScopes":[]},{"contributions":{},"includedScopes":[]}]},"contributions":{},"includedScopes":[{"containerScope":{"containerScope":{"containerScope":{"contributions":{},"includedScopes":[]},"contributions":{},"includedScopes":[]},"contributions":{},"includedScopes":[]},"contributions":{},"includedScopes":[]}]},"sourceMap":{"end":{"column":2,"line":209,"offset":5677},"start":{"column":1,"line":191,"offset":5214}},"supertypes":[]},"stack":"Error: Failed to print, found malformed node\n    at c:\\Users\\santi\\.vscode\\extensions\\uqbar.wollok-lsp-ide-0.5.4\\out\\server\\src\\server.js:68:3585\n    at Kbn (c:\\Users\\santi\\.vscode\\extensions\\uqbar.wollok-lsp-ide-0.5.4\\out\\server\\src\\server.js:68:3396)\n    at c:\\Users\\santi\\.vscode\\extensions\\uqbar.wollok-lsp-ide-0.5.4\\out\\server\\src\\server.js:2398:847\n    at c:\\Users\\santi\\.vscode\\extensions\\uqbar.wollok-lsp-ide-0.5.4\\out\\server\\src\\server.js:2398:8440\n    at c:\\Users\\santi\\.vscode\\extensions\\uqbar.wollok-lsp-ide-0.5.4\\out\\server\\src\\server.js:37:74770\n    at Ke (c:\\Users\\santi\\.vscode\\extensions\\uqbar.wollok-lsp-ide-0.5.4\\out\\server\\src\\server.js:7:8527)\n    at Lt (c:\\Users\\santi\\.vscode\\extensions\\uqbar.wollok-lsp-ide-0.5.4\\out\\server\\src\\server.js:7:6189)\n    at ct (c:\\Users\\santi\\.vscode\\extensions\\uqbar.wollok-lsp-ide-0.5.4\\out\\server\\src\\server.js:7:6378)\n    at Immediate._onImmediate (c:\\Users\\santi\\.vscode\\extensions\\uqbar.wollok-lsp-ide-0.5.4\\out\\server\\src\\server.js:7:6142)\n    at process.processImmediate (node:internal/timers:504:21)","timestamp":"2026-06-06T16:59:32.873Z"}
{"level":"info","message":"⌛ Building environment","timeElapsed":228,"timestamp":"2026-06-06T16:59:33.436Z"}
{"level":"info","message":"⌛ Validating niveles.wlk","timeElapsed":178,"timestamp":"2026-06-06T16:59:33.617Z"}
{"level":"info","message":"⌛ Building environment","timeElapsed":316,"timestamp":"2026-06-06T16:59:33.937Z"}
{"level":"info","message":"⌛ Validating niveles.wlk","timeElapsed":135,"timestamp":"2026-06-06T16:59:34.080Z"}
{"level":"info","message":"⌛ Building environment","timeElapsed":283,"timestamp":"2026-06-06T16:59:35.506Z"}
{"level":"info","message":"⌛ Validating niveles.wlk","timeElapsed":155,"timestamp":"2026-06-06T16:59:35.684Z"}
{"level":"info","message":"⌛ Building environment","timeElapsed":319,"timestamp":"2026-06-06T16:59:36.124Z"}
{"level":"info","message":"⌛ Validating niveles.wlk","timeElapsed":211,"timestamp":"2026-06-06T16:59:36.515Z"}
{"level":"info","message":"⌛ Building environment","timeElapsed":234,"timestamp":"2026-06-06T16:59:37.420Z"}
{"level":"info","message":"⌛ Validating niveles.wlk","timeElapsed":305,"timestamp":"2026-06-06T16:59:37.739Z"}
{"errors":{"errors":[null,["/* method enemigosEn(x, y){\r","return enemigosActivos.filter({ enemy => enemy.position().x() == x && enemy.position().y() == y })\r"]]},"level":"error","message":"✘ Failed to get type description: Error: {\n  \"errors\": [\n    null,\n    [\n      \"/* method enemigosEn(x, y){\\r\",\n      \"return enemigosActivos.filter({ enemy => enemy.position().x() == x && enemy.position().y() == y })\\r\"\n    ]\n  ]\n} {\n  \"errors\": [\n    null,\n    [\n      \"/* method enemigosEn(x, y){\\r\",\n      \"return enemigosActivos.filter({ enemy => enemy.position().x() == x && enemy.position().y() == y })\\r\"\n    ]\n  ]\n}","stack":"Error: {\n  \"errors\": [\n    null,\n    [\n      \"/* method enemigosEn(x, y){\\r\",\n      \"return enemigosActivos.filter({ enemy => enemy.position().x() == x && enemy.position().y() == y })\\r\"\n    ]\n  ]\n}\n    at lS (c:\\Users\\santi\\.vscode\\extensions\\uqbar.wollok-lsp-ide-0.5.4\\out\\server\\src\\server.js:64:34609)\n    at Q1 (c:\\Users\\santi\\.vscode\\extensions\\uqbar.wollok-lsp-ide-0.5.4\\out\\server\\src\\server.js:64:34682)\n    at c:\\Users\\santi\\.vscode\\extensions\\uqbar.wollok-lsp-ide-0.5.4\\out\\server\\src\\server.js:64:37949\n    at o.y1 (c:\\Users\\santi\\.vscode\\extensions\\uqbar.wollok-lsp-ide-0.5.4\\out\\server\\src\\server.js:57:59114)\n    at c:\\Users\\santi\\.vscode\\extensions\\uqbar.wollok-lsp-ide-0.5.4\\out\\server\\src\\server.js:64:37918\n    at c:\\Users\\santi\\.vscode\\extensions\\uqbar.wollok-lsp-ide-0.5.4\\out\\server\\src\\server.js:57:57154\n    at Cfn (c:\\Users\\santi\\.vscode\\extensions\\uqbar.wollok-lsp-ide-0.5.4\\out\\server\\src\\server.js:68:11324)\n    at c:\\Users\\santi\\.vscode\\extensions\\uqbar.wollok-lsp-ide-0.5.4\\out\\server\\src\\server.js:68:3629\n    at Array.map (<anonymous>)\n    at c:\\Users\\santi\\.vscode\\extensions\\uqbar.wollok-lsp-ide-0.5.4\\out\\server\\src\\server.js:68:10583","timestamp":"2026-06-06T16:59:50.482Z"}
{"level":"info","message":"⌛ Building environment","timeElapsed":175,"timestamp":"2026-06-06T17:00:05.060Z"}
{"level":"info","message":"⌛ Validating juego.wpgm","timeElapsed":174,"timestamp":"2026-06-06T17:00:05.237Z"}
{"level":"info","message":"⌛ Building environment","timeElapsed":148,"timestamp":"2026-06-06T17:00:05.423Z"}
{"level":"info","message":"⌛ Validating juego.wpgm","timeElapsed":209,"timestamp":"2026-06-06T17:00:05.656Z"}
{"level":"info","message":"⌛ Building environment","timeElapsed":229,"timestamp":"2026-06-06T17:00:05.886Z"}
{"level":"info","message":"⌛ Validating juego.wpgm","timeElapsed":182,"timestamp":"2026-06-06T17:00:06.121Z"}
{"level":"info","message":"⌛ Building environment","timeElapsed":112,"timestamp":"2026-06-06T17:00:10.118Z"}
{"level":"info","message":"⌛ Validating juego.wpgm","timeElapsed":154,"timestamp":"2026-06-06T17:00:10.287Z"}
{"level":"info","message":"⌛ Building environment","timeElapsed":168,"timestamp":"2026-06-06T17:00:10.456Z"}
{"level":"info","message":"⌛ Building environment","timeElapsed":168,"timestamp":"2026-06-06T17:00:10.635Z"}
{"level":"info","message":"⌛ Validating juego.wpgm","timeElapsed":167,"timestamp":"2026-06-06T17:00:10.803Z"}
{"level":"info","message":"⌛ Validating juego.wpgm","timeElapsed":173,"timestamp":"2026-06-06T17:00:10.976Z"}
{"level":"info","message":"⌛ Building environment","timeElapsed":166,"timestamp":"2026-06-06T17:00:11.937Z"}
{"level":"info","message":"⌛ Validating juego.wpgm","timeElapsed":238,"timestamp":"2026-06-06T17:00:12.179Z"}
{"errors":{"errors":[null,["/*const palanca = new Palanca(position = game.at(3,3), listaObjetos = [0, 1])\r","game.addVisual(palanca)\r"]]},"level":"error","message":"✘ Failed to get type description: Error: {\n  \"errors\": [\n    null,\n    [\n      \"/*const palanca = new Palanca(position = game.at(3,3), listaObjetos = [0, 1])\\r\",\n      \"game.addVisual(palanca)\\r\"\n    ]\n  ]\n} {\n  \"errors\": [\n    null,\n    [\n      \"/*const palanca = new Palanca(position = game.at(3,3), listaObjetos = [0, 1])\\r\",\n      \"game.addVisual(palanca)\\r\"\n    ]\n  ]\n}","stack":"Error: {\n  \"errors\": [\n    null,\n    [\n      \"/*const palanca = new Palanca(position = game.at(3,3), listaObjetos = [0, 1])\\r\",\n      \"game.addVisual(palanca)\\r\"\n    ]\n  ]\n}\n    at lS (c:\\Users\\santi\\.vscode\\extensions\\uqbar.wollok-lsp-ide-0.5.4\\out\\server\\src\\server.js:64:34609)\n    at Q1 (c:\\Users\\santi\\.vscode\\extensions\\uqbar.wollok-lsp-ide-0.5.4\\out\\server\\src\\server.js:64:34682)\n    at c:\\Users\\santi\\.vscode\\extensions\\uqbar.wollok-lsp-ide-0.5.4\\out\\server\\src\\server.js:64:37949\n    at o.y1 (c:\\Users\\santi\\.vscode\\extensions\\uqbar.wollok-lsp-ide-0.5.4\\out\\server\\src\\server.js:57:59114)\n    at c:\\Users\\santi\\.vscode\\extensions\\uqbar.wollok-lsp-ide-0.5.4\\out\\server\\src\\server.js:64:37918\n    at c:\\Users\\santi\\.vscode\\extensions\\uqbar.wollok-lsp-ide-0.5.4\\out\\server\\src\\server.js:57:57154\n    at Cfn (c:\\Users\\santi\\.vscode\\extensions\\uqbar.wollok-lsp-ide-0.5.4\\out\\server\\src\\server.js:68:11324)\n    at c:\\Users\\santi\\.vscode\\extensions\\uqbar.wollok-lsp-ide-0.5.4\\out\\server\\src\\server.js:68:3629\n    at d4 (c:\\Users\\santi\\.vscode\\extensions\\uqbar.wollok-lsp-ide-0.5.4\\out\\server\\src\\server.js:68:9866)\n    at c:\\Users\\santi\\.vscode\\extensions\\uqbar.wollok-lsp-ide-0.5.4\\out\\server\\src\\server.js:68:9628","timestamp":"2026-06-06T17:00:12.683Z"}
{"errors":{"errors":[null,["/*const palanca = new Palanca(position = game.at(3,3), listaObjetos = [0, 1])\r","game.addVisual(palanca)\r"]]},"level":"error","message":"✘ Failed to get type description: Error: {\n  \"errors\": [\n    null,\n    [\n      \"/*const palanca = new Palanca(position = game.at(3,3), listaObjetos = [0, 1])\\r\",\n      \"game.addVisual(palanca)\\r\"\n    ]\n  ]\n} {\n  \"errors\": [\n    null,\n    [\n      \"/*const palanca = new Palanca(position = game.at(3,3), listaObjetos = [0, 1])\\r\",\n      \"game.addVisual(palanca)\\r\"\n    ]\n  ]\n}","stack":"Error: {\n  \"errors\": [\n    null,\n    [\n      \"/*const palanca = new Palanca(position = game.at(3,3), listaObjetos = [0, 1])\\r\",\n      \"game.addVisual(palanca)\\r\"\n    ]\n  ]\n}\n    at lS (c:\\Users\\santi\\.vscode\\extensions\\uqbar.wollok-lsp-ide-0.5.4\\out\\server\\src\\server.js:64:34609)\n    at Q1 (c:\\Users\\santi\\.vscode\\extensions\\uqbar.wollok-lsp-ide-0.5.4\\out\\server\\src\\server.js:64:34682)\n    at c:\\Users\\santi\\.vscode\\extensions\\uqbar.wollok-lsp-ide-0.5.4\\out\\server\\src\\server.js:64:37949\n    at o.y1 (c:\\Users\\santi\\.vscode\\extensions\\uqbar.wollok-lsp-ide-0.5.4\\out\\server\\src\\server.js:57:59114)\n    at c:\\Users\\santi\\.vscode\\extensions\\uqbar.wollok-lsp-ide-0.5.4\\out\\server\\src\\server.js:64:37918\n    at c:\\Users\\santi\\.vscode\\extensions\\uqbar.wollok-lsp-ide-0.5.4\\out\\server\\src\\server.js:57:57154\n    at Cfn (c:\\Users\\santi\\.vscode\\extensions\\uqbar.wollok-lsp-ide-0.5.4\\out\\server\\src\\server.js:68:11324)\n    at c:\\Users\\santi\\.vscode\\extensions\\uqbar.wollok-lsp-ide-0.5.4\\out\\server\\src\\server.js:68:3629\n    at d4 (c:\\Users\\santi\\.vscode\\extensions\\uqbar.wollok-lsp-ide-0.5.4\\out\\server\\src\\server.js:68:9866)\n    at c:\\Users\\santi\\.vscode\\extensions\\uqbar.wollok-lsp-ide-0.5.4\\out\\server\\src\\server.js:68:9628","timestamp":"2026-06-06T17:00:14.082Z"}
{"errors":{"errors":[null,["/* method enemigosEn(x, y){\r","return enemigosActivos.filter({ enemy => enemy.position().x() == x && enemy.position().y() == y })\r"]]},"level":"error","message":"✘ Failed to get type description: Error: {\n  \"errors\": [\n    null,\n    [\n      \"/* method enemigosEn(x, y){\\r\",\n      \"return enemigosActivos.filter({ enemy => enemy.position().x() == x && enemy.position().y() == y })\\r\"\n    ]\n  ]\n} {\n  \"errors\": [\n    null,\n    [\n      \"/* method enemigosEn(x, y){\\r\",\n      \"return enemigosActivos.filter({ enemy => enemy.position().x() == x && enemy.position().y() == y })\\r\"\n    ]\n  ]\n}","stack":"Error: {\n  \"errors\": [\n    null,\n    [\n      \"/* method enemigosEn(x, y){\\r\",\n      \"return enemigosActivos.filter({ enemy => enemy.position().x() == x && enemy.position().y() == y })\\r\"\n    ]\n  ]\n}\n    at lS (c:\\Users\\santi\\.vscode\\extensions\\uqbar.wollok-lsp-ide-0.5.4\\out\\server\\src\\server.js:64:34609)\n    at Q1 (c:\\Users\\santi\\.vscode\\extensions\\uqbar.wollok-lsp-ide-0.5.4\\out\\server\\src\\server.js:64:34682)\n    at c:\\Users\\santi\\.vscode\\extensions\\uqbar.wollok-lsp-ide-0.5.4\\out\\server\\src\\server.js:64:37949\n    at o.y1 (c:\\Users\\santi\\.vscode\\extensions\\uqbar.wollok-lsp-ide-0.5.4\\out\\server\\src\\server.js:57:59114)\n    at c:\\Users\\santi\\.vscode\\extensions\\uqbar.wollok-lsp-ide-0.5.4\\out\\server\\src\\server.js:64:37918\n    at c:\\Users\\santi\\.vscode\\extensions\\uqbar.wollok-lsp-ide-0.5.4\\out\\server\\src\\server.js:57:57154\n    at Cfn (c:\\Users\\santi\\.vscode\\extensions\\uqbar.wollok-lsp-ide-0.5.4\\out\\server\\src\\server.js:68:11324)\n    at c:\\Users\\santi\\.vscode\\extensions\\uqbar.wollok-lsp-ide-0.5.4\\out\\server\\src\\server.js:68:3629\n    at Array.map (<anonymous>)\n    at c:\\Users\\santi\\.vscode\\extensions\\uqbar.wollok-lsp-ide-0.5.4\\out\\server\\src\\server.js:68:10583","timestamp":"2026-06-06T17:00:24.693Z"}
{"errors":{"errors":[null,["/*const palanca = new Palanca(position = game.at(3,3), listaObjetos = [0, 1])\r","game.addVisual(palanca)\r"]]},"level":"error","message":"✘ Failed to get type description: Error: {\n  \"errors\": [\n    null,\n    [\n      \"/*const palanca = new Palanca(position = game.at(3,3), listaObjetos = [0, 1])\\r\",\n      \"game.addVisual(palanca)\\r\"\n    ]\n  ]\n} {\n  \"errors\": [\n    null,\n    [\n      \"/*const palanca = new Palanca(position = game.at(3,3), listaObjetos = [0, 1])\\r\",\n      \"game.addVisual(palanca)\\r\"\n    ]\n  ]\n}","stack":"Error: {\n  \"errors\": [\n    null,\n    [\n      \"/*const palanca = new Palanca(position = game.at(3,3), listaObjetos = [0, 1])\\r\",\n      \"game.addVisual(palanca)\\r\"\n    ]\n  ]\n}\n    at lS (c:\\Users\\santi\\.vscode\\extensions\\uqbar.wollok-lsp-ide-0.5.4\\out\\server\\src\\server.js:64:34609)\n    at Q1 (c:\\Users\\santi\\.vscode\\extensions\\uqbar.wollok-lsp-ide-0.5.4\\out\\server\\src\\server.js:64:34682)\n    at c:\\Users\\santi\\.vscode\\extensions\\uqbar.wollok-lsp-ide-0.5.4\\out\\server\\src\\server.js:64:37949\n    at o.y1 (c:\\Users\\santi\\.vscode\\extensions\\uqbar.wollok-lsp-ide-0.5.4\\out\\server\\src\\server.js:57:59114)\n    at c:\\Users\\santi\\.vscode\\extensions\\uqbar.wollok-lsp-ide-0.5.4\\out\\server\\src\\server.js:64:37918\n    at c:\\Users\\santi\\.vscode\\extensions\\uqbar.wollok-lsp-ide-0.5.4\\out\\server\\src\\server.js:57:57154\n    at Cfn (c:\\Users\\santi\\.vscode\\extensions\\uqbar.wollok-lsp-ide-0.5.4\\out\\server\\src\\server.js:68:11324)\n    at c:\\Users\\santi\\.vscode\\extensions\\uqbar.wollok-lsp-ide-0.5.4\\out\\server\\src\\server.js:68:3629\n    at d4 (c:\\Users\\santi\\.vscode\\extensions\\uqbar.wollok-lsp-ide-0.5.4\\out\\server\\src\\server.js:68:9866)\n    at c:\\Users\\santi\\.vscode\\extensions\\uqbar.wollok-lsp-ide-0.5.4\\out\\server\\src\\server.js:68:9628","timestamp":"2026-06-06T17:00:31.490Z"}
{"errors":{"errors":[null,["/*const palanca = new Palanca(position = game.at(3,3), listaObjetos = [0, 1])\r","game.addVisual(palanca)\r"]]},"level":"error","message":"✘ Failed to get type description: Error: {\n  \"errors\": [\n    null,\n    [\n      \"/*const palanca = new Palanca(position = game.at(3,3), listaObjetos = [0, 1])\\r\",\n      \"game.addVisual(palanca)\\r\"\n    ]\n  ]\n} {\n  \"errors\": [\n    null,\n    [\n      \"/*const palanca = new Palanca(position = game.at(3,3), listaObjetos = [0, 1])\\r\",\n      \"game.addVisual(palanca)\\r\"\n    ]\n  ]\n}","stack":"Error: {\n  \"errors\": [\n    null,\n    [\n      \"/*const palanca = new Palanca(position = game.at(3,3), listaObjetos = [0, 1])\\r\",\n      \"game.addVisual(palanca)\\r\"\n    ]\n  ]\n}\n    at lS (c:\\Users\\santi\\.vscode\\extensions\\uqbar.wollok-lsp-ide-0.5.4\\out\\server\\src\\server.js:64:34609)\n    at Q1 (c:\\Users\\santi\\.vscode\\extensions\\uqbar.wollok-lsp-ide-0.5.4\\out\\server\\src\\server.js:64:34682)\n    at c:\\Users\\santi\\.vscode\\extensions\\uqbar.wollok-lsp-ide-0.5.4\\out\\server\\src\\server.js:64:37949\n    at o.y1 (c:\\Users\\santi\\.vscode\\extensions\\uqbar.wollok-lsp-ide-0.5.4\\out\\server\\src\\server.js:57:59114)\n    at c:\\Users\\santi\\.vscode\\extensions\\uqbar.wollok-lsp-ide-0.5.4\\out\\server\\src\\server.js:64:37918\n    at c:\\Users\\santi\\.vscode\\extensions\\uqbar.wollok-lsp-ide-0.5.4\\out\\server\\src\\server.js:57:57154\n    at Cfn (c:\\Users\\santi\\.vscode\\extensions\\uqbar.wollok-lsp-ide-0.5.4\\out\\server\\src\\server.js:68:11324)\n    at c:\\Users\\santi\\.vscode\\extensions\\uqbar.wollok-lsp-ide-0.5.4\\out\\server\\src\\server.js:68:3629\n    at d4 (c:\\Users\\santi\\.vscode\\extensions\\uqbar.wollok-lsp-ide-0.5.4\\out\\server\\src\\server.js:68:9866)\n    at c:\\Users\\santi\\.vscode\\extensions\\uqbar.wollok-lsp-ide-0.5.4\\out\\server\\src\\server.js:68:9628","timestamp":"2026-06-06T17:00:32.992Z"}
{"errors":{"errors":[null,["/*const palanca = new Palanca(position = game.at(3,3), listaObjetos = [0, 1])\r","game.addVisual(palanca)\r"]]},"level":"error","message":"✘ Failed to get type description: Error: {\n  \"errors\": [\n    null,\n    [\n      \"/*const palanca = new Palanca(position = game.at(3,3), listaObjetos = [0, 1])\\r\",\n      \"game.addVisual(palanca)\\r\"\n    ]\n  ]\n} {\n  \"errors\": [\n    null,\n    [\n      \"/*const palanca = new Palanca(position = game.at(3,3), listaObjetos = [0, 1])\\r\",\n      \"game.addVisual(palanca)\\r\"\n    ]\n  ]\n}","stack":"Error: {\n  \"errors\": [\n    null,\n    [\n      \"/*const palanca = new Palanca(position = game.at(3,3), listaObjetos = [0, 1])\\r\",\n      \"game.addVisual(palanca)\\r\"\n    ]\n  ]\n}\n    at lS (c:\\Users\\santi\\.vscode\\extensions\\uqbar.wollok-lsp-ide-0.5.4\\out\\server\\src\\server.js:64:34609)\n    at Q1 (c:\\Users\\santi\\.vscode\\extensions\\uqbar.wollok-lsp-ide-0.5.4\\out\\server\\src\\server.js:64:34682)\n    at c:\\Users\\santi\\.vscode\\extensions\\uqbar.wollok-lsp-ide-0.5.4\\out\\server\\src\\server.js:64:37949\n    at o.y1 (c:\\Users\\santi\\.vscode\\extensions\\uqbar.wollok-lsp-ide-0.5.4\\out\\server\\src\\server.js:57:59114)\n    at c:\\Users\\santi\\.vscode\\extensions\\uqbar.wollok-lsp-ide-0.5.4\\out\\server\\src\\server.js:64:37918\n    at c:\\Users\\santi\\.vscode\\extensions\\uqbar.wollok-lsp-ide-0.5.4\\out\\server\\src\\server.js:57:57154\n    at Cfn (c:\\Users\\santi\\.vscode\\extensions\\uqbar.wollok-lsp-ide-0.5.4\\out\\server\\src\\server.js:68:11324)\n    at c:\\Users\\santi\\.vscode\\extensions\\uqbar.wollok-lsp-ide-0.5.4\\out\\server\\src\\server.js:68:3629\n    at d4 (c:\\Users\\santi\\.vscode\\extensions\\uqbar.wollok-lsp-ide-0.5.4\\out\\server\\src\\server.js:68:9866)\n    at c:\\Users\\santi\\.vscode\\extensions\\uqbar.wollok-lsp-ide-0.5.4\\out\\server\\src\\server.js:68:9628","timestamp":"2026-06-06T17:00:33.708Z"}
{"level":"info","message":"⌛ Building environment","timeElapsed":201,"timestamp":"2026-06-06T17:00:41.069Z"}
{"level":"info","message":"⌛ Validating juego.wpgm","timeElapsed":157,"timestamp":"2026-06-06T17:00:41.241Z"}
{"level":"info","message":"⌛ Building environment","timeElapsed":104,"timestamp":"2026-06-06T17:00:41.358Z"}
{"level":"info","message":"⌛ Validating juego.wpgm","timeElapsed":230,"timestamp":"2026-06-06T17:00:41.599Z"}
{"level":"info","message":"⌛ Building environment","timeElapsed":133,"timestamp":"2026-06-06T17:00:41.734Z"}
{"level":"info","message":"⌛ Building environment","timeElapsed":147,"timestamp":"2026-06-06T17:00:41.884Z"}
{"level":"info","message":"⌛ Validating juego.wpgm","timeElapsed":241,"timestamp":"2026-06-06T17:00:42.125Z"}
{"level":"info","message":"⌛ Validating juego.wpgm","timeElapsed":172,"timestamp":"2026-06-06T17:00:42.297Z"}
{"errors":{"errors":[null,["/*const palanca = new Palanca(position = game.at(3,3), listaObjetos = [0, 1])\r","game.addVisual(palanca)\r"]]},"level":"error","message":"✘ Failed to get type description: Error: {\n  \"errors\": [\n    null,\n    [\n      \"/*const palanca = new Palanca(position = game.at(3,3), listaObjetos = [0, 1])\\r\",\n      \"game.addVisual(palanca)\\r\"\n    ]\n  ]\n} {\n  \"errors\": [\n    null,\n    [\n      \"/*const palanca = new Palanca(position = game.at(3,3), listaObjetos = [0, 1])\\r\",\n      \"game.addVisual(palanca)\\r\"\n    ]\n  ]\n}","stack":"Error: {\n  \"errors\": [\n    null,\n    [\n      \"/*const palanca = new Palanca(position = game.at(3,3), listaObjetos = [0, 1])\\r\",\n      \"game.addVisual(palanca)\\r\"\n    ]\n  ]\n}\n    at lS (c:\\Users\\santi\\.vscode\\extensions\\uqbar.wollok-lsp-ide-0.5.4\\out\\server\\src\\server.js:64:34609)\n    at Q1 (c:\\Users\\santi\\.vscode\\extensions\\uqbar.wollok-lsp-ide-0.5.4\\out\\server\\src\\server.js:64:34682)\n    at c:\\Users\\santi\\.vscode\\extensions\\uqbar.wollok-lsp-ide-0.5.4\\out\\server\\src\\server.js:64:37949\n    at o.y1 (c:\\Users\\santi\\.vscode\\extensions\\uqbar.wollok-lsp-ide-0.5.4\\out\\server\\src\\server.js:57:59114)\n    at c:\\Users\\santi\\.vscode\\extensions\\uqbar.wollok-lsp-ide-0.5.4\\out\\server\\src\\server.js:64:37918\n    at c:\\Users\\santi\\.vscode\\extensions\\uqbar.wollok-lsp-ide-0.5.4\\out\\server\\src\\server.js:57:57154\n    at Cfn (c:\\Users\\santi\\.vscode\\extensions\\uqbar.wollok-lsp-ide-0.5.4\\out\\server\\src\\server.js:68:11324)\n    at c:\\Users\\santi\\.vscode\\extensions\\uqbar.wollok-lsp-ide-0.5.4\\out\\server\\src\\server.js:68:3629\n    at d4 (c:\\Users\\santi\\.vscode\\extensions\\uqbar.wollok-lsp-ide-0.5.4\\out\\server\\src\\server.js:68:9866)\n    at c:\\Users\\santi\\.vscode\\extensions\\uqbar.wollok-lsp-ide-0.5.4\\out\\server\\src\\server.js:68:9628","timestamp":"2026-06-06T17:00:47.233Z"}
{"level":"info","message":"⌛ Building environment","timeElapsed":195,"timestamp":"2026-06-06T17:00:58.329Z"}
{"level":"info","message":"⌛ Validating juego.wpgm","timeElapsed":222,"timestamp":"2026-06-06T17:00:58.556Z"}
{"level":"info","message":"⌛ Building environment","timeElapsed":109,"timestamp":"2026-06-06T17:00:58.666Z"}
{"level":"info","message":"⌛ Building environment","timeElapsed":255,"timestamp":"2026-06-06T17:00:58.921Z"}
{"level":"info","message":"⌛ Validating juego.wpgm","timeElapsed":173,"timestamp":"2026-06-06T17:00:59.104Z"}
{"level":"info","message":"⌛ Building environment","timeElapsed":131,"timestamp":"2026-06-06T17:00:59.237Z"}
{"level":"info","message":"⌛ Validating juego.wpgm","timeElapsed":237,"timestamp":"2026-06-06T17:00:59.474Z"}
{"level":"info","message":"⌛ Building environment","timeElapsed":127,"timestamp":"2026-06-06T17:00:59.615Z"}
{"level":"info","message":"⌛ Validating juego.wpgm","timeElapsed":156,"timestamp":"2026-06-06T17:00:59.772Z"}
{"level":"info","message":"⌛ Validating juego.wpgm","timeElapsed":151,"timestamp":"2026-06-06T17:00:59.937Z"}
{"level":"info","message":"⌛ Building environment","timeElapsed":127,"timestamp":"2026-06-06T17:01:00.482Z"}
{"level":"info","message":"⌛ Validating juego.wpgm","timeElapsed":202,"timestamp":"2026-06-06T17:01:00.689Z"}
{"level":"info","message":"⌛ Building environment","timeElapsed":115,"timestamp":"2026-06-06T17:01:04.317Z"}
{"level":"info","message":"⌛ Validating juego.wpgm","timeElapsed":141,"timestamp":"2026-06-06T17:01:04.467Z"}
{"level":"info","message":"⌛ Building environment","timeElapsed":133,"timestamp":"2026-06-06T17:01:12.600Z"}
{"level":"info","message":"⌛ Validating juego.wpgm","timeElapsed":218,"timestamp":"2026-06-06T17:01:12.821Z"}
{"level":"info","message":"⌛ Building environment","timeElapsed":114,"timestamp":"2026-06-06T17:01:13.798Z"}
{"level":"info","message":"⌛ Validating juego.wpgm","timeElapsed":140,"timestamp":"2026-06-06T17:01:13.947Z"}
{"level":"error","message":"✘ Failed to get type description: Error: Failed to print, found malformed node Failed to print, found malformed node","node":{"id":"54ba3117-f9bb-40ed-93fc-633648806a26","members":[{"id":"b7b4a91f-e1db-4064-84cc-bf3923fec8a3","isConstant":false,"isProperty":true,"metadata":[],"name":"paredes","scope":{"containerScope":{"containerScope":{"containerScope":{"contributions":{},"includedScopes":[]},"contributions":{},"includedScopes":[{"contributions":{},"includedScopes":[]},{"contributions":{},"includedScopes":[]},{"contributions":{},"includedScopes":[]},{"contributions":{},"includedScopes":[]},{"contributions":{},"includedScopes":[]},{"contributions":{},"includedScopes":[]},{"contributions":{},"includedScopes":[]}]},"contributions":{},"includedScopes":[{"containerScope":{"containerScope":{"containerScope":{"contributions":{},"includedScopes":[]},"contributions":{},"includedScopes":[]},"contributions":{},"includedScopes":[]},"contributions":{},"includedScopes":[]}]},"contributions":{},"includedScopes":[]},"sourceMap":{"end":{"column":30,"line":26,"offset":442},"start":{"column":5,"line":26,"offset":417}},"value":{"id":"950b62d1-4474-4098-b293-fc4f6fb6e7a5","metadata":[],"scope":{"containerScope":{"containerScope":{"containerScope":{"containerScope":{"contributions":{},"includedScopes":[]},"contributions":{},"includedScopes":[{"contributions":{},"includedScopes":[]},{"contributions":{},"includedScopes":[]},{"contributions":{},"includedScopes":[]},{"contributions":{},"includedScopes":[]},{"contributions":{},"includedScopes":[]},{"contributions":{},"includedScopes":[]},{"contributions":{},"includedScopes":[]}]},"contributions":{},"includedScopes":[{"containerScope":{"containerScope":{"containerScope":{"contributions":{},"includedScopes":[]},"contributions":{},"includedScopes":[]},"contributions":{},"includedScopes":[]},"contributions":{},"includedScopes":[]}]},"contributions":{},"includedScopes":[]},"contributions":{},"includedScopes":[]},"sourceMap":{"end":{"column":30,"line":26,"offset":442},"start":{"column":28,"line":26,"offset":440}},"value":[{"id":"e516bd12-0b79-4032-b8dc-502e240d9f98","metadata":[],"name":"wollok.lang.List","scope":{"containerScope":{"containerScope":{"containerScope":{"containerScope":{"containerScope":{"contributions":{},"includedScopes":[]},"contributions":{},"includedScopes":[{"contributions":{},"includedScopes":[]},{"contributions":{},"includedScopes":[]},{"contributions":{},"includedScopes":[]},{"contributions":{},"includedScopes":[]},{"contributions":{},"includedScopes":[]},{"contributions":{},"includedScopes":[]},{"contributions":{},"includedScopes":[]}]},"contributions":{},"includedScopes":[{"containerScope":{"containerScope":{"containerScope":{"contributions":{},"includedScopes":[]},"contributions":{},"includedScopes":[]},"contributions":{},"includedScopes":[]},"contributions":{},"includedScopes":[]}]},"contributions":{},"includedScopes":[]},"contributions":{},"includedScopes":[]},"contributions":{},"includedScopes":[]}},[]]}},{"id":"28fe3b9b-366a-4fb3-b104-4ea2cabc533b","isConstant":false,"isProperty":true,"metadata":[],"name":"monedas","scope":{"containerScope":{"containerScope":{"containerScope":{"contributions":{},"includedScopes":[]},"contributions":{},"includedScopes":[{"contributions":{},"includedScopes":[]},{"contributions":{},"includedScopes":[]},{"contributions":{},"includedScopes":[]},{"contributions":{},"includedScopes":[]},{"contributions":{},"includedScopes":[]},{"contributions":{},"includedScopes":[]},{"contributions":{},"includedScopes":[]}]},"contributions":{},"includedScopes":[{"containerScope":{"containerScope":{"containerScope":{"contributions":{},"includedScopes":[]},"contributions":{},"includedScopes":[]},"contributions":{},"includedScopes":[]},"contributions":{},"includedScopes":[]}]},"contributions":{},"includedScopes":[]},"sourceMap":{"end":{"column":28,"line":28,"offset":509},"start":{"column":3,"line":28,"offset":484}},"value":{"id":"e9aeebca-ccdd-4cf4-ada4-6bf1c5edb914","metadata":[],"scope":{"containerScope":{"containerScope":{"containerScope":{"containerScope":{"contributions":{},"includedScopes":[]},"contributions":{},"includedScopes":[{"contributions":{},"includedScopes":[]},{"contributions":{},"includedScopes":[]},{"contributions":{},"includedScopes":[]},{"contributions":{},"includedScopes":[]},{"contributions":{},"includedScopes":[]},{"contributions":{},"includedScopes":[]},{"contributions":{},"includedScopes":[]}]},"contributions":{},"includedScopes":[{"containerScope":{"containerScope":{"containerScope":{"contributions":{},"includedScopes":[]},"contributions":{},"includedScopes":[]},"contributions":{},"includedScopes":[]},"contributions":{},"includedScopes":[]}]},"contributions":{},"includedScopes":[]},"contributions":{},"includedScopes":[]},"sourceMap":{"end":{"column":28,"line":28,"offset":509},"start":{"column":26,"line":28,"offset":507}},"value":[{"id":"1ce5c700-afee-45df-9656-795e899ee439","metadata":[],"name":"wollok.lang.List","scope":{"containerScope":{"containerScope":{"containerScope":{"containerScope":{"containerScope":{"contributions":{},"includedScopes":[]},"contributions":{},"includedScopes":[{"contributions":{},"includedScopes":[]},{"contributions":{},"includedScopes":[]},{"contributions":{},"includedScopes":[]},{"contributions":{},"includedScopes":[]},{"contributions":{},"includedScopes":[]},{"contributions":{},"includedScopes":[]},{"contributions":{},"includedScopes":[]}]},"contributions":{},"includedScopes":[{"containerScope":{"containerScope":{"containerScope":{"contributions":{},"includedScopes":[]},"contributions":{},"includedScopes":[]},"contributions":{},"includedScopes":[]},"contributions":{},"includedScopes":[]}]},"contributions":{},"includedScopes":[]},"contributions":{},"includedScopes":[]},"contributions":{},"includedScopes":[]}},[]]}},{"id":"9b11427f-e37c-44a4-a963-e9f7650dacf5","isConstant":false,"isProperty":true,"metadata":[],"name":"interactuables","scope":{"containerScope":{"containerScope":{"containerScope":{"contributions":{},"includedScopes":[]},"contributions":{},"includedScopes":[{"contributions":{},"includedScopes":[]},{"contributions":{},"includedScopes":[]},{"contributions":{},"includedScopes":[]},{"contributions":{},"includedScopes":[]},{"contributions":{},"includedScopes":[]},{"contributions":{},"includedScopes":[]},{"contributions":{},"includedScopes":[]}]},"contributions":{},"includedScopes":[{"containerScope":{"containerScope":{"containerScope":{"contributions":{},"includedScopes":[]},"contributions":{},"includedScopes":[]},"contributions":{},"includedScopes":[]},"contributions":{},"includedScopes":[]}]},"contributions":{},"includedScopes":[]},"sourceMap":{"end":{"column":35,"line":29,"offset":545},"start":{"column":3,"line":29,"offset":513}},"value":{"id":"880ac14b-bbc9-408f-b04e-2a5204e55f40","metadata":[],"scope":{"containerScope":{"containerScope":{"containerScope":{"containerScope":{"contributions":{},"includedScopes":[]},"contributions":{},"includedScopes":[{"contributions":{},"includedScopes":[]},{"contributions":{},"includedScopes":[]},{"contributions":{},"includedScopes":[]},{"contributions":{},"includedScopes":[]},{"contributions":{},"includedScopes":[]},{"contributions":{},"includedScopes":[]},{"contributions":{},"includedScopes":[]}]},"contributions":{},"includedScopes":[{"containerScope":{"containerScope":{"containerScope":{"contributions":{},"includedScopes":[]},"contributions":{},"includedScopes":[]},"contributions":{},"includedScopes":[]},"contributions":{},"includedScopes":[]}]},"contributions":{},"includedScopes":[]},"contributions":{},"includedScopes":[]},"sourceMap":{"end":{"column":35,"line":29,"offset":545},"start":{"column":33,"line":29,"offset":543}},"value":[{"id":"8bd02730-7569-4c3e-8fca-faaaa79cc115","metadata":[],"name":"wollok.lang.List","scope":{"containerScope":{"containerScope":{"containerScope":{"containerScope":{"containerScope":{"contributions":{},"includedScopes":[]},"contributions":{},"includedScopes":[{"contributions":{},"includedScopes":[]},{"contributions":{},"includedScopes":[]},{"contributions":{},"includedScopes":[]},{"contributions":{},"includedScopes":[]},{"contributions":{},"includedScopes":[]},{"contributions":{},"includedScopes":[]},{"contributions":{},"includedScopes":[]}]},"contributions":{},"includedScopes":[{"containerScope":{"containerScope":{"containerScope":{"contributions":{},"includedScopes":[]},"contributions":{},"includedScopes":[]},"contributions":{},"includedScopes":[]},"contributions":{},"includedScopes":[]}]},"contributions":{},"includedScopes":[]},"contributions":{},"includedScopes":[]},"contributions":{},"includedScopes":[]}},[]]}},{"id":"2eace33a-4587-4011-a4e2-bc57c7e5d0c4","isConstant":false,"isProperty":true,"metadata":[],"name":"pinchos","scope":{"containerScope":{"containerScope":{"containerScope":{"contributions":{},"includedScopes":[]},"contributions":{},"includedScopes":[{"contributions":{},"includedScopes":[]},{"contributions":{},"includedScopes":[]},{"contributions":{},"includedScopes":[]},{"contributions":{},"includedScopes":[]},{"contributions":{},"includedScopes":[]},{"contributions":{},"includedScopes":[]},{"contributions":{},"includedScopes":[]}]},"contributions":{},"includedScopes":[{"containerScope":{"containerScope":{"containerScope":{"contributions":{},"includedScopes":[]},"contributions":{},"includedScopes":[]},"contributions":{},"includedScopes":[]},"contributions":{},"includedScopes":[]}]},"contributions":{},"includedScopes":[]},"sourceMap":{"end":{"column":28,"line":30,"offset":574},"start":{"column":3,"line":30,"offset":549}},"value":{"id":"95e0eb47-3490-412b-8630-2870451c836e","metadata":[],"scope":{"containerScope":{"containerScope":{"containerScope":{"containerScope":{"contributions":{},"includedScopes":[]},"contributions":{},"includedScopes":[{"contributions":{},"includedScopes":[]},{"contributions":{},"includedScopes":[]},{"contributions":{},"includedScopes":[]},{"contributions":{},"includedScopes":[]},{"contributions":{},"includedScopes":[]},{"contributions":{},"includedScopes":[]},{"contributions":{},"includedScopes":[]}]},"contributions":{},"includedScopes":[{"containerScope":{"containerScope":{"containerScope":{"contributions":{},"includedScopes":[]},"contributions":{},"includedScopes":[]},"contributions":{},"includedScopes":[]},"contributions":{},"includedScopes":[]}]},"contributions":{},"includedScopes":[]},"contributions":{},"includedScopes":[]},"sourceMap":{"end":{"column":28,"line":30,"offset":574},"start":{"column":26,"line":30,"offset":572}},"value":[{"id":"b55bcfb9-bda8-4f40-a4b4-dbb728b493aa","metadata":[],"name":"wollok.lang.List","scope":{"containerScope":{"containerScope":{"containerScope":{"containerScope":{"containerScope":{"contributions":{},"includedScopes":[]},"contributions":{},"includedScopes":[{"contributions":{},"includedScopes":[]},{"contributions":{},"includedScopes":[]},{"contributions":{},"includedScopes":[]},{"contributions":{},"includedScopes":[]},{"contributions":{},"includedScopes":[]},{"contributions":{},"includedScopes":[]},{"contributions":{},"includedScopes":[]}]},"contributions":{},"includedScopes":[{"containerScope":{"containerScope":{"containerScope":{"contributions":{},"includedScopes":[]},"contributions":{},"includedScopes":[]},"contributions":{},"includedScopes":[]},"contributions":{},"includedScopes":[]}]},"contributions":{},"includedScopes":[]},"contributions":{},"includedScopes":[]},"contributions":{},"includedScopes":[]}},[]]}},{"id":"17c3433e-4a93-4cdd-8da4-a59c6ab8586f","isConstant":false,"isProperty":true,"metadata":[],"name":"antorchas","scope":{"containerScope":{"containerScope":{"containerScope":{"contributions":{},"includedScopes":[]},"contributions":{},"includedScopes":[{"contributions":{},"includedScopes":[]},{"contributions":{},"includedScopes":[]},{"contributions":{},"includedScopes":[]},{"contributions":{},"includedScopes":[]},{"contributions":{},"includedScopes":[]},{"contributions":{},"includedScopes":[]},{"contributions":{},"includedScopes":[]}]},"contributions":{},"includedScopes":[{"containerScope":{"containerScope":{"containerScope":{"contributions":{},"includedScopes":[]},"contributions":{},"includedScopes":[]},"contributions":{},"includedScopes":[]},"contributions":{},"includedScopes":[]}]},"contributions":{},"includedScopes":[]},"sourceMap":{"end":{"column":30,"line":31,"offset":605},"start":{"column":3,"line":31,"offset":578}},"value":{"id":"68595878-57f3-4c43-a9d0-c8733796b16f","metadata":[],"scope":{"containerScope":{"containerScope":{"containerScope":{"containerScope":{"contributions":{},"includedScopes":[]},"contributions":{},"includedScopes":[{"contributions":{},"includedScopes":[]},{"contributions":{},"includedScopes":[]},{"contributions":{},"includedScopes":[]},{"contributions":{},"includedScopes":[]},{"contributions":{},"includedScopes":[]},{"contributions":{},"includedScopes":[]},{"contributions":{},"includedScopes":[]}]},"contributions":{},"includedScopes":[{"containerScope":{"containerScope":{"containerScope":{"contributions":{},"includedScopes":[]},"contributions":{},"includedScopes":[]},"contributions":{},"includedScopes":[]},"contributions":{},"includedScopes":[]}]},"contributions":{},"includedScopes":[]},"contributions":{},"includedScopes":[]},"sourceMap":{"end":{"column":30,"line":31,"offset":605},"start":{"column":28,"line":31,"offset":603}},"value":[{"id":"24ed8d30-3605-40ec-a39b-d2a647095a01","metadata":[],"name":"wollok.lang.List","scope":{"containerScope":{"containerScope":{"containerScope":{"containerScope":{"containerScope":{"contributions":{},"includedScopes":[]},"contributions":{},"includedScopes":[{"contributions":{},"includedScopes":[]},{"contributions":{},"includedScopes":[]},{"contributions":{},"includedScopes":[]},{"contributions":{},"includedScopes":[]},{"contributions":{},"includedScopes":[]},{"contributions":{},"includedScopes":[]},{"contributions":{},"includedScopes":[]}]},"contributions":{},"includedScopes":[{"containerScope":{"containerScope":{"containerScope":{"contributions":{},"includedScopes":[]},"contributions":{},"includedScopes":[]},"contributions":{},"includedScopes":[]},"contributions":{},"includedScopes":[]}]},"contributions":{},"includedScopes":[]},"contributions":{},"includedScopes":[]},"contributions":{},"includedScopes":[]}},[]]}},{"id":"ff33be84-d103-4c07-b742-3d808f4c74ae","isConstant":false,"isProperty":true,"metadata":[],"name":"destinoEnemigos","scope":{"containerScope":{"containerScope":{"containerScope":{"contributions":{},"includedScopes":[]},"contributions":{},"includedScopes":[{"contributions":{},"includedScopes":[]},{"contributions":{},"includedScopes":[]},{"contributions":{},"includedScopes":[]},{"contributions":{},"includedScopes":[]},{"contributions":{},"includedScopes":[]},{"contributions":{},"includedScopes":[]},{"contributions":{},"includedScopes":[]}]},"contributions":{},"includedScopes":[{"containerScope":{"containerScope":{"containerScope":{"contributions":{},"includedScopes":[]},"contributions":{},"includedScopes":[]},"contributions":{},"includedScopes":[]},"contributions":{},"includedScopes":[]}]},"contributions":{},"includedScopes":[]},"sourceMap":{"end":{"column":36,"line":32,"offset":642},"start":{"column":3,"line":32,"offset":609}},"value":{"id":"df8b69b3-7456-4ef5-8117-4812b2adadfd","metadata":[],"scope":{"containerScope":{"containerScope":{"containerScope":{"containerScope":{"contributions":{},"includedScopes":[]},"contributions":{},"includedScopes":[{"contributions":{},"includedScopes":[]},{"contributions":{},"includedScopes":[]},{"contributions":{},"includedScopes":[]},{"contributions":{},"includedScopes":[]},{"contributions":{},"includedScopes":[]},{"contributions":{},"includedScopes":[]},{"contributions":{},"includedScopes":[]}]},"contributions":{},"includedScopes":[{"containerScope":{"containerScope":{"containerScope":{"contributions":{},"includedScopes":[]},"contributions":{},"includedScopes":[]},"contributions":{},"includedScopes":[]},"contributions":{},"includedScopes":[]}]},"contributions":{},"includedScopes":[]},"contributions":{},"includedScopes":[]},"sourceMap":{"end":{"column":36,"line":32,"offset":642},"start":{"column":34,"line":32,"offset":640}},"value":[{"id":"f52c8965-ee13-42ee-bf2b-972cb398b0cd","metadata":[],"name":"wollok.lang.List","scope":{"containerScope":{"containerScope":{"containerScope":{"containerScope":{"containerScope":{"contributions":{},"includedScopes":[]},"contributions":{},"includedScopes":[{"contributions":{},"includedScopes":[]},{"contributions":{},"includedScopes":[]},{"contributions":{},"includedScopes":[]},{"contributions":{},"includedScopes":[]},{"contributions":{},"includedScopes":[]},{"contributions":{},"includedScopes":[]},{"contributions":{},"includedScopes":[]}]},"contributions":{},"includedScopes":[{"containerScope":{"containerScope":{"containerScope":{"contributions":{},"includedScopes":[]},"contributions":{},"includedScopes":[]},"contributions":{},"includedScopes":[]},"contributions":{},"includedScopes":[]}]},"contributions":{},"includedScopes":[]},"contributions":{},"includedScopes":[]},"contributions":{},"includedScopes":[]}},[]]}},{"id":"31b50232-3443-40e9-8137-abbef9f892b2","isConstant":false,"isProperty":true,"metadata":[],"name":"pisables","scope":{"containerScope":{"containerScope":{"containerScope":{"contributions":{},"includedScopes":[]},"contributions":{},"includedScopes":[{"contributions":{},"includedScopes":[]},{"contributions":{},"includedScopes":[]},{"contributions":{},"includedScopes":[]},{"contributions":{},"includedScopes":[]},{"contributions":{},"includedScopes":[]},{"contributions":{},"includedScopes":[]},{"contributions":{},"includedScopes":[]}]},"contributions":{},"includedScopes":[{"containerScope":{"containerScope":{"containerScope":{"contributions":{},"includedScopes":[]},"contributions":{},"includedScopes":[]},"contributions":{},"includedScopes":[]},"contributions":{},"includedScopes":[]}]},"contributions":{},"includedScopes":[]},"sourceMap":{"end":{"column":29,"line":33,"offset":672},"start":{"column":3,"line":33,"offset":646}},"value":{"id":"33d48ace-0fda-4252-9d98-d8ec0607782e","metadata":[],"scope":{"containerScope":{"containerScope":{"containerScope":{"containerScope":{"contributions":{},"includedScopes":[]},"contributions":{},"includedScopes":[{"contributions":{},"includedScopes":[]},{"contributions":{},"includedScopes":[]},{"contributions":{},"includedScopes":[]},{"contributions":{},"includedScopes":[]},{"contributions":{},"includedScopes":[]},{"contributions":{},"includedScopes":[]},{"contributions":{},"includedScopes":[]}]},"contributions":{},"includedScopes":[{"containerScope":{"containerScope":{"containerScope":{"contributions":{},"includedScopes":[]},"contributions":{},"includedScopes":[]},"contributions":{},"includedScopes":[]},"contributions":{},"includedScopes":[]}]},"contributions":{},"includedScopes":[]},"contributions":{},"includedScopes":[]},"sourceMap":{"end":{"column":29,"line":33,"offset":672},"start":{"column":27,"line":33,"offset":670}},"value":[{"id":"cc853a4b-ceb0-4e09-bbbb-52a7b4d9a223","metadata":[],"name":"wollok.lang.List","scope":{"containerScope":{"containerScope":{"containerScope":{"containerScope":{"containerScope":{"contributions":{},"includedScopes":[]},"contributions":{},"includedScopes":[{"contributions":{},"includedScopes":[]},{"contributions":{},"includedScopes":[]},{"contributions":{},"includedScopes":[]},{"contributions":{},"includedScopes":[]},{"contributions":{},"includedScopes":[]},{"contributions":{},"includedScopes":[]},{"contributions":{},"includedScopes":[]}]},"contributions":{},"includedScopes":[{"containerScope":{"containerScope":{"containerScope":{"contributions":{},"includedScopes":[]},"contributions":{},"includedScopes":[]},"contributions":{},"includedScopes":[]},"contributions":{},"includedScopes":[]}]},"contributions":{},"includedScopes":[]},"contributions":{},"includedScopes":[]},"contributions":{},"includedScopes":[]}},[]]}},{"body":{"id":"0849a05b-8882-4968-a2e3-ca7af7bc6dba","metadata":[],"problems":[],"scope":{"containerScope":{"containerScope":{"containerScope":{"containerScope":{"contributions":{},"includedScopes":[]},"contributions":{},"includedScopes":[{"contributions":{},"includedScopes":[]},{"contributions":{},"includedScopes":[]},{"contributions":{},"includedScopes":[]},{"contributions":{},"includedScopes":[]},{"contributions":{},"includedScopes":[]},{"contributions":{},"includedScopes":[]},{"contributions":{},"includedScopes":[]}]},"contributions":{},"includedScopes":[{"containerScope":{"containerScope":{"containerScope":{"contributions":{},"includedScopes":[]},"contributions":{},"includedScopes":[]},"contributions":{},"includedScopes":[]},"contributions":{},"includedScopes":[]}]},"contributions":{},"includedScopes":[]},"contributions":{},"includedScopes":[]},"sentences":[{"id":"b1318127-b1a5-4d9e-a438-26e57410086d","metadata":[],"scope":{"containerScope":{"containerScope":{"containerScope":{"containerScope":{"containerScope":{"contributions":{},"includedScopes":[]},"contributions":{},"includedScopes":[{"contributions":{},"includedScopes":[]},{"contributions":{},"includedScopes":[]},{"contributions":{},"includedScopes":[]},{"contributions":{},"includedScopes":[]},{"contributions":{},"includedScopes":[]},{"contributions":{},"includedScopes":[]},{"contributions":{},"includedScopes":[]}]},"contributions":{},"includedScopes":[{"containerScope":{"containerScope":{"containerScope":{"contributions":{},"includedScopes":[]},"contributions":{},"includedScopes":[]},"contributions":{},"includedScopes":[]},"contributions":{},"includedScopes":[]}]},"contributions":{},"includedScopes":[]},"contributions":{},"includedScopes":[]},"contributions":{},"includedScopes":[]},"sourceMap":{"end":{"column":82,"line":36,"offset":790},"start":{"column":9,"line":36,"offset":717}},"value":{"args":[{"id":"ab49b762-95f7-4afe-88fd-b30f283398c8","members":[{"body":{"id":"941a058f-893f-44dc-8d73-e7a50befed8b","metadata":[],"scope":{"containerScope":{"containerScope":{"containerScope":{"containerScope":{"containerScope":{"containerScope":{"containerScope":{"containerScope":{"containerScope":{"contributions":{},"includedScopes":[]},"contributions":{},"includedScopes":[{"contributions":{},"includedScopes":[]},{"contributions":{},"includedScopes":[]},{"contributions":{},"includedScopes":[]},{"contributions":{},"includedScopes":[]},{"contributions":{},"includedScopes":[]},{"contributions":{},"includedScopes":[]},{"contributions":{},"includedScopes":[]}]},"contributions":{},"includedScopes":[{"containerScope":{"containerScope":{"containerScope":{"contributions":{},"includedScopes":[]},"contributions":{},"includedScopes":[]},"contributions":{},"includedScopes":[]},"contributions":{},"includedScopes":[]}]},"contributions":{},"includedScopes":[]},"contributions":{},"includedScopes":[]},"contributions":{},"includedScopes":[]},"contributions":{},"includedScopes":[]},"contributions":{},"includedScopes":[{"containerScope":{"containerScope":{"containerScope":{"contributions":{},"includedScopes":[]},"contributions":{},"includedScopes":[]},"contributions":{},"includedScopes":[]},"contributions":{},"includedScopes":[{"containerScope":{"containerScope":{"containerScope":{"contributions":{},"includedScopes":[]},"contributions":{},"includedScopes":[]},"contributions":{},"includedScopes":[]},"contributions":{},"includedScopes":[]}]},{"containerScope":{"containerScope":{"containerScope":{"contributions":{},"includedScopes":[]},"contributions":{},"includedScopes":[]},"contributions":{},"includedScopes":[]},"contributions":{},"includedScopes":[]}]},"contributions":{},"includedScopes":[]},"contributions":{},"includedScopes":[]},"sentences":[{"id":"c8698a4f-1583-4999-937b-b46761ac0ba8","metadata":[],"scope":{"containerScope":{"containerScope":{"containerScope":{"containerScope":{"containerScope":{"containerScope":{"containerScope":{"containerScope":{"containerScope":{"containerScope":{"contributions":{},"includedScopes":[]},"contributions":{},"includedScopes":[{"contributions":{},"includedScopes":[]},{"contributions":{},"includedScopes":[]},{"contributions":{},"includedScopes":[]},{"contributions":{},"includedScopes":[]},{"contributions":{},"includedScopes":[]},{"contributions":{},"includedScopes":[]},{"contributions":{},"includedScopes":[]}]},"contributions":{},"includedScopes":[{"containerScope":{"containerScope":{"containerScope":{"contributions":{},"includedScopes":[]},"contributions":{},"includedScopes":[]},"contributions":{},"includedScopes":[]},"contributions":{},"includedScopes":[]}]},"contributions":{},"includedScopes":[]},"contributions":{},"includedScopes":[]},"contributions":{},"includedScopes":[]},"contributions":{},"includedScopes":[]},"contributions":{},"includedScopes":[{"containerScope":{"containerScope":{"containerScope":{"contributions":{},"includedScopes":[]},"contributions":{},"includedScopes":[]},"contributions":{},"includedScopes":[]},"contributions":{},"includedScopes":[{"containerScope":{"containerScope":{"containerScope":{"contributions":{},"includedScopes":[]},"contributions":{},"includedScopes":[]},"contributions":{},"includedScopes":[]},"contributions":{},"includedScopes":[]}]},{"containerScope":{"containerScope":{"containerScope":{"contributions":{},"includedScopes":[]},"contributions":{},"includedScopes":[]},"contributions":{},"includedScopes":[]},"contributions":{},"includedScopes":[]}]},"contributions":{},"includedScopes":[]},"contributions":{},"includedScopes":[]},"contributions":{},"includedScopes":[]},"value":{"args":[{"args":[{"id":"13dda623-a1e0-4bdb-a93e-d103a3e67562","metadata":[],"name":"y","scope":{"containerScope":{"containerScope":{"containerScope":{"containerScope":{"containerScope":{"containerScope":{"containerScope":{"containerScope":{"containerScope":{"containerScope":{"containerScope":{"containerScope":{"containerScope":{"contributions":{},"includedScopes":[]},"contributions":{},"includedScopes":[{"contributions":{},"includedScopes":[]},{"contributions":{},"includedScopes":[]},{"contributions":{},"includedScopes":[]},{"contributions":{},"includedScopes":[]},{"contributions":{},"includedScopes":[]},{"contributions":{},"includedScopes":[]},{"contributions":{},"includedScopes":[]}]},"contributions":{},"includedScopes":[{"containerScope":{"containerScope":{"containerScope":{"contributions":{},"includedScopes":[]},"contributions":{},"includedScopes":[]},"contributions":{},"includedScopes":[]},"contributions":{},"includedScopes":[]}]},"contributions":{},"includedScopes":[]},"contributions":{},"includedScopes":[]},"contributions":{},"includedScopes":[]},"contributions":{},"includedScopes":[]},"contributions":{},"includedScopes":[{"containerScope":{"containerScope":{"containerScope":{"contributions":{},"includedScopes":[]},"contributions":{},"includedScopes":[]},"contributions":{},"includedScopes":[]},"contributions":{},"includedScopes":[{"containerScope":{"containerScope":{"containerScope":{"contributions":{},"includedScopes":[]},"contributions":{},"includedScopes":[]},"contributions":{},"includedScopes":[]},"contributions":{},"includedScopes":[]}]},{"containerScope":{"containerScope":{"containerScope":{"contributions":{},"includedScopes":[]},"contributions":{},"includedScopes":[]},"contributions":{},"includedScopes":[]},"contributions":{},"includedScopes":[]}]},"contributions":{},"includedScopes":[]},"contributions":{},"includedScopes":[]},"contributions":{},"includedScopes":[]},"contributions":{},"includedScopes":[]},"contributions":{},"includedScopes":[]},"contributions":{},"includedScopes":[]},"sourceMap":{"end":{"column":79,"line":36,"offset":787},"start":{"column":78,"line":36,"offset":786}}}],"id":"dfeb03ab-2c4e-4733-886d-77409df6884c","message":"==","metadata":[],"receiver":{"args":[],"id":"3d2133ec-9511-4fc5-b335-d1dfede07701","message":"y","metadata":[],"receiver":{"args":[],"id":"aca02cad-5964-41c2-b26f-66d972214c76","message":"position","metadata":[],"receiver":{"id":"07af4875-291b-4235-a2be-4f7b5478dd8a","metadata":[],"name":"c","scope":{"containerScope":{"containerScope":{"containerScope":{"containerScope":{"containerScope":{"containerScope":{"containerScope":{"containerScope":{"containerScope":{"containerScope":{"containerScope":{"containerScope":{"containerScope":{"containerScope":{"containerScope":{"contributions":{},"includedScopes":[]},"contributions":{},"includedScopes":[{"contributions":{},"includedScopes":[]},{"contributions":{},"includedScopes":[]},{"contributions":{},"includedScopes":[]},{"contributions":{},"includedScopes":[]},{"contributions":{},"includedScopes":[]},{"contributions":{},"includedScopes":[]},{"contributions":{},"includedScopes":[]}]},"contributions":{},"includedScopes":[{"containerScope":{"containerScope":{"containerScope":{"contributions":{},"includedScopes":[]},"contributions":{},"includedScopes":[]},"contributions":{},"includedScopes":[]},"contributions":{},"includedScopes":[]}]},"contributions":{},"includedScopes":[]},"contributions":{},"includedScopes":[]},"contributions":{},"includedScopes":[]},"contributions":{},"includedScopes":[]},"contributions":{},"includedScopes":[{"containerScope":{"containerScope":{"containerScope":{"contributions":{},"includedScopes":[]},"contributions":{},"includedScopes":[]},"contributions":{},"includedScopes":[]},"contributions":{},"includedScopes":[{"containerScope":{"containerScope":{"containerScope":{"contributions":{},"includedScopes":[]},"contributions":{},"includedScopes":[]},"contributions":{},"includedScopes":[]},"contributions":{},"includedScopes":[]}]},{"containerScope":{"containerScope":{"containerScope":{"contributions":{},"includedScopes":[]},"contributions":{},"includedScopes":[]},"contributions":{},"includedScopes":[]},"contributions":{},"includedScopes":[]}]},"contributions":{},"includedScopes":[]},"contributions":{},"includedScopes":[]},"contributions":{},"includedScopes":[]},"contributions":{},"includedScopes":[]},"contributions":{},"includedScopes":[]},"contributions":{},"includedScopes":[]},"contributions":{},"includedScopes":[]},"contributions":{},"includedScopes":[]},"sourceMap":{"end":{"column":59,"line":36,"offset":767},"start":{"column":58,"line":36,"offset":766}}},"scope":{"containerScope":{"containerScope":{"containerScope":{"containerScope":{"containerScope":{"containerScope":{"containerScope":{"containerScope":{"containerScope":{"containerScope":{"containerScope":{"containerScope":{"containerScope":{"containerScope":{"contributions":{},"includedScopes":[]},"contributions":{},"includedScopes":[{"contributions":{},"includedScopes":[]},{"contributions":{},"includedScopes":[]},{"contributions":{},"includedScopes":[]},{"contributions":{},"includedScopes":[]},{"contributions":{},"includedScopes":[]},{"contributions":{},"includedScopes":[]},{"contributions":{},"includedScopes":[]}]},"contributions":{},"includedScopes":[{"containerScope":{"containerScope":{"containerScope":{"contributions":{},"includedScopes":[]},"contributions":{},"includedScopes":[]},"contributions":{},"includedScopes":[]},"contributions":{},"includedScopes":[]}]},"contributions":{},"includedScopes":[]},"contributions":{},"includedScopes":[]},"contributions":{},"includedScopes":[]},"contributions":{},"includedScopes":[]},"contributions":{},"includedScopes":[{"containerScope":{"containerScope":{"containerScope":{"contributions":{},"includedScopes":[]},"contributions":{},"includedScopes":[]},"contributions":{},"includedScopes":[]},"contributions":{},"includedScopes":[{"containerScope":{"containerScope":{"containerScope":{"contributions":{},"includedScopes":[]},"contributions":{},"includedScopes":[]},"contributions":{},"includedScopes":[]},"contributions":{},"includedScopes":[]}]},{"containerScope":{"containerScope":{"containerScope":{"contributions":{},"includedScopes":[]},"contributions":{},"includedScopes":[]},"contributions":{},"includedScopes":[]},"contributions":{},"includedScopes":[]}]},"contributions":{},"includedScopes":[]},"contributions":{},"includedScopes":[]},"contributions":{},"includedScopes":[]},"contributions":{},"includedScopes":[]},"contributions":{},"includedScopes":[]},"contributions":{},"includedScopes":[]},"contributions":{},"includedScopes":[]},"sourceMap":{"end":{"column":70,"line":36,"offset":778},"start":{"column":58,"line":36,"offset":766}}},"scope":{"containerScope":{"containerScope":{"containerScope":{"containerScope":{"containerScope":{"containerScope":{"containerScope":{"containerScope":{"containerScope":{"containerScope":{"containerScope":{"containerScope":{"containerScope":{"contributions":{},"includedScopes":[]},"contributions":{},"includedScopes":[{"contributions":{},"includedScopes":[]},{"contributions":{},"includedScopes":[]},{"contributions":{},"includedScopes":[]},{"contributions":{},"includedScopes":[]},{"contributions":{},"includedScopes":[]},{"contributions":{},"includedScopes":[]},{"contributions":{},"includedScopes":[]}]},"contributions":{},"includedScopes":[{"containerScope":{"containerScope":{"containerScope":{"contributions":{},"includedScopes":[]},"contributions":{},"includedScopes":[]},"contributions":{},"includedScopes":[]},"contributions":{},"includedScopes":[]}]},"contributions":{},"includedScopes":[]},"contributions":{},"includedScopes":[]},"contributions":{},"includedScopes":[]},"contributions":{},"includedScopes":[]},"contributions":{},"includedScopes":[{"containerScope":{"containerScope":{"containerScope":{"contributions":{},"includedScopes":[]},"contributions":{},"includedScopes":[]},"contributions":{},"includedScopes":[]},"contributions":{},"includedScopes":[{"containerScope":{"containerScope":{"containerScope":{"contributions":{},"includedScopes":[]},"contributions":{},"includedScopes":[]},"contributions":{},"includedScopes":[]},"contributions":{},"includedScopes":[]}]},{"containerScope":{"containerScope":{"containerScope":{"contributions":{},"includedScopes":[]},"contributions":{},"includedScopes":[]},"contributions":{},"includedScopes":[]},"contributions":{},"includedScopes":[]}]},"contributions":{},"includedScopes":[]},"contributions":{},"includedScopes":[]},"contributions":{},"includedScopes":[]},"contributions":{},"includedScopes":[]},"contributions":{},"includedScopes":[]},"contributions":{},"includedScopes":[]},"sourceMap":{"end":{"column":74,"line":36,"offset":782},"start":{"column":58,"line":36,"offset":766}}},"scope":{"containerScope":{"containerScope":{"containerScope":{"containerScope":{"containerScope":{"containerScope":{"containerScope":{"containerScope":{"containerScope":{"containerScope":{"containerScope":{"containerScope":{"contributions":{},"includedScopes":[]},"contributions":{},"includedScopes":[{"contributions":{},"includedScopes":[]},{"contributions":{},"includedScopes":[]},{"contributions":{},"includedScopes":[]},{"contributions":{},"includedScopes":[]},{"contributions":{},"includedScopes":[]},{"contributions":{},"includedScopes":[]},{"contributions":{},"includedScopes":[]}]},"contributions":{},"includedScopes":[{"containerScope":{"containerScope":{"containerScope":{"contributions":{},"includedScopes":[]},"contributions":{},"includedScopes":[]},"contributions":{},"includedScopes":[]},"contributions":{},"includedScopes":[]}]},"contributions":{},"includedScopes":[]},"contributions":{},"includedScopes":[]},"contributions":{},"includedScopes":[]},"contributions":{},"includedScopes":[]},"contributions":{},"includedScopes":[{"containerScope":{"containerScope":{"containerScope":{"contributions":{},"includedScopes":[]},"contributions":{},"includedScopes":[]},"contributions":{},"includedScopes":[]},"contributions":{},"includedScopes":[{"containerScope":{"containerScope":{"containerScope":{"contributions":{},"includedScopes":[]},"contributions":{},"includedScopes":[]},"contributions":{},"includedScopes":[]},"contributions":{},"includedScopes":[]}]},{"containerScope":{"containerScope":{"containerScope":{"contributions":{},"includedScopes":[]},"contributions":{},"includedScopes":[]},"contributions":{},"includedScopes":[]},"contributions":{},"includedScopes":[]}]},"contributions":{},"includedScopes":[]},"contributions":{},"includedScopes":[]},"contributions":{},"includedScopes":[]},"contributions":{},"includedScopes":[]},"contributions":{},"includedScopes":[]},"sourceMap":{"end":{"column":79,"line":36,"offset":787},"start":{"column":58,"line":36,"offset":766}}}],"id":"15a8fe87-26a4-4ef5-874c-2ed9b7cd9589","message":"&&","metadata":[],"receiver":{"args":[{"id":"3c39ae69-7c31-4b7f-bc18-72a429d776c4","metadata":[],"name":"x","scope":{"containerScope":{"containerScope":{"containerScope":{"containerScope":{"containerScope":{"containerScope":{"containerScope":{"containerScope":{"containerScope":{"containerScope":{"containerScope":{"containerScope":{"containerScope":{"contributions":{},"includedScopes":[]},"contributions":{},"includedScopes":[{"contributions":{},"includedScopes":[]},{"contributions":{},"includedScopes":[]},{"contributions":{},"includedScopes":[]},{"contributions":{},"includedScopes":[]},{"contributions":{},"includedScopes":[]},{"contributions":{},"includedScopes":[]},{"contributions":{},"includedScopes":[]}]},"contributions":{},"includedScopes":[{"containerScope":{"containerScope":{"containerScope":{"contributions":{},"includedScopes":[]},"contributions":{},"includedScopes":[]},"contributions":{},"includedScopes":[]},"contributions":{},"includedScopes":[]}]},"contributions":{},"includedScopes":[]},"contributions":{},"includedScopes":[]},"contributions":{},"includedScopes":[]},"contributions":{},"includedScopes":[]},"contributions":{},"includedScopes":[{"containerScope":{"containerScope":{"containerScope":{"contributions":{},"includedScopes":[]},"contributions":{},"includedScopes":[]},"contributions":{},"includedScopes":[]},"contributions":{},"includedScopes":[{"containerScope":{"containerScope":{"containerScope":{"contributions":{},"includedScopes":[]},"contributions":{},"includedScopes":[]},"contributions":{},"includedScopes":[]},"contributions":{},"includedScopes":[]}]},{"containerScope":{"containerScope":{"containerScope":{"contributions":{},"includedScopes":[]},"contributions":{},"includedScopes":[]},"contributions":{},"includedScopes":[]},"contributions":{},"includedScopes":[]}]},"contributions":{},"includedScopes":[]},"contributions":{},"includedScopes":[]},"contributions":{},"includedScopes":[]},"contributions":{},"includedScopes":[]},"contributions":{},"includedScopes":[]},"contributions":{},"includedScopes":[]},"sourceMap":{"end":{"column":54,"line":36,"offset":762},"start":{"column":53,"line":36,"offset":761}}}],"id":"c63158ad-21f3-468a-ba20-c0e5a39733f8","message":"==","metadata":[],"receiver":{"args":[],"id":"7c28a08b-68b7-4607-a58f-1d6384eed70e","message":"x","metadata":[],"receiver":{"args":[],"id":"ad99c317-b41f-4e02-aae9-f4ae6e8af9db","message":"position","metadata":[],"receiver":{"id":"478ba11b-27a6-4bf7-a6d6-39446514118a","metadata":[],"name":"c","scope":{"containerScope":{"containerScope":{"containerScope":{"containerScope":{"containerScope":{"containerScope":{"containerScope":{"containerScope":{"containerScope":{"containerScope":{"containerScope":{"containerScope":{"containerScope":{"containerScope":{"containerScope":{"contributions":{},"includedScopes":[]},"contributions":{},"includedScopes":[{"contributions":{},"includedScopes":[]},{"contributions":{},"includedScopes":[]},{"contributions":{},"includedScopes":[]},{"contributions":{},"includedScopes":[]},{"contributions":{},"includedScopes":[]},{"contributions":{},"includedScopes":[]},{"contributions":{},"includedScopes":[]}]},"contributions":{},"includedScopes":[{"containerScope":{"containerScope":{"containerScope":{"contributions":{},"includedScopes":[]},"contributions":{},"includedScopes":[]},"contributions":{},"includedScopes":[]},"contributions":{},"includedScopes":[]}]},"contributions":{},"includedScopes":[]},"contributions":{},"includedScopes":[]},"contributions":{},"includedScopes":[]},"contributions":{},"includedScopes":[]},"contributions":{},"includedScopes":[{"containerScope":{"containerScope":{"containerScope":{"contributions":{},"includedScopes":[]},"contributions":{},"includedScopes":[]},"contributions":{},"includedScopes":[]},"contributions":{},"includedScopes":[{"containerScope":{"containerScope":{"containerScope":{"contributions":{},"includedScopes":[]},"contributions":{},"includedScopes":[]},"contributions":{},"includedScopes":[]},"contributions":{},"includedScopes":[]}]},{"containerScope":{"containerScope":{"containerScope":{"contributions":{},"includedScopes":[]},"contributions":{},"includedScopes":[]},"contributions":{},"includedScopes":[]},"contributions":{},"includedScopes":[]}]},"contributions":{},"includedScopes":[]},"contributions":{},"includedScopes":[]},"contributions":{},"includedScopes":[]},"contributions":{},"includedScopes":[]},"contributions":{},"includedScopes":[]},"contributions":{},"includedScopes":[]},"contributions":{},"includedScopes":[]},"contributions":{},"includedScopes":[]},"sourceMap":{"end":{"column":34,"line":36,"offset":742},"start":{"column":33,"line":36,"offset":741}}},"scope":{"containerScope":{"containerScope":{"containerScope":{"containerScope":{"containerScope":{"containerScope":{"containerScope":{"containerScope":{"containerScope":{"containerScope":{"containerScope":{"containerScope":{"containerScope":{"containerScope":{"contributions":{},"includedScopes":[]},"contributions":{},"includedScopes":[{"contributions":{},"includedScopes":[]},{"contributions":{},"includedScopes":[]},{"contributions":{},"includedScopes":[]},{"contributions":{},"includedScopes":[]},{"contributions":{},"includedScopes":[]},{"contributions":{},"includedScopes":[]},{"contributions":{},"includedScopes":[]}]},"contributions":{},"includedScopes":[{"containerScope":{"containerScope":{"containerScope":{"contributions":{},"includedScopes":[]},"contributions":{},"includedScopes":[]},"contributions":{},"includedScopes":[]},"contributions":{},"includedScopes":[]}]},"contributions":{},"includedScopes":[]},"contributions":{},"includedScopes":[]},"contributions":{},"includedScopes":[]},"contributions":{},"includedScopes":[]},"contributions":{},"includedScopes":[{"containerScope":{"containerScope":{"containerScope":{"contributions":{},"includedScopes":[]},"contributions":{},"includedScopes":[]},"contributions":{},"includedScopes":[]},"contributions":{},"includedScopes":[{"containerScope":{"containerScope":{"containerScope":{"contributions":{},"includedScopes":[]},"contributions":{},"includedScopes":[]},"contributions":{},"includedScopes":[]},"contributions":{},"includedScopes":[]}]},{"containerScope":{"containerScope":{"containerScope":{"contributions":{},"includedScopes":[]},"contributions":{},"includedScopes":[]},"contributions":{},"includedScopes":[]},"contributions":{},"includedScopes":[]}]},"contributions":{},"includedScopes":[]},"contributions":{},"includedScopes":[]},"contributions":{},"includedScopes":[]},"contributions":{},"includedScopes":[]},"contributions":{},"includedScopes":[]},"contributions":{},"includedScopes":[]},"contributions":{},"includedScopes":[]},"sourceMap":{"end":{"column":45,"line":36,"offset":753},"start":{"column":33,"line":36,"offset":741}}},"scope":{"containerScope":{"containerScope":{"containerScope":{"containerScope":{"containerScope":{"containerScope":{"containerScope":{"containerScope":{"containerScope":{"containerScope":{"containerScope":{"containerScope":{"containerScope":{"contributions":{},"includedScopes":[]},"contributions":{},"includedScopes":[{"contributions":{},"includedScopes":[]},{"contributions":{},"includedScopes":[]},{"contributions":{},"includedScopes":[]},{"contributions":{},"includedScopes":[]},{"contributions":{},"includedScopes":[]},{"contributions":{},"includedScopes":[]},{"contributions":{},"includedScopes":[]}]},"contributions":{},"includedScopes":[{"containerScope":{"containerScope":{"containerScope":{"contributions":{},"includedScopes":[]},"contributions":{},"includedScopes":[]},"contributions":{},"includedScopes":[]},"contributions":{},"includedScopes":[]}]},"contributions":{},"includedScopes":[]},"contributions":{},"includedScopes":[]},"contributions":{},"includedScopes":[]},"contributions":{},"includedScopes":[]},"contributions":{},"includedScopes":[{"containerScope":{"containerScope":{"containerScope":{"contributions":{},"includedScopes":[]},"contributions":{},"includedScopes":[]},"contributions":{},"includedScopes":[]},"contributions":{},"includedScopes":[{"containerScope":{"containerScope":{"containerScope":{"contributions":{},"includedScopes":[]},"contributions":{},"includedScopes":[]},"contributions":{},"includedScopes":[]},"contributions":{},"includedScopes":[]}]},{"containerScope":{"containerScope":{"containerScope":{"contributions":{},"includedScopes":[]},"contributions":{},"includedScopes":[]},"contributions":{},"includedScopes":[]},"contributions":{},"includedScopes":[]}]},"contributions":{},"includedScopes":[]},"contributions":{},"includedScopes":[]},"contributions":{},"includedScopes":[]},"contributions":{},"includedScopes":[]},"contributions":{},"includedScopes":[]},"contributions":{},"includedScopes":[]},"sourceMap":{"end":{"column":49,"line":36,"offset":757},"start":{"column":33,"line":36,"offset":741}}},"scope":{"containerScope":{"containerScope":{"containerScope":{"containerScope":{"containerScope":{"containerScope":{"containerScope":{"containerScope":{"containerScope":{"containerScope":{"containerScope":{"containerScope":{"contributions":{},"includedScopes":[]},"contributions":{},"includedScopes":[{"contributions":{},"includedScopes":[]},{"contributions":{},"includedScopes":[]},{"contributions":{},"includedScopes":[]},{"contributions":{},"includedScopes":[]},{"contributions":{},"includedScopes":[]},{"contributions":{},"includedScopes":[]},{"contributions":{},"includedScopes":[]}]},"contributions":{},"includedScopes":[{"containerScope":{"containerScope":{"containerScope":{"contributions":{},"includedScopes":[]},"contributions":{},"includedScopes":[]},"contributions":{},"includedScopes":[]},"contributions":{},"includedScopes":[]}]},"contributions":{},"includedScopes":[]},"contributions":{},"includedScopes":[]},"contributions":{},"includedScopes":[]},"contributions":{},"includedScopes":[]},"contributions":{},"includedScopes":[{"containerScope":{"containerScope":{"containerScope":{"contributions":{},"includedScopes":[]},"contributions":{},"includedScopes":[]},"contributions":{},"includedScopes":[]},"contributions":{},"includedScopes":[{"containerScope":{"containerScope":{"containerScope":{"contributions":{},"includedScopes":[]},"contributions":{},"includedScopes":[]},"contributions":{},"includedScopes":[]},"contributions":{},"includedScopes":[]}]},{"containerScope":{"containerScope":{"containerScope":{"contributions":{},"includedScopes":[]},"contributions":{},"includedScopes":[]},"contributions":{},"includedScopes":[]},"contributions":{},"includedScopes":[]}]},"contributions":{},"includedScopes":[]},"contributions":{},"includedScopes":[]},"contributions":{},"includedScopes":[]},"contributions":{},"includedScopes":[]},"contributions":{},"includedScopes":[]},"sourceMap":{"end":{"column":54,"line":36,"offset":762},"start":{"column":33,"line":36,"offset":741}}},"scope":{"containerScope":{"containerScope":{"containerScope":{"containerScope":{"containerScope":{"containerScope":{"containerScope":{"containerScope":{"containerScope":{"containerScope":{"containerScope":{"contributions":{},"includedScopes":[]},"contributions":{},"includedScopes":[{"contributions":{},"includedScopes":[]},{"contributions":{},"includedScopes":[]},{"contributions":{},"includedScopes":[]},{"contributions":{},"includedScopes":[]},{"contributions":{},"includedScopes":[]},{"contributions":{},"includedScopes":[]},{"contributions":{},"includedScopes":[]}]},"contributions":{},"includedScopes":[{"containerScope":{"containerScope":{"containerScope":{"contributions":{},"includedScopes":[]},"contributions":{},"includedScopes":[]},"contributions":{},"includedScopes":[]},"contributions":{},"includedScopes":[]}]},"contributions":{},"includedScopes":[]},"contributions":{},"includedScopes":[]},"contributions":{},"includedScopes":[]},"contributions":{},"includedScopes":[]},"contributions":{},"includedScopes":[{"containerScope":{"containerScope":{"containerScope":{"contributions":{},"includedScopes":[]},"contributions":{},"includedScopes":[]},"contributions":{},"includedScopes":[]},"contributions":{},"includedScopes":[{"containerScope":{"containerScope":{"containerScope":{"contributions":{},"includedScopes":[]},"contributions":{},"includedScopes":[]},"contributions":{},"includedScopes":[]},"contributions":{},"includedScopes":[]}]},{"containerScope":{"containerScope":{"containerScope":{"contributions":{},"includedScopes":[]},"contributions":{},"includedScopes":[]},"contributions":{},"includedScopes":[]},"contributions":{},"includedScopes":[]}]},"contributions":{},"includedScopes":[]},"contributions":{},"includedScopes":[]},"contributions":{},"includedScopes":[]},"contributions":{},"includedScopes":[]},"sourceMap":{"end":{"column":79,"line":36,"offset":787},"start":{"column":33,"line":36,"offset":741}}}}]},"compiled":false,"id":"0d1d8e98-fd04-47c7-9d28-3e985b384b68","isOverride":false,"metadata":[],"name":"<apply>","parameters":[{"id":"332da7b4-3cf4-4be9-9ba7-37e9f209cddf","isVarArg":false,"metadata":[],"name":"c","scope":{"containerScope":{"containerScope":{"containerScope":{"containerScope":{"containerScope":{"containerScope":{"containerScope":{"containerScope":{"containerScope":{"contributions":{},"includedScopes":[]},"contributions":{},"includedScopes":[{"contributions":{},"includedScopes":[]},{"contributions":{},"includedScopes":[]},{"contributions":{},"includedScopes":[]},{"contributions":{},"includedScopes":[]},{"contributions":{},"includedScopes":[]},{"contributions":{},"includedScopes":[]},{"contributions":{},"includedScopes":[]}]},"contributions":{},"includedScopes":[{"containerScope":{"containerScope":{"containerScope":{"contributions":{},"includedScopes":[]},"contributions":{},"includedScopes":[]},"contributions":{},"includedScopes":[]},"contributions":{},"includedScopes":[]}]},"contributions":{},"includedScopes":[]},"contributions":{},"includedScopes":[]},"contributions":{},"includedScopes":[]},"contributions":{},"includedScopes":[]},"contributions":{},"includedScopes":[{"containerScope":{"containerScope":{"containerScope":{"contributions":{},"includedScopes":[]},"contributions":{},"includedScopes":[]},"contributions":{},"includedScopes":[]},"contributions":{},"includedScopes":[{"containerScope":{"containerScope":{"containerScope":{"contributions":{},"includedScopes":[]},"contributions":{},"includedScopes":[]},"contributions":{},"includedScopes":[]},"contributions":{},"includedScopes":[]}]},{"containerScope":{"containerScope":{"containerScope":{"contributions":{},"includedScopes":[]},"contributions":{},"includedScopes":[]},"contributions":{},"includedScopes":[]},"contributions":{},"includedScopes":[]}]},"contributions":{},"includedScopes":[]},"contributions":{},"includedScopes":[]},"sourceMap":{"end":{"column":29,"line":36,"offset":737},"start":{"column":28,"line":36,"offset":736}}}],"scope":{"containerScope":{"containerScope":{"containerScope":{"containerScope":{"containerScope":{"containerScope":{"containerScope":{"containerScope":{"contributions":{},"includedScopes":[]},"contributions":{},"includedScopes":[{"contributions":{},"includedScopes":[]},{"contributions":{},"includedScopes":[]},{"contributions":{},"includedScopes":[]},{"contributions":{},"includedScopes":[]},{"contributions":{},"includedScopes":[]},{"contributions":{},"includedScopes":[]},{"contributions":{},"includedScopes":[]}]},"contributions":{},"includedScopes":[{"containerScope":{"containerScope":{"containerScope":{"contributions":{},"includedScopes":[]},"contributions":{},"includedScopes":[]},"contributions":{},"includedScopes":[]},"contributions":{},"includedScopes":[]}]},"contributions":{},"includedScopes":[]},"contributions":{},"includedScopes":[]},"contributions":{},"includedScopes":[]},"contributions":{},"includedScopes":[]},"contributions":{},"includedScopes":[{"containerScope":{"containerScope":{"containerScope":{"contributions":{},"includedScopes":[]},"contributions":{},"includedScopes":[]},"contributions":{},"includedScopes":[]},"contributions":{},"includedScopes":[{"containerScope":{"containerScope":{"containerScope":{"contributions":{},"includedScopes":[]},"contributions":{},"includedScopes":[]},"contributions":{},"includedScopes":[]},"contributions":{},"includedScopes":[]}]},{"containerScope":{"containerScope":{"containerScope":{"contributions":{},"includedScopes":[]},"contributions":{},"includedScopes":[]},"contributions":{},"includedScopes":[]},"contributions":{},"includedScopes":[]}]},"contributions":{},"includedScopes":[]}},{"id":"01c63a45-dfcc-4f59-a76a-a58d19253058","isConstant":true,"isProperty":false,"metadata":[],"name":"<toString>","scope":{"containerScope":{"containerScope":{"containerScope":{"containerScope":{"containerScope":{"containerScope":{"containerScope":{"containerScope":{"contributions":{},"includedScopes":[]},"contributions":{},"includedScopes":[{"contributions":{},"includedScopes":[]},{"contributions":{},"includedScopes":[]},{"contributions":{},"includedScopes":[]},{"contributions":{},"includedScopes":[]},{"contributions":{},"includedScopes":[]},{"contributions":{},"includedScopes":[]},{"contributions":{},"includedScopes":[]}]},"contributions":{},"includedScopes":[{"containerScope":{"containerScope":{"containerScope":{"contributions":{},"includedScopes":[]},"contributions":{},"includedScopes":[]},"contributions":{},"includedScopes":[]},"contributions":{},"includedScopes":[]}]},"contributions":{},"includedScopes":[]},"contributions":{},"includedScopes":[]},"contributions":{},"includedScopes":[]},"contributions":{},"includedScopes":[]},"contributions":{},"includedScopes":[{"containerScope":{"containerScope":{"containerScope":{"contributions":{},"includedScopes":[]},"contributions":{},"includedScopes":[]},"contributions":{},"includedScopes":[]},"contributions":{},"includedScopes":[{"containerScope":{"containerScope":{"containerScope":{"contributions":{},"includedScopes":[]},"contributions":{},"includedScopes":[]},"contributions":{},"includedScopes":[]},"contributions":{},"includedScopes":[]}]},{"containerScope":{"containerScope":{"containerScope":{"contributions":{},"includedScopes":[]},"contributions":{},"includedScopes":[]},"contributions":{},"includedScopes":[]},"contributions":{},"includedScopes":[]}]},"contributions":{},"includedScopes":[]},"value":{"id":"0b51744f-b9ec-48ef-89af-9a9b7353e791","metadata":[],"scope":{"containerScope":{"containerScope":{"containerScope":{"containerScope":{"containerScope":{"containerScope":{"containerScope":{"containerScope":{"containerScope":{"contributions":{},"includedScopes":[]},"contributions":{},"includedScopes":[{"contributions":{},"includedScopes":[]},{"contributions":{},"includedScopes":[]},{"contributions":{},"includedScopes":[]},{"contributions":{},"includedScopes":[]},{"contributions":{},"includedScopes":[]},{"contributions":{},"includedScopes":[]},{"contributions":{},"includedScopes":[]}]},"contributions":{},"includedScopes":[{"containerScope":{"containerScope":{"containerScope":{"contributions":{},"includedScopes":[]},"contributions":{},"includedScopes":[]},"contributions":{},"includedScopes":[]},"contributions":{},"includedScopes":[]}]},"contributions":{},"includedScopes":[]},"contributions":{},"includedScopes":[]},"contributions":{},"includedScopes":[]},"contributions":{},"includedScopes":[]},"contributions":{},"includedScopes":[{"containerScope":{"containerScope":{"containerScope":{"contributions":{},"includedScopes":[]},"contributions":{},"includedScopes":[]},"contributions":{},"includedScopes":[]},"contributions":{},"includedScopes":[{"containerScope":{"containerScope":{"containerScope":{"contributions":{},"includedScopes":[]},"contributions":{},"includedScopes":[]},"contributions":{},"includedScopes":[]},"contributions":{},"includedScopes":[]}]},{"containerScope":{"containerScope":{"containerScope":{"contributions":{},"includedScopes":[]},"contributions":{},"includedScopes":[]},"contributions":{},"includedScopes":[]},"contributions":{},"includedScopes":[]}]},"contributions":{},"includedScopes":[]},"contributions":{},"includedScopes":[]},"value":"{ c => c.position().x() == x && c.position().y() == y }"}}],"metadata":[],"scope":{"containerScope":{"containerScope":{"containerScope":{"containerScope":{"containerScope":{"containerScope":{"containerScope":{"contributions":{},"includedScopes":[]},"contributions":{},"includedScopes":[{"contributions":{},"includedScopes":[]},{"contributions":{},"includedScopes":[]},{"contributions":{},"includedScopes":[]},{"contributions":{},"includedScopes":[]},{"contributions":{},"includedScopes":[]},{"contributions":{},"includedScopes":[]},{"contributions":{},"includedScopes":[]}]},"contributions":{},"includedScopes":[{"containerScope":{"containerScope":{"containerScope":{"contributions":{},"includedScopes":[]},"contributions":{},"includedScopes":[]},"contributions":{},"includedScopes":[]},"contributions":{},"includedScopes":[]}]},"contributions":{},"includedScopes":[]},"contributions":{},"includedScopes":[]},"contributions":{},"includedScopes":[]},"contributions":{},"includedScopes":[]},"contributions":{},"includedScopes":[{"containerScope":{"containerScope":{"containerScope":{"contributions":{},"includedScopes":[]},"contributions":{},"includedScopes":[]},"contributions":{},"includedScopes":[]},"contributions":{},"includedScopes":[{"containerScope":{"containerScope":{"containerScope":{"contributions":{},"includedScopes":[]},"contributions":{},"includedScopes":[]},"contributions":{},"includedScopes":[]},"contributions":{},"includedScopes":[]}]},{"containerScope":{"containerScope":{"containerScope":{"contributions":{},"includedScopes":[]},"contributions":{},"includedScopes":[]},"contributions":{},"includedScopes":[]},"contributions":{},"includedScopes":[]}]},"sourceMap":{"end":{"column":81,"line":36,"offset":789},"start":{"column":26,"line":36,"offset":734}},"supertypes":[{"args":[],"id":"b0201802-ad57-4ddf-9517-d0025ca19d9e","metadata":[],"reference":{"id":"ab6baf3e-8900-4749-913c-70f3181d642d","metadata":[],"name":"wollok.lang.Closure","scope":{"containerScope":{"containerScope":{"containerScope":{"containerScope":{"containerScope":{"containerScope":{"containerScope":{"containerScope":{"contributions":{},"includedScopes":[]},"contributions":{},"includedScopes":[{"contributions":{},"includedScopes":[]},{"contributions":{},"includedScopes":[]},{"contributions":{},"includedScopes":[]},{"contributions":{},"includedScopes":[]},{"contributions":{},"includedScopes":[]},{"contributions":{},"includedScopes":[]},{"contributions":{},"includedScopes":[]}]},"contributions":{},"includedScopes":[{"containerScope":{"containerScope":{"containerScope":{"contributions":{},"includedScopes":[]},"contributions":{},"includedScopes":[]},"contributions":{},"includedScopes":[]},"contributions":{},"includedScopes":[]}]},"contributions":{},"includedScopes":[]},"contributions":{},"includedScopes":[]},"contributions":{},"includedScopes":[]},"contributions":{},"includedScopes":[]},"contributions":{},"includedScopes":[{"containerScope":{"containerScope":{"containerScope":{"contributions":{},"includedScopes":[]},"contributions":{},"includedScopes":[]},"contributions":{},"includedScopes":[]},"contributions":{},"includedScopes":[{"containerScope":{"containerScope":{"containerScope":{"contributions":{},"includedScopes":[]},"contributions":{},"includedScopes":[]},"contributions":{},"includedScopes":[]},"contributions":{},"includedScopes":[]}]},{"containerScope":{"containerScope":{"containerScope":{"contributions":{},"includedScopes":[]},"contributions":{},"includedScopes":[]},"contributions":{},"includedScopes":[]},"contributions":{},"includedScopes":[]}]},"contributions":{},"includedScopes":[]}},"scope":{"containerScope":{"containerScope":{"containerScope":{"containerScope":{"containerScope":{"containerScope":{"containerScope":{"containerScope":{"contributions":{},"includedScopes":[]},"contributions":{},"includedScopes":[{"contributions":{},"includedScopes":[]},{"contributions":{},"includedScopes":[]},{"contributions":{},"includedScopes":[]},{"contributions":{},"includedScopes":[]},{"contributions":{},"includedScopes":[]},{"contributions":{},"includedScopes":[]},{"contributions":{},"includedScopes":[]}]},"contributions":{},"includedScopes":[{"containerScope":{"containerScope":{"containerScope":{"contributions":{},"includedScopes":[]},"contributions":{},"includedScopes":[]},"contributions":{},"includedScopes":[]},"contributions":{},"includedScopes":[]}]},"contributions":{},"includedScopes":[]},"contributions":{},"includedScopes":[]},"contributions":{},"includedScopes":[]},"contributions":{},"includedScopes":[]},"contributions":{},"includedScopes":[{"containerScope":{"containerScope":{"containerScope":{"contributions":{},"includedScopes":[]},"contributions":{},"includedScopes":[]},"contributions":{},"includedScopes":[]},"contributions":{},"includedScopes":[{"containerScope":{"containerScope":{"containerScope":{"contributions":{},"includedScopes":[]},"contributions":{},"includedScopes":[]},"contributions":{},"includedScopes":[]},"contributions":{},"includedScopes":[]}]},{"containerScope":{"containerScope":{"containerScope":{"contributions":{},"includedScopes":[]},"contributions":{},"includedScopes":[]},"contributions":{},"includedScopes":[]},"contributions":{},"includedScopes":[]}]},"contributions":{},"includedScopes":[]}}]}],"id":"9e9a09a6-86a0-471d-bafb-037cdea104ef","message":"any","metadata":[],"receiver":{"id":"21995106-693d-4410-8e23-00313bbde568","metadata":[],"name":"lista","scope":{"containerScope":{"containerScope":{"containerScope":{"containerScope":{"containerScope":{"containerScope":{"containerScope":{"contributions":{},"includedScopes":[]},"contributions":{},"includedScopes":[{"contributions":{},"includedScopes":[]},{"contributions":{},"includedScopes":[]},{"contributions":{},"includedScopes":[]},{"contributions":{},"includedScopes":[]},{"contributions":{},"includedScopes":[]},{"contributions":{},"includedScopes":[]},{"contributions":{},"includedScopes":[]}]},"contributions":{},"includedScopes":[{"containerScope":{"containerScope":{"containerScope":{"contributions":{},"includedScopes":[]},"contributions":{},"includedScopes":[]},"contributions":{},"includedScopes":[]},"contributions":{},"includedScopes":[]}]},"contributions":{},"includedScopes":[]},"contributions":{},"includedScopes":[]},"contributions":{},"includedScopes":[]},"contributions":{},"includedScopes":[]},"contributions":{},"includedScopes":[]},"sourceMap":{"end":{"column":21,"line":36,"offset":729},"start":{"column":16,"line":36,"offset":724}}},"scope":{"containerScope":{"containerScope":{"containerScope":{"containerScope":{"containerScope":{"containerScope":{"contributions":{},"includedScopes":[]},"contributions":{},"includedScopes":[{"contributions":{},"includedScopes":[]},{"contributions":{},"includedScopes":[]},{"contributions":{},"includedScopes":[]},{"contributions":{},"includedScopes":[]},{"contributions":{},"includedScopes":[]},{"contributions":{},"includedScopes":[]},{"contributions":{},"includedScopes":[]}]},"contributions":{},"includedScopes":[{"containerScope":{"containerScope":{"containerScope":{"contributions":{},"includedScopes":[]},"contributions":{},"includedScopes":[]},"contributions":{},"includedScopes":[]},"contributions":{},"includedScopes":[]}]},"contributions":{},"includedScopes":[]},"contributions":{},"includedScopes":[]},"contributions":{},"includedScopes":[]},"contributions":{},"includedScopes":[]},"sourceMap":{"end":{"column":82,"line":36,"offset":790},"start":{"column":16,"line":36,"offset":724}}}}],"sourceMap":{"end":{"column":6,"line":37,"offset":797},"start":{"column":31,"line":35,"offset":706}}},"compiled":false,"id":"fd0eeb66-a2a7-4cfb-9027-6cd158c436c8","isOverride":false,"metadata":[],"name":"hayEn","parameters":[{"id":"ef658220-d654-4955-8dfe-fc197e2e776a","isVarArg":false,"metadata":[],"name":"x","scope":{"containerScope":{"containerScope":{"containerScope":{"containerScope":{"contributions":{},"includedScopes":[]},"contributions":{},"includedScopes":[{"contributions":{},"includedScopes":[]},{"contributions":{},"includedScopes":[]},{"contributions":{},"includedScopes":[]},{"contributions":{},"includedScopes":[]},{"contributions":{},"includedScopes":[]},{"contributions":{},"includedScopes":[]},{"contributions":{},"includedScopes":[]}]},"contributions":{},"includedScopes":[{"containerScope":{"containerScope":{"containerScope":{"contributions":{},"includedScopes":[]},"contributions":{},"includedScopes":[]},"contributions":{},"includedScopes":[]},"contributions":{},"includedScopes":[]}]},"contributions":{},"includedScopes":[]},"contributions":{},"includedScopes":[]},"sourceMap":{"end":{"column":19,"line":35,"offset":694},"start":{"column":18,"line":35,"offset":693}}},{"id":"cbc2b3ed-2060-47dd-b59d-d253f93d7621","isVarArg":false,"metadata":[],"name":"y","scope":{"containerScope":{"containerScope":{"containerScope":{"containerScope":{"contributions":{},"includedScopes":[]},"contributions":{},"includedScopes":[{"contributions":{},"includedScopes":[]},{"contributions":{},"includedScopes":[]},{"contributions":{},"includedScopes":[]},{"contributions":{},"includedScopes":[]},{"contributions":{},"includedScopes":[]},{"contributions":{},"includedScopes":[]},{"contributions":{},"includedScopes":[]}]},"contributions":{},"includedScopes":[{"containerScope":{"containerScope":{"containerScope":{"contributions":{},"includedScopes":[]},"contributions":{},"includedScopes":[]},"contributions":{},"includedScopes":[]},"contributions":{},"includedScopes":[]}]},"contributions":{},"includedScopes":[]},"contributions":{},"includedScopes":[]},"sourceMap":{"end":{"column":22,"line":35,"offset":697},"start":{"column":21,"line":35,"offset":696}}},{"id":"71f79619-f02b-4cc6-a29c-cd2d1e65336c","isVarArg":false,"metadata":[],"name":"lista","scope":{"containerScope":{"containerScope":{"containerScope":{"containerScope":{"contributions":{},"includedScopes":[]},"contributions":{},"includedScopes":[{"contributions":{},"includedScopes":[]},{"contributions":{},"includedScopes":[]},{"contributions":{},"includedScopes":[]},{"contributions":{},"includedScopes":[]},{"contributions":{},"includedScopes":[]},{"contributions":{},"includedScopes":[]},{"contributions":{},"includedScopes":[]}]},"contributions":{},"includedScopes":[{"containerScope":{"containerScope":{"containerScope":{"contributions":{},"includedScopes":[]},"contributions":{},"includedScopes":[]},"contributions":{},"includedScopes":[]},"contributions":{},"includedScopes":[]}]},"contributions":{},"includedScopes":[]},"contributions":{},"includedScopes":[]},"sourceMap":{"end":{"column":29,"line":35,"offset":704},"start":{"column":24,"line":35,"offset":699}}}],"problems":[],"scope":{"containerScope":{"containerScope":{"containerScope":{"contributions":{},"includedScopes":[]},"contributions":{},"includedScopes":[{"contributions":{},"includedScopes":[]},{"contributions":{},"includedScopes":[]},{"contributions":{},"includedScopes":[]},{"contributions":{},"includedScopes":[]},{"contributions":{},"includedScopes":[]},{"contributions":{},"includedScopes":[]},{"contributions":{},"includedScopes":[]}]},"contributions":{},"includedScopes":[{"containerScope":{"containerScope":{"containerScope":{"contributions":{},"includedScopes":[]},"contributions":{},"includedScopes":[]},"contributions":{},"includedScopes":[]},"contributions":{},"includedScopes":[]}]},"contributions":{},"includedScopes":[]},"sourceMap":{"end":{"column":6,"line":37,"offset":797},"start":{"column":5,"line":35,"offset":680}}},{"body":{"id":"1c3ccb15-9b2a-4ba4-8562-e60189e32dbb","metadata":[],"problems":[],"scope":{"containerScope":{"containerScope":{"containerScope":{"containerScope":{"contributions":{},"includedScopes":[]},"contributions":{},"includedScopes":[{"contributions":{},"includedScopes":[]},{"contributions":{},"includedScopes":[]},{"contributions":{},"includedScopes":[]},{"contributions":{},"includedScopes":[]},{"contributions":{},"includedScopes":[]},{"contributions":{},"includedScopes":[]},{"contributions":{},"includedScopes":[]}]},"contributions":{},"includedScopes":[{"containerScope":{"containerScope":{"containerScope":{"contributions":{},"includedScopes":[]},"contributions":{},"includedScopes":[]},"contributions":{},"includedScopes":[]},"contributions":{},"includedScopes":[]}]},"contributions":{},"includedScopes":[]},"contributions":{},"includedScopes":[]},"sentences":[{"args":[],"id":"18e0ae96-1075-487d-a9e0-98e2c10d4eb0","message":"clear","metadata":[],"receiver":{"id":"a3d61bf4-34ee-48b9-aaa3-29f65c67deca","metadata":[],"name":"paredes","scope":{"containerScope":{"containerScope":{"containerScope":{"containerScope":{"containerScope":{"containerScope":{"contributions":{},"includedScopes":[]},"contributions":{},"includedScopes":[{"contributions":{},"includedScopes":[]},{"contributions":{},"includedScopes":[]},{"contributions":{},"includedScopes":[]},{"contributions":{},"includedScopes":[]},{"contributions":{},"includedScopes":[]},{"contributions":{},"includedScopes":[]},{"contributions":{},"includedScopes":[]}]},"contributions":{},"includedScopes":[{"containerScope":{"containerScope":{"containerScope":{"contributions":{},"includedScopes":[]},"contributions":{},"includedScopes":[]},"contributions":{},"includedScopes":[]},"contributions":{},"includedScopes":[]}]},"contributions":{},"includedScopes":[]},"contributions":{},"includedScopes":[]},"contributions":{},"includedScopes":[]},"contributions":{},"includedScopes":[]},"sourceMap":{"end":{"column":16,"line":45,"offset":995},"start":{"column":9,"line":45,"offset":988}}},"scope":{"containerScope":{"containerScope":{"containerScope":{"containerScope":{"containerScope":{"contributions":{},"includedScopes":[]},"contributions":{},"includedScopes":[{"contributions":{},"includedScopes":[]},{"contributions":{},"includedScopes":[]},{"contributions":{},"includedScopes":[]},{"contributions":{},"includedScopes":[]},{"contributions":{},"includedScopes":[]},{"contributions":{},"includedScopes":[]},{"contributions":{},"includedScopes":[]}]},"contributions":{},"includedScopes":[{"containerScope":{"containerScope":{"containerScope":{"contributions":{},"includedScopes":[]},"contributions":{},"includedScopes":[]},"contributions":{},"includedScopes":[]},"contributions":{},"includedScopes":[]}]},"contributions":{},"includedScopes":[]},"contributions":{},"includedScopes":[]},"contributions":{},"includedScopes":[]},"sourceMap":{"end":{"column":24,"line":45,"offset":1003},"start":{"column":9,"line":45,"offset":988}}},{"args":[],"id":"a5718df2-2359-4669-b648-d645a86ec326","message":"clear","metadata":[],"receiver":{"id":"044c8a4e-3605-40e4-a5cd-1ea781ce5157","metadata":[{"args":{"position":"start","text":"//enemigosActivos.clear()"},"name":"comment"}],"name":"monedas","scope":{"containerScope":{"containerScope":{"containerScope":{"containerScope":{"containerScope":{"containerScope":{"contributions":{},"includedScopes":[]},"contributions":{},"includedScopes":[{"contributions":{},"includedScopes":[]},{"contributions":{},"includedScopes":[]},{"contributions":{},"includedScopes":[]},{"contributions":{},"includedScopes":[]},{"contributions":{},"includedScopes":[]},{"contributions":{},"includedScopes":[]},{"contributions":{},"includedScopes":[]}]},"contributions":{},"includedScopes":[{"containerScope":{"containerScope":{"containerScope":{"contributions":{},"includedScopes":[]},"contributions":{},"includedScopes":[]},"contributions":{},"includedScopes":[]},"contributions":{},"includedScopes":[]}]},"contributions":{},"includedScopes":[]},"contributions":{},"includedScopes":[]},"contributions":{},"includedScopes":[]},"contributions":{},"includedScopes":[]},"sourceMap":{"end":{"column":16,"line":47,"offset":1055},"start":{"column":9,"line":47,"offset":1048}}},"scope":{"containerScope":{"containerScope":{"containerScope":{"containerScope":{"containerScope":{"contributions":{},"includedScopes":[]},"contributions":{},"includedScopes":[{"contributions":{},"includedScopes":[]},{"contributions":{},"includedScopes":[]},{"contributions":{},"includedScopes":[]},{"contributions":{},"includedScopes":[]},{"contributions":{},"includedScopes":[]},{"contributions":{},"includedScopes":[]},{"contributions":{},"includedScopes":[]}]},"contributions":{},"includedScopes":[{"containerScope":{"containerScope":{"containerScope":{"contributions":{},"includedScopes":[]},"contributions":{},"includedScopes":[]},"contributions":{},"includedScopes":[]},"contributions":{},"includedScopes":[]}]},"contributions":{},"includedScopes":[]},"contributions":{},"includedScopes":[]},"contributions":{},"includedScopes":[]},"sourceMap":{"end":{"column":24,"line":47,"offset":1063},"start":{"column":8,"line":46,"offset":1013}}},{"args":[],"id":"0585218e-95dd-4a19-b979-151e55174c69","message":"clear","metadata":[],"receiver":{"id":"e76d5595-c561-4a54-862d-f2619f08162f","metadata":[],"name":"interactuables","scope":{"containerScope":{"containerScope":{"containerScope":{"containerScope":{"containerScope":{"containerScope":{"contributions":{},"includedScopes":[]},"contributions":{},"includedScopes":[{"contributions":{},"includedScopes":[]},{"contributions":{},"includedScopes":[]},{"contributions":{},"includedScopes":[]},{"contributions":{},"includedScopes":[]},{"contributions":{},"includedScopes":[]},{"contributions":{},"includedScopes":[]},{"contributions":{},"includedScopes":[]}]},"contributions":{},"includedScopes":[{"containerScope":{"containerScope":{"containerScope":{"contributions":{},"includedScopes":[]},"contributions":{},"includedScopes":[]},"contributions":{},"includedScopes":[]},"contributions":{},"includedScopes":[]}]},"contributions":{},"includedScopes":[]},"contributions":{},"includedScopes":[]},"contributions":{},"includedScopes":[]},"contributions":{},"includedScopes":[]},"sourceMap":{"end":{"column":23,"line":48,"offset":1087},"start":{"column":9,"line":48,"offset":1073}}},"scope":{"containerScope":{"containerScope":{"containerScope":{"containerScope":{"containerScope":{"contributions":{},"includedScopes":[]},"contributions":{},"includedScopes":[{"contributions":{},"includedScopes":[]},{"contributions":{},"includedScopes":[]},{"contributions":{},"includedScopes":[]},{"contributions":{},"includedScopes":[]},{"contributions":{},"includedScopes":[]},{"contributions":{},"includedScopes":[]},{"contributions":{},"includedScopes":[]}]},"contributions":{},"includedScopes":[{"containerScope":{"containerScope":{"containerScope":{"contributions":{},"includedScopes":[]},"contributions":{},"includedScopes":[]},"contributions":{},"includedScopes":[]},"contributions":{},"includedScopes":[]}]},"contributions":{},"includedScopes":[]},"contributions":{},"includedScopes":[]},"contributions":{},"includedScopes":[]},"sourceMap":{"end":{"column":31,"line":48,"offset":1095},"start":{"column":8,"line":48,"offset":1073}}},{"args":[],"id":"317a5293-6e87-41ab-a1a4-6def682e0ce2","message":"clear","metadata":[],"receiver":{"id":"ff0db7b7-a73f-4c90-b3f5-be19a90ba9e2","metadata":[],"name":"pinchos","scope":{"containerScope":{"containerScope":{"containerScope":{"containerScope":{"containerScope":{"containerScope":{"contributions":{},"includedScopes":[]},"contributions":{},"includedScopes":[{"contributions":{},"includedScopes":[]},{"contributions":{},"includedScopes":[]},{"contributions":{},"includedScopes":[]},{"contributions":{},"includedScopes":[]},{"contributions":{},"includedScopes":[]},{"contributions":{},"includedScopes":[]},{"contributions":{},"includedScopes":[]}]},"contributions":{},"includedScopes":[{"containerScope":{"containerScope":{"containerScope":{"contributions":{},"includedScopes":[]},"contributions":{},"includedScopes":[]},"contributions":{},"includedScopes":[]},"contributions":{},"includedScopes":[]}]},"contributions":{},"includedScopes":[]},"contributions":{},"includedScopes":[]},"contributions":{},"includedScopes":[]},"contributions":{},"includedScopes":[]},"sourceMap":{"end":{"column":16,"line":49,"offset":1112},"start":{"column":9,"line":49,"offset":1105}}},"scope":{"containerScope":{"containerScope":{"containerScope":{"containerScope":{"containerScope":{"contributions":{},"includedScopes":[]},"contributions":{},"includedScopes":[{"contributions":{},"includedScopes":[]},{"contributions":{},"includedScopes":[]},{"contributions":{},"includedScopes":[]},{"contributions":{},"includedScopes":[]},{"contributions":{},"includedScopes":[]},{"contributions":{},"includedScopes":[]},{"contributions":{},"includedScopes":[]}]},"contributions":{},"includedScopes":[{"containerScope":{"containerScope":{"containerScope":{"contributions":{},"includedScopes":[]},"contributions":{},"includedScopes":[]},"contributions":{},"includedScopes":[]},"contributions":{},"includedScopes":[]}]},"contributions":{},"includedScopes":[]},"contributions":{},"includedScopes":[]},"contributions":{},"includedScopes":[]},"sourceMap":{"end":{"column":24,"line":49,"offset":1120},"start":{"column":8,"line":49,"offset":1105}}},{"args":[],"id":"66901065-6fc2-4c8d-936f-7ef67443a0db","message":"clear","metadata":[],"receiver":{"id":"80ad5891-f3c0-4daf-9cc9-5c77020e36e4","metadata":[],"name":"antorchas","scope":{"containerScope":{"containerScope":{"containerScope":{"containerScope":{"containerScope":{"containerScope":{"contributions":{},"includedScopes":[]},"contributions":{},"includedScopes":[{"contributions":{},"includedScopes":[]},{"contributions":{},"includedScopes":[]},{"contributions":{},"includedScopes":[]},{"contributions":{},"includedScopes":[]},{"contributions":{},"includedScopes":[]},{"contributions":{},"includedScopes":[]},{"contributions":{},"includedScopes":[]}]},"contributions":{},"includedScopes":[{"containerScope":{"containerScope":{"containerScope":{"contributions":{},"includedScopes":[]},"contributions":{},"includedScopes":[]},"contributions":{},"includedScopes":[]},"contributions":{},"includedScopes":[]}]},"contributions":{},"includedScopes":[]},"contributions":{},"includedScopes":[]},"contributions":{},"includedScopes":[]},"contributions":{},"includedScopes":[]},"sourceMap":{"end":{"column":18,"line":50,"offset":1139},"start":{"column":9,"line":50,"offset":1130}}},"scope":{"containerScope":{"containerScope":{"containerScope":{"containerScope":{"containerScope":{"contributions":{},"includedScopes":[]},"contributions":{},"includedScopes":[{"contributions":{},"includedScopes":[]},{"contributions":{},"includedScopes":[]},{"contributions":{},"includedScopes":[]},{"contributions":{},"includedScopes":[]},{"contributions":{},"includedScopes":[]},{"contributions":{},"includedScopes":[]},{"contributions":{},"includedScopes":[]}]},"contributions":{},"includedScopes":[{"containerScope":{"containerScope":{"containerScope":{"contributions":{},"includedScopes":[]},"contributions":{},"includedScopes":[]},"contributions":{},"includedScopes":[]},"contributions":{},"includedScopes":[]}]},"contributions":{},"includedScopes":[]},"contributions":{},"includedScopes":[]},"contributions":{},"includedScopes":[]},"sourceMap":{"end":{"column":26,"line":50,"offset":1147},"start":{"column":8,"line":50,"offset":1130}}},{"args":[],"id":"201d07dc-43dd-483c-866f-c455410f0722","message":"clear","metadata":[],"receiver":{"id":"6ccd921b-ab2b-4830-ba59-904be961bf86","metadata":[],"name":"destinoEnemigos","scope":{"containerScope":{"containerScope":{"containerScope":{"containerScope":{"containerScope":{"containerScope":{"contributions":{},"includedScopes":[]},"contributions":{},"includedScopes":[{"contributions":{},"includedScopes":[]},{"contributions":{},"includedScopes":[]},{"contributions":{},"includedScopes":[]},{"contributions":{},"includedScopes":[]},{"contributions":{},"includedScopes":[]},{"contributions":{},"includedScopes":[]},{"contributions":{},"includedScopes":[]}]},"contributions":{},"includedScopes":[{"containerScope":{"containerScope":{"containerScope":{"contributions":{},"includedScopes":[]},"contributions":{},"includedScopes":[]},"contributions":{},"includedScopes":[]},"contributions":{},"includedScopes":[]}]},"contributions":{},"includedScopes":[]},"contributions":{},"includedScopes":[]},"contributions":{},"includedScopes":[]},"contributions":{},"includedScopes":[]},"sourceMap":{"end":{"column":24,"line":51,"offset":1172},"start":{"column":9,"line":51,"offset":1157}}},"scope":{"containerScope":{"containerScope":{"containerScope":{"containerScope":{"containerScope":{"contributions":{},"includedScopes":[]},"contributions":{},"includedScopes":[{"contributions":{},"includedScopes":[]},{"contributions":{},"includedScopes":[]},{"contributions":{},"includedScopes":[]},{"contributions":{},"includedScopes":[]},{"contributions":{},"includedScopes":[]},{"contributions":{},"includedScopes":[]},{"contributions":{},"includedScopes":[]}]},"contributions":{},"includedScopes":[{"containerScope":{"containerScope":{"containerScope":{"contributions":{},"includedScopes":[]},"contributions":{},"includedScopes":[]},"contributions":{},"includedScopes":[]},"contributions":{},"includedScopes":[]}]},"contributions":{},"includedScopes":[]},"contributions":{},"includedScopes":[]},"contributions":{},"includedScopes":[]},"sourceMap":{"end":{"column":32,"line":51,"offset":1180},"start":{"column":8,"line":51,"offset":1157}}}],"sourceMap":{"end":{"column":6,"line":52,"offset":1187},"start":{"column":5,"line":44,"offset":977}}},"compiled":false,"id":"02c32d38-6ea4-418b-ae8e-94272c5e4239","isOverride":false,"metadata":[{"args":{"position":"start","text":"/* method enemigosEn(x, y){\r\n        return enemigosActivos.filter({ enemy => enemy.position().x() == x && enemy.position().y() == y })\r\n    }*/"},"name":"comment"}],"name":"clear","parameters":[],"problems":[],"scope":{"containerScope":{"containerScope":{"containerScope":{"contributions":{},"includedScopes":[]},"contributions":{},"includedScopes":[{"contributions":{},"includedScopes":[]},{"contributions":{},"includedScopes":[]},{"contributions":{},"includedScopes":[]},{"contributions":{},"includedScopes":[]},{"contributions":{},"includedScopes":[]},{"contributions":{},"includedScopes":[]},{"contributions":{},"includedScopes":[]}]},"contributions":{},"includedScopes":[{"containerScope":{"containerScope":{"containerScope":{"contributions":{},"includedScopes":[]},"contributions":{},"includedScopes":[]},"contributions":{},"includedScopes":[]},"contributions":{},"includedScopes":[]}]},"contributions":{},"includedScopes":[]},"sourceMap":{"end":{"column":6,"line":52,"offset":1187},"start":{"column":5,"line":43,"offset":957}}},{"body":{"id":"fb737284-8a2b-4b4d-815f-201d4e310a8b","metadata":[],"problems":[],"scope":{"containerScope":{"containerScope":{"containerScope":{"containerScope":{"contributions":{},"includedScopes":[]},"contributions":{},"includedScopes":[{"contributions":{},"includedScopes":[]},{"contributions":{},"includedScopes":[]},{"contributions":{},"includedScopes":[]},{"contributions":{},"includedScopes":[]},{"contributions":{},"includedScopes":[]},{"contributions":{},"includedScopes":[]},{"contributions":{},"includedScopes":[]}]},"contributions":{},"includedScopes":[{"containerScope":{"containerScope":{"containerScope":{"contributions":{},"includedScopes":[]},"contributions":{},"includedScopes":[]},"contributions":{},"includedScopes":[]},"contributions":{},"includedScopes":[]}]},"contributions":{},"includedScopes":[]},"contributions":{},"includedScopes":[]},"sentences":[{"args":[],"id":"98b58794-ea0d-4251-b1bc-0ab49a12a202","message":"clear","metadata":[],"receiver":{"id":"cc8ef72c-f79c-494e-9ea4-833744de914d","metadata":[],"name":"paredes","scope":{"containerScope":{"containerScope":{"containerScope":{"containerScope":{"containerScope":{"containerScope":{"contributions":{},"includedScopes":[]},"contributions":{},"includedScopes":[{"contributions":{},"includedScopes":[]},{"contributions":{},"includedScopes":[]},{"contributions":{},"includedScopes":[]},{"contributions":{},"includedScopes":[]},{"contributions":{},"includedScopes":[]},{"contributions":{},"includedScopes":[]},{"contributions":{},"includedScopes":[]}]},"contributions":{},"includedScopes":[{"containerScope":{"containerScope":{"containerScope":{"contributions":{},"includedScopes":[]},"contributions":{},"includedScopes":[]},"contributions":{},"includedScopes":[]},"contributions":{},"includedScopes":[]}]},"contributions":{},"includedScopes":[]},"contributions":{},"includedScopes":[]},"contributions":{},"includedScopes":[]},"contributions":{},"includedScopes":[]},"sourceMap":{"end":{"column":16,"line":56,"offset":1239},"start":{"column":9,"line":56,"offset":1232}}},"scope":{"containerScope":{"containerScope":{"containerScope":{"containerScope":{"containerScope":{"contributions":{},"includedScopes":[]},"contributions":{},"includedScopes":[{"contributions":{},"includedScopes":[]},{"contributions":{},"includedScopes":[]},{"contributions":{},"includedScopes":[]},{"contributions":{},"includedScopes":[]},{"contributions":{},"includedScopes":[]},{"contributions":{},"includedScopes":[]},{"contributions":{},"includedScopes":[]}]},"contributions":{},"includedScopes":[{"containerScope":{"containerScope":{"containerScope":{"contributions":{},"includedScopes":[]},"contributions":{},"includedScopes":[]},"contributions":{},"includedScopes":[]},"contributions":{},"includedScopes":[]}]},"contributions":{},"includedScopes":[]},"contributions":{},"includedScopes":[]},"contributions":{},"includedScopes":[]},"sourceMap":{"end":{"column":24,"line":56,"offset":1247},"start":{"column":9,"line":56,"offset":1232}}},{"args":[],"id":"6e665cda-78c0-4d32-b549-f6dfbe46c8ce","message":"clear","metadata":[],"receiver":{"id":"3fec7f77-09f2-4e6c-914c-1ca09204dc10","metadata":[],"name":"enemigosActivos","scope":{"containerScope":{"containerScope":{"containerScope":{"containerScope":{"containerScope":{"containerScope":{"contributions":{},"includedScopes":[]},"contributions":{},"includedScopes":[{"contributions":{},"includedScopes":[]},{"contributions":{},"includedScopes":[]},{"contributions":{},"includedScopes":[]},{"contributions":{},"includedScopes":[]},{"contributions":{},"includedScopes":[]},{"contributions":{},"includedScopes":[]},{"contributions":{},"includedScopes":[]}]},"contributions":{},"includedScopes":[{"containerScope":{"containerScope":{"containerScope":{"contributions":{},"includedScopes":[]},"contributions":{},"includedScopes":[]},"contributions":{},"includedScopes":[]},"contributions":{},"includedScopes":[]}]},"contributions":{},"includedScopes":[]},"contributions":{},"includedScopes":[]},"contributions":{},"includedScopes":[]},"contributions":{},"includedScopes":[]},"sourceMap":{"end":{"column":24,"line":57,"offset":1272},"start":{"column":9,"line":57,"offset":1257}}},"scope":{"containerScope":{"containerScope":{"containerScope":{"containerScope":{"containerScope":{"contributions":{},"includedScopes":[]},"contributions":{},"includedScopes":[{"contributions":{},"includedScopes":[]},{"contributions":{},"includedScopes":[]},{"contributions":{},"includedScopes":[]},{"contributions":{},"includedScopes":[]},{"contributions":{},"includedScopes":[]},{"contributions":{},"includedScopes":[]},{"contributions":{},"includedScopes":[]}]},"contributions":{},"includedScopes":[{"containerScope":{"containerScope":{"containerScope":{"contributions":{},"includedScopes":[]},"contributions":{},"includedScopes":[]},"contributions":{},"includedScopes":[]},"contributions":{},"includedScopes":[]}]},"contributions":{},"includedScopes":[]},"contributions":{},"includedScopes":[]},"contributions":{},"includedScopes":[]},"sourceMap":{"end":{"column":32,"line":57,"offset":1280},"start":{"column":8,"line":57,"offset":1257}}},{"args":[],"id":"56075a3e-df07-4771-9843-a0c32ff116ca","message":"clear","metadata":[],"receiver":{"id":"676b25c6-a1ad-45d2-a5f7-b09c95d0bb6c","metadata":[],"name":"monedas","scope":{"containerScope":{"containerScope":{"containerScope":{"containerScope":{"containerScope":{"containerScope":{"contributions":{},"includedScopes":[]},"contributions":{},"includedScopes":[{"contributions":{},"includedScopes":[]},{"contributions":{},"includedScopes":[]},{"contributions":{},"includedScopes":[]},{"contributions":{},"includedScopes":[]},{"contributions":{},"includedScopes":[]},{"contributions":{},"includedScopes":[]},{"contributions":{},"includedScopes":[]}]},"contributions":{},"includedScopes":[{"containerScope":{"containerScope":{"containerScope":{"contributions":{},"includedScopes":[]},"contributions":{},"includedScopes":[]},"contributions":{},"includedScopes":[]},"contributions":{},"includedScopes":[]}]},"contributions":{},"includedScopes":[]},"contributions":{},"includedScopes":[]},"contributions":{},"includedScopes":[]},"contributions":{},"includedScopes":[]},"sourceMap":{"end":{"column":16,"line":58,"offset":1297},"start":{"column":9,"line":58,"offset":1290}}},"scope":{"containerScope":{"containerScope":{"containerScope":{"containerScope":{"containerScope":{"contributions":{},"includedScopes":[]},"contributions":{},"includedScopes":[{"contributions":{},"includedScopes":[]},{"contributions":{},"includedScopes":[]},{"contributions":{},"includedScopes":[]},{"contributions":{},"includedScopes":[]},{"contributions":{},"includedScopes":[]},{"contributions":{},"includedScopes":[]},{"contributions":{},"includedScopes":[]}]},"contributions":{},"includedScopes":[{"containerScope":{"containerScope":{"containerScope":{"contributions":{},"includedScopes":[]},"contributions":{},"includedScopes":[]},"contributions":{},"includedScopes":[]},"contributions":{},"includedScopes":[]}]},"contributions":{},"includedScopes":[]},"contributions":{},"includedScopes":[]},"contributions":{},"includedScopes":[]},"sourceMap":{"end":{"column":24,"line":58,"offset":1305},"start":{"column":8,"line":58,"offset":1290}}},{"args":[],"id":"5a9c8903-2659-4acf-9d97-8e5915f33a96","message":"clear","metadata":[],"receiver":{"id":"f5bc55d7-ada0-4517-9a3f-92fed7a8612d","metadata":[],"name":"pinchos","scope":{"containerScope":{"containerScope":{"containerScope":{"containerScope":{"containerScope":{"containerScope":{"contributions":{},"includedScopes":[]},"contributions":{},"includedScopes":[{"contributions":{},"includedScopes":[]},{"contributions":{},"includedScopes":[]},{"contributions":{},"includedScopes":[]},{"contributions":{},"includedScopes":[]},{"contributions":{},"includedScopes":[]},{"contributions":{},"includedScopes":[]},{"contributions":{},"includedScopes":[]}]},"contributions":{},"includedScopes":[{"containerScope":{"containerScope":{"containerScope":{"contributions":{},"includedScopes":[]},"contributions":{},"includedScopes":[]},"contributions":{},"includedScopes":[]},"contributions":{},"includedScopes":[]}]},"contributions":{},"includedScopes":[]},"contributions":{},"includedScopes":[]},"contributions":{},"includedScopes":[]},"contributions":{},"includedScopes":[]},"sourceMap":{"end":{"column":16,"line":59,"offset":1322},"start":{"column":9,"line":59,"offset":1315}}},"scope":{"containerScope":{"containerScope":{"containerScope":{"containerScope":{"containerScope":{"contributions":{},"includedScopes":[]},"contributions":{},"includedScopes":[{"contributions":{},"includedScopes":[]},{"contributions":{},"includedScopes":[]},{"contributions":{},"includedScopes":[]},{"contributions":{},"includedScopes":[]},{"contributions":{},"includedScopes":[]},{"contributions":{},"includedScopes":[]},{"contributions":{},"includedScopes":[]}]},"contributions":{},"includedScopes":[{"containerScope":{"containerScope":{"containerScope":{"contributions":{},"includedScopes":[]},"contributions":{},"includedScopes":[]},"contributions":{},"includedScopes":[]},"contributions":{},"includedScopes":[]}]},"contributions":{},"includedScopes":[]},"contributions":{},"includedScopes":[]},"contributions":{},"includedScopes":[]},"sourceMap":{"end":{"column":24,"line":59,"offset":1330},"start":{"column":8,"line":59,"offset":1315}}},{"args":[],"id":"23736110-ff5a-40a4-bff4-94e604119841","message":"clear","metadata":[],"receiver":{"id":"39758c71-e5a5-43ad-b561-ea1588712598","metadata":[],"name":"interactuables","scope":{"containerScope":{"containerScope":{"containerScope":{"containerScope":{"containerScope":{"containerScope":{"contributions":{},"includedScopes":[]},"contributions":{},"includedScopes":[{"contributions":{},"includedScopes":[]},{"contributions":{},"includedScopes":[]},{"contributions":{},"includedScopes":[]},{"contributions":{},"includedScopes":[]},{"contributions":{},"includedScopes":[]},{"contributions":{},"includedScopes":[]},{"contributions":{},"includedScopes":[]}]},"contributions":{},"includedScopes":[{"containerScope":{"containerScope":{"containerScope":{"contributions":{},"includedScopes":[]},"contributions":{},"includedScopes":[]},"contributions":{},"includedScopes":[]},"contributions":{},"includedScopes":[]}]},"contributions":{},"includedScopes":[]},"contributions":{},"includedScopes":[]},"contributions":{},"includedScopes":[]},"contributions":{},"includedScopes":[]},"sourceMap":{"end":{"column":23,"line":60,"offset":1354},"start":{"column":9,"line":60,"offset":1340}}},"scope":{"containerScope":{"containerScope":{"containerScope":{"containerScope":{"containerScope":{"contributions":{},"includedScopes":[]},"contributions":{},"includedScopes":[{"contributions":{},"includedScopes":[]},{"contributions":{},"includedScopes":[]},{"contributions":{},"includedScopes":[]},{"contributions":{},"includedScopes":[]},{"contributions":{},"includedScopes":[]},{"contributions":{},"includedScopes":[]},{"contributions":{},"includedScopes":[]}]},"contributions":{},"includedScopes":[{"containerScope":{"containerScope":{"containerScope":{"contributions":{},"includedScopes":[]},"contributions":{},"includedScopes":[]},"contributions":{},"includedScopes":[]},"contributions":{},"includedScopes":[]}]},"contributions":{},"includedScopes":[]},"contributions":{},"includedScopes":[]},"contributions":{},"includedScopes":[]},"sourceMap":{"end":{"column":31,"line":60,"offset":1362},"start":{"column":8,"line":60,"offset":1340}}},{"args":[],"id":"1db33014-21ba-45b8-b989-104e8829f46c","message":"clear","metadata":[],"receiver":{"id":"becb3325-0cd2-48e3-9e20-ee962370b246","metadata":[],"name":"pisables","scope":{"containerScope":{"containerScope":{"containerScope":{"containerScope":{"containerScope":{"containerScope":{"contributions":{},"includedScopes":[]},"contributions":{},"includedScopes":[{"contributions":{},"includedScopes":[]},{"contributions":{},"includedScopes":[]},{"contributions":{},"includedScopes":[]},{"contributions":{},"includedScopes":[]},{"contributions":{},"includedScopes":[]},{"contributions":{},"includedScopes":[]},{"contributions":{},"includedScopes":[]}]},"contributions":{},"includedScopes":[{"containerScope":{"containerScope":{"containerScope":{"contributions":{},"includedScopes":[]},"contributions":{},"includedScopes":[]},"contributions":{},"includedScopes":[]},"contributions":{},"includedScopes":[]}]},"contributions":{},"includedScopes":[]},"contributions":{},"includedScopes":[]},"contributions":{},"includedScopes":[]},"contributions":{},"includedScopes":[]},"sourceMap":{"end":{"column":17,"line":61,"offset":1380},"start":{"column":9,"line":61,"offset":1372}}},"scope":{"containerScope":{"containerScope":{"containerScope":{"containerScope":{"containerScope":{"contributions":{},"includedScopes":[]},"contributions":{},"includedScopes":[{"contributions":{},"includedScopes":[]},{"contributions":{},"includedScopes":[]},{"contributions":{},"includedScopes":[]},{"contributions":{},"includedScopes":[]},{"contributions":{},"includedScopes":[]},{"contributions":{},"includedScopes":[]},{"contributions":{},"includedScopes":[]}]},"contributions":{},"includedScopes":[{"containerScope":{"containerScope":{"containerScope":{"contributions":{},"includedScopes":[]},"contributions":{},"includedScopes":[]},"contributions":{},"includedScopes":[]},"contributions":{},"includedScopes":[]}]},"contributions":{},"includedScopes":[]},"contributions":{},"includedScopes":[]},"contributions":{},"includedScopes":[]},"sourceMap":{"end":{"column":25,"line":61,"offset":1388},"start":{"column":8,"line":61,"offset":1372}}},{"args":[],"id":"90a8e311-3436-4ac7-9a91-98072d172959","message":"clear","metadata":[],"receiver":{"id":"c4f8e7c8-6233-4f15-a407-18432df4a949","metadata":[],"name":"destinoEnemigos","scope":{"containerScope":{"containerScope":{"containerScope":{"containerScope":{"containerScope":{"containerScope":{"contributions":{},"includedScopes":[]},"contributions":{},"includedScopes":[{"contributions":{},"includedScopes":[]},{"contributions":{},"includedScopes":[]},{"contributions":{},"includedScopes":[]},{"contributions":{},"includedScopes":[]},{"contributions":{},"includedScopes":[]},{"contributions":{},"includedScopes":[]},{"contributions":{},"includedScopes":[]}]},"contributions":{},"includedScopes":[{"containerScope":{"containerScope":{"containerScope":{"contributions":{},"includedScopes":[]},"contributions":{},"includedScopes":[]},"contributions":{},"includedScopes":[]},"contributions":{},"includedScopes":[]}]},"contributions":{},"includedScopes":[]},"contributions":{},"includedScopes":[]},"contributions":{},"includedScopes":[]},"contributions":{},"includedScopes":[]},"sourceMap":{"end":{"column":24,"line":62,"offset":1413},"start":{"column":9,"line":62,"offset":1398}}},"scope":{"containerScope":{"containerScope":{"containerScope":{"containerScope":{"containerScope":{"contributions":{},"includedScopes":[]},"contributions":{},"includedScopes":[{"contributions":{},"includedScopes":[]},{"contributions":{},"includedScopes":[]},{"contributions":{},"includedScopes":[]},{"contributions":{},"includedScopes":[]},{"contributions":{},"includedScopes":[]},{"contributions":{},"includedScopes":[]},{"contributions":{},"includedScopes":[]}]},"contributions":{},"includedScopes":[{"containerScope":{"containerScope":{"containerScope":{"contributions":{},"includedScopes":[]},"contributions":{},"includedScopes":[]},"contributions":{},"includedScopes":[]},"contributions":{},"includedScopes":[]}]},"contributions":{},"includedScopes":[]},"contributions":{},"includedScopes":[]},"contributions":{},"includedScopes":[]},"sourceMap":{"end":{"column":32,"line":62,"offset":1421},"start":{"column":8,"line":62,"offset":1398}}},{"always":{"id":"1f6443d4-ea4e-4300-9928-e9dd2e60dc35","metadata":[],"scope":{"containerScope":{"containerScope":{"containerScope":{"containerScope":{"containerScope":{"containerScope":{"contributions":{},"includedScopes":[]},"contributions":{},"includedScopes":[{"contributions":{},"includedScopes":[]},{"contributions":{},"includedScopes":[]},{"contributions":{},"includedScopes":[]},{"contributions":{},"includedScopes":[]},{"contributions":{},"includedScopes":[]},{"contributions":{},"includedScopes":[]},{"contributions":{},"includedScopes":[]}]},"contributions":{},"includedScopes":[{"containerScope":{"containerScope":{"containerScope":{"contributions":{},"includedScopes":[]},"contributions":{},"includedScopes":[]},"contributions":{},"includedScopes":[]},"contributions":{},"includedScopes":[]}]},"contributions":{},"includedScopes":[]},"contributions":{},"includedScopes":[]},"contributions":{},"includedScopes":[]},"contributions":{},"includedScopes":[]},"sentences":[]},"body":{"id":"71d22d55-c1f5-4361-888e-67d48a41306c","metadata":[],"problems":[],"scope":{"containerScope":{"containerScope":{"containerScope":{"containerScope":{"containerScope":{"containerScope":{"contributions":{},"includedScopes":[]},"contributions":{},"includedScopes":[{"contributions":{},"includedScopes":[]},{"contributions":{},"includedScopes":[]},{"contributions":{},"includedScopes":[]},{"contributions":{},"includedScopes":[]},{"contributions":{},"includedScopes":[]},{"contributions":{},"includedScopes":[]},{"contributions":{},"includedScopes":[]}]},"contributions":{},"includedScopes":[{"containerScope":{"containerScope":{"containerScope":{"contributions":{},"includedScopes":[]},"contributions":{},"includedScopes":[]},"contributions":{},"includedScopes":[]},"contributions":{},"includedScopes":[]}]},"contributions":{},"includedScopes":[]},"contributions":{},"includedScopes":[]},"contributions":{},"includedScopes":[]},"contributions":{},"includedScopes":[]},"sentences":[{"args":[],"id":"0aba5778-d5ef-4376-b94d-9eaa3cf45e74","message":"stop","metadata":[],"receiver":{"id":"d0d771a4-fa6c-4056-8ad7-b57ad9fddcba","metadata":[],"name":"fondoMusic","scope":{"containerScope":{"containerScope":{"containerScope":{"containerScope":{"containerScope":{"containerScope":{"containerScope":{"containerScope":{"contributions":{},"includedScopes":[]},"contributions":{},"includedScopes":[{"contributions":{},"includedScopes":[]},{"contributions":{},"includedScopes":[]},{"contributions":{},"includedScopes":[]},{"contributions":{},"includedScopes":[]},{"contributions":{},"includedScopes":[]},{"contributions":{},"includedScopes":[]},{"contributions":{},"includedScopes":[]}]},"contributions":{},"includedScopes":[{"containerScope":{"containerScope":{"containerScope":{"contributions":{},"includedScopes":[]},"contributions":{},"includedScopes":[]},"contributions":{},"includedScopes":[]},"contributions":{},"includedScopes":[]}]},"contributions":{},"includedScopes":[]},"contributions":{},"includedScopes":[]},"contributions":{},"includedScopes":[]},"contributions":{},"includedScopes":[]},"contributions":{},"includedScopes":[]},"contributions":{},"includedScopes":[]},"sourceMap":{"end":{"column":23,"line":65,"offset":1462},"start":{"column":13,"line":65,"offset":1452}}},"scope":{"containerScope":{"containerScope":{"containerScope":{"containerScope":{"containerScope":{"containerScope":{"containerScope":{"contributions":{},"includedScopes":[]},"contributions":{},"includedScopes":[{"contributions":{},"includedScopes":[]},{"contributions":{},"includedScopes":[]},{"contributions":{},"includedScopes":[]},{"contributions":{},"includedScopes":[]},{"contributions":{},"includedScopes":[]},{"contributions":{},"includedScopes":[]},{"contributions":{},"includedScopes":[]}]},"contributions":{},"includedScopes":[{"containerScope":{"containerScope":{"containerScope":{"contributions":{},"includedScopes":[]},"contributions":{},"includedScopes":[]},"contributions":{},"includedScopes":[]},"contributions":{},"includedScopes":[]}]},"contributions":{},"includedScopes":[]},"contributions":{},"includedScopes":[]},"contributions":{},"includedScopes":[]},"contributions":{},"includedScopes":[]},"contributions":{},"includedScopes":[]},"sourceMap":{"end":{"column":30,"line":65,"offset":1469},"start":{"column":13,"line":65,"offset":1452}}}],"sourceMap":{"end":{"column":10,"line":66,"offset":1480},"start":{"column":13,"line":64,"offset":1437}}},"catches":[{"body":{"id":"e0a4f81e-9635-4ca6-a5ca-62a9d6feda36","metadata":[],"problems":[],"scope":{"containerScope":{"containerScope":{"containerScope":{"containerScope":{"containerScope":{"containerScope":{"containerScope":{"contributions":{},"includedScopes":[]},"contributions":{},"includedScopes":[{"contributions":{},"includedScopes":[]},{"contributions":{},"includedScopes":[]},{"contributions":{},"includedScopes":[]},{"contributions":{},"includedScopes":[]},{"contributions":{},"includedScopes":[]},{"contributions":{},"includedScopes":[]},{"contributions":{},"includedScopes":[]}]},"contributions":{},"includedScopes":[{"containerScope":{"containerScope":{"containerScope":{"contributions":{},"includedScopes":[]},"contributions":{},"includedScopes":[]},"contributions":{},"includedScopes":[]},"contributions":{},"includedScopes":[]}]},"contributions":{},"includedScopes":[]},"contributions":{},"includedScopes":[]},"contributions":{},"includedScopes":[]},"contributions":{},"includedScopes":[]},"contributions":{},"includedScopes":[]},"sentences":[{"args":[{"id":"5214a579-c2a9-482c-bdc4-89380d1cda64","metadata":[],"scope":{"containerScope":{"containerScope":{"containerScope":{"containerScope":{"containerScope":{"containerScope":{"containerScope":{"containerScope":{"containerScope":{"contributions":{},"includedScopes":[]},"contributions":{},"includedScopes":[{"contributions":{},"includedScopes":[]},{"contributions":{},"includedScopes":[]},{"contributions":{},"includedScopes":[]},{"contributions":{},"includedScopes":[]},{"contributions":{},"includedScopes":[]},{"contributions":{},"includedScopes":[]},{"contributions":{},"includedScopes":[]}]},"contributions":{},"includedScopes":[{"containerScope":{"containerScope":{"containerScope":{"contributions":{},"includedScopes":[]},"contributions":{},"includedScopes":[]},"contributions":{},"includedScopes":[]},"contributions":{},"includedScopes":[]}]},"contributions":{},"includedScopes":[]},"contributions":{},"includedScopes":[]},"contributions":{},"includedScopes":[]},"contributions":{},"includedScopes":[]},"contributions":{},"includedScopes":[]},"contributions":{},"includedScopes":[]},"contributions":{},"includedScopes":[]},"sourceMap":{"end":{"column":74,"line":68,"offset":1586},"start":{"column":29,"line":68,"offset":1541}},"value":"Se ignoró un error de música en la limpieza"}],"id":"d1dd4b91-031c-49d0-9117-0478b3dfa286","message":"println","metadata":[],"receiver":{"id":"7114c570-c25a-4184-8b34-e8fcc1550c12","metadata":[],"name":"console","scope":{"containerScope":{"containerScope":{"containerScope":{"containerScope":{"containerScope":{"containerScope":{"containerScope":{"containerScope":{"containerScope":{"contributions":{},"includedScopes":[]},"contributions":{},"includedScopes":[{"contributions":{},"includedScopes":[]},{"contributions":{},"includedScopes":[]},{"contributions":{},"includedScopes":[]},{"contributions":{},"includedScopes":[]},{"contributions":{},"includedScopes":[]},{"contributions":{},"includedScopes":[]},{"contributions":{},"includedScopes":[]}]},"contributions":{},"includedScopes":[{"containerScope":{"containerScope":{"containerScope":{"contributions":{},"includedScopes":[]},"contributions":{},"includedScopes":[]},"contributions":{},"includedScopes":[]},"contributions":{},"includedScopes":[]}]},"contributions":{},"includedScopes":[]},"contributions":{},"includedScopes":[]},"contributions":{},"includedScopes":[]},"contributions":{},"includedScopes":[]},"contributions":{},"includedScopes":[]},"contributions":{},"includedScopes":[]},"contributions":{},"includedScopes":[]},"sourceMap":{"end":{"column":20,"line":68,"offset":1532},"start":{"column":13,"line":68,"offset":1525}}},"scope":{"containerScope":{"containerScope":{"containerScope":{"containerScope":{"containerScope":{"containerScope":{"containerScope":{"containerScope":{"contributions":{},"includedScopes":[]},"contributions":{},"includedScopes":[{"contributions":{},"includedScopes":[]},{"contributions":{},"includedScopes":[]},{"contributions":{},"includedScopes":[]},{"contributions":{},"includedScopes":[]},{"contributions":{},"includedScopes":[]},{"contributions":{},"includedScopes":[]},{"contributions":{},"includedScopes":[]}]},"contributions":{},"includedScopes":[{"containerScope":{"containerScope":{"containerScope":{"contributions":{},"includedScopes":[]},"contributions":{},"includedScopes":[]},"contributions":{},"includedScopes":[]},"contributions":{},"includedScopes":[]}]},"contributions":{},"includedScopes":[]},"contributions":{},"includedScopes":[]},"contributions":{},"includedScopes":[]},"contributions":{},"includedScopes":[]},"contributions":{},"includedScopes":[]},"contributions":{},"includedScopes":[]},"sourceMap":{"end":{"column":75,"line":68,"offset":1587},"start":{"column":13,"line":68,"offset":1525}}}],"sourceMap":{"end":{"column":10,"line":69,"offset":1598},"start":{"column":29,"line":67,"offset":1510}}},"id":"0ade29af-91b0-47a2-8781-5440317df695","metadata":[],"parameter":{"id":"c04faecc-e660-404f-907a-dc18f6279f5c","isVarArg":false,"metadata":[],"name":"e","scope":{"containerScope":{"containerScope":{"containerScope":{"containerScope":{"containerScope":{"containerScope":{"containerScope":{"contributions":{},"includedScopes":[]},"contributions":{},"includedScopes":[{"contributions":{},"includedScopes":[]},{"contributions":{},"includedScopes":[]},{"contributions":{},"includedScopes":[]},{"contributions":{},"includedScopes":[]},{"contributions":{},"includedScopes":[]},{"contributions":{},"includedScopes":[]},{"contributions":{},"includedScopes":[]}]},"contributions":{},"includedScopes":[{"containerScope":{"containerScope":{"containerScope":{"contributions":{},"includedScopes":[]},"contributions":{},"includedScopes":[]},"contributions":{},"includedScopes":[]},"contributions":{},"includedScopes":[]}]},"contributions":{},"includedScopes":[]},"contributions":{},"includedScopes":[]},"contributions":{},"includedScopes":[]},"contributions":{},"includedScopes":[]},"contributions":{},"includedScopes":[]},"sourceMap":{"end":{"column":16,"line":67,"offset":1497},"start":{"column":15,"line":67,"offset":1496}}},"parameterType":{"id":"6e6fb04e-90fd-4682-a26c-8d90abc98e75","metadata":[],"name":"Exception","scope":{"containerScope":{"containerScope":{"containerScope":{"containerScope":{"containerScope":{"containerScope":{"containerScope":{"contributions":{},"includedScopes":[]},"contributions":{},"includedScopes":[{"contributions":{},"includedScopes":[]},{"contributions":{},"includedScopes":[]},{"contributions":{},"includedScopes":[]},{"contributions":{},"includedScopes":[]},{"contributions":{},"includedScopes":[]},{"contributions":{},"includedScopes":[]},{"contributions":{},"includedScopes":[]}]},"contributions":{},"includedScopes":[{"containerScope":{"containerScope":{"containerScope":{"contributions":{},"includedScopes":[]},"contributions":{},"includedScopes":[]},"contributions":{},"includedScopes":[]},"contributions":{},"includedScopes":[]}]},"contributions":{},"includedScopes":[]},"contributions":{},"includedScopes":[]},"contributions":{},"includedScopes":[]},"contributions":{},"includedScopes":[]},"contributions":{},"includedScopes":[]},"sourceMap":{"end":{"column":28,"line":67,"offset":1509},"start":{"column":19,"line":67,"offset":1500}}},"scope":{"containerScope":{"containerScope":{"containerScope":{"containerScope":{"containerScope":{"containerScope":{"contributions":{},"includedScopes":[]},"contributions":{},"includedScopes":[{"contributions":{},"includedScopes":[]},{"contributions":{},"includedScopes":[]},{"contributions":{},"includedScopes":[]},{"contributions":{},"includedScopes":[]},{"contributions":{},"includedScopes":[]},{"contributions":{},"includedScopes":[]},{"contributions":{},"includedScopes":[]}]},"contributions":{},"includedScopes":[{"containerScope":{"containerScope":{"containerScope":{"contributions":{},"includedScopes":[]},"contributions":{},"includedScopes":[]},"contributions":{},"includedScopes":[]},"contributions":{},"includedScopes":[]}]},"contributions":{},"includedScopes":[]},"contributions":{},"includedScopes":[]},"contributions":{},"includedScopes":[]},"contributions":{},"includedScopes":[]},"sourceMap":{"end":{"column":10,"line":69,"offset":1598},"start":{"column":9,"line":67,"offset":1490}}}],"id":"a8e3a674-643a-462d-b39b-b71fa76489cc","metadata":[],"scope":{"containerScope":{"containerScope":{"containerScope":{"containerScope":{"containerScope":{"contributions":{},"includedScopes":[]},"contributions":{},"includedScopes":[{"contributions":{},"includedScopes":[]},{"contributions":{},"includedScopes":[]},{"contributions":{},"includedScopes":[]},{"contributions":{},"includedScopes":[]},{"contributions":{},"includedScopes":[]},{"contributions":{},"includedScopes":[]},{"contributions":{},"includedScopes":[]}]},"contributions":{},"includedScopes":[{"containerScope":{"containerScope":{"containerScope":{"contributions":{},"includedScopes":[]},"contributions":{},"includedScopes":[]},"contributions":{},"includedScopes":[]},"contributions":{},"includedScopes":[]}]},"contributions":{},"includedScopes":[]},"contributions":{},"includedScopes":[]},"contributions":{},"includedScopes":[]},"sourceMap":{"end":{"column":10,"line":69,"offset":1598},"start":{"column":9,"line":64,"offset":1433}}},{"args":[{"id":"b3473da4-7416-4154-bfad-cdaef76300b7","metadata":[],"scope":{"containerScope":{"containerScope":{"containerScope":{"containerScope":{"containerScope":{"containerScope":{"contributions":{},"includedScopes":[]},"contributions":{},"includedScopes":[{"contributions":{},"includedScopes":[]},{"contributions":{},"includedScopes":[]},{"contributions":{},"includedScopes":[]},{"contributions":{},"includedScopes":[]},{"contributions":{},"includedScopes":[]},{"contributions":{},"includedScopes":[]},{"contributions":{},"includedScopes":[]}]},"contributions":{},"includedScopes":[{"containerScope":{"containerScope":{"containerScope":{"contributions":{},"includedScopes":[]},"contributions":{},"includedScopes":[]},"contributions":{},"includedScopes":[]},"contributions":{},"includedScopes":[]}]},"contributions":{},"includedScopes":[]},"contributions":{},"includedScopes":[]},"contributions":{},"includedScopes":[]},"contributions":{},"includedScopes":[]},"sourceMap":{"end":{"column":34,"line":71,"offset":1635},"start":{"column":30,"line":71,"offset":1631}},"value":true}],"id":"2b4a1846-3a30-4c78-8a8c-a8abca36476c","message":"moviendose","metadata":[],"receiver":{"id":"27eabb69-19b2-4031-b567-e206c99ed0f9","metadata":[],"name":"personaje","scope":{"containerScope":{"containerScope":{"containerScope":{"containerScope":{"containerScope":{"containerScope":{"contributions":{},"includedScopes":[]},"contributions":{},"includedScopes":[{"contributions":{},"includedScopes":[]},{"contributions":{},"includedScopes":[]},{"contributions":{},"includedScopes":[]},{"contributions":{},"includedScopes":[]},{"contributions":{},"includedScopes":[]},{"contributions":{},"includedScopes":[]},{"contributions":{},"includedScopes":[]}]},"contributions":{},"includedScopes":[{"containerScope":{"containerScope":{"containerScope":{"contributions":{},"includedScopes":[]},"contributions":{},"includedScopes":[]},"contributions":{},"includedScopes":[]},"contributions":{},"includedScopes":[]}]},"contributions":{},"includedScopes":[]},"contributions":{},"includedScopes":[]},"contributions":{},"includedScopes":[]},"contributions":{},"includedScopes":[]},"sourceMap":{"end":{"column":18,"line":71,"offset":1619},"start":{"column":9,"line":71,"offset":1610}}},"scope":{"containerScope":{"containerScope":{"containerScope":{"containerScope":{"containerScope":{"contributions":{},"includedScopes":[]},"contributions":{},"includedScopes":[{"contributions":{},"includedScopes":[]},{"contributions":{},"includedScopes":[]},{"contributions":{},"includedScopes":[]},{"contributions":{},"includedScopes":[]},{"contributions":{},"includedScopes":[]},{"contributions":{},"includedScopes":[]},{"contributions":{},"includedScopes":[]}]},"contributions":{},"includedScopes":[{"containerScope":{"containerScope":{"containerScope":{"contributions":{},"includedScopes":[]},"contributions":{},"includedScopes":[]},"contributions":{},"includedScopes":[]},"contributions":{},"includedScopes":[]}]},"contributions":{},"includedScopes":[]},"contributions":{},"includedScopes":[]},"contributions":{},"includedScopes":[]},"sourceMap":{"end":{"column":35,"line":71,"offset":1636},"start":{"column":9,"line":71,"offset":1610}}},{"id":"5f13ba69-3c55-4f7e-904f-2d4dc1954aac","metadata":[],"name":"gestorNiveles.proximoNi","scope":{"containerScope":{"containerScope":{"containerScope":{"containerScope":{"containerScope":{"contributions":{},"includedScopes":[]},"contributions":{},"includedScopes":[{"contributions":{},"includedScopes":[]},{"contributions":{},"includedScopes":[]},{"contributions":{},"includedScopes":[]},{"contributions":{},"includedScopes":[]},{"contributions":{},"includedScopes":[]},{"contributions":{},"includedScopes":[]},{"contributions":{},"includedScopes":[]}]},"contributions":{},"includedScopes":[{"containerScope":{"containerScope":{"containerScope":{"contributions":{},"includedScopes":[]},"contributions":{},"includedScopes":[]},"contributions":{},"includedScopes":[]},"contributions":{},"includedScopes":[]}]},"contributions":{},"includedScopes":[]},"contributions":{},"includedScopes":[]},"contributions":{},"includedScopes":[]},"sourceMap":{"end":{"column":32,"line":72,"offset":1669},"start":{"column":9,"line":72,"offset":1646}}}],"sourceMap":{"end":{"column":6,"line":73,"offset":1676},"start":{"column":5,"line":55,"offset":1221}}},"compiled":false,"id":"e21eaf64-283e-478b-82ff-be76b27db322","isOverride":false,"metadata":[],"name":"limpiar","parameters":[],"problems":[],"scope":{"containerScope":{"containerScope":{"containerScope":{"contributions":{},"includedScopes":[]},"contributions":{},"includedScopes":[{"contributions":{},"includedScopes":[]},{"contributions":{},"includedScopes":[]},{"contributions":{},"includedScopes":[]},{"contributions":{},"includedScopes":[]},{"contributions":{},"includedScopes":[]},{"contributions":{},"includedScopes":[]},{"contributions":{},"includedScopes":[]}]},"contributions":{},"includedScopes":[{"containerScope":{"containerScope":{"containerScope":{"contributions":{},"includedScopes":[]},"contributions":{},"includedScopes":[]},"contributions":{},"includedScopes":[]},"contributions":{},"includedScopes":[]}]},"contributions":{},"includedScopes":[]},"sourceMap":{"end":{"column":6,"line":73,"offset":1676},"start":{"column":5,"line":54,"offset":1199}}},{"body":{"id":"e6306a77-fe0e-4156-b887-2762ad1a54f0","metadata":[],"scope":{"containerScope":{"containerScope":{"containerScope":{"containerScope":{"contributions":{},"includedScopes":[]},"contributions":{},"includedScopes":[{"contributions":{},"includedScopes":[]},{"contributions":{},"includedScopes":[]},{"contributions":{},"includedScopes":[]},{"contributions":{},"includedScopes":[]},{"contributions":{},"includedScopes":[]},{"contributions":{},"includedScopes":[]},{"contributions":{},"includedScopes":[]}]},"contributions":{},"includedScopes":[{"containerScope":{"containerScope":{"containerScope":{"contributions":{},"includedScopes":[]},"contributions":{},"includedScopes":[]},"contributions":{},"includedScopes":[]},"contributions":{},"includedScopes":[]}]},"contributions":{},"includedScopes":[]},"contributions":{},"includedScopes":[]},"sentences":[{"id":"cec5bb49-7a6f-48a6-8307-852b984c9483","metadata":[],"scope":{"containerScope":{"containerScope":{"containerScope":{"containerScope":{"containerScope":{"contributions":{},"includedScopes":[]},"contributions":{},"includedScopes":[{"contributions":{},"includedScopes":[]},{"contributions":{},"includedScopes":[]},{"contributions":{},"includedScopes":[]},{"contributions":{},"includedScopes":[]},{"contributions":{},"includedScopes":[]},{"contributions":{},"includedScopes":[]},{"contributions":{},"includedScopes":[]}]},"contributions":{},"includedScopes":[{"containerScope":{"containerScope":{"containerScope":{"contributions":{},"includedScopes":[]},"contributions":{},"includedScopes":[]},"contributions":{},"includedScopes":[]},"contributions":{},"includedScopes":[]}]},"contributions":{},"includedScopes":[]},"contributions":{},"includedScopes":[]},"contributions":{},"includedScopes":[]},"value":{"id":"ee78beda-b129-46c2-99d4-62152ffcf5a1","metadata":[],"name":"paredes","scope":{"containerScope":{"containerScope":{"containerScope":{"containerScope":{"containerScope":{"containerScope":{"contributions":{},"includedScopes":[]},"contributions":{},"includedScopes":[{"contributions":{},"includedScopes":[]},{"contributions":{},"includedScopes":[]},{"contributions":{},"includedScopes":[]},{"contributions":{},"includedScopes":[]},{"contributions":{},"includedScopes":[]},{"contributions":{},"includedScopes":[]},{"contributions":{},"includedScopes":[]}]},"contributions":{},"includedScopes":[{"containerScope":{"containerScope":{"containerScope":{"contributions":{},"includedScopes":[]},"contributions":{},"includedScopes":[]},"contributions":{},"includedScopes":[]},"contributions":{},"includedScopes":[]}]},"contributions":{},"includedScopes":[]},"contributions":{},"includedScopes":[]},"contributions":{},"includedScopes":[]},"contributions":{},"includedScopes":[]}}}]},"compiled":false,"id":"e0478d46-8603-43d2-a9c6-1e8a583680ea","isOverride":false,"metadata":[],"name":"paredes","parameters":[],"scope":{"containerScope":{"containerScope":{"containerScope":{"contributions":{},"includedScopes":[]},"contributions":{},"includedScopes":[{"contributions":{},"includedScopes":[]},{"contributions":{},"includedScopes":[]},{"contributions":{},"includedScopes":[]},{"contributions":{},"includedScopes":[]},{"contributions":{},"includedScopes":[]},{"contributions":{},"includedScopes":[]},{"contributions":{},"includedScopes":[]}]},"contributions":{},"includedScopes":[{"containerScope":{"containerScope":{"containerScope":{"contributions":{},"includedScopes":[]},"contributions":{},"includedScopes":[]},"contributions":{},"includedScopes":[]},"contributions":{},"includedScopes":[]}]},"contributions":{},"includedScopes":[]}},{"body":{"id":"91801978-3ab1-4569-ae7a-89533157cb51","metadata":[],"scope":{"containerScope":{"containerScope":{"containerScope":{"containerScope":{"contributions":{},"includedScopes":[]},"contributions":{},"includedScopes":[{"contributions":{},"includedScopes":[]},{"contributions":{},"includedScopes":[]},{"contributions":{},"includedScopes":[]},{"contributions":{},"includedScopes":[]},{"contributions":{},"includedScopes":[]},{"contributions":{},"includedScopes":[]},{"contributions":{},"includedScopes":[]}]},"contributions":{},"includedScopes":[{"containerScope":{"containerScope":{"containerScope":{"contributions":{},"includedScopes":[]},"contributions":{},"includedScopes":[]},"contributions":{},"includedScopes":[]},"contributions":{},"includedScopes":[]}]},"contributions":{},"includedScopes":[]},"contributions":{},"includedScopes":[]},"sentences":[{"id":"c637e3bd-c1ca-4597-8df6-8fa56abbd784","metadata":[],"scope":{"containerScope":{"containerScope":{"containerScope":{"containerScope":{"containerScope":{"contributions":{},"includedScopes":[]},"contributions":{},"includedScopes":[{"contributions":{},"includedScopes":[]},{"contributions":{},"includedScopes":[]},{"contributions":{},"includedScopes":[]},{"contributions":{},"includedScopes":[]},{"contributions":{},"includedScopes":[]},{"contributions":{},"includedScopes":[]},{"contributions":{},"includedScopes":[]}]},"contributions":{},"includedScopes":[{"containerScope":{"containerScope":{"containerScope":{"contributions":{},"includedScopes":[]},"contributions":{},"includedScopes":[]},"contributions":{},"includedScopes":[]},"contributions":{},"includedScopes":[]}]},"contributions":{},"includedScopes":[]},"contributions":{},"includedScopes":[]},"contributions":{},"includedScopes":[]},"value":{"id":"a4cc1ff1-1701-4d20-8bdf-65747db29ef9","metadata":[],"name":"monedas","scope":{"containerScope":{"containerScope":{"containerScope":{"containerScope":{"containerScope":{"containerScope":{"contributions":{},"includedScopes":[]},"contributions":{},"includedScopes":[{"contributions":{},"includedScopes":[]},{"contributions":{},"includedScopes":[]},{"contributions":{},"includedScopes":[]},{"contributions":{},"includedScopes":[]},{"contributions":{},"includedScopes":[]},{"contributions":{},"includedScopes":[]},{"contributions":{},"includedScopes":[]}]},"contributions":{},"includedScopes":[{"containerScope":{"containerScope":{"containerScope":{"contributions":{},"includedScopes":[]},"contributions":{},"includedScopes":[]},"contributions":{},"includedScopes":[]},"contributions":{},"includedScopes":[]}]},"contributions":{},"includedScopes":[]},"contributions":{},"includedScopes":[]},"contributions":{},"includedScopes":[]},"contributions":{},"includedScopes":[]}}}]},"compiled":false,"id":"4479f499-0216-49d1-8c28-26855aabd160","isOverride":false,"metadata":[],"name":"monedas","parameters":[],"scope":{"containerScope":{"containerScope":{"containerScope":{"contributions":{},"includedScopes":[]},"contributions":{},"includedScopes":[{"contributions":{},"includedScopes":[]},{"contributions":{},"includedScopes":[]},{"contributions":{},"includedScopes":[]},{"contributions":{},"includedScopes":[]},{"contributions":{},"includedScopes":[]},{"contributions":{},"includedScopes":[]},{"contributions":{},"includedScopes":[]}]},"contributions":{},"includedScopes":[{"containerScope":{"containerScope":{"containerScope":{"contributions":{},"includedScopes":[]},"contributions":{},"includedScopes":[]},"contributions":{},"includedScopes":[]},"contributions":{},"includedScopes":[]}]},"contributions":{},"includedScopes":[]}},{"body":{"id":"b41894a5-8d06-401e-87bc-dedd906b2768","metadata":[],"scope":{"containerScope":{"containerScope":{"containerScope":{"containerScope":{"contributions":{},"includedScopes":[]},"contributions":{},"includedScopes":[{"contributions":{},"includedScopes":[]},{"contributions":{},"includedScopes":[]},{"contributions":{},"includedScopes":[]},{"contributions":{},"includedScopes":[]},{"contributions":{},"includedScopes":[]},{"contributions":{},"includedScopes":[]},{"contributions":{},"includedScopes":[]}]},"contributions":{},"includedScopes":[{"containerScope":{"containerScope":{"containerScope":{"contributions":{},"includedScopes":[]},"contributions":{},"includedScopes":[]},"contributions":{},"includedScopes":[]},"contributions":{},"includedScopes":[]}]},"contributions":{},"includedScopes":[]},"contributions":{},"includedScopes":[]},"sentences":[{"id":"8fb40806-4cf2-4930-aa4e-eed18a6ec1eb","metadata":[],"scope":{"containerScope":{"containerScope":{"containerScope":{"containerScope":{"containerScope":{"contributions":{},"includedScopes":[]},"contributions":{},"includedScopes":[{"contributions":{},"includedScopes":[]},{"contributions":{},"includedScopes":[]},{"contributions":{},"includedScopes":[]},{"contributions":{},"includedScopes":[]},{"contributions":{},"includedScopes":[]},{"contributions":{},"includedScopes":[]},{"contributions":{},"includedScopes":[]}]},"contributions":{},"includedScopes":[{"containerScope":{"containerScope":{"containerScope":{"contributions":{},"includedScopes":[]},"contributions":{},"includedScopes":[]},"contributions":{},"includedScopes":[]},"contributions":{},"includedScopes":[]}]},"contributions":{},"includedScopes":[]},"contributions":{},"includedScopes":[]},"contributions":{},"includedScopes":[]},"value":{"id":"03edae3e-b8ee-4aaa-99bd-2052252e67b2","metadata":[],"name":"interactuables","scope":{"containerScope":{"containerScope":{"containerScope":{"containerScope":{"containerScope":{"containerScope":{"contributions":{},"includedScopes":[]},"contributions":{},"includedScopes":[{"contributions":{},"includedScopes":[]},{"contributions":{},"includedScopes":[]},{"contributions":{},"includedScopes":[]},{"contributions":{},"includedScopes":[]},{"contributions":{},"includedScopes":[]},{"contributions":{},"includedScopes":[]},{"contributions":{},"includedScopes":[]}]},"contributions":{},"includedScopes":[{"containerScope":{"containerScope":{"containerScope":{"contributions":{},"includedScopes":[]},"contributions":{},"includedScopes":[]},"contributions":{},"includedScopes":[]},"contributions":{},"includedScopes":[]}]},"contributions":{},"includedScopes":[]},"contributions":{},"includedScopes":[]},"contributions":{},"includedScopes":[]},"contributions":{},"includedScopes":[]}}}]},"compiled":false,"id":"ddc7c1ee-b4c3-4c26-91c9-8882ad918e6f","isOverride":false,"metadata":[],"name":"interactuables","parameters":[],"scope":{"containerScope":{"containerScope":{"containerScope":{"contributions":{},"includedScopes":[]},"contributions":{},"includedScopes":[{"contributions":{},"includedScopes":[]},{"contributions":{},"includedScopes":[]},{"contributions":{},"includedScopes":[]},{"contributions":{},"includedScopes":[]},{"contributions":{},"includedScopes":[]},{"contributions":{},"includedScopes":[]},{"contributions":{},"includedScopes":[]}]},"contributions":{},"includedScopes":[{"containerScope":{"containerScope":{"containerScope":{"contributions":{},"includedScopes":[]},"contributions":{},"includedScopes":[]},"contributions":{},"includedScopes":[]},"contributions":{},"includedScopes":[]}]},"contributions":{},"includedScopes":[]}},{"body":{"id":"8f681cbb-1649-445c-a699-787e0c3266fc","metadata":[],"scope":{"containerScope":{"containerScope":{"containerScope":{"containerScope":{"contributions":{},"includedScopes":[]},"contributions":{},"includedScopes":[{"contributions":{},"includedScopes":[]},{"contributions":{},"includedScopes":[]},{"contributions":{},"includedScopes":[]},{"contributions":{},"includedScopes":[]},{"contributions":{},"includedScopes":[]},{"contributions":{},"includedScopes":[]},{"contributions":{},"includedScopes":[]}]},"contributions":{},"includedScopes":[{"containerScope":{"containerScope":{"containerScope":{"contributions":{},"includedScopes":[]},"contributions":{},"includedScopes":[]},"contributions":{},"includedScopes":[]},"contributions":{},"includedScopes":[]}]},"contributions":{},"includedScopes":[]},"contributions":{},"includedScopes":[]},"sentences":[{"id":"3138c4f6-90b1-4f12-b3cf-9de5836db829","metadata":[],"scope":{"containerScope":{"containerScope":{"containerScope":{"containerScope":{"containerScope":{"contributions":{},"includedScopes":[]},"contributions":{},"includedScopes":[{"contributions":{},"includedScopes":[]},{"contributions":{},"includedScopes":[]},{"contributions":{},"includedScopes":[]},{"contributions":{},"includedScopes":[]},{"contributions":{},"includedScopes":[]},{"contributions":{},"includedScopes":[]},{"contributions":{},"includedScopes":[]}]},"contributions":{},"includedScopes":[{"containerScope":{"containerScope":{"containerScope":{"contributions":{},"includedScopes":[]},"contributions":{},"includedScopes":[]},"contributions":{},"includedScopes":[]},"contributions":{},"includedScopes":[]}]},"contributions":{},"includedScopes":[]},"contributions":{},"includedScopes":[]},"contributions":{},"includedScopes":[]},"value":{"id":"1e6a59a2-8b18-41af-9539-477f8cd4681d","metadata":[],"name":"pinchos","scope":{"containerScope":{"containerScope":{"containerScope":{"containerScope":{"containerScope":{"containerScope":{"contributions":{},"includedScopes":[]},"contributions":{},"includedScopes":[{"contributions":{},"includedScopes":[]},{"contributions":{},"includedScopes":[]},{"contributions":{},"includedScopes":[]},{"contributions":{},"includedScopes":[]},{"contributions":{},"includedScopes":[]},{"contributions":{},"includedScopes":[]},{"contributions":{},"includedScopes":[]}]},"contributions":{},"includedScopes":[{"containerScope":{"containerScope":{"containerScope":{"contributions":{},"includedScopes":[]},"contributions":{},"includedScopes":[]},"contributions":{},"includedScopes":[]},"contributions":{},"includedScopes":[]}]},"contributions":{},"includedScopes":[]},"contributions":{},"includedScopes":[]},"contributions":{},"includedScopes":[]},"contributions":{},"includedScopes":[]}}}]},"compiled":false,"id":"b9f42e78-7155-4352-a4b0-57236519d795","isOverride":false,"metadata":[],"name":"pinchos","parameters":[],"scope":{"containerScope":{"containerScope":{"containerScope":{"contributions":{},"includedScopes":[]},"contributions":{},"includedScopes":[{"contributions":{},"includedScopes":[]},{"contributions":{},"includedScopes":[]},{"contributions":{},"includedScopes":[]},{"contributions":{},"includedScopes":[]},{"contributions":{},"includedScopes":[]},{"contributions":{},"includedScopes":[]},{"contributions":{},"includedScopes":[]}]},"contributions":{},"includedScopes":[{"containerScope":{"containerScope":{"containerScope":{"contributions":{},"includedScopes":[]},"contributions":{},"includedScopes":[]},"contributions":{},"includedScopes":[]},"contributions":{},"includedScopes":[]}]},"contributions":{},"includedScopes":[]}},{"body":{"id":"0a99708a-5dc3-44c7-821b-fe5d3927ac66","metadata":[],"scope":{"containerScope":{"containerScope":{"containerScope":{"containerScope":{"contributions":{},"includedScopes":[]},"contributions":{},"includedScopes":[{"contributions":{},"includedScopes":[]},{"contributions":{},"includedScopes":[]},{"contributions":{},"includedScopes":[]},{"contributions":{},"includedScopes":[]},{"contributions":{},"includedScopes":[]},{"contributions":{},"includedScopes":[]},{"contributions":{},"includedScopes":[]}]},"contributions":{},"includedScopes":[{"containerScope":{"containerScope":{"containerScope":{"contributions":{},"includedScopes":[]},"contributions":{},"includedScopes":[]},"contributions":{},"includedScopes":[]},"contributions":{},"includedScopes":[]}]},"contributions":{},"includedScopes":[]},"contributions":{},"includedScopes":[]},"sentences":[{"id":"47d7dc6b-b369-4ebf-9dfd-08b5fbb7cc64","metadata":[],"scope":{"containerScope":{"containerScope":{"containerScope":{"containerScope":{"containerScope":{"contributions":{},"includedScopes":[]},"contributions":{},"includedScopes":[{"contributions":{},"includedScopes":[]},{"contributions":{},"includedScopes":[]},{"contributions":{},"includedScopes":[]},{"contributions":{},"includedScopes":[]},{"contributions":{},"includedScopes":[]},{"contributions":{},"includedScopes":[]},{"contributions":{},"includedScopes":[]}]},"contributions":{},"includedScopes":[{"containerScope":{"containerScope":{"containerScope":{"contributions":{},"includedScopes":[]},"contributions":{},"includedScopes":[]},"contributions":{},"includedScopes":[]},"contributions":{},"includedScopes":[]}]},"contributions":{},"includedScopes":[]},"contributions":{},"includedScopes":[]},"contributions":{},"includedScopes":[]},"value":{"id":"89de96b0-046a-4138-96b8-975bd1bf93fd","metadata":[],"name":"antorchas","scope":{"containerScope":{"containerScope":{"containerScope":{"containerScope":{"containerScope":{"containerScope":{"contributions":{},"includedScopes":[]},"contributions":{},"includedScopes":[{"contributions":{},"includedScopes":[]},{"contributions":{},"includedScopes":[]},{"contributions":{},"includedScopes":[]},{"contributions":{},"includedScopes":[]},{"contributions":{},"includedScopes":[]},{"contributions":{},"includedScopes":[]},{"contributions":{},"includedScopes":[]}]},"contributions":{},"includedScopes":[{"containerScope":{"containerScope":{"containerScope":{"contributions":{},"includedScopes":[]},"contributions":{},"includedScopes":[]},"contributions":{},"includedScopes":[]},"contributions":{},"includedScopes":[]}]},"contributions":{},"includedScopes":[]},"contributions":{},"includedScopes":[]},"contributions":{},"includedScopes":[]},"contributions":{},"includedScopes":[]}}}]},"compiled":false,"id":"5305890b-3ad6-4d98-89bd-355706cbff8d","isOverride":false,"metadata":[],"name":"antorchas","parameters":[],"scope":{"containerScope":{"containerScope":{"containerScope":{"contributions":{},"includedScopes":[]},"contributions":{},"includedScopes":[{"contributions":{},"includedScopes":[]},{"contributions":{},"includedScopes":[]},{"contributions":{},"includedScopes":[]},{"contributions":{},"includedScopes":[]},{"contributions":{},"includedScopes":[]},{"contributions":{},"includedScopes":[]},{"contributions":{},"includedScopes":[]}]},"contributions":{},"includedScopes":[{"containerScope":{"containerScope":{"containerScope":{"contributions":{},"includedScopes":[]},"contributions":{},"includedScopes":[]},"contributions":{},"includedScopes":[]},"contributions":{},"includedScopes":[]}]},"contributions":{},"includedScopes":[]}},{"body":{"id":"aec706f4-f8d8-42ae-8b52-1a65a27b9e9e","metadata":[],"scope":{"containerScope":{"containerScope":{"containerScope":{"containerScope":{"contributions":{},"includedScopes":[]},"contributions":{},"includedScopes":[{"contributions":{},"includedScopes":[]},{"contributions":{},"includedScopes":[]},{"contributions":{},"includedScopes":[]},{"contributions":{},"includedScopes":[]},{"contributions":{},"includedScopes":[]},{"contributions":{},"includedScopes":[]},{"contributions":{},"includedScopes":[]}]},"contributions":{},"includedScopes":[{"containerScope":{"containerScope":{"containerScope":{"contributions":{},"includedScopes":[]},"contributions":{},"includedScopes":[]},"contributions":{},"includedScopes":[]},"contributions":{},"includedScopes":[]}]},"contributions":{},"includedScopes":[]},"contributions":{},"includedScopes":[]},"sentences":[{"id":"a855e388-925e-430d-bc67-b89a4973db00","metadata":[],"scope":{"containerScope":{"containerScope":{"containerScope":{"containerScope":{"containerScope":{"contributions":{},"includedScopes":[]},"contributions":{},"includedScopes":[{"contributions":{},"includedScopes":[]},{"contributions":{},"includedScopes":[]},{"contributions":{},"includedScopes":[]},{"contributions":{},"includedScopes":[]},{"contributions":{},"includedScopes":[]},{"contributions":{},"includedScopes":[]},{"contributions":{},"includedScopes":[]}]},"contributions":{},"includedScopes":[{"containerScope":{"containerScope":{"containerScope":{"contributions":{},"includedScopes":[]},"contributions":{},"includedScopes":[]},"contributions":{},"includedScopes":[]},"contributions":{},"includedScopes":[]}]},"contributions":{},"includedScopes":[]},"contributions":{},"includedScopes":[]},"contributions":{},"includedScopes":[]},"value":{"id":"d8249b89-edb8-40a1-8a52-782905ee02d6","metadata":[],"name":"destinoEnemigos","scope":{"containerScope":{"containerScope":{"containerScope":{"containerScope":{"containerScope":{"containerScope":{"contributions":{},"includedScopes":[]},"contributions":{},"includedScopes":[{"contributions":{},"includedScopes":[]},{"contributions":{},"includedScopes":[]},{"contributions":{},"includedScopes":[]},{"contributions":{},"includedScopes":[]},{"contributions":{},"includedScopes":[]},{"contributions":{},"includedScopes":[]},{"contributions":{},"includedScopes":[]}]},"contributions":{},"includedScopes":[{"containerScope":{"containerScope":{"containerScope":{"contributions":{},"includedScopes":[]},"contributions":{},"includedScopes":[]},"contributions":{},"includedScopes":[]},"contributions":{},"includedScopes":[]}]},"contributions":{},"includedScopes":[]},"contributions":{},"includedScopes":[]},"contributions":{},"includedScopes":[]},"contributions":{},"includedScopes":[]}}}]},"compiled":false,"id":"5f1eedcf-be52-4bc6-b3fe-ea416c23ea1d","isOverride":false,"metadata":[],"name":"destinoEnemigos","parameters":[],"scope":{"containerScope":{"containerScope":{"containerScope":{"contributions":{},"includedScopes":[]},"contributions":{},"includedScopes":[{"contributions":{},"includedScopes":[]},{"contributions":{},"includedScopes":[]},{"contributions":{},"includedScopes":[]},{"contributions":{},"includedScopes":[]},{"contributions":{},"includedScopes":[]},{"contributions":{},"includedScopes":[]},{"contributions":{},"includedScopes":[]}]},"contributions":{},"includedScopes":[{"containerScope":{"containerScope":{"containerScope":{"contributions":{},"includedScopes":[]},"contributions":{},"includedScopes":[]},"contributions":{},"includedScopes":[]},"contributions":{},"includedScopes":[]}]},"contributions":{},"includedScopes":[]}},{"body":{"id":"2df1f12b-6cd7-4d42-8216-eb167c032270","metadata":[],"scope":{"containerScope":{"containerScope":{"containerScope":{"containerScope":{"contributions":{},"includedScopes":[]},"contributions":{},"includedScopes":[{"contributions":{},"includedScopes":[]},{"contributions":{},"includedScopes":[]},{"contributions":{},"includedScopes":[]},{"contributions":{},"includedScopes":[]},{"contributions":{},"includedScopes":[]},{"contributions":{},"includedScopes":[]},{"contributions":{},"includedScopes":[]}]},"contributions":{},"includedScopes":[{"containerScope":{"containerScope":{"containerScope":{"contributions":{},"includedScopes":[]},"contributions":{},"includedScopes":[]},"contributions":{},"includedScopes":[]},"contributions":{},"includedScopes":[]}]},"contributions":{},"includedScopes":[]},"contributions":{},"includedScopes":[]},"sentences":[{"id":"22d67413-81b6-4153-989b-84fe58a6bcb4","metadata":[],"scope":{"containerScope":{"containerScope":{"containerScope":{"containerScope":{"containerScope":{"contributions":{},"includedScopes":[]},"contributions":{},"includedScopes":[{"contributions":{},"includedScopes":[]},{"contributions":{},"includedScopes":[]},{"contributions":{},"includedScopes":[]},{"contributions":{},"includedScopes":[]},{"contributions":{},"includedScopes":[]},{"contributions":{},"includedScopes":[]},{"contributions":{},"includedScopes":[]}]},"contributions":{},"includedScopes":[{"containerScope":{"containerScope":{"containerScope":{"contributions":{},"includedScopes":[]},"contributions":{},"includedScopes":[]},"contributions":{},"includedScopes":[]},"contributions":{},"includedScopes":[]}]},"contributions":{},"includedScopes":[]},"contributions":{},"includedScopes":[]},"contributions":{},"includedScopes":[]},"value":{"id":"d1a02cb2-99d4-4019-9db2-0c7112555b30","metadata":[],"name":"pisables","scope":{"containerScope":{"containerScope":{"containerScope":{"containerScope":{"containerScope":{"containerScope":{"contributions":{},"includedScopes":[]},"contributions":{},"includedScopes":[{"contributions":{},"includedScopes":[]},{"contributions":{},"includedScopes":[]},{"contributions":{},"includedScopes":[]},{"contributions":{},"includedScopes":[]},{"contributions":{},"includedScopes":[]},{"contributions":{},"includedScopes":[]},{"contributions":{},"includedScopes":[]}]},"contributions":{},"includedScopes":[{"containerScope":{"containerScope":{"containerScope":{"contributions":{},"includedScopes":[]},"contributions":{},"includedScopes":[]},"contributions":{},"includedScopes":[]},"contributions":{},"includedScopes":[]}]},"contributions":{},"includedScopes":[]},"contributions":{},"includedScopes":[]},"contributions":{},"includedScopes":[]},"contributions":{},"includedScopes":[]}}}]},"compiled":false,"id":"952985e3-e34c-4e53-8d82-54ce01898c35","isOverride":false,"metadata":[],"name":"pisables","parameters":[],"scope":{"containerScope":{"containerScope":{"containerScope":{"contributions":{},"includedScopes":[]},"contributions":{},"includedScopes":[{"contributions":{},"includedScopes":[]},{"contributions":{},"includedScopes":[]},{"contributions":{},"includedScopes":[]},{"contributions":{},"includedScopes":[]},{"contributions":{},"includedScopes":[]},{"contributions":{},"includedScopes":[]},{"contributions":{},"includedScopes":[]}]},"contributions":{},"includedScopes":[{"containerScope":{"containerScope":{"containerScope":{"contributions":{},"includedScopes":[]},"contributions":{},"includedScopes":[]},"contributions":{},"includedScopes":[]},"contributions":{},"includedScopes":[]}]},"contributions":{},"includedScopes":[]}},{"body":{"id":"81ae087f-ebf8-47c8-8b86-13abe933cca2","metadata":[],"scope":{"containerScope":{"containerScope":{"containerScope":{"containerScope":{"contributions":{},"includedScopes":[]},"contributions":{},"includedScopes":[{"contributions":{},"includedScopes":[]},{"contributions":{},"includedScopes":[]},{"contributions":{},"includedScopes":[]},{"contributions":{},"includedScopes":[]},{"contributions":{},"includedScopes":[]},{"contributions":{},"includedScopes":[]},{"contributions":{},"includedScopes":[]}]},"contributions":{},"includedScopes":[{"containerScope":{"containerScope":{"containerScope":{"contributions":{},"includedScopes":[]},"contributions":{},"includedScopes":[]},"contributions":{},"includedScopes":[]},"contributions":{},"includedScopes":[]}]},"contributions":{},"includedScopes":[]},"contributions":{},"includedScopes":[]},"sentences":[{"id":"04f9503d-ed6f-4df8-8aeb-7aa9af391696","metadata":[],"scope":{"containerScope":{"containerScope":{"containerScope":{"containerScope":{"containerScope":{"contributions":{},"includedScopes":[]},"contributions":{},"includedScopes":[{"contributions":{},"includedScopes":[]},{"contributions":{},"includedScopes":[]},{"contributions":{},"includedScopes":[]},{"contributions":{},"includedScopes":[]},{"contributions":{},"includedScopes":[]},{"contributions":{},"includedScopes":[]},{"contributions":{},"includedScopes":[]}]},"contributions":{},"includedScopes":[{"containerScope":{"containerScope":{"containerScope":{"contributions":{},"includedScopes":[]},"contributions":{},"includedScopes":[]},"contributions":{},"includedScopes":[]},"contributions":{},"includedScopes":[]}]},"contributions":{},"includedScopes":[]},"contributions":{},"includedScopes":[]},"contributions":{},"includedScopes":[]},"value":{"id":"f8915760-85fd-47c4-9dd5-2bcb6399b713","metadata":[],"name":"<value>","scope":{"containerScope":{"containerScope":{"containerScope":{"containerScope":{"containerScope":{"containerScope":{"contributions":{},"includedScopes":[]},"contributions":{},"includedScopes":[{"contributions":{},"includedScopes":[]},{"contributions":{},"includedScopes":[]},{"contributions":{},"includedScopes":[]},{"contributions":{},"includedScopes":[]},{"contributions":{},"includedScopes":[]},{"contributions":{},"includedScopes":[]},{"contributions":{},"includedScopes":[]}]},"contributions":{},"includedScopes":[{"containerScope":{"containerScope":{"containerScope":{"contributions":{},"includedScopes":[]},"contributions":{},"includedScopes":[]},"contributions":{},"includedScopes":[]},"contributions":{},"includedScopes":[]}]},"contributions":{},"includedScopes":[]},"contributions":{},"includedScopes":[]},"contributions":{},"includedScopes":[]},"contributions":{},"includedScopes":[]}},"variable":{"id":"879267db-b8e0-4943-80fe-a63da2c68c72","metadata":[],"name":"paredes","scope":{"containerScope":{"containerScope":{"containerScope":{"containerScope":{"containerScope":{"containerScope":{"contributions":{},"includedScopes":[]},"contributions":{},"includedScopes":[{"contributions":{},"includedScopes":[]},{"contributions":{},"includedScopes":[]},{"contributions":{},"includedScopes":[]},{"contributions":{},"includedScopes":[]},{"contributions":{},"includedScopes":[]},{"contributions":{},"includedScopes":[]},{"contributions":{},"includedScopes":[]}]},"contributions":{},"includedScopes":[{"containerScope":{"containerScope":{"containerScope":{"contributions":{},"includedScopes":[]},"contributions":{},"includedScopes":[]},"contributions":{},"includedScopes":[]},"contributions":{},"includedScopes":[]}]},"contributions":{},"includedScopes":[]},"contributions":{},"includedScopes":[]},"contributions":{},"includedScopes":[]},"contributions":{},"includedScopes":[]}}}]},"compiled":false,"id":"b916a966-827f-4b72-8da6-5ce73cd15a39","isOverride":false,"metadata":[],"name":"paredes","parameters":[{"id":"72bca3be-d949-4c2f-a30d-cfa0a11d5f53","isVarArg":false,"metadata":[],"name":"<value>","scope":{"containerScope":{"containerScope":{"containerScope":{"containerScope":{"contributions":{},"includedScopes":[]},"contributions":{},"includedScopes":[{"contributions":{},"includedScopes":[]},{"contributions":{},"includedScopes":[]},{"contributions":{},"includedScopes":[]},{"contributions":{},"includedScopes":[]},{"contributions":{},"includedScopes":[]},{"contributions":{},"includedScopes":[]},{"contributions":{},"includedScopes":[]}]},"contributions":{},"includedScopes":[{"containerScope":{"containerScope":{"containerScope":{"contributions":{},"includedScopes":[]},"contributions":{},"includedScopes":[]},"contributions":{},"includedScopes":[]},"contributions":{},"includedScopes":[]}]},"contributions":{},"includedScopes":[]},"contributions":{},"includedScopes":[]}}],"scope":{"containerScope":{"containerScope":{"containerScope":{"contributions":{},"includedScopes":[]},"contributions":{},"includedScopes":[{"contributions":{},"includedScopes":[]},{"contributions":{},"includedScopes":[]},{"contributions":{},"includedScopes":[]},{"contributions":{},"includedScopes":[]},{"contributions":{},"includedScopes":[]},{"contributions":{},"includedScopes":[]},{"contributions":{},"includedScopes":[]}]},"contributions":{},"includedScopes":[{"containerScope":{"containerScope":{"containerScope":{"contributions":{},"includedScopes":[]},"contributions":{},"includedScopes":[]},"contributions":{},"includedScopes":[]},"contributions":{},"includedScopes":[]}]},"contributions":{},"includedScopes":[]}},{"body":{"id":"3e3d6899-2215-4245-8f5b-129bef326386","metadata":[],"scope":{"containerScope":{"containerScope":{"containerScope":{"containerScope":{"contributions":{},"includedScopes":[]},"contributions":{},"includedScopes":[{"contributions":{},"includedScopes":[]},{"contributions":{},"includedScopes":[]},{"contributions":{},"includedScopes":[]},{"contributions":{},"includedScopes":[]},{"contributions":{},"includedScopes":[]},{"contributions":{},"includedScopes":[]},{"contributions":{},"includedScopes":[]}]},"contributions":{},"includedScopes":[{"containerScope":{"containerScope":{"containerScope":{"contributions":{},"includedScopes":[]},"contributions":{},"includedScopes":[]},"contributions":{},"includedScopes":[]},"contributions":{},"includedScopes":[]}]},"contributions":{},"includedScopes":[]},"contributions":{},"includedScopes":[]},"sentences":[{"id":"00999dc9-b895-408f-9474-0a0bdd4a987a","metadata":[],"scope":{"containerScope":{"containerScope":{"containerScope":{"containerScope":{"containerScope":{"contributions":{},"includedScopes":[]},"contributions":{},"includedScopes":[{"contributions":{},"includedScopes":[]},{"contributions":{},"includedScopes":[]},{"contributions":{},"includedScopes":[]},{"contributions":{},"includedScopes":[]},{"contributions":{},"includedScopes":[]},{"contributions":{},"includedScopes":[]},{"contributions":{},"includedScopes":[]}]},"contributions":{},"includedScopes":[{"containerScope":{"containerScope":{"containerScope":{"contributions":{},"includedScopes":[]},"contributions":{},"includedScopes":[]},"contributions":{},"includedScopes":[]},"contributions":{},"includedScopes":[]}]},"contributions":{},"includedScopes":[]},"contributions":{},"includedScopes":[]},"contributions":{},"includedScopes":[]},"value":{"id":"ab8cb5e0-2d17-4e7e-9e7d-c2bd17a2f3ef","metadata":[],"name":"<value>","scope":{"containerScope":{"containerScope":{"containerScope":{"containerScope":{"containerScope":{"containerScope":{"contributions":{},"includedScopes":[]},"contributions":{},"includedScopes":[{"contributions":{},"includedScopes":[]},{"contributions":{},"includedScopes":[]},{"contributions":{},"includedScopes":[]},{"contributions":{},"includedScopes":[]},{"contributions":{},"includedScopes":[]},{"contributions":{},"includedScopes":[]},{"contributions":{},"includedScopes":[]}]},"contributions":{},"includedScopes":[{"containerScope":{"containerScope":{"containerScope":{"contributions":{},"includedScopes":[]},"contributions":{},"includedScopes":[]},"contributions":{},"includedScopes":[]},"contributions":{},"includedScopes":[]}]},"contributions":{},"includedScopes":[]},"contributions":{},"includedScopes":[]},"contributions":{},"includedScopes":[]},"contributions":{},"includedScopes":[]}},"variable":{"id":"23e240e2-78fc-45c8-aaf5-2cc319067512","metadata":[],"name":"monedas","scope":{"containerScope":{"containerScope":{"containerScope":{"containerScope":{"containerScope":{"containerScope":{"contributions":{},"includedScopes":[]},"contributions":{},"includedScopes":[{"contributions":{},"includedScopes":[]},{"contributions":{},"includedScopes":[]},{"contributions":{},"includedScopes":[]},{"contributions":{},"includedScopes":[]},{"contributions":{},"includedScopes":[]},{"contributions":{},"includedScopes":[]},{"contributions":{},"includedScopes":[]}]},"contributions":{},"includedScopes":[{"containerScope":{"containerScope":{"containerScope":{"contributions":{},"includedScopes":[]},"contributions":{},"includedScopes":[]},"contributions":{},"includedScopes":[]},"contributions":{},"includedScopes":[]}]},"contributions":{},"includedScopes":[]},"contributions":{},"includedScopes":[]},"contributions":{},"includedScopes":[]},"contributions":{},"includedScopes":[]}}}]},"compiled":false,"id":"6f192c16-7052-4410-9fdb-a21edfa5ef0a","isOverride":false,"metadata":[],"name":"monedas","parameters":[{"id":"4429efce-c319-4a3b-877c-4adcb9beea54","isVarArg":false,"metadata":[],"name":"<value>","scope":{"containerScope":{"containerScope":{"containerScope":{"containerScope":{"contributions":{},"includedScopes":[]},"contributions":{},"includedScopes":[{"contributions":{},"includedScopes":[]},{"contributions":{},"includedScopes":[]},{"contributions":{},"includedScopes":[]},{"contributions":{},"includedScopes":[]},{"contributions":{},"includedScopes":[]},{"contributions":{},"includedScopes":[]},{"contributions":{},"includedScopes":[]}]},"contributions":{},"includedScopes":[{"containerScope":{"containerScope":{"containerScope":{"contributions":{},"includedScopes":[]},"contributions":{},"includedScopes":[]},"contributions":{},"includedScopes":[]},"contributions":{},"includedScopes":[]}]},"contributions":{},"includedScopes":[]},"contributions":{},"includedScopes":[]}}],"scope":{"containerScope":{"containerScope":{"containerScope":{"contributions":{},"includedScopes":[]},"contributions":{},"includedScopes":[{"contributions":{},"includedScopes":[]},{"contributions":{},"includedScopes":[]},{"contributions":{},"includedScopes":[]},{"contributions":{},"includedScopes":[]},{"contributions":{},"includedScopes":[]},{"contributions":{},"includedScopes":[]},{"contributions":{},"includedScopes":[]}]},"contributions":{},"includedScopes":[{"containerScope":{"containerScope":{"containerScope":{"contributions":{},"includedScopes":[]},"contributions":{},"includedScopes":[]},"contributions":{},"includedScopes":[]},"contributions":{},"includedScopes":[]}]},"contributions":{},"includedScopes":[]}},{"body":{"id":"dc95c19f-e8b7-4053-b16b-8e47b583ca1d","metadata":[],"scope":{"containerScope":{"containerScope":{"containerScope":{"containerScope":{"contributions":{},"includedScopes":[]},"contributions":{},"includedScopes":[{"contributions":{},"includedScopes":[]},{"contributions":{},"includedScopes":[]},{"contributions":{},"includedScopes":[]},{"contributions":{},"includedScopes":[]},{"contributions":{},"includedScopes":[]},{"contributions":{},"includedScopes":[]},{"contributions":{},"includedScopes":[]}]},"contributions":{},"includedScopes":[{"containerScope":{"containerScope":{"containerScope":{"contributions":{},"includedScopes":[]},"contributions":{},"includedScopes":[]},"contributions":{},"includedScopes":[]},"contributions":{},"includedScopes":[]}]},"contributions":{},"includedScopes":[]},"contributions":{},"includedScopes":[]},"sentences":[{"id":"459fcf9d-a296-4465-b524-7df8f19255cb","metadata":[],"scope":{"containerScope":{"containerScope":{"containerScope":{"containerScope":{"containerScope":{"contributions":{},"includedScopes":[]},"contributions":{},"includedScopes":[{"contributions":{},"includedScopes":[]},{"contributions":{},"includedScopes":[]},{"contributions":{},"includedScopes":[]},{"contributions":{},"includedScopes":[]},{"contributions":{},"includedScopes":[]},{"contributions":{},"includedScopes":[]},{"contributions":{},"includedScopes":[]}]},"contributions":{},"includedScopes":[{"containerScope":{"containerScope":{"containerScope":{"contributions":{},"includedScopes":[]},"contributions":{},"includedScopes":[]},"contributions":{},"includedScopes":[]},"contributions":{},"includedScopes":[]}]},"contributions":{},"includedScopes":[]},"contributions":{},"includedScopes":[]},"contributions":{},"includedScopes":[]},"value":{"id":"3e0c3655-879d-4b36-b7a7-91ab24708569","metadata":[],"name":"<value>","scope":{"containerScope":{"containerScope":{"containerScope":{"containerScope":{"containerScope":{"containerScope":{"contributions":{},"includedScopes":[]},"contributions":{},"includedScopes":[{"contributions":{},"includedScopes":[]},{"contributions":{},"includedScopes":[]},{"contributions":{},"includedScopes":[]},{"contributions":{},"includedScopes":[]},{"contributions":{},"includedScopes":[]},{"contributions":{},"includedScopes":[]},{"contributions":{},"includedScopes":[]}]},"contributions":{},"includedScopes":[{"containerScope":{"containerScope":{"containerScope":{"contributions":{},"includedScopes":[]},"contributions":{},"includedScopes":[]},"contributions":{},"includedScopes":[]},"contributions":{},"includedScopes":[]}]},"contributions":{},"includedScopes":[]},"contributions":{},"includedScopes":[]},"contributions":{},"includedScopes":[]},"contributions":{},"includedScopes":[]}},"variable":{"id":"a7a55fa4-acf5-40b0-9c7c-bc5bbb651f2f","metadata":[],"name":"interactuables","scope":{"containerScope":{"containerScope":{"containerScope":{"containerScope":{"containerScope":{"containerScope":{"contributions":{},"includedScopes":[]},"contributions":{},"includedScopes":[{"contributions":{},"includedScopes":[]},{"contributions":{},"includedScopes":[]},{"contributions":{},"includedScopes":[]},{"contributions":{},"includedScopes":[]},{"contributions":{},"includedScopes":[]},{"contributions":{},"includedScopes":[]},{"contributions":{},"includedScopes":[]}]},"contributions":{},"includedScopes":[{"containerScope":{"containerScope":{"containerScope":{"contributions":{},"includedScopes":[]},"contributions":{},"includedScopes":[]},"contributions":{},"includedScopes":[]},"contributions":{},"includedScopes":[]}]},"contributions":{},"includedScopes":[]},"contributions":{},"includedScopes":[]},"contributions":{},"includedScopes":[]},"contributions":{},"includedScopes":[]}}}]},"compiled":false,"id":"ee6649e1-9a7a-4b25-9a6f-73689d33d488","isOverride":false,"metadata":[],"name":"interactuables","parameters":[{"id":"222e1f71-a15e-4773-ac06-61db876f3f90","isVarArg":false,"metadata":[],"name":"<value>","scope":{"containerScope":{"containerScope":{"containerScope":{"containerScope":{"contributions":{},"includedScopes":[]},"contributions":{},"includedScopes":[{"contributions":{},"includedScopes":[]},{"contributions":{},"includedScopes":[]},{"contributions":{},"includedScopes":[]},{"contributions":{},"includedScopes":[]},{"contributions":{},"includedScopes":[]},{"contributions":{},"includedScopes":[]},{"contributions":{},"includedScopes":[]}]},"contributions":{},"includedScopes":[{"containerScope":{"containerScope":{"containerScope":{"contributions":{},"includedScopes":[]},"contributions":{},"includedScopes":[]},"contributions":{},"includedScopes":[]},"contributions":{},"includedScopes":[]}]},"contributions":{},"includedScopes":[]},"contributions":{},"includedScopes":[]}}],"scope":{"containerScope":{"containerScope":{"containerScope":{"contributions":{},"includedScopes":[]},"contributions":{},"includedScopes":[{"contributions":{},"includedScopes":[]},{"contributions":{},"includedScopes":[]},{"contributions":{},"includedScopes":[]},{"contributions":{},"includedScopes":[]},{"contributions":{},"includedScopes":[]},{"contributions":{},"includedScopes":[]},{"contributions":{},"includedScopes":[]}]},"contributions":{},"includedScopes":[{"containerScope":{"containerScope":{"containerScope":{"contributions":{},"includedScopes":[]},"contributions":{},"includedScopes":[]},"contributions":{},"includedScopes":[]},"contributions":{},"includedScopes":[]}]},"contributions":{},"includedScopes":[]}},{"body":{"id":"35794539-0cec-498d-8219-9bbf6024cce0","metadata":[],"scope":{"containerScope":{"containerScope":{"containerScope":{"containerScope":{"contributions":{},"includedScopes":[]},"contributions":{},"includedScopes":[{"contributions":{},"includedScopes":[]},{"contributions":{},"includedScopes":[]},{"contributions":{},"includedScopes":[]},{"contributions":{},"includedScopes":[]},{"contributions":{},"includedScopes":[]},{"contributions":{},"includedScopes":[]},{"contributions":{},"includedScopes":[]}]},"contributions":{},"includedScopes":[{"containerScope":{"containerScope":{"containerScope":{"contributions":{},"includedScopes":[]},"contributions":{},"includedScopes":[]},"contributions":{},"includedScopes":[]},"contributions":{},"includedScopes":[]}]},"contributions":{},"includedScopes":[]},"contributions":{},"includedScopes":[]},"sentences":[{"id":"7dff5bfa-f5de-4c49-9b23-73190d1771f6","metadata":[],"scope":{"containerScope":{"containerScope":{"containerScope":{"containerScope":{"containerScope":{"contributions":{},"includedScopes":[]},"contributions":{},"includedScopes":[{"contributions":{},"includedScopes":[]},{"contributions":{},"includedScopes":[]},{"contributions":{},"includedScopes":[]},{"contributions":{},"includedScopes":[]},{"contributions":{},"includedScopes":[]},{"contributions":{},"includedScopes":[]},{"contributions":{},"includedScopes":[]}]},"contributions":{},"includedScopes":[{"containerScope":{"containerScope":{"containerScope":{"contributions":{},"includedScopes":[]},"contributions":{},"includedScopes":[]},"contributions":{},"includedScopes":[]},"contributions":{},"includedScopes":[]}]},"contributions":{},"includedScopes":[]},"contributions":{},"includedScopes":[]},"contributions":{},"includedScopes":[]},"value":{"id":"8bcaadcf-eb11-447b-a52c-c618fc1b2010","metadata":[],"name":"<value>","scope":{"containerScope":{"containerScope":{"containerScope":{"containerScope":{"containerScope":{"containerScope":{"contributions":{},"includedScopes":[]},"contributions":{},"includedScopes":[{"contributions":{},"includedScopes":[]},{"contributions":{},"includedScopes":[]},{"contributions":{},"includedScopes":[]},{"contributions":{},"includedScopes":[]},{"contributions":{},"includedScopes":[]},{"contributions":{},"includedScopes":[]},{"contributions":{},"includedScopes":[]}]},"contributions":{},"includedScopes":[{"containerScope":{"containerScope":{"containerScope":{"contributions":{},"includedScopes":[]},"contributions":{},"includedScopes":[]},"contributions":{},"includedScopes":[]},"contributions":{},"includedScopes":[]}]},"contributions":{},"includedScopes":[]},"contributions":{},"includedScopes":[]},"contributions":{},"includedScopes":[]},"contributions":{},"includedScopes":[]}},"variable":{"id":"45be3000-87cd-45ec-a8a2-130786b3f5ba","metadata":[],"name":"pinchos","scope":{"containerScope":{"containerScope":{"containerScope":{"containerScope":{"containerScope":{"containerScope":{"contributions":{},"includedScopes":[]},"contributions":{},"includedScopes":[{"contributions":{},"includedScopes":[]},{"contributions":{},"includedScopes":[]},{"contributions":{},"includedScopes":[]},{"contributions":{},"includedScopes":[]},{"contributions":{},"includedScopes":[]},{"contributions":{},"includedScopes":[]},{"contributions":{},"includedScopes":[]}]},"contributions":{},"includedScopes":[{"containerScope":{"containerScope":{"containerScope":{"contributions":{},"includedScopes":[]},"contributions":{},"includedScopes":[]},"contributions":{},"includedScopes":[]},"contributions":{},"includedScopes":[]}]},"contributions":{},"includedScopes":[]},"contributions":{},"includedScopes":[]},"contributions":{},"includedScopes":[]},"contributions":{},"includedScopes":[]}}}]},"compiled":false,"id":"2c697dfb-64e6-4098-a155-774b4e1c9a35","isOverride":false,"metadata":[],"name":"pinchos","parameters":[{"id":"c61c7286-b748-48a6-b4ab-b59ed3719e86","isVarArg":false,"metadata":[],"name":"<value>","scope":{"containerScope":{"containerScope":{"containerScope":{"containerScope":{"contributions":{},"includedScopes":[]},"contributions":{},"includedScopes":[{"contributions":{},"includedScopes":[]},{"contributions":{},"includedScopes":[]},{"contributions":{},"includedScopes":[]},{"contributions":{},"includedScopes":[]},{"contributions":{},"includedScopes":[]},{"contributions":{},"includedScopes":[]},{"contributions":{},"includedScopes":[]}]},"contributions":{},"includedScopes":[{"containerScope":{"containerScope":{"containerScope":{"contributions":{},"includedScopes":[]},"contributions":{},"includedScopes":[]},"contributions":{},"includedScopes":[]},"contributions":{},"includedScopes":[]}]},"contributions":{},"includedScopes":[]},"contributions":{},"includedScopes":[]}}],"scope":{"containerScope":{"containerScope":{"containerScope":{"contributions":{},"includedScopes":[]},"contributions":{},"includedScopes":[{"contributions":{},"includedScopes":[]},{"contributions":{},"includedScopes":[]},{"contributions":{},"includedScopes":[]},{"contributions":{},"includedScopes":[]},{"contributions":{},"includedScopes":[]},{"contributions":{},"includedScopes":[]},{"contributions":{},"includedScopes":[]}]},"contributions":{},"includedScopes":[{"containerScope":{"containerScope":{"containerScope":{"contributions":{},"includedScopes":[]},"contributions":{},"includedScopes":[]},"contributions":{},"includedScopes":[]},"contributions":{},"includedScopes":[]}]},"contributions":{},"includedScopes":[]}},{"body":{"id":"86549a64-4b2d-4a5b-b417-3bb67e8651ce","metadata":[],"scope":{"containerScope":{"containerScope":{"containerScope":{"containerScope":{"contributions":{},"includedScopes":[]},"contributions":{},"includedScopes":[{"contributions":{},"includedScopes":[]},{"contributions":{},"includedScopes":[]},{"contributions":{},"includedScopes":[]},{"contributions":{},"includedScopes":[]},{"contributions":{},"includedScopes":[]},{"contributions":{},"includedScopes":[]},{"contributions":{},"includedScopes":[]}]},"contributions":{},"includedScopes":[{"containerScope":{"containerScope":{"containerScope":{"contributions":{},"includedScopes":[]},"contributions":{},"includedScopes":[]},"contributions":{},"includedScopes":[]},"contributions":{},"includedScopes":[]}]},"contributions":{},"includedScopes":[]},"contributions":{},"includedScopes":[]},"sentences":[{"id":"8e973abd-d896-4a84-8b90-69d117ee6a54","metadata":[],"scope":{"containerScope":{"containerScope":{"containerScope":{"containerScope":{"containerScope":{"contributions":{},"includedScopes":[]},"contributions":{},"includedScopes":[{"contributions":{},"includedScopes":[]},{"contributions":{},"includedScopes":[]},{"contributions":{},"includedScopes":[]},{"contributions":{},"includedScopes":[]},{"contributions":{},"includedScopes":[]},{"contributions":{},"includedScopes":[]},{"contributions":{},"includedScopes":[]}]},"contributions":{},"includedScopes":[{"containerScope":{"containerScope":{"containerScope":{"contributions":{},"includedScopes":[]},"contributions":{},"includedScopes":[]},"contributions":{},"includedScopes":[]},"contributions":{},"includedScopes":[]}]},"contributions":{},"includedScopes":[]},"contributions":{},"includedScopes":[]},"contributions":{},"includedScopes":[]},"value":{"id":"54247c96-3e0e-489c-aa30-e298ae6b2507","metadata":[],"name":"<value>","scope":{"containerScope":{"containerScope":{"containerScope":{"containerScope":{"containerScope":{"containerScope":{"contributions":{},"includedScopes":[]},"contributions":{},"includedScopes":[{"contributions":{},"includedScopes":[]},{"contributions":{},"includedScopes":[]},{"contributions":{},"includedScopes":[]},{"contributions":{},"includedScopes":[]},{"contributions":{},"includedScopes":[]},{"contributions":{},"includedScopes":[]},{"contributions":{},"includedScopes":[]}]},"contributions":{},"includedScopes":[{"containerScope":{"containerScope":{"containerScope":{"contributions":{},"includedScopes":[]},"contributions":{},"includedScopes":[]},"contributions":{},"includedScopes":[]},"contributions":{},"includedScopes":[]}]},"contributions":{},"includedScopes":[]},"contributions":{},"includedScopes":[]},"contributions":{},"includedScopes":[]},"contributions":{},"includedScopes":[]}},"variable":{"id":"aeed94ae-67c5-46e8-8fac-d2466350cb41","metadata":[],"name":"antorchas","scope":{"containerScope":{"containerScope":{"containerScope":{"containerScope":{"containerScope":{"containerScope":{"contributions":{},"includedScopes":[]},"contributions":{},"includedScopes":[{"contributions":{},"includedScopes":[]},{"contributions":{},"includedScopes":[]},{"contributions":{},"includedScopes":[]},{"contributions":{},"includedScopes":[]},{"contributions":{},"includedScopes":[]},{"contributions":{},"includedScopes":[]},{"contributions":{},"includedScopes":[]}]},"contributions":{},"includedScopes":[{"containerScope":{"containerScope":{"containerScope":{"contributions":{},"includedScopes":[]},"contributions":{},"includedScopes":[]},"contributions":{},"includedScopes":[]},"contributions":{},"includedScopes":[]}]},"contributions":{},"includedScopes":[]},"contributions":{},"includedScopes":[]},"contributions":{},"includedScopes":[]},"contributions":{},"includedScopes":[]}}}]},"compiled":false,"id":"14828557-4dab-4729-9807-8eddb53855f9","isOverride":false,"metadata":[],"name":"antorchas","parameters":[{"id":"b67448de-b3d1-4f9c-ac3f-447115bfef75","isVarArg":false,"metadata":[],"name":"<value>","scope":{"containerScope":{"containerScope":{"containerScope":{"containerScope":{"contributions":{},"includedScopes":[]},"contributions":{},"includedScopes":[{"contributions":{},"includedScopes":[]},{"contributions":{},"includedScopes":[]},{"contributions":{},"includedScopes":[]},{"contributions":{},"includedScopes":[]},{"contributions":{},"includedScopes":[]},{"contributions":{},"includedScopes":[]},{"contributions":{},"includedScopes":[]}]},"contributions":{},"includedScopes":[{"containerScope":{"containerScope":{"containerScope":{"contributions":{},"includedScopes":[]},"contributions":{},"includedScopes":[]},"contributions":{},"includedScopes":[]},"contributions":{},"includedScopes":[]}]},"contributions":{},"includedScopes":[]},"contributions":{},"includedScopes":[]}}],"scope":{"containerScope":{"containerScope":{"containerScope":{"contributions":{},"includedScopes":[]},"contributions":{},"includedScopes":[{"contributions":{},"includedScopes":[]},{"contributions":{},"includedScopes":[]},{"contributions":{},"includedScopes":[]},{"contributions":{},"includedScopes":[]},{"contributions":{},"includedScopes":[]},{"contributions":{},"includedScopes":[]},{"contributions":{},"includedScopes":[]}]},"contributions":{},"includedScopes":[{"containerScope":{"containerScope":{"containerScope":{"contributions":{},"includedScopes":[]},"contributions":{},"includedScopes":[]},"contributions":{},"includedScopes":[]},"contributions":{},"includedScopes":[]}]},"contributions":{},"includedScopes":[]}},{"body":{"id":"fc1dfd5f-ea2a-4b38-a934-3374691de3b0","metadata":[],"scope":{"containerScope":{"containerScope":{"containerScope":{"containerScope":{"contributions":{},"includedScopes":[]},"contributions":{},"includedScopes":[{"contributions":{},"includedScopes":[]},{"contributions":{},"includedScopes":[]},{"contributions":{},"includedScopes":[]},{"contributions":{},"includedScopes":[]},{"contributions":{},"includedScopes":[]},{"contributions":{},"includedScopes":[]},{"contributions":{},"includedScopes":[]}]},"contributions":{},"includedScopes":[{"containerScope":{"containerScope":{"containerScope":{"contributions":{},"includedScopes":[]},"contributions":{},"includedScopes":[]},"contributions":{},"includedScopes":[]},"contributions":{},"includedScopes":[]}]},"contributions":{},"includedScopes":[]},"contributions":{},"includedScopes":[]},"sentences":[{"id":"3cec64b9-3517-461a-9512-bfef10e9406c","metadata":[],"scope":{"containerScope":{"containerScope":{"containerScope":{"containerScope":{"containerScope":{"contributions":{},"includedScopes":[]},"contributions":{},"includedScopes":[{"contributions":{},"includedScopes":[]},{"contributions":{},"includedScopes":[]},{"contributions":{},"includedScopes":[]},{"contributions":{},"includedScopes":[]},{"contributions":{},"includedScopes":[]},{"contributions":{},"includedScopes":[]},{"contributions":{},"includedScopes":[]}]},"contributions":{},"includedScopes":[{"containerScope":{"containerScope":{"containerScope":{"contributions":{},"includedScopes":[]},"contributions":{},"includedScopes":[]},"contributions":{},"includedScopes":[]},"contributions":{},"includedScopes":[]}]},"contributions":{},"includedScopes":[]},"contributions":{},"includedScopes":[]},"contributions":{},"includedScopes":[]},"value":{"id":"1dadd495-3897-4c42-a414-6c01cf69507a","metadata":[],"name":"<value>","scope":{"containerScope":{"containerScope":{"containerScope":{"containerScope":{"containerScope":{"containerScope":{"contributions":{},"includedScopes":[]},"contributions":{},"includedScopes":[{"contributions":{},"includedScopes":[]},{"contributions":{},"includedScopes":[]},{"contributions":{},"includedScopes":[]},{"contributions":{},"includedScopes":[]},{"contributions":{},"includedScopes":[]},{"contributions":{},"includedScopes":[]},{"contributions":{},"includedScopes":[]}]},"contributions":{},"includedScopes":[{"containerScope":{"containerScope":{"containerScope":{"contributions":{},"includedScopes":[]},"contributions":{},"includedScopes":[]},"contributions":{},"includedScopes":[]},"contributions":{},"includedScopes":[]}]},"contributions":{},"includedScopes":[]},"contributions":{},"includedScopes":[]},"contributions":{},"includedScopes":[]},"contributions":{},"includedScopes":[]}},"variable":{"id":"31718998-1e2d-4647-8197-6dc577d85774","metadata":[],"name":"destinoEnemigos","scope":{"containerScope":{"containerScope":{"containerScope":{"containerScope":{"containerScope":{"containerScope":{"contributions":{},"includedScopes":[]},"contributions":{},"includedScopes":[{"contributions":{},"includedScopes":[]},{"contributions":{},"includedScopes":[]},{"contributions":{},"includedScopes":[]},{"contributions":{},"includedScopes":[]},{"contributions":{},"includedScopes":[]},{"contributions":{},"includedScopes":[]},{"contributions":{},"includedScopes":[]}]},"contributions":{},"includedScopes":[{"containerScope":{"containerScope":{"containerScope":{"contributions":{},"includedScopes":[]},"contributions":{},"includedScopes":[]},"contributions":{},"includedScopes":[]},"contributions":{},"includedScopes":[]}]},"contributions":{},"includedScopes":[]},"contributions":{},"includedScopes":[]},"contributions":{},"includedScopes":[]},"contributions":{},"includedScopes":[]}}}]},"compiled":false,"id":"8bd95eb4-df64-42fe-8c62-500da72a2c22","isOverride":false,"metadata":[],"name":"destinoEnemigos","parameters":[{"id":"fe8a0e1c-f2fd-400a-a597-260df744a391","isVarArg":false,"metadata":[],"name":"<value>","scope":{"containerScope":{"containerScope":{"containerScope":{"containerScope":{"contributions":{},"includedScopes":[]},"contributions":{},"includedScopes":[{"contributions":{},"includedScopes":[]},{"contributions":{},"includedScopes":[]},{"contributions":{},"includedScopes":[]},{"contributions":{},"includedScopes":[]},{"contributions":{},"includedScopes":[]},{"contributions":{},"includedScopes":[]},{"contributions":{},"includedScopes":[]}]},"contributions":{},"includedScopes":[{"containerScope":{"containerScope":{"containerScope":{"contributions":{},"includedScopes":[]},"contributions":{},"includedScopes":[]},"contributions":{},"includedScopes":[]},"contributions":{},"includedScopes":[]}]},"contributions":{},"includedScopes":[]},"contributions":{},"includedScopes":[]}}],"scope":{"containerScope":{"containerScope":{"containerScope":{"contributions":{},"includedScopes":[]},"contributions":{},"includedScopes":[{"contributions":{},"includedScopes":[]},{"contributions":{},"includedScopes":[]},{"contributions":{},"includedScopes":[]},{"contributions":{},"includedScopes":[]},{"contributions":{},"includedScopes":[]},{"contributions":{},"includedScopes":[]},{"contributions":{},"includedScopes":[]}]},"contributions":{},"includedScopes":[{"containerScope":{"containerScope":{"containerScope":{"contributions":{},"includedScopes":[]},"contributions":{},"includedScopes":[]},"contributions":{},"includedScopes":[]},"contributions":{},"includedScopes":[]}]},"contributions":{},"includedScopes":[]}},{"body":{"id":"24c3e057-0c4c-4bda-8dff-6dae3c07e483","metadata":[],"scope":{"containerScope":{"containerScope":{"containerScope":{"containerScope":{"contributions":{},"includedScopes":[]},"contributions":{},"includedScopes":[{"contributions":{},"includedScopes":[]},{"contributions":{},"includedScopes":[]},{"contributions":{},"includedScopes":[]},{"contributions":{},"includedScopes":[]},{"contributions":{},"includedScopes":[]},{"contributions":{},"includedScopes":[]},{"contributions":{},"includedScopes":[]}]},"contributions":{},"includedScopes":[{"containerScope":{"containerScope":{"containerScope":{"contributions":{},"includedScopes":[]},"contributions":{},"includedScopes":[]},"contributions":{},"includedScopes":[]},"contributions":{},"includedScopes":[]}]},"contributions":{},"includedScopes":[]},"contributions":{},"includedScopes":[]},"sentences":[{"id":"2f6a8a21-5c11-455b-9c30-86f7da275502","metadata":[],"scope":{"containerScope":{"containerScope":{"containerScope":{"containerScope":{"containerScope":{"contributions":{},"includedScopes":[]},"contributions":{},"includedScopes":[{"contributions":{},"includedScopes":[]},{"contributions":{},"includedScopes":[]},{"contributions":{},"includedScopes":[]},{"contributions":{},"includedScopes":[]},{"contributions":{},"includedScopes":[]},{"contributions":{},"includedScopes":[]},{"contributions":{},"includedScopes":[]}]},"contributions":{},"includedScopes":[{"containerScope":{"containerScope":{"containerScope":{"contributions":{},"includedScopes":[]},"contributions":{},"includedScopes":[]},"contributions":{},"includedScopes":[]},"contributions":{},"includedScopes":[]}]},"contributions":{},"includedScopes":[]},"contributions":{},"includedScopes":[]},"contributions":{},"includedScopes":[]},"value":{"id":"276fbd8a-3d13-409a-a5ec-8fc5d7bb0109","metadata":[],"name":"<value>","scope":{"containerScope":{"containerScope":{"containerScope":{"containerScope":{"containerScope":{"containerScope":{"contributions":{},"includedScopes":[]},"contributions":{},"includedScopes":[{"contributions":{},"includedScopes":[]},{"contributions":{},"includedScopes":[]},{"contributions":{},"includedScopes":[]},{"contributions":{},"includedScopes":[]},{"contributions":{},"includedScopes":[]},{"contributions":{},"includedScopes":[]},{"contributions":{},"includedScopes":[]}]},"contributions":{},"includedScopes":[{"containerScope":{"containerScope":{"containerScope":{"contributions":{},"includedScopes":[]},"contributions":{},"includedScopes":[]},"contributions":{},"includedScopes":[]},"contributions":{},"includedScopes":[]}]},"contributions":{},"includedScopes":[]},"contributions":{},"includedScopes":[]},"contributions":{},"includedScopes":[]},"contributions":{},"includedScopes":[]}},"variable":{"id":"02149e3b-4935-4694-83be-23cd13dbdd46","metadata":[],"name":"pisables","scope":{"containerScope":{"containerScope":{"containerScope":{"containerScope":{"containerScope":{"containerScope":{"contributions":{},"includedScopes":[]},"contributions":{},"includedScopes":[{"contributions":{},"includedScopes":[]},{"contributions":{},"includedScopes":[]},{"contributions":{},"includedScopes":[]},{"contributions":{},"includedScopes":[]},{"contributions":{},"includedScopes":[]},{"contributions":{},"includedScopes":[]},{"contributions":{},"includedScopes":[]}]},"contributions":{},"includedScopes":[{"containerScope":{"containerScope":{"containerScope":{"contributions":{},"includedScopes":[]},"contributions":{},"includedScopes":[]},"contributions":{},"includedScopes":[]},"contributions":{},"includedScopes":[]}]},"contributions":{},"includedScopes":[]},"contributions":{},"includedScopes":[]},"contributions":{},"includedScopes":[]},"contributions":{},"includedScopes":[]}}}]},"compiled":false,"id":"0b2fd898-6e87-419e-9806-98bf361bc33d","isOverride":false,"metadata":[],"name":"pisables","parameters":[{"id":"6d22d460-e0d4-457b-9dd0-3fced03cc5e5","isVarArg":false,"metadata":[],"name":"<value>","scope":{"containerScope":{"containerScope":{"containerScope":{"containerScope":{"contributions":{},"includedScopes":[]},"contributions":{},"includedScopes":[{"contributions":{},"includedScopes":[]},{"contributions":{},"includedScopes":[]},{"contributions":{},"includedScopes":[]},{"contributions":{},"includedScopes":[]},{"contributions":{},"includedScopes":[]},{"contributions":{},"includedScopes":[]},{"contributions":{},"includedScopes":[]}]},"contributions":{},"includedScopes":[{"containerScope":{"containerScope":{"containerScope":{"contributions":{},"includedScopes":[]},"contributions":{},"includedScopes":[]},"contributions":{},"includedScopes":[]},"contributions":{},"includedScopes":[]}]},"contributions":{},"includedScopes":[]},"contributions":{},"includedScopes":[]}}],"scope":{"containerScope":{"containerScope":{"containerScope":{"contributions":{},"includedScopes":[]},"contributions":{},"includedScopes":[{"contributions":{},"includedScopes":[]},{"contributions":{},"includedScopes":[]},{"contributions":{},"includedScopes":[]},{"contributions":{},"includedScopes":[]},{"contributions":{},"includedScopes":[]},{"contributions":{},"includedScopes":[]},{"contributions":{},"includedScopes":[]}]},"contributions":{},"includedScopes":[{"containerScope":{"containerScope":{"containerScope":{"contributions":{},"includedScopes":[]},"contributions":{},"includedScopes":[]},"contributions":{},"includedScopes":[]},"contributions":{},"includedScopes":[]}]},"contributions":{},"includedScopes":[]}}],"metadata":[],"name":"mapaObjetos","problems":[{"code":"malformedMember","sourceMap":{"end":{"column":37,"line":27,"offset":480},"start":{"column":3,"line":27,"offset":446}}}],"scope":{"containerScope":{"containerScope":{"contributions":{},"includedScopes":[]},"contributions":{},"includedScopes":[{"contributions":{},"includedScopes":[]},{"contributions":{},"includedScopes":[]},{"contributions":{},"includedScopes":[]},{"contributions":{},"includedScopes":[]},{"contributions":{},"includedScopes":[]},{"contributions":{},"includedScopes":[]},{"contributions":{},"includedScopes":[]}]},"contributions":{},"includedScopes":[{"containerScope":{"containerScope":{"containerScope":{"contributions":{},"includedScopes":[]},"contributions":{},"includedScopes":[]},"contributions":{},"includedScopes":[]},"contributions":{},"includedScopes":[]}]},"sourceMap":{"end":{"column":2,"line":74,"offset":1679},"start":{"column":1,"line":25,"offset":391}},"supertypes":[]},"stack":"Error: Failed to print, found malformed node\n    at c:\\Users\\santi\\.vscode\\extensions\\uqbar.wollok-lsp-ide-0.5.4\\out\\server\\src\\server.js:68:3585\n    at Kbn (c:\\Users\\santi\\.vscode\\extensions\\uqbar.wollok-lsp-ide-0.5.4\\out\\server\\src\\server.js:68:3396)\n    at c:\\Users\\santi\\.vscode\\extensions\\uqbar.wollok-lsp-ide-0.5.4\\out\\server\\src\\server.js:2398:847\n    at c:\\Users\\santi\\.vscode\\extensions\\uqbar.wollok-lsp-ide-0.5.4\\out\\server\\src\\server.js:2398:8440\n    at c:\\Users\\santi\\.vscode\\extensions\\uqbar.wollok-lsp-ide-0.5.4\\out\\server\\src\\server.js:37:74770\n    at Ke (c:\\Users\\santi\\.vscode\\extensions\\uqbar.wollok-lsp-ide-0.5.4\\out\\server\\src\\server.js:7:8527)\n    at Lt (c:\\Users\\santi\\.vscode\\extensions\\uqbar.wollok-lsp-ide-0.5.4\\out\\server\\src\\server.js:7:6189)\n    at ct (c:\\Users\\santi\\.vscode\\extensions\\uqbar.wollok-lsp-ide-0.5.4\\out\\server\\src\\server.js:7:6378)\n    at Immediate._onImmediate (c:\\Users\\santi\\.vscode\\extensions\\uqbar.wollok-lsp-ide-0.5.4\\out\\server\\src\\server.js:7:6142)\n    at process.processImmediate (node:internal/timers:504:21)","timestamp":"2026-06-06T17:01:14.473Z"}
{"level":"info","message":"⌛ Building environment","timeElapsed":127,"timestamp":"2026-06-06T17:01:14.768Z"}
{"level":"info","message":"⌛ Validating juego.wpgm","timeElapsed":252,"timestamp":"2026-06-06T17:01:15.067Z"}
{"errors":{"errors":[null,["/* method enemigosEn(x, y){\r","return enemigosActivos.filter({ enemy => enemy.position().x() == x && enemy.position().y() == y })\r"]]},"level":"error","message":"✘ Failed to get type description: Error: {\n  \"errors\": [\n    null,\n    [\n      \"/* method enemigosEn(x, y){\\r\",\n      \"return enemigosActivos.filter({ enemy => enemy.position().x() == x && enemy.position().y() == y })\\r\"\n    ]\n  ]\n} {\n  \"errors\": [\n    null,\n    [\n      \"/* method enemigosEn(x, y){\\r\",\n      \"return enemigosActivos.filter({ enemy => enemy.position().x() == x && enemy.position().y() == y })\\r\"\n    ]\n  ]\n}","stack":"Error: {\n  \"errors\": [\n    null,\n    [\n      \"/* method enemigosEn(x, y){\\r\",\n      \"return enemigosActivos.filter({ enemy => enemy.position().x() == x && enemy.position().y() == y })\\r\"\n    ]\n  ]\n}\n    at lS (c:\\Users\\santi\\.vscode\\extensions\\uqbar.wollok-lsp-ide-0.5.4\\out\\server\\src\\server.js:64:34609)\n    at Q1 (c:\\Users\\santi\\.vscode\\extensions\\uqbar.wollok-lsp-ide-0.5.4\\out\\server\\src\\server.js:64:34682)\n    at c:\\Users\\santi\\.vscode\\extensions\\uqbar.wollok-lsp-ide-0.5.4\\out\\server\\src\\server.js:64:37949\n    at o.y1 (c:\\Users\\santi\\.vscode\\extensions\\uqbar.wollok-lsp-ide-0.5.4\\out\\server\\src\\server.js:57:59114)\n    at c:\\Users\\santi\\.vscode\\extensions\\uqbar.wollok-lsp-ide-0.5.4\\out\\server\\src\\server.js:64:37918\n    at c:\\Users\\santi\\.vscode\\extensions\\uqbar.wollok-lsp-ide-0.5.4\\out\\server\\src\\server.js:57:57154\n    at Cfn (c:\\Users\\santi\\.vscode\\extensions\\uqbar.wollok-lsp-ide-0.5.4\\out\\server\\src\\server.js:68:11324)\n    at c:\\Users\\santi\\.vscode\\extensions\\uqbar.wollok-lsp-ide-0.5.4\\out\\server\\src\\server.js:68:3629\n    at Array.map (<anonymous>)\n    at c:\\Users\\santi\\.vscode\\extensions\\uqbar.wollok-lsp-ide-0.5.4\\out\\server\\src\\server.js:68:10583","timestamp":"2026-06-06T17:01:15.425Z"}
{"errors":{"errors":[null,["/* method enemigosEn(x, y){\r","return enemigosActivos.filter({ enemy => enemy.position().x() == x && enemy.position().y() == y })\r"]]},"level":"error","message":"✘ Failed to get type description: Error: {\n  \"errors\": [\n    null,\n    [\n      \"/* method enemigosEn(x, y){\\r\",\n      \"return enemigosActivos.filter({ enemy => enemy.position().x() == x && enemy.position().y() == y })\\r\"\n    ]\n  ]\n} {\n  \"errors\": [\n    null,\n    [\n      \"/* method enemigosEn(x, y){\\r\",\n      \"return enemigosActivos.filter({ enemy => enemy.position().x() == x && enemy.position().y() == y })\\r\"\n    ]\n  ]\n}","stack":"Error: {\n  \"errors\": [\n    null,\n    [\n      \"/* method enemigosEn(x, y){\\r\",\n      \"return enemigosActivos.filter({ enemy => enemy.position().x() == x && enemy.position().y() == y })\\r\"\n    ]\n  ]\n}\n    at lS (c:\\Users\\santi\\.vscode\\extensions\\uqbar.wollok-lsp-ide-0.5.4\\out\\server\\src\\server.js:64:34609)\n    at Q1 (c:\\Users\\santi\\.vscode\\extensions\\uqbar.wollok-lsp-ide-0.5.4\\out\\server\\src\\server.js:64:34682)\n    at c:\\Users\\santi\\.vscode\\extensions\\uqbar.wollok-lsp-ide-0.5.4\\out\\server\\src\\server.js:64:37949\n    at o.y1 (c:\\Users\\santi\\.vscode\\extensions\\uqbar.wollok-lsp-ide-0.5.4\\out\\server\\src\\server.js:57:59114)\n    at c:\\Users\\santi\\.vscode\\extensions\\uqbar.wollok-lsp-ide-0.5.4\\out\\server\\src\\server.js:64:37918\n    at c:\\Users\\santi\\.vscode\\extensions\\uqbar.wollok-lsp-ide-0.5.4\\out\\server\\src\\server.js:57:57154\n    at Cfn (c:\\Users\\santi\\.vscode\\extensions\\uqbar.wollok-lsp-ide-0.5.4\\out\\server\\src\\server.js:68:11324)\n    at c:\\Users\\santi\\.vscode\\extensions\\uqbar.wollok-lsp-ide-0.5.4\\out\\server\\src\\server.js:68:3629\n    at Array.map (<anonymous>)\n    at c:\\Users\\santi\\.vscode\\extensions\\uqbar.wollok-lsp-ide-0.5.4\\out\\server\\src\\server.js:68:10583","timestamp":"2026-06-06T17:01:15.733Z"}
{"level":"info","message":"⌛ Building environment","timeElapsed":129,"timestamp":"2026-06-06T17:01:16.000Z"}
{"level":"info","message":"⌛ Validating juego.wpgm","timeElapsed":150,"timestamp":"2026-06-06T17:01:16.153Z"}
{"level":"info","message":"⌛ Building environment","timeElapsed":122,"timestamp":"2026-06-06T17:01:16.740Z"}
{"level":"info","message":"⌛ Validating juego.wpgm","timeElapsed":176,"timestamp":"2026-06-06T17:01:16.919Z"}
{"level":"info","message":"⌛ Building environment","timeElapsed":197,"timestamp":"2026-06-06T17:01:17.384Z"}
{"level":"info","message":"⌛ Validating juego.wpgm","timeElapsed":219,"timestamp":"2026-06-06T17:01:17.619Z"}
{"level":"info","message":"⌛ Building environment","timeElapsed":334,"timestamp":"2026-06-06T17:01:18.405Z"}
{"level":"info","message":"⌛ Validating juego.wpgm","timeElapsed":194,"timestamp":"2026-06-06T17:01:18.644Z"}
{"errors":{"errors":[null,["/* method enemigosEn(x, y){\r","return enemigosActivos.filter({ enemy => enemy.position().x() == x && enemy.position().y() == y })\r"]]},"level":"error","message":"✘ Failed to get type description: Error: {\n  \"errors\": [\n    null,\n    [\n      \"/* method enemigosEn(x, y){\\r\",\n      \"return enemigosActivos.filter({ enemy => enemy.position().x() == x && enemy.position().y() == y })\\r\"\n    ]\n  ]\n} {\n  \"errors\": [\n    null,\n    [\n      \"/* method enemigosEn(x, y){\\r\",\n      \"return enemigosActivos.filter({ enemy => enemy.position().x() == x && enemy.position().y() == y })\\r\"\n    ]\n  ]\n}","stack":"Error: {\n  \"errors\": [\n    null,\n    [\n      \"/* method enemigosEn(x, y){\\r\",\n      \"return enemigosActivos.filter({ enemy => enemy.position().x() == x && enemy.position().y() == y })\\r\"\n    ]\n  ]\n}\n    at lS (c:\\Users\\santi\\.vscode\\extensions\\uqbar.wollok-lsp-ide-0.5.4\\out\\server\\src\\server.js:64:34609)\n    at Q1 (c:\\Users\\santi\\.vscode\\extensions\\uqbar.wollok-lsp-ide-0.5.4\\out\\server\\src\\server.js:64:34682)\n    at c:\\Users\\santi\\.vscode\\extensions\\uqbar.wollok-lsp-ide-0.5.4\\out\\server\\src\\server.js:64:37949\n    at o.y1 (c:\\Users\\santi\\.vscode\\extensions\\uqbar.wollok-lsp-ide-0.5.4\\out\\server\\src\\server.js:57:59114)\n    at c:\\Users\\santi\\.vscode\\extensions\\uqbar.wollok-lsp-ide-0.5.4\\out\\server\\src\\server.js:64:37918\n    at c:\\Users\\santi\\.vscode\\extensions\\uqbar.wollok-lsp-ide-0.5.4\\out\\server\\src\\server.js:57:57154\n    at Cfn (c:\\Users\\santi\\.vscode\\extensions\\uqbar.wollok-lsp-ide-0.5.4\\out\\server\\src\\server.js:68:11324)\n    at c:\\Users\\santi\\.vscode\\extensions\\uqbar.wollok-lsp-ide-0.5.4\\out\\server\\src\\server.js:68:3629\n    at Array.map (<anonymous>)\n    at c:\\Users\\santi\\.vscode\\extensions\\uqbar.wollok-lsp-ide-0.5.4\\out\\server\\src\\server.js:68:10583","timestamp":"2026-06-06T17:01:18.697Z"}
{"level":"info","message":"⌛ Building environment","timeElapsed":194,"timestamp":"2026-06-06T17:01:19.191Z"}
{"errors":{"errors":[null,["/* method enemigosEn(x, y){\r","return enemigosActivos.filter({ enemy => enemy.position().x() == x && enemy.position().y() == y })\r"]]},"level":"error","message":"✘ Failed to get type description: Error: {\n  \"errors\": [\n    null,\n    [\n      \"/* method enemigosEn(x, y){\\r\",\n      \"return enemigosActivos.filter({ enemy => enemy.position().x() == x && enemy.position().y() == y })\\r\"\n    ]\n  ]\n} {\n  \"errors\": [\n    null,\n    [\n      \"/* method enemigosEn(x, y){\\r\",\n      \"return enemigosActivos.filter({ enemy => enemy.position().x() == x && enemy.position().y() == y })\\r\"\n    ]\n  ]\n}","stack":"Error: {\n  \"errors\": [\n    null,\n    [\n      \"/* method enemigosEn(x, y){\\r\",\n      \"return enemigosActivos.filter({ enemy => enemy.position().x() == x && enemy.position().y() == y })\\r\"\n    ]\n  ]\n}\n    at lS (c:\\Users\\santi\\.vscode\\extensions\\uqbar.wollok-lsp-ide-0.5.4\\out\\server\\src\\server.js:64:34609)\n    at Q1 (c:\\Users\\santi\\.vscode\\extensions\\uqbar.wollok-lsp-ide-0.5.4\\out\\server\\src\\server.js:64:34682)\n    at c:\\Users\\santi\\.vscode\\extensions\\uqbar.wollok-lsp-ide-0.5.4\\out\\server\\src\\server.js:64:37949\n    at o.y1 (c:\\Users\\santi\\.vscode\\extensions\\uqbar.wollok-lsp-ide-0.5.4\\out\\server\\src\\server.js:57:59114)\n    at c:\\Users\\santi\\.vscode\\extensions\\uqbar.wollok-lsp-ide-0.5.4\\out\\server\\src\\server.js:64:37918\n    at c:\\Users\\santi\\.vscode\\extensions\\uqbar.wollok-lsp-ide-0.5.4\\out\\server\\src\\server.js:57:57154\n    at Cfn (c:\\Users\\santi\\.vscode\\extensions\\uqbar.wollok-lsp-ide-0.5.4\\out\\server\\src\\server.js:68:11324)\n    at c:\\Users\\santi\\.vscode\\extensions\\uqbar.wollok-lsp-ide-0.5.4\\out\\server\\src\\server.js:68:3629\n    at Array.map (<anonymous>)\n    at c:\\Users\\santi\\.vscode\\extensions\\uqbar.wollok-lsp-ide-0.5.4\\out\\server\\src\\server.js:68:10583","timestamp":"2026-06-06T17:01:19.233Z"}
{"level":"info","message":"⌛ Validating juego.wpgm","timeElapsed":181,"timestamp":"2026-06-06T17:01:19.415Z"}
{"level":"info","message":"⌛ Building environment","timeElapsed":108,"timestamp":"2026-06-06T17:01:19.645Z"}
{"level":"info","message":"⌛ Validating juego.wpgm","timeElapsed":140,"timestamp":"2026-06-06T17:01:19.788Z"}
{"errors":{"errors":[null,["/* method enemigosEn(x, y){\r","return enemigosActivos.filter({ enemy => enemy.position().x() == x && enemy.position().y() == y })\r"]]},"level":"error","message":"✘ Failed to get type description: Error: {\n  \"errors\": [\n    null,\n    [\n      \"/* method enemigosEn(x, y){\\r\",\n      \"return enemigosActivos.filter({ enemy => enemy.position().x() == x && enemy.position().y() == y })\\r\"\n    ]\n  ]\n} {\n  \"errors\": [\n    null,\n    [\n      \"/* method enemigosEn(x, y){\\r\",\n      \"return enemigosActivos.filter({ enemy => enemy.position().x() == x && enemy.position().y() == y })\\r\"\n    ]\n  ]\n}","stack":"Error: {\n  \"errors\": [\n    null,\n    [\n      \"/* method enemigosEn(x, y){\\r\",\n      \"return enemigosActivos.filter({ enemy => enemy.position().x() == x && enemy.position().y() == y })\\r\"\n    ]\n  ]\n}\n    at lS (c:\\Users\\santi\\.vscode\\extensions\\uqbar.wollok-lsp-ide-0.5.4\\out\\server\\src\\server.js:64:34609)\n    at Q1 (c:\\Users\\santi\\.vscode\\extensions\\uqbar.wollok-lsp-ide-0.5.4\\out\\server\\src\\server.js:64:34682)\n    at c:\\Users\\santi\\.vscode\\extensions\\uqbar.wollok-lsp-ide-0.5.4\\out\\server\\src\\server.js:64:37949\n    at o.y1 (c:\\Users\\santi\\.vscode\\extensions\\uqbar.wollok-lsp-ide-0.5.4\\out\\server\\src\\server.js:57:59114)\n    at c:\\Users\\santi\\.vscode\\extensions\\uqbar.wollok-lsp-ide-0.5.4\\out\\server\\src\\server.js:64:37918\n    at c:\\Users\\santi\\.vscode\\extensions\\uqbar.wollok-lsp-ide-0.5.4\\out\\server\\src\\server.js:57:57154\n    at Cfn (c:\\Users\\santi\\.vscode\\extensions\\uqbar.wollok-lsp-ide-0.5.4\\out\\server\\src\\server.js:68:11324)\n    at c:\\Users\\santi\\.vscode\\extensions\\uqbar.wollok-lsp-ide-0.5.4\\out\\server\\src\\server.js:68:3629\n    at Array.map (<anonymous>)\n    at c:\\Users\\santi\\.vscode\\extensions\\uqbar.wollok-lsp-ide-0.5.4\\out\\server\\src\\server.js:68:10583","timestamp":"2026-06-06T17:01:19.828Z"}
{"level":"info","message":"⌛ Building environment","timeElapsed":150,"timestamp":"2026-06-06T17:01:20.193Z"}
{"level":"info","message":"⌛ Validating juego.wpgm","timeElapsed":248,"timestamp":"2026-06-06T17:01:20.446Z"}
{"errors":{"errors":[null,["/*\r","*  Este archivo contiene los datos de los niveles del juego.\r","*  Cada nivel es representado por una matriz de enteros, donde cada entero representa un objeto o elemento del juego:\r","*  - 0: Celda vacía\r","*  - 0: Pared\r","*  - 2: Moneda\r","*  - 3: Sapo (enemigo)\r","*  - 4: Pinchos\r","*  - 67: Personaje (punto de inicio)\r","*  - 0: Pinchos\r","*\r","*  Puedes agregar más niveles siguiendo el mismo formato.\r"]]},"level":"error","message":"✘ Failed to get type description: Error: {\n  \"errors\": [\n    null,\n    [\n      \"/*\\r\",\n      \"*  Este archivo contiene los datos de los niveles del juego.\\r\",\n      \"*  Cada nivel es representado por una matriz de enteros, donde cada entero representa un objeto o elemento del juego:\\r\",\n      \"*  - 0: Celda vacía\\r\",\n      \"*  - 0: Pared\\r\",\n      \"*  - 2: Moneda\\r\",\n      \"*  - 3: Sapo (enemigo)\\r\",\n      \"*  - 4: Pinchos\\r\",\n      \"*  - 67: Personaje (punto de inicio)\\r\",\n      \"*  - 0: Pinchos\\r\",\n      \"*\\r\",\n      \"*  Puedes agregar más niveles siguiendo el mismo formato.\\r\"\n    ]\n  ]\n} {\n  \"errors\": [\n    null,\n    [\n      \"/*\\r\",\n      \"*  Este archivo contiene los datos de los niveles del juego.\\r\",\n      \"*  Cada nivel es representado por una matriz de enteros, donde cada entero representa un objeto o elemento del juego:\\r\",\n      \"*  - 0: Celda vacía\\r\",\n      \"*  - 0: Pared\\r\",\n      \"*  - 2: Moneda\\r\",\n      \"*  - 3: Sapo (enemigo)\\r\",\n      \"*  - 4: Pinchos\\r\",\n      \"*  - 67: Personaje (punto de inicio)\\r\",\n      \"*  - 0: Pinchos\\r\",\n      \"*\\r\",\n      \"*  Puedes agregar más niveles siguiendo el mismo formato.\\r\"\n    ]\n  ]\n}","stack":"Error: {\n  \"errors\": [\n    null,\n    [\n      \"/*\\r\",\n      \"*  Este archivo contiene los datos de los niveles del juego.\\r\",\n      \"*  Cada nivel es representado por una matriz de enteros, donde cada entero representa un objeto o elemento del juego:\\r\",\n      \"*  - 0: Celda vacía\\r\",\n      \"*  - 0: Pared\\r\",\n      \"*  - 2: Moneda\\r\",\n      \"*  - 3: Sapo (enemigo)\\r\",\n      \"*  - 4: Pinchos\\r\",\n      \"*  - 67: Personaje (punto de inicio)\\r\",\n      \"*  - 0: Pinchos\\r\",\n      \"*\\r\",\n      \"*  Puedes agregar más niveles siguiendo el mismo formato.\\r\"\n    ]\n  ]\n}\n    at lS (c:\\Users\\santi\\.vscode\\extensions\\uqbar.wollok-lsp-ide-0.5.4\\out\\server\\src\\server.js:64:34609)\n    at Q1 (c:\\Users\\santi\\.vscode\\extensions\\uqbar.wollok-lsp-ide-0.5.4\\out\\server\\src\\server.js:64:34682)\n    at c:\\Users\\santi\\.vscode\\extensions\\uqbar.wollok-lsp-ide-0.5.4\\out\\server\\src\\server.js:64:37949\n    at o.y1 (c:\\Users\\santi\\.vscode\\extensions\\uqbar.wollok-lsp-ide-0.5.4\\out\\server\\src\\server.js:57:59114)\n    at c:\\Users\\santi\\.vscode\\extensions\\uqbar.wollok-lsp-ide-0.5.4\\out\\server\\src\\server.js:64:37918\n    at c:\\Users\\santi\\.vscode\\extensions\\uqbar.wollok-lsp-ide-0.5.4\\out\\server\\src\\server.js:57:57154\n    at Cfn (c:\\Users\\santi\\.vscode\\extensions\\uqbar.wollok-lsp-ide-0.5.4\\out\\server\\src\\server.js:68:11324)\n    at c:\\Users\\santi\\.vscode\\extensions\\uqbar.wollok-lsp-ide-0.5.4\\out\\server\\src\\server.js:68:3629\n    at Array.map (<anonymous>)\n    at c:\\Users\\santi\\.vscode\\extensions\\uqbar.wollok-lsp-ide-0.5.4\\out\\server\\src\\server.js:68:4693","timestamp":"2026-06-06T17:01:33.752Z"}
{"level":"info","message":"⌛ Building environment","timeElapsed":302,"timestamp":"2026-06-06T17:01:53.016Z"}
{"level":"info","message":"⌛ Building environment","timeElapsed":310,"timestamp":"2026-06-06T17:01:53.329Z"}
{"level":"info","message":"⌛ Validating niveles.wlk","timeElapsed":168,"timestamp":"2026-06-06T17:01:53.519Z"}
{"level":"info","message":"⌛ Validating niveles.wlk","timeElapsed":153,"timestamp":"2026-06-06T17:01:53.672Z"}
{"level":"info","message":"⌛ Building environment","timeElapsed":263,"timestamp":"2026-06-06T17:01:53.936Z"}
{"level":"info","message":"⌛ Building environment","timeElapsed":262,"timestamp":"2026-06-06T17:01:54.198Z"}
{"level":"info","message":"⌛ Building environment","timeElapsed":262,"timestamp":"2026-06-06T17:01:54.485Z"}
{"level":"info","message":"⌛ Validating niveles.wlk","timeElapsed":215,"timestamp":"2026-06-06T17:01:54.706Z"}
{"level":"info","message":"⌛ Building environment","timeElapsed":514,"timestamp":"2026-06-06T17:01:55.220Z"}
{"level":"info","message":"⌛ Validating niveles.wlk","timeElapsed":216,"timestamp":"2026-06-06T17:01:55.457Z"}
{"level":"info","message":"⌛ Validating niveles.wlk","timeElapsed":202,"timestamp":"2026-06-06T17:01:55.676Z"}
{"level":"info","message":"⌛ Building environment","timeElapsed":259,"timestamp":"2026-06-06T17:01:55.938Z"}
{"level":"info","message":"⌛ Building environment","timeElapsed":285,"timestamp":"2026-06-06T17:01:56.237Z"}
{"level":"info","message":"⌛ Validating niveles.wlk","timeElapsed":181,"timestamp":"2026-06-06T17:01:56.438Z"}
{"level":"info","message":"⌛ Building environment","timeElapsed":256,"timestamp":"2026-06-06T17:01:56.695Z"}
{"level":"info","message":"⌛ Building environment","timeElapsed":265,"timestamp":"2026-06-06T17:01:56.962Z"}
{"level":"info","message":"⌛ Building environment","timeElapsed":424,"timestamp":"2026-06-06T17:01:57.388Z"}
{"level":"info","message":"⌛ Validating niveles.wlk","timeElapsed":196,"timestamp":"2026-06-06T17:01:57.584Z"}
{"level":"info","message":"⌛ Building environment","timeElapsed":314,"timestamp":"2026-06-06T17:01:57.899Z"}
{"level":"info","message":"⌛ Validating niveles.wlk","timeElapsed":152,"timestamp":"2026-06-06T17:01:58.052Z"}
{"level":"info","message":"⌛ Building environment","timeElapsed":235,"timestamp":"2026-06-06T17:01:58.307Z"}
{"level":"info","message":"⌛ Validating niveles.wlk","timeElapsed":190,"timestamp":"2026-06-06T17:01:58.497Z"}
{"level":"info","message":"⌛ Building environment","timeElapsed":256,"timestamp":"2026-06-06T17:01:58.754Z"}
{"level":"info","message":"⌛ Validating niveles.wlk","timeElapsed":155,"timestamp":"2026-06-06T17:01:58.909Z"}
{"level":"info","message":"⌛ Building environment","timeElapsed":266,"timestamp":"2026-06-06T17:01:59.175Z"}
{"level":"info","message":"⌛ Building environment","timeElapsed":243,"timestamp":"2026-06-06T17:01:59.419Z"}
{"level":"info","message":"⌛ Validating niveles.wlk","timeElapsed":162,"timestamp":"2026-06-06T17:01:59.582Z"}
{"level":"info","message":"⌛ Building environment","timeElapsed":224,"timestamp":"2026-06-06T17:01:59.825Z"}
{"level":"info","message":"⌛ Building environment","timeElapsed":261,"timestamp":"2026-06-06T17:02:00.088Z"}
{"level":"info","message":"⌛ Validating niveles.wlk","timeElapsed":181,"timestamp":"2026-06-06T17:02:00.269Z"}
{"level":"info","message":"⌛ Building environment","timeElapsed":306,"timestamp":"2026-06-06T17:02:00.599Z"}
{"level":"info","message":"⌛ Building environment","timeElapsed":302,"timestamp":"2026-06-06T17:02:00.925Z"}
{"level":"info","message":"⌛ Validating niveles.wlk","timeElapsed":146,"timestamp":"2026-06-06T17:02:01.071Z"}
{"level":"info","message":"⌛ Building environment","timeElapsed":249,"timestamp":"2026-06-06T17:02:01.330Z"}
{"level":"info","message":"⌛ Validating niveles.wlk","timeElapsed":180,"timestamp":"2026-06-06T17:02:01.524Z"}
{"level":"info","message":"⌛ Building environment","timeElapsed":240,"timestamp":"2026-06-06T17:02:01.767Z"}
{"level":"info","message":"⌛ Building environment","timeElapsed":236,"timestamp":"2026-06-06T17:02:02.013Z"}
{"level":"info","message":"⌛ Building environment","timeElapsed":258,"timestamp":"2026-06-06T17:02:02.272Z"}
{"level":"info","message":"⌛ Building environment","timeElapsed":647,"timestamp":"2026-06-06T17:02:02.920Z"}
{"level":"info","message":"⌛ Validating niveles.wlk","timeElapsed":160,"timestamp":"2026-06-06T17:02:03.081Z"}
{"level":"info","message":"⌛ Building environment","timeElapsed":272,"timestamp":"2026-06-06T17:02:03.355Z"}
{"level":"info","message":"⌛ Building environment","timeElapsed":365,"timestamp":"2026-06-06T17:02:03.721Z"}
{"level":"info","message":"⌛ Validating niveles.wlk","timeElapsed":184,"timestamp":"2026-06-06T17:02:03.906Z"}
{"level":"info","message":"⌛ Building environment","timeElapsed":241,"timestamp":"2026-06-06T17:02:04.159Z"}
{"level":"info","message":"⌛ Building environment","timeElapsed":257,"timestamp":"2026-06-06T17:02:04.417Z"}
{"level":"info","message":"⌛ Validating niveles.wlk","timeElapsed":182,"timestamp":"2026-06-06T17:02:04.599Z"}
{"level":"info","message":"⌛ Validating niveles.wlk","timeElapsed":251,"timestamp":"2026-06-06T17:02:04.851Z"}
{"level":"info","message":"⌛ Building environment","timeElapsed":251,"timestamp":"2026-06-06T17:02:05.102Z"}
{"level":"info","message":"⌛ Building environment","timeElapsed":250,"timestamp":"2026-06-06T17:02:05.353Z"}
{"level":"info","message":"⌛ Validating niveles.wlk","timeElapsed":184,"timestamp":"2026-06-06T17:02:05.565Z"}
{"level":"info","message":"⌛ Building environment","timeElapsed":516,"timestamp":"2026-06-06T17:02:06.186Z"}
{"level":"info","message":"⌛ Validating niveles.wlk","timeElapsed":215,"timestamp":"2026-06-06T17:02:06.415Z"}
{"level":"info","message":"⌛ Building environment","timeElapsed":279,"timestamp":"2026-06-06T17:02:06.708Z"}
{"level":"info","message":"⌛ Validating niveles.wlk","timeElapsed":229,"timestamp":"2026-06-06T17:02:06.937Z"}
{"level":"info","message":"⌛ Validating niveles.wlk","timeElapsed":258,"timestamp":"2026-06-06T17:02:07.209Z"}
{"level":"info","message":"⌛ Validating niveles.wlk","timeElapsed":208,"timestamp":"2026-06-06T17:02:07.418Z"}
{"level":"info","message":"⌛ Validating niveles.wlk","timeElapsed":189,"timestamp":"2026-06-06T17:02:07.607Z"}
{"level":"info","message":"⌛ Validating niveles.wlk","timeElapsed":150,"timestamp":"2026-06-06T17:02:07.758Z"}
{"level":"info","message":"⌛ Building environment","timeElapsed":289,"timestamp":"2026-06-06T17:02:08.049Z"}
{"level":"info","message":"⌛ Building environment","timeElapsed":206,"timestamp":"2026-06-06T17:02:08.263Z"}
{"level":"info","message":"⌛ Validating niveles.wlk","timeElapsed":179,"timestamp":"2026-06-06T17:02:08.443Z"}
{"level":"info","message":"⌛ Validating niveles.wlk","timeElapsed":266,"timestamp":"2026-06-06T17:02:08.746Z"}
{"level":"info","message":"⌛ Validating niveles.wlk","timeElapsed":159,"timestamp":"2026-06-06T17:02:08.905Z"}
{"level":"info","message":"⌛ Validating niveles.wlk","timeElapsed":236,"timestamp":"2026-06-06T17:02:09.190Z"}
{"level":"info","message":"⌛ Validating niveles.wlk","timeElapsed":146,"timestamp":"2026-06-06T17:02:09.338Z"}
{"level":"info","message":"⌛ Validating niveles.wlk","timeElapsed":186,"timestamp":"2026-06-06T17:02:09.541Z"}
{"level":"info","message":"⌛ Validating niveles.wlk","timeElapsed":161,"timestamp":"2026-06-06T17:02:09.751Z"}
{"level":"info","message":"⌛ Validating niveles.wlk","timeElapsed":137,"timestamp":"2026-06-06T17:02:09.904Z"}
{"level":"info","message":"⌛ Validating niveles.wlk","timeElapsed":186,"timestamp":"2026-06-06T17:02:10.103Z"}
{"level":"info","message":"⌛ Validating niveles.wlk","timeElapsed":250,"timestamp":"2026-06-06T17:02:10.371Z"}
{"level":"info","message":"⌛ Building environment","timeElapsed":119,"timestamp":"2026-06-06T17:02:19.641Z"}
{"level":"info","message":"⌛ Validating juego.wpgm","timeElapsed":150,"timestamp":"2026-06-06T17:02:19.859Z"}
{"level":"info","message":"⌛ Building environment","timeElapsed":123,"timestamp":"2026-06-06T17:02:19.983Z"}
{"level":"info","message":"⌛ Building environment","timeElapsed":129,"timestamp":"2026-06-06T17:02:20.113Z"}
{"level":"info","message":"⌛ Building environment","timeElapsed":248,"timestamp":"2026-06-06T17:02:20.363Z"}
{"level":"info","message":"⌛ Validating juego.wpgm","timeElapsed":137,"timestamp":"2026-06-06T17:02:20.500Z"}
{"level":"info","message":"⌛ Building environment","timeElapsed":133,"timestamp":"2026-06-06T17:02:20.635Z"}
{"level":"info","message":"⌛ Validating juego.wpgm","timeElapsed":138,"timestamp":"2026-06-06T17:02:20.774Z"}
{"level":"info","message":"⌛ Building environment","timeElapsed":109,"timestamp":"2026-06-06T17:02:20.883Z"}
{"level":"info","message":"⌛ Validating juego.wpgm","timeElapsed":164,"timestamp":"2026-06-06T17:02:21.048Z"}
{"level":"info","message":"⌛ Validating juego.wpgm","timeElapsed":148,"timestamp":"2026-06-06T17:02:21.204Z"}
{"level":"info","message":"⌛ Validating juego.wpgm","timeElapsed":144,"timestamp":"2026-06-06T17:02:21.351Z"}
{"level":"info","message":"⌛ Building environment","timeElapsed":104,"timestamp":"2026-06-06T17:02:21.456Z"}
{"level":"info","message":"⌛ Building environment","timeElapsed":121,"timestamp":"2026-06-06T17:02:21.624Z"}
{"level":"info","message":"⌛ Building environment","timeElapsed":341,"timestamp":"2026-06-06T17:02:21.965Z"}
{"level":"info","message":"⌛ Building environment","timeElapsed":220,"timestamp":"2026-06-06T17:02:22.209Z"}
{"level":"info","message":"⌛ Validating juego.wpgm","timeElapsed":193,"timestamp":"2026-06-06T17:02:22.403Z"}
{"level":"info","message":"⌛ Building environment","timeElapsed":201,"timestamp":"2026-06-06T17:02:22.604Z"}
{"level":"info","message":"⌛ Validating juego.wpgm","timeElapsed":145,"timestamp":"2026-06-06T17:02:22.783Z"}
{"level":"info","message":"⌛ Building environment","timeElapsed":119,"timestamp":"2026-06-06T17:02:22.905Z"}
{"level":"info","message":"⌛ Validating juego.wpgm","timeElapsed":127,"timestamp":"2026-06-06T17:02:23.079Z"}
{"level":"info","message":"⌛ Building environment","timeElapsed":118,"timestamp":"2026-06-06T17:02:23.199Z"}
{"level":"info","message":"⌛ Validating juego.wpgm","timeElapsed":138,"timestamp":"2026-06-06T17:02:23.381Z"}
{"level":"info","message":"⌛ Building environment","timeElapsed":128,"timestamp":"2026-06-06T17:02:23.510Z"}
{"level":"info","message":"⌛ Building environment","timeElapsed":115,"timestamp":"2026-06-06T17:02:23.661Z"}
{"level":"info","message":"⌛ Building environment","timeElapsed":114,"timestamp":"2026-06-06T17:02:23.836Z"}
{"level":"info","message":"⌛ Validating juego.wpgm","timeElapsed":149,"timestamp":"2026-06-06T17:02:24.019Z"}
{"level":"info","message":"⌛ Validating juego.wpgm","timeElapsed":126,"timestamp":"2026-06-06T17:02:24.148Z"}
{"level":"info","message":"⌛ Building environment","timeElapsed":135,"timestamp":"2026-06-06T17:02:24.287Z"}
{"level":"info","message":"⌛ Validating juego.wpgm","timeElapsed":150,"timestamp":"2026-06-06T17:02:24.437Z"}
{"level":"info","message":"⌛ Building environment","timeElapsed":132,"timestamp":"2026-06-06T17:02:24.570Z"}
{"level":"info","message":"⌛ Building environment","timeElapsed":162,"timestamp":"2026-06-06T17:02:24.733Z"}
{"level":"info","message":"⌛ Validating juego.wpgm","timeElapsed":145,"timestamp":"2026-06-06T17:02:24.887Z"}
{"level":"info","message":"⌛ Building environment","timeElapsed":109,"timestamp":"2026-06-06T17:02:25.007Z"}
{"level":"info","message":"⌛ Validating juego.wpgm","timeElapsed":150,"timestamp":"2026-06-06T17:02:25.157Z"}
{"level":"info","message":"⌛ Building environment","timeElapsed":148,"timestamp":"2026-06-06T17:02:25.306Z"}
{"level":"info","message":"⌛ Validating juego.wpgm","timeElapsed":176,"timestamp":"2026-06-06T17:02:25.483Z"}
{"level":"info","message":"⌛ Building environment","timeElapsed":138,"timestamp":"2026-06-06T17:02:25.639Z"}
{"level":"info","message":"⌛ Validating juego.wpgm","timeElapsed":175,"timestamp":"2026-06-06T17:02:25.815Z"}
{"level":"info","message":"⌛ Building environment","timeElapsed":104,"timestamp":"2026-06-06T17:02:25.919Z"}
{"level":"info","message":"⌛ Validating juego.wpgm","timeElapsed":179,"timestamp":"2026-06-06T17:02:26.107Z"}
{"level":"info","message":"⌛ Validating juego.wpgm","timeElapsed":187,"timestamp":"2026-06-06T17:02:26.302Z"}
{"level":"info","message":"⌛ Validating juego.wpgm","timeElapsed":169,"timestamp":"2026-06-06T17:02:26.472Z"}
{"level":"info","message":"⌛ Validating juego.wpgm","timeElapsed":164,"timestamp":"2026-06-06T17:02:26.670Z"}
{"level":"info","message":"⌛ Validating juego.wpgm","timeElapsed":143,"timestamp":"2026-06-06T17:02:26.816Z"}
{"level":"info","message":"⌛ Validating juego.wpgm","timeElapsed":155,"timestamp":"2026-06-06T17:02:26.975Z"}
{"level":"info","message":"⌛ Building environment","timeElapsed":199,"timestamp":"2026-06-06T17:02:27.632Z"}
{"level":"info","message":"⌛ Validating juego.wpgm","timeElapsed":220,"timestamp":"2026-06-06T17:02:27.857Z"}
{"level":"info","message":"⌛ Building environment","timeElapsed":113,"timestamp":"2026-06-06T17:02:28.588Z"}
{"level":"info","message":"⌛ Building environment","timeElapsed":140,"timestamp":"2026-06-06T17:02:28.729Z"}
{"level":"info","message":"⌛ Validating juego.wpgm","timeElapsed":158,"timestamp":"2026-06-06T17:02:28.888Z"}
{"level":"info","message":"⌛ Validating juego.wpgm","timeElapsed":139,"timestamp":"2026-06-06T17:02:29.028Z"}
{"level":"info","message":"⌛ Building environment","timeElapsed":373,"timestamp":"2026-06-06T17:02:41.008Z"}
{"level":"info","message":"⌛ Validating niveles.wlk","timeElapsed":177,"timestamp":"2026-06-06T17:02:41.278Z"}
{"level":"info","message":"⌛ Building environment","timeElapsed":242,"timestamp":"2026-06-06T17:02:41.680Z"}
{"level":"info","message":"⌛ Validating niveles.wlk","timeElapsed":201,"timestamp":"2026-06-06T17:02:41.884Z"}
{"level":"info","message":"⌛ Building environment","timeElapsed":334,"timestamp":"2026-06-06T17:02:42.219Z"}
{"level":"info","message":"⌛ Validating niveles.wlk","timeElapsed":183,"timestamp":"2026-06-06T17:02:42.439Z"}
{"level":"info","message":"⌛ Building environment","timeElapsed":364,"timestamp":"2026-06-06T17:02:43.591Z"}
{"level":"info","message":"⌛ Validating niveles.wlk","timeElapsed":268,"timestamp":"2026-06-06T17:02:44.089Z"}
{"level":"info","message":"⌛ Building environment","timeElapsed":285,"timestamp":"2026-06-06T17:02:51.106Z"}
{"level":"info","message":"⌛ Validating niveles.wlk","timeElapsed":293,"timestamp":"2026-06-06T17:02:51.415Z"}
{"level":"info","message":"⌛ Building environment","timeElapsed":305,"timestamp":"2026-06-06T17:02:51.721Z"}
{"level":"info","message":"⌛ Building environment","timeElapsed":928,"timestamp":"2026-06-06T17:02:52.661Z"}
{"level":"info","message":"⌛ Validating niveles.wlk","timeElapsed":172,"timestamp":"2026-06-06T17:02:52.853Z"}
{"level":"info","message":"⌛ Validating niveles.wlk","timeElapsed":150,"timestamp":"2026-06-06T17:02:53.056Z"}
{"level":"info","message":"⌛ Building environment","timeElapsed":361,"timestamp":"2026-06-06T17:02:53.432Z"}
{"level":"info","message":"⌛ Building environment","timeElapsed":240,"timestamp":"2026-06-06T17:02:53.674Z"}
{"level":"info","message":"⌛ Validating niveles.wlk","timeElapsed":156,"timestamp":"2026-06-06T17:02:53.861Z"}
{"level":"info","message":"⌛ Validating niveles.wlk","timeElapsed":212,"timestamp":"2026-06-06T17:02:54.074Z"}
{"level":"info","message":"⌛ Building environment","timeElapsed":359,"timestamp":"2026-06-06T17:02:54.434Z"}
{"level":"info","message":"⌛ Building environment","timeElapsed":557,"timestamp":"2026-06-06T17:02:55.091Z"}
{"level":"info","message":"⌛ Validating niveles.wlk","timeElapsed":194,"timestamp":"2026-06-06T17:02:55.286Z"}
{"level":"info","message":"⌛ Validating niveles.wlk","timeElapsed":148,"timestamp":"2026-06-06T17:02:55.468Z"}
{"level":"info","message":"⌛ Building environment","timeElapsed":300,"timestamp":"2026-06-06T17:03:04.334Z"}
{"level":"info","message":"⌛ Building environment","timeElapsed":424,"timestamp":"2026-06-06T17:03:04.859Z"}
{"level":"info","message":"⌛ Validating niveles.wlk","timeElapsed":214,"timestamp":"2026-06-06T17:03:05.074Z"}
{"level":"info","message":"⌛ Building environment","timeElapsed":257,"timestamp":"2026-06-06T17:03:05.335Z"}
{"level":"info","message":"⌛ Building environment","timeElapsed":257,"timestamp":"2026-06-06T17:03:05.603Z"}
{"level":"info","message":"⌛ Validating niveles.wlk","timeElapsed":166,"timestamp":"2026-06-06T17:03:05.769Z"}
{"level":"info","message":"⌛ Validating niveles.wlk","timeElapsed":177,"timestamp":"2026-06-06T17:03:06.012Z"}
{"level":"info","message":"⌛ Validating niveles.wlk","timeElapsed":132,"timestamp":"2026-06-06T17:03:06.199Z"}
{"level":"info","message":"⌛ Building environment","timeElapsed":207,"timestamp":"2026-06-06T17:03:07.257Z"}
{"level":"info","message":"⌛ Validating niveles.wlk","timeElapsed":268,"timestamp":"2026-06-06T17:03:07.536Z"}
{"level":"info","message":"⌛ Building environment","timeElapsed":375,"timestamp":"2026-06-06T17:03:07.947Z"}
{"level":"info","message":"⌛ Validating niveles.wlk","timeElapsed":194,"timestamp":"2026-06-06T17:03:08.183Z"}
{"level":"info","message":"⌛ Building environment","timeElapsed":276,"timestamp":"2026-06-06T17:03:09.931Z"}
{"level":"info","message":"⌛ Validating niveles.wlk","timeElapsed":183,"timestamp":"2026-06-06T17:03:10.140Z"}
{"level":"info","message":"⌛ Building environment","timeElapsed":337,"timestamp":"2026-06-06T17:03:11.661Z"}
{"level":"info","message":"⌛ Validating niveles.wlk","timeElapsed":189,"timestamp":"2026-06-06T17:03:12.037Z"}
{"level":"info","message":"⌛ Building environment","timeElapsed":300,"timestamp":"2026-06-06T17:03:15.995Z"}
{"level":"info","message":"⌛ Building environment","timeElapsed":408,"timestamp":"2026-06-06T17:03:16.425Z"}
{"level":"info","message":"⌛ Validating niveles.wlk","timeElapsed":378,"timestamp":"2026-06-06T17:03:16.805Z"}
{"level":"info","message":"⌛ Building environment","timeElapsed":333,"timestamp":"2026-06-06T17:03:17.139Z"}
{"level":"info","message":"⌛ Validating niveles.wlk","timeElapsed":158,"timestamp":"2026-06-06T17:03:17.362Z"}
{"level":"info","message":"⌛ Building environment","timeElapsed":225,"timestamp":"2026-06-06T17:03:17.587Z"}
{"level":"info","message":"⌛ Validating niveles.wlk","timeElapsed":133,"timestamp":"2026-06-06T17:03:17.768Z"}
{"level":"info","message":"⌛ Validating niveles.wlk","timeElapsed":139,"timestamp":"2026-06-06T17:03:17.933Z"}
{"level":"error","message":"✘ Failed to rebuild document Failed to parse niveles.wlk: \n-- PARSING FAILED --------------------------------------------------\n\n  266 |     ]\n  267 | \n> 268 | }\n      | ^\n  269 | \n  270 | object nivel_4 {\n\nExpected one of the following: \n\n'@', 'class', 'const', 'describe', 'mixin', 'object', 'only', 'package', 'program', 'test', 'var', '{', EOF, comment, not \"}\r\n\r\n\", whitespace\n","stack":"Error: Failed to parse niveles.wlk: \n-- PARSING FAILED --------------------------------------------------\n\n  266 |     ]\n  267 | \n> 268 | }\n      | ^\n  269 | \n  270 | object nivel_4 {\n\nExpected one of the following: \n\n'@', 'class', 'const', 'describe', 'mixin', 'object', 'only', 'package', 'program', 'test', 'var', '{', EOF, comment, not \"}\r\n\r\n\", whitespace\n\n    at c:\\Users\\santi\\.vscode\\extensions\\uqbar.wollok-lsp-ide-0.5.4\\out\\server\\src\\server.js:2353:13026\n    at Array.map (<anonymous>)\n    at U1n (c:\\Users\\santi\\.vscode\\extensions\\uqbar.wollok-lsp-ide-0.5.4\\out\\server\\src\\server.js:2353:12950)\n    at H2.buildEnvironmentFrom (c:\\Users\\santi\\.vscode\\extensions\\uqbar.wollok-lsp-ide-0.5.4\\out\\server\\src\\server.js:2398:5254)\n    at H2.updateEnvironmentWith (c:\\Users\\santi\\.vscode\\extensions\\uqbar.wollok-lsp-ide-0.5.4\\out\\server\\src\\server.js:2398:4989)\n    at GF (c:\\Users\\santi\\.vscode\\extensions\\uqbar.wollok-lsp-ide-0.5.4\\out\\server\\src\\server.js:2398:7383)\n    at V3.invoke (c:\\Users\\santi\\.vscode\\extensions\\uqbar.wollok-lsp-ide-0.5.4\\out\\server\\src\\server.js:3:157328)\n    at o.fire (c:\\Users\\santi\\.vscode\\extensions\\uqbar.wollok-lsp-ide-0.5.4\\out\\server\\src\\server.js:3:158098)\n    at c:\\Users\\santi\\.vscode\\extensions\\uqbar.wollok-lsp-ide-0.5.4\\out\\server\\src\\server.js:37:57871\n    at nd (c:\\Users\\santi\\.vscode\\extensions\\uqbar.wollok-lsp-ide-0.5.4\\out\\server\\src\\server.js:8:1561)","timestamp":"2026-06-06T17:03:18.454Z"}
{"level":"error","message":"✘ Failed to rebuild document Failed to parse niveles.wlk: \n-- PARSING FAILED --------------------------------------------------\n\n  267 |     ]\n  268 | \n> 269 | }\n      | ^\n  270 | \n  271 | object nivel_4 {\n\nExpected one of the following: \n\n'@', 'class', 'const', 'describe', 'mixin', 'object', 'only', 'package', 'program', 'test', 'var', '{', EOF, comment, not \"}\r\n\r\n\", whitespace\n","stack":"Error: Failed to parse niveles.wlk: \n-- PARSING FAILED --------------------------------------------------\n\n  267 |     ]\n  268 | \n> 269 | }\n      | ^\n  270 | \n  271 | object nivel_4 {\n\nExpected one of the following: \n\n'@', 'class', 'const', 'describe', 'mixin', 'object', 'only', 'package', 'program', 'test', 'var', '{', EOF, comment, not \"}\r\n\r\n\", whitespace\n\n    at c:\\Users\\santi\\.vscode\\extensions\\uqbar.wollok-lsp-ide-0.5.4\\out\\server\\src\\server.js:2353:13026\n    at Array.map (<anonymous>)\n    at U1n (c:\\Users\\santi\\.vscode\\extensions\\uqbar.wollok-lsp-ide-0.5.4\\out\\server\\src\\server.js:2353:12950)\n    at H2.buildEnvironmentFrom (c:\\Users\\santi\\.vscode\\extensions\\uqbar.wollok-lsp-ide-0.5.4\\out\\server\\src\\server.js:2398:5254)\n    at H2.updateEnvironmentWith (c:\\Users\\santi\\.vscode\\extensions\\uqbar.wollok-lsp-ide-0.5.4\\out\\server\\src\\server.js:2398:4989)\n    at GF (c:\\Users\\santi\\.vscode\\extensions\\uqbar.wollok-lsp-ide-0.5.4\\out\\server\\src\\server.js:2398:7383)\n    at V3.invoke (c:\\Users\\santi\\.vscode\\extensions\\uqbar.wollok-lsp-ide-0.5.4\\out\\server\\src\\server.js:3:157328)\n    at o.fire (c:\\Users\\santi\\.vscode\\extensions\\uqbar.wollok-lsp-ide-0.5.4\\out\\server\\src\\server.js:3:158098)\n    at c:\\Users\\santi\\.vscode\\extensions\\uqbar.wollok-lsp-ide-0.5.4\\out\\server\\src\\server.js:37:57871\n    at nd (c:\\Users\\santi\\.vscode\\extensions\\uqbar.wollok-lsp-ide-0.5.4\\out\\server\\src\\server.js:8:1561)","timestamp":"2026-06-06T17:03:18.722Z"}
{"level":"error","message":"✘ Failed to rebuild document Failed to parse niveles.wlk: \n-- PARSING FAILED --------------------------------------------------\n\n  266 |     ]\n  267 | \n> 268 | }\n      | ^\n  269 | \n  270 | object nivel_4 {\n\nExpected one of the following: \n\n'@', 'class', 'const', 'describe', 'mixin', 'object', 'only', 'package', 'program', 'test', 'var', '{', EOF, comment, not \"}\r\n\r\n\", whitespace\n","stack":"Error: Failed to parse niveles.wlk: \n-- PARSING FAILED --------------------------------------------------\n\n  266 |     ]\n  267 | \n> 268 | }\n      | ^\n  269 | \n  270 | object nivel_4 {\n\nExpected one of the following: \n\n'@', 'class', 'const', 'describe', 'mixin', 'object', 'only', 'package', 'program', 'test', 'var', '{', EOF, comment, not \"}\r\n\r\n\", whitespace\n\n    at c:\\Users\\santi\\.vscode\\extensions\\uqbar.wollok-lsp-ide-0.5.4\\out\\server\\src\\server.js:2353:13026\n    at Array.map (<anonymous>)\n    at U1n (c:\\Users\\santi\\.vscode\\extensions\\uqbar.wollok-lsp-ide-0.5.4\\out\\server\\src\\server.js:2353:12950)\n    at H2.buildEnvironmentFrom (c:\\Users\\santi\\.vscode\\extensions\\uqbar.wollok-lsp-ide-0.5.4\\out\\server\\src\\server.js:2398:5254)\n    at H2.updateEnvironmentWith (c:\\Users\\santi\\.vscode\\extensions\\uqbar.wollok-lsp-ide-0.5.4\\out\\server\\src\\server.js:2398:4989)\n    at GF (c:\\Users\\santi\\.vscode\\extensions\\uqbar.wollok-lsp-ide-0.5.4\\out\\server\\src\\server.js:2398:7383)\n    at V3.invoke (c:\\Users\\santi\\.vscode\\extensions\\uqbar.wollok-lsp-ide-0.5.4\\out\\server\\src\\server.js:3:157328)\n    at o.fire (c:\\Users\\santi\\.vscode\\extensions\\uqbar.wollok-lsp-ide-0.5.4\\out\\server\\src\\server.js:3:158098)\n    at c:\\Users\\santi\\.vscode\\extensions\\uqbar.wollok-lsp-ide-0.5.4\\out\\server\\src\\server.js:37:57871\n    at nd (c:\\Users\\santi\\.vscode\\extensions\\uqbar.wollok-lsp-ide-0.5.4\\out\\server\\src\\server.js:8:1561)","timestamp":"2026-06-06T17:03:20.199Z"}
{"level":"info","message":"⌛ Building environment","timeElapsed":219,"timestamp":"2026-06-06T17:03:21.671Z"}
{"level":"info","message":"⌛ Validating niveles.wlk","timeElapsed":260,"timestamp":"2026-06-06T17:03:21.950Z"}
{"level":"info","message":"⌛ Building environment","timeElapsed":269,"timestamp":"2026-06-06T17:03:23.124Z"}
{"level":"info","message":"⌛ Validating niveles.wlk","timeElapsed":158,"timestamp":"2026-06-06T17:03:23.332Z"}
{"level":"info","message":"⌛ Building environment","timeElapsed":219,"timestamp":"2026-06-06T17:03:23.554Z"}
{"level":"info","message":"⌛ Validating niveles.wlk","timeElapsed":218,"timestamp":"2026-06-06T17:03:23.798Z"}
{"level":"info","message":"⌛ Building environment","timeElapsed":277,"timestamp":"2026-06-06T17:03:24.577Z"}
{"level":"info","message":"⌛ Validating niveles.wlk","timeElapsed":288,"timestamp":"2026-06-06T17:03:24.877Z"}
{"level":"info","message":"⌛ Building environment","timeElapsed":380,"timestamp":"2026-06-06T17:03:27.370Z"}
{"level":"info","message":"⌛ Validating niveles.wlk","timeElapsed":161,"timestamp":"2026-06-06T17:03:27.684Z"}
{"level":"info","message":"⌛ Building environment","timeElapsed":198,"timestamp":"2026-06-06T17:03:27.902Z"}
{"level":"info","message":"⌛ Validating niveles.wlk","timeElapsed":158,"timestamp":"2026-06-06T17:03:28.072Z"}
{"level":"info","message":"⌛ Building environment","timeElapsed":274,"timestamp":"2026-06-06T17:03:47.930Z"}
{"level":"info","message":"⌛ Validating niveles.wlk","timeElapsed":152,"timestamp":"2026-06-06T17:03:48.107Z"}
{"level":"info","message":"⌛ Building environment","timeElapsed":226,"timestamp":"2026-06-06T17:03:50.498Z"}
{"level":"info","message":"⌛ Building environment","timeElapsed":282,"timestamp":"2026-06-06T17:03:50.790Z"}
{"level":"info","message":"⌛ Validating niveles.wlk","timeElapsed":154,"timestamp":"2026-06-06T17:03:50.987Z"}
{"level":"info","message":"⌛ Building environment","timeElapsed":268,"timestamp":"2026-06-06T17:03:51.272Z"}
{"level":"info","message":"⌛ Validating niveles.wlk","timeElapsed":169,"timestamp":"2026-06-06T17:03:51.536Z"}
{"level":"info","message":"⌛ Validating niveles.wlk","timeElapsed":145,"timestamp":"2026-06-06T17:03:51.703Z"}
{"level":"info","message":"⌛ Building environment","timeElapsed":352,"timestamp":"2026-06-06T17:03:52.056Z"}
{"level":"info","message":"⌛ Building environment","timeElapsed":227,"timestamp":"2026-06-06T17:03:52.283Z"}
{"level":"info","message":"⌛ Building environment","timeElapsed":228,"timestamp":"2026-06-06T17:03:52.519Z"}
{"level":"info","message":"⌛ Validating niveles.wlk","timeElapsed":144,"timestamp":"2026-06-06T17:03:52.685Z"}
{"level":"info","message":"⌛ Validating niveles.wlk","timeElapsed":149,"timestamp":"2026-06-06T17:03:52.834Z"}
{"level":"info","message":"⌛ Validating niveles.wlk","timeElapsed":172,"timestamp":"2026-06-06T17:03:53.007Z"}
{"level":"info","message":"⌛ Building environment","timeElapsed":202,"timestamp":"2026-06-06T17:03:53.787Z"}
{"level":"info","message":"⌛ Validating niveles.wlk","timeElapsed":221,"timestamp":"2026-06-06T17:03:54.021Z"}
{"level":"info","message":"⌛ Building environment","timeElapsed":276,"timestamp":"2026-06-06T17:03:54.417Z"}
{"level":"info","message":"⌛ Validating niveles.wlk","timeElapsed":326,"timestamp":"2026-06-06T17:03:54.749Z"}
{"level":"info","message":"⌛ Building environment","timeElapsed":258,"timestamp":"2026-06-06T17:03:55.007Z"}
{"level":"info","message":"⌛ Building environment","timeElapsed":250,"timestamp":"2026-06-06T17:03:55.257Z"}
{"level":"info","message":"⌛ Validating niveles.wlk","timeElapsed":152,"timestamp":"2026-06-06T17:03:55.418Z"}
{"level":"info","message":"⌛ Validating niveles.wlk","timeElapsed":161,"timestamp":"2026-06-06T17:03:55.582Z"}
{"level":"info","message":"⌛ Building environment","timeElapsed":212,"timestamp":"2026-06-06T17:04:01.755Z"}
{"level":"error","message":"✘ Completions for node Assignment ([29:9, 29:24] - niveles.wlk) failed: Error: [Assignment]{6987ba} at niveles.wlk:29 exhausted all cases without a match [Assignment]{6987ba} at niveles.wlk:29 exhausted all cases without a match","stack":"Error: [Assignment]{6987ba} at niveles.wlk:29 exhausted all cases without a match\n    at c:\\Users\\santi\\.vscode\\extensions\\uqbar.wollok-lsp-ide-0.5.4\\out\\server\\src\\server.js:38:6142\n    at L2 (c:\\Users\\santi\\.vscode\\extensions\\uqbar.wollok-lsp-ide-0.5.4\\out\\server\\src\\server.js:2389:42)\n    at Jh (c:\\Users\\santi\\.vscode\\extensions\\uqbar.wollok-lsp-ide-0.5.4\\out\\server\\src\\server.js:2389:1092)\n    at M5n (c:\\Users\\santi\\.vscode\\extensions\\uqbar.wollok-lsp-ide-0.5.4\\out\\server\\src\\server.js:2389:1248)\n    at c:\\Users\\santi\\.vscode\\extensions\\uqbar.wollok-lsp-ide-0.5.4\\out\\server\\src\\server.js:38:6131\n    at L2 (c:\\Users\\santi\\.vscode\\extensions\\uqbar.wollok-lsp-ide-0.5.4\\out\\server\\src\\server.js:2389:42)\n    at c:\\Users\\santi\\.vscode\\extensions\\uqbar.wollok-lsp-ide-0.5.4\\out\\server\\src\\server.js:2389:2988\n    at c:\\Users\\santi\\.vscode\\extensions\\uqbar.wollok-lsp-ide-0.5.4\\out\\server\\src\\server.js:2398:8440\n    at c:\\Users\\santi\\.vscode\\extensions\\uqbar.wollok-lsp-ide-0.5.4\\out\\server\\src\\server.js:37:74872\n    at Ke (c:\\Users\\santi\\.vscode\\extensions\\uqbar.wollok-lsp-ide-0.5.4\\out\\server\\src\\server.js:7:8527)","timestamp":"2026-06-06T17:04:01.802Z"}
{"level":"info","message":"⌛ Building environment","timeElapsed":294,"timestamp":"2026-06-06T17:04:02.115Z"}
{"level":"info","message":"⌛ Validating niveles.wlk","timeElapsed":159,"timestamp":"2026-06-06T17:04:02.275Z"}
{"level":"info","message":"⌛ Building environment","timeElapsed":278,"timestamp":"2026-06-06T17:04:02.553Z"}
{"level":"info","message":"⌛ Validating niveles.wlk","timeElapsed":165,"timestamp":"2026-06-06T17:04:02.731Z"}
{"level":"info","message":"⌛ Building environment","timeElapsed":268,"timestamp":"2026-06-06T17:04:03.021Z"}
{"level":"info","message":"⌛ Validating niveles.wlk","timeElapsed":146,"timestamp":"2026-06-06T17:04:03.167Z"}
{"level":"info","message":"⌛ Building environment","timeElapsed":247,"timestamp":"2026-06-06T17:04:03.416Z"}
{"level":"info","message":"⌛ Building environment","timeElapsed":237,"timestamp":"2026-06-06T17:04:03.666Z"}
{"level":"info","message":"⌛ Building environment","timeElapsed":289,"timestamp":"2026-06-06T17:04:03.956Z"}
{"level":"info","message":"⌛ Validating niveles.wlk","timeElapsed":161,"timestamp":"2026-06-06T17:04:04.117Z"}
{"level":"info","message":"⌛ Building environment","timeElapsed":233,"timestamp":"2026-06-06T17:04:04.356Z"}
{"level":"info","message":"⌛ Validating niveles.wlk","timeElapsed":262,"timestamp":"2026-06-06T17:04:04.633Z"}
{"level":"info","message":"⌛ Building environment","timeElapsed":370,"timestamp":"2026-06-06T17:04:05.005Z"}
{"level":"error","message":"✘ Completions for node Assignment ([29:9, 29:24] - niveles.wlk) failed: Error: [Assignment]{f59358} at niveles.wlk:29 exhausted all cases without a match [Assignment]{f59358} at niveles.wlk:29 exhausted all cases without a match","stack":"Error: [Assignment]{f59358} at niveles.wlk:29 exhausted all cases without a match\n    at c:\\Users\\santi\\.vscode\\extensions\\uqbar.wollok-lsp-ide-0.5.4\\out\\server\\src\\server.js:38:6142\n    at L2 (c:\\Users\\santi\\.vscode\\extensions\\uqbar.wollok-lsp-ide-0.5.4\\out\\server\\src\\server.js:2389:42)\n    at Jh (c:\\Users\\santi\\.vscode\\extensions\\uqbar.wollok-lsp-ide-0.5.4\\out\\server\\src\\server.js:2389:1092)\n    at M5n (c:\\Users\\santi\\.vscode\\extensions\\uqbar.wollok-lsp-ide-0.5.4\\out\\server\\src\\server.js:2389:1248)\n    at c:\\Users\\santi\\.vscode\\extensions\\uqbar.wollok-lsp-ide-0.5.4\\out\\server\\src\\server.js:38:6131\n    at L2 (c:\\Users\\santi\\.vscode\\extensions\\uqbar.wollok-lsp-ide-0.5.4\\out\\server\\src\\server.js:2389:42)\n    at c:\\Users\\santi\\.vscode\\extensions\\uqbar.wollok-lsp-ide-0.5.4\\out\\server\\src\\server.js:2389:2988\n    at c:\\Users\\santi\\.vscode\\extensions\\uqbar.wollok-lsp-ide-0.5.4\\out\\server\\src\\server.js:2398:8440\n    at c:\\Users\\santi\\.vscode\\extensions\\uqbar.wollok-lsp-ide-0.5.4\\out\\server\\src\\server.js:37:74872\n    at Ke (c:\\Users\\santi\\.vscode\\extensions\\uqbar.wollok-lsp-ide-0.5.4\\out\\server\\src\\server.js:7:8527)","timestamp":"2026-06-06T17:04:05.041Z"}
{"level":"info","message":"⌛ Building environment","timeElapsed":218,"timestamp":"2026-06-06T17:04:05.284Z"}
{"level":"info","message":"⌛ Validating niveles.wlk","timeElapsed":151,"timestamp":"2026-06-06T17:04:05.442Z"}
{"level":"info","message":"⌛ Building environment","timeElapsed":251,"timestamp":"2026-06-06T17:04:05.695Z"}
{"level":"info","message":"⌛ Building environment","timeElapsed":226,"timestamp":"2026-06-06T17:04:05.951Z"}
{"level":"info","message":"⌛ Building environment","timeElapsed":243,"timestamp":"2026-06-06T17:04:06.195Z"}
{"level":"info","message":"⌛ Validating niveles.wlk","timeElapsed":154,"timestamp":"2026-06-06T17:04:06.350Z"}
{"level":"info","message":"⌛ Building environment","timeElapsed":337,"timestamp":"2026-06-06T17:04:06.687Z"}
{"level":"info","message":"⌛ Building environment","timeElapsed":270,"timestamp":"2026-06-06T17:04:06.958Z"}
{"level":"info","message":"⌛ Validating niveles.wlk","timeElapsed":193,"timestamp":"2026-06-06T17:04:07.151Z"}
{"level":"info","message":"⌛ Validating niveles.wlk","timeElapsed":239,"timestamp":"2026-06-06T17:04:07.452Z"}
{"level":"info","message":"⌛ Building environment","timeElapsed":254,"timestamp":"2026-06-06T17:04:07.707Z"}
{"level":"info","message":"⌛ Validating niveles.wlk","timeElapsed":132,"timestamp":"2026-06-06T17:04:07.905Z"}
{"level":"info","message":"⌛ Building environment","timeElapsed":282,"timestamp":"2026-06-06T17:04:08.187Z"}
{"level":"info","message":"⌛ Building environment","timeElapsed":267,"timestamp":"2026-06-06T17:04:08.455Z"}
{"level":"info","message":"⌛ Building environment","timeElapsed":390,"timestamp":"2026-06-06T17:04:08.859Z"}
{"level":"info","message":"⌛ Validating niveles.wlk","timeElapsed":150,"timestamp":"2026-06-06T17:04:09.010Z"}
{"level":"info","message":"⌛ Validating niveles.wlk","timeElapsed":128,"timestamp":"2026-06-06T17:04:09.163Z"}
{"level":"info","message":"⌛ Validating niveles.wlk","timeElapsed":150,"timestamp":"2026-06-06T17:04:09.313Z"}
{"level":"info","message":"⌛ Building environment","timeElapsed":221,"timestamp":"2026-06-06T17:04:09.535Z"}
{"level":"info","message":"⌛ Validating niveles.wlk","timeElapsed":125,"timestamp":"2026-06-06T17:04:09.685Z"}
{"level":"info","message":"⌛ Building environment","timeElapsed":207,"timestamp":"2026-06-06T17:04:09.894Z"}
{"level":"info","message":"⌛ Validating niveles.wlk","timeElapsed":203,"timestamp":"2026-06-06T17:04:10.109Z"}
{"level":"info","message":"⌛ Building environment","timeElapsed":262,"timestamp":"2026-06-06T17:04:10.399Z"}
{"level":"info","message":"⌛ Building environment","timeElapsed":215,"timestamp":"2026-06-06T17:04:10.615Z"}
{"level":"info","message":"⌛ Validating niveles.wlk","timeElapsed":135,"timestamp":"2026-06-06T17:04:10.756Z"}
{"level":"info","message":"⌛ Validating niveles.wlk","timeElapsed":169,"timestamp":"2026-06-06T17:04:10.951Z"}
{"level":"info","message":"⌛ Validating niveles.wlk","timeElapsed":143,"timestamp":"2026-06-06T17:04:11.094Z"}
{"level":"info","message":"⌛ Validating niveles.wlk","timeElapsed":134,"timestamp":"2026-06-06T17:04:11.229Z"}
{"level":"info","message":"⌛ Validating niveles.wlk","timeElapsed":144,"timestamp":"2026-06-06T17:04:11.375Z"}
{"level":"info","message":"⌛ Validating niveles.wlk","timeElapsed":149,"timestamp":"2026-06-06T17:04:11.539Z"}
{"level":"info","message":"⌛ Validating niveles.wlk","timeElapsed":131,"timestamp":"2026-06-06T17:04:11.691Z"}
{"level":"info","message":"⌛ Validating niveles.wlk","timeElapsed":159,"timestamp":"2026-06-06T17:04:11.850Z"}
{"level":"info","message":"⌛ Building environment","timeElapsed":243,"timestamp":"2026-06-06T17:04:14.373Z"}
{"level":"error","message":"✘ Completions for node Send ([29:23, 29:37] - niveles.wlk) failed: Error: [Send]{0521e6} at niveles.wlk:29 exhausted all cases without a match [Send]{0521e6} at niveles.wlk:29 exhausted all cases without a match","stack":"Error: [Send]{0521e6} at niveles.wlk:29 exhausted all cases without a match\n    at c:\\Users\\santi\\.vscode\\extensions\\uqbar.wollok-lsp-ide-0.5.4\\out\\server\\src\\server.js:38:6142\n    at L2 (c:\\Users\\santi\\.vscode\\extensions\\uqbar.wollok-lsp-ide-0.5.4\\out\\server\\src\\server.js:2389:42)\n    at Jh (c:\\Users\\santi\\.vscode\\extensions\\uqbar.wollok-lsp-ide-0.5.4\\out\\server\\src\\server.js:2389:1092)\n    at M5n (c:\\Users\\santi\\.vscode\\extensions\\uqbar.wollok-lsp-ide-0.5.4\\out\\server\\src\\server.js:2389:1248)\n    at c:\\Users\\santi\\.vscode\\extensions\\uqbar.wollok-lsp-ide-0.5.4\\out\\server\\src\\server.js:38:6131\n    at L2 (c:\\Users\\santi\\.vscode\\extensions\\uqbar.wollok-lsp-ide-0.5.4\\out\\server\\src\\server.js:2389:42)\n    at c:\\Users\\santi\\.vscode\\extensions\\uqbar.wollok-lsp-ide-0.5.4\\out\\server\\src\\server.js:2389:2988\n    at c:\\Users\\santi\\.vscode\\extensions\\uqbar.wollok-lsp-ide-0.5.4\\out\\server\\src\\server.js:2398:8440\n    at c:\\Users\\santi\\.vscode\\extensions\\uqbar.wollok-lsp-ide-0.5.4\\out\\server\\src\\server.js:37:74872\n    at Ke (c:\\Users\\santi\\.vscode\\extensions\\uqbar.wollok-lsp-ide-0.5.4\\out\\server\\src\\server.js:7:8527)","timestamp":"2026-06-06T17:04:14.507Z"}
{"level":"error","message":"✘ Completions for node Assignment ([29:9, 29:37] - niveles.wlk) failed: Error: [Assignment]{5984d8} at niveles.wlk:29 exhausted all cases without a match [Assignment]{5984d8} at niveles.wlk:29 exhausted all cases without a match","stack":"Error: [Assignment]{5984d8} at niveles.wlk:29 exhausted all cases without a match\n    at c:\\Users\\santi\\.vscode\\extensions\\uqbar.wollok-lsp-ide-0.5.4\\out\\server\\src\\server.js:38:6142\n    at L2 (c:\\Users\\santi\\.vscode\\extensions\\uqbar.wollok-lsp-ide-0.5.4\\out\\server\\src\\server.js:2389:42)\n    at Jh (c:\\Users\\santi\\.vscode\\extensions\\uqbar.wollok-lsp-ide-0.5.4\\out\\server\\src\\server.js:2389:1092)\n    at L2 (c:\\Users\\santi\\.vscode\\extensions\\uqbar.wollok-lsp-ide-0.5.4\\out\\server\\src\\server.js:2389:544)\n    at Jh (c:\\Users\\santi\\.vscode\\extensions\\uqbar.wollok-lsp-ide-0.5.4\\out\\server\\src\\server.js:2389:1092)\n    at M5n (c:\\Users\\santi\\.vscode\\extensions\\uqbar.wollok-lsp-ide-0.5.4\\out\\server\\src\\server.js:2389:1248)\n    at c:\\Users\\santi\\.vscode\\extensions\\uqbar.wollok-lsp-ide-0.5.4\\out\\server\\src\\server.js:38:6131\n    at L2 (c:\\Users\\santi\\.vscode\\extensions\\uqbar.wollok-lsp-ide-0.5.4\\out\\server\\src\\server.js:2389:42)\n    at c:\\Users\\santi\\.vscode\\extensions\\uqbar.wollok-lsp-ide-0.5.4\\out\\server\\src\\server.js:2389:2988\n    at c:\\Users\\santi\\.vscode\\extensions\\uqbar.wollok-lsp-ide-0.5.4\\out\\server\\src\\server.js:2398:8440","timestamp":"2026-06-06T17:04:14.507Z"}
{"level":"info","message":"⌛ Building environment","timeElapsed":292,"timestamp":"2026-06-06T17:04:14.807Z"}
{"level":"info","message":"⌛ Validating niveles.wlk","timeElapsed":141,"timestamp":"2026-06-06T17:04:14.948Z"}
{"level":"info","message":"⌛ Validating niveles.wlk","timeElapsed":167,"timestamp":"2026-06-06T17:04:15.144Z"}
{"level":"info","message":"⌛ Building environment","timeElapsed":327,"timestamp":"2026-06-06T17:04:15.471Z"}
{"level":"info","message":"⌛ Building environment","timeElapsed":306,"timestamp":"2026-06-06T17:04:15.809Z"}
{"level":"info","message":"⌛ Validating niveles.wlk","timeElapsed":198,"timestamp":"2026-06-06T17:04:16.034Z"}
{"level":"info","message":"⌛ Validating niveles.wlk","timeElapsed":152,"timestamp":"2026-06-06T17:04:16.196Z"}
{"level":"info","message":"⌛ Building environment","timeElapsed":210,"timestamp":"2026-06-06T17:04:35.736Z"}
{"level":"info","message":"⌛ Validating niveles.wlk","timeElapsed":155,"timestamp":"2026-06-06T17:04:35.905Z"}
{"level":"info","message":"⌛ Building environment","timeElapsed":242,"timestamp":"2026-06-06T17:04:36.274Z"}
{"level":"info","message":"⌛ Building environment","timeElapsed":264,"timestamp":"2026-06-06T17:04:36.539Z"}
{"level":"info","message":"⌛ Building environment","timeElapsed":250,"timestamp":"2026-06-06T17:04:36.790Z"}
{"level":"info","message":"⌛ Building environment","timeElapsed":397,"timestamp":"2026-06-06T17:04:37.187Z"}
{"level":"info","message":"⌛ Validating niveles.wlk","timeElapsed":184,"timestamp":"2026-06-06T17:04:37.396Z"}
{"level":"info","message":"⌛ Building environment","timeElapsed":223,"timestamp":"2026-06-06T17:04:37.620Z"}
{"level":"info","message":"⌛ Building environment","timeElapsed":216,"timestamp":"2026-06-06T17:04:37.836Z"}
{"level":"info","message":"⌛ Validating niveles.wlk","timeElapsed":146,"timestamp":"2026-06-06T17:04:37.982Z"}
{"level":"info","message":"⌛ Validating niveles.wlk","timeElapsed":161,"timestamp":"2026-06-06T17:04:38.144Z"}
{"level":"info","message":"⌛ Validating niveles.wlk","timeElapsed":129,"timestamp":"2026-06-06T17:04:38.281Z"}
{"level":"info","message":"⌛ Validating niveles.wlk","timeElapsed":141,"timestamp":"2026-06-06T17:04:38.422Z"}
{"level":"info","message":"⌛ Building environment","timeElapsed":217,"timestamp":"2026-06-06T17:04:38.639Z"}
{"level":"info","message":"⌛ Validating niveles.wlk","timeElapsed":133,"timestamp":"2026-06-06T17:04:38.787Z"}
{"level":"info","message":"⌛ Validating niveles.wlk","timeElapsed":162,"timestamp":"2026-06-06T17:04:38.971Z"}
{"level":"info","message":"⌛ Building environment","timeElapsed":219,"timestamp":"2026-06-06T17:04:45.119Z"}
{"level":"info","message":"⌛ Building environment","timeElapsed":288,"timestamp":"2026-06-06T17:04:45.419Z"}
{"level":"info","message":"⌛ Validating niveles.wlk","timeElapsed":149,"timestamp":"2026-06-06T17:04:45.569Z"}
{"level":"info","message":"⌛ Validating niveles.wlk","timeElapsed":185,"timestamp":"2026-06-06T17:04:45.775Z"}
{"level":"info","message":"⌛ Building environment","timeElapsed":207,"timestamp":"2026-06-06T17:05:02.001Z"}
{"level":"info","message":"⌛ Validating niveles.wlk","timeElapsed":199,"timestamp":"2026-06-06T17:05:02.211Z"}
{"level":"info","message":"⌛ Building environment","timeElapsed":227,"timestamp":"2026-06-06T17:05:02.778Z"}
{"level":"info","message":"⌛ Building environment","timeElapsed":299,"timestamp":"2026-06-06T17:05:03.129Z"}
{"level":"info","message":"⌛ Validating niveles.wlk","timeElapsed":240,"timestamp":"2026-06-06T17:05:03.369Z"}
{"level":"info","message":"⌛ Building environment","timeElapsed":244,"timestamp":"2026-06-06T17:05:03.614Z"}
{"level":"info","message":"⌛ Building environment","timeElapsed":322,"timestamp":"2026-06-06T17:05:03.937Z"}
{"level":"info","message":"⌛ Validating niveles.wlk","timeElapsed":182,"timestamp":"2026-06-06T17:05:04.135Z"}
{"level":"info","message":"⌛ Building environment","timeElapsed":396,"timestamp":"2026-06-06T17:05:04.534Z"}
{"level":"info","message":"⌛ Building environment","timeElapsed":268,"timestamp":"2026-06-06T17:05:04.803Z"}
{"level":"info","message":"⌛ Building environment","timeElapsed":322,"timestamp":"2026-06-06T17:05:05.126Z"}
{"level":"error","message":"✘ Completions for node Variable ([53:9, 53:16] - niveles.wlk) failed: Error: n [Variable]{b1ed9d} at niveles.wlk:53 exhausted all cases without a match n [Variable]{b1ed9d} at niveles.wlk:53 exhausted all cases without a match","stack":"Error: n [Variable]{b1ed9d} at niveles.wlk:53 exhausted all cases without a match\n    at c:\\Users\\santi\\.vscode\\extensions\\uqbar.wollok-lsp-ide-0.5.4\\out\\server\\src\\server.js:38:6142\n    at L2 (c:\\Users\\santi\\.vscode\\extensions\\uqbar.wollok-lsp-ide-0.5.4\\out\\server\\src\\server.js:2389:42)\n    at c:\\Users\\santi\\.vscode\\extensions\\uqbar.wollok-lsp-ide-0.5.4\\out\\server\\src\\server.js:2389:2988\n    at c:\\Users\\santi\\.vscode\\extensions\\uqbar.wollok-lsp-ide-0.5.4\\out\\server\\src\\server.js:2398:8440\n    at c:\\Users\\santi\\.vscode\\extensions\\uqbar.wollok-lsp-ide-0.5.4\\out\\server\\src\\server.js:37:74872\n    at Ke (c:\\Users\\santi\\.vscode\\extensions\\uqbar.wollok-lsp-ide-0.5.4\\out\\server\\src\\server.js:7:8527)\n    at Lt (c:\\Users\\santi\\.vscode\\extensions\\uqbar.wollok-lsp-ide-0.5.4\\out\\server\\src\\server.js:7:6189)\n    at ct (c:\\Users\\santi\\.vscode\\extensions\\uqbar.wollok-lsp-ide-0.5.4\\out\\server\\src\\server.js:7:6378)\n    at Immediate._onImmediate (c:\\Users\\santi\\.vscode\\extensions\\uqbar.wollok-lsp-ide-0.5.4\\out\\server\\src\\server.js:7:6142)\n    at process.processImmediate (node:internal/timers:504:21)","timestamp":"2026-06-06T17:05:05.176Z"}
{"level":"info","message":"⌛ Validating niveles.wlk","timeElapsed":165,"timestamp":"2026-06-06T17:05:05.362Z"}
{"level":"info","message":"⌛ Validating niveles.wlk","timeElapsed":151,"timestamp":"2026-06-06T17:05:05.514Z"}
{"level":"info","message":"⌛ Building environment","timeElapsed":239,"timestamp":"2026-06-06T17:05:05.754Z"}
{"level":"info","message":"⌛ Building environment","timeElapsed":239,"timestamp":"2026-06-06T17:05:05.994Z"}
{"level":"info","message":"⌛ Building environment","timeElapsed":238,"timestamp":"2026-06-06T17:05:06.254Z"}
{"level":"info","message":"⌛ Validating niveles.wlk","timeElapsed":147,"timestamp":"2026-06-06T17:05:06.401Z"}
{"level":"info","message":"⌛ Validating niveles.wlk","timeElapsed":165,"timestamp":"2026-06-06T17:05:06.566Z"}
{"level":"info","message":"⌛ Building environment","timeElapsed":221,"timestamp":"2026-06-06T17:05:06.815Z"}
{"level":"info","message":"⌛ Validating niveles.wlk","timeElapsed":198,"timestamp":"2026-06-06T17:05:07.040Z"}
{"level":"info","message":"⌛ Validating niveles.wlk","timeElapsed":201,"timestamp":"2026-06-06T17:05:07.242Z"}
{"level":"info","message":"⌛ Validating niveles.wlk","timeElapsed":164,"timestamp":"2026-06-06T17:05:07.422Z"}
{"level":"info","message":"⌛ Validating niveles.wlk","timeElapsed":173,"timestamp":"2026-06-06T17:05:07.596Z"}
{"level":"info","message":"⌛ Building environment","timeElapsed":339,"timestamp":"2026-06-06T17:05:07.936Z"}
{"level":"info","message":"⌛ Validating niveles.wlk","timeElapsed":167,"timestamp":"2026-06-06T17:05:08.110Z"}
{"level":"info","message":"⌛ Building environment","timeElapsed":276,"timestamp":"2026-06-06T17:05:08.387Z"}
{"level":"info","message":"⌛ Building environment","timeElapsed":276,"timestamp":"2026-06-06T17:05:08.664Z"}
{"level":"info","message":"⌛ Validating niveles.wlk","timeElapsed":244,"timestamp":"2026-06-06T17:05:08.921Z"}
{"level":"info","message":"⌛ Building environment","timeElapsed":419,"timestamp":"2026-06-06T17:05:09.341Z"}
{"level":"error","message":"✘ Completions for node Variable ([53:9, 53:24] - niveles.wlk) failed: Error: nivel [Variable]{82c8fd} at niveles.wlk:53 exhausted all cases without a match nivel [Variable]{82c8fd} at niveles.wlk:53 exhausted all cases without a match","stack":"Error: nivel [Variable]{82c8fd} at niveles.wlk:53 exhausted all cases without a match\n    at c:\\Users\\santi\\.vscode\\extensions\\uqbar.wollok-lsp-ide-0.5.4\\out\\server\\src\\server.js:38:6142\n    at L2 (c:\\Users\\santi\\.vscode\\extensions\\uqbar.wollok-lsp-ide-0.5.4\\out\\server\\src\\server.js:2389:42)\n    at Jh (c:\\Users\\santi\\.vscode\\extensions\\uqbar.wollok-lsp-ide-0.5.4\\out\\server\\src\\server.js:2389:1092)\n    at M5n (c:\\Users\\santi\\.vscode\\extensions\\uqbar.wollok-lsp-ide-0.5.4\\out\\server\\src\\server.js:2389:1248)\n    at c:\\Users\\santi\\.vscode\\extensions\\uqbar.wollok-lsp-ide-0.5.4\\out\\server\\src\\server.js:38:6131\n    at L2 (c:\\Users\\santi\\.vscode\\extensions\\uqbar.wollok-lsp-ide-0.5.4\\out\\server\\src\\server.js:2389:42)\n    at c:\\Users\\santi\\.vscode\\extensions\\uqbar.wollok-lsp-ide-0.5.4\\out\\server\\src\\server.js:2389:2988\n    at c:\\Users\\santi\\.vscode\\extensions\\uqbar.wollok-lsp-ide-0.5.4\\out\\server\\src\\server.js:2398:8440\n    at c:\\Users\\santi\\.vscode\\extensions\\uqbar.wollok-lsp-ide-0.5.4\\out\\server\\src\\server.js:37:74872\n    at Ke (c:\\Users\\santi\\.vscode\\extensions\\uqbar.wollok-lsp-ide-0.5.4\\out\\server\\src\\server.js:7:8527)","timestamp":"2026-06-06T17:05:09.402Z"}
{"level":"info","message":"⌛ Building environment","timeElapsed":387,"timestamp":"2026-06-06T17:05:09.795Z"}
{"level":"info","message":"⌛ Building environment","timeElapsed":255,"timestamp":"2026-06-06T17:05:10.051Z"}
{"level":"info","message":"⌛ Building environment","timeElapsed":271,"timestamp":"2026-06-06T17:05:10.323Z"}
{"level":"info","message":"⌛ Validating niveles.wlk","timeElapsed":153,"timestamp":"2026-06-06T17:05:10.488Z"}
{"level":"info","message":"⌛ Building environment","timeElapsed":215,"timestamp":"2026-06-06T17:05:10.704Z"}
{"level":"info","message":"⌛ Validating niveles.wlk","timeElapsed":161,"timestamp":"2026-06-06T17:05:10.865Z"}
{"level":"info","message":"⌛ Building environment","timeElapsed":209,"timestamp":"2026-06-06T17:05:11.100Z"}
{"level":"info","message":"⌛ Validating niveles.wlk","timeElapsed":152,"timestamp":"2026-06-06T17:05:11.260Z"}
{"level":"info","message":"⌛ Building environment","timeElapsed":231,"timestamp":"2026-06-06T17:05:11.515Z"}
{"level":"info","message":"⌛ Validating niveles.wlk","timeElapsed":151,"timestamp":"2026-06-06T17:05:11.673Z"}
{"level":"info","message":"⌛ Validating niveles.wlk","timeElapsed":129,"timestamp":"2026-06-06T17:05:11.819Z"}
{"level":"info","message":"⌛ Validating niveles.wlk","timeElapsed":167,"timestamp":"2026-06-06T17:05:11.987Z"}
{"level":"info","message":"⌛ Validating niveles.wlk","timeElapsed":140,"timestamp":"2026-06-06T17:05:12.128Z"}
{"level":"info","message":"⌛ Validating niveles.wlk","timeElapsed":151,"timestamp":"2026-06-06T17:05:12.291Z"}
{"level":"info","message":"⌛ Building environment","timeElapsed":274,"timestamp":"2026-06-06T17:05:12.579Z"}
{"level":"info","message":"⌛ Validating niveles.wlk","timeElapsed":158,"timestamp":"2026-06-06T17:05:12.765Z"}
{"level":"info","message":"⌛ Building environment","timeElapsed":705,"timestamp":"2026-06-06T17:05:13.471Z"}
{"level":"info","message":"⌛ Building environment","timeElapsed":242,"timestamp":"2026-06-06T17:05:13.766Z"}
{"level":"info","message":"⌛ Building environment","timeElapsed":258,"timestamp":"2026-06-06T17:05:14.025Z"}
{"level":"info","message":"⌛ Building environment","timeElapsed":206,"timestamp":"2026-06-06T17:05:14.231Z"}
{"level":"info","message":"⌛ Building environment","timeElapsed":224,"timestamp":"2026-06-06T17:05:14.456Z"}
{"level":"info","message":"⌛ Validating niveles.wlk","timeElapsed":171,"timestamp":"2026-06-06T17:05:14.628Z"}
{"level":"info","message":"⌛ Building environment","timeElapsed":327,"timestamp":"2026-06-06T17:05:14.958Z"}
{"level":"info","message":"⌛ Building environment","timeElapsed":233,"timestamp":"2026-06-06T17:05:15.235Z"}
{"level":"info","message":"⌛ Building environment","timeElapsed":272,"timestamp":"2026-06-06T17:05:15.508Z"}
{"level":"info","message":"⌛ Validating niveles.wlk","timeElapsed":182,"timestamp":"2026-06-06T17:05:15.690Z"}
{"level":"info","message":"⌛ Validating niveles.wlk","timeElapsed":160,"timestamp":"2026-06-06T17:05:15.874Z"}
{"level":"info","message":"⌛ Validating niveles.wlk","timeElapsed":229,"timestamp":"2026-06-06T17:05:16.117Z"}
{"level":"info","message":"⌛ Validating niveles.wlk","timeElapsed":139,"timestamp":"2026-06-06T17:05:16.257Z"}
{"level":"info","message":"⌛ Building environment","timeElapsed":246,"timestamp":"2026-06-06T17:05:16.504Z"}
{"level":"error","message":"✘ Completions for node Send ([53:23, 53:37] - niveles.wlk) failed: Error: [Send]{b497b9} at niveles.wlk:53 exhausted all cases without a match [Send]{b497b9} at niveles.wlk:53 exhausted all cases without a match","stack":"Error: [Send]{b497b9} at niveles.wlk:53 exhausted all cases without a match\n    at c:\\Users\\santi\\.vscode\\extensions\\uqbar.wollok-lsp-ide-0.5.4\\out\\server\\src\\server.js:38:6142\n    at L2 (c:\\Users\\santi\\.vscode\\extensions\\uqbar.wollok-lsp-ide-0.5.4\\out\\server\\src\\server.js:2389:42)\n    at Jh (c:\\Users\\santi\\.vscode\\extensions\\uqbar.wollok-lsp-ide-0.5.4\\out\\server\\src\\server.js:2389:1092)\n    at M5n (c:\\Users\\santi\\.vscode\\extensions\\uqbar.wollok-lsp-ide-0.5.4\\out\\server\\src\\server.js:2389:1248)\n    at c:\\Users\\santi\\.vscode\\extensions\\uqbar.wollok-lsp-ide-0.5.4\\out\\server\\src\\server.js:38:6131\n    at L2 (c:\\Users\\santi\\.vscode\\extensions\\uqbar.wollok-lsp-ide-0.5.4\\out\\server\\src\\server.js:2389:42)\n    at c:\\Users\\santi\\.vscode\\extensions\\uqbar.wollok-lsp-ide-0.5.4\\out\\server\\src\\server.js:2389:2988\n    at c:\\Users\\santi\\.vscode\\extensions\\uqbar.wollok-lsp-ide-0.5.4\\out\\server\\src\\server.js:2398:8440\n    at c:\\Users\\santi\\.vscode\\extensions\\uqbar.wollok-lsp-ide-0.5.4\\out\\server\\src\\server.js:37:74872\n    at Ke (c:\\Users\\santi\\.vscode\\extensions\\uqbar.wollok-lsp-ide-0.5.4\\out\\server\\src\\server.js:7:8527)","timestamp":"2026-06-06T17:05:16.563Z"}
{"level":"error","message":"✘ Completions for node Variable ([53:9, 53:37] - niveles.wlk) failed: Error: nivel [Variable]{7e9dd0} at niveles.wlk:53 exhausted all cases without a match nivel [Variable]{7e9dd0} at niveles.wlk:53 exhausted all cases without a match","stack":"Error: nivel [Variable]{7e9dd0} at niveles.wlk:53 exhausted all cases without a match\n    at c:\\Users\\santi\\.vscode\\extensions\\uqbar.wollok-lsp-ide-0.5.4\\out\\server\\src\\server.js:38:6142\n    at L2 (c:\\Users\\santi\\.vscode\\extensions\\uqbar.wollok-lsp-ide-0.5.4\\out\\server\\src\\server.js:2389:42)\n    at Jh (c:\\Users\\santi\\.vscode\\extensions\\uqbar.wollok-lsp-ide-0.5.4\\out\\server\\src\\server.js:2389:1092)\n    at L2 (c:\\Users\\santi\\.vscode\\extensions\\uqbar.wollok-lsp-ide-0.5.4\\out\\server\\src\\server.js:2389:544)\n    at Jh (c:\\Users\\santi\\.vscode\\extensions\\uqbar.wollok-lsp-ide-0.5.4\\out\\server\\src\\server.js:2389:1092)\n    at M5n (c:\\Users\\santi\\.vscode\\extensions\\uqbar.wollok-lsp-ide-0.5.4\\out\\server\\src\\server.js:2389:1248)\n    at c:\\Users\\santi\\.vscode\\extensions\\uqbar.wollok-lsp-ide-0.5.4\\out\\server\\src\\server.js:38:6131\n    at L2 (c:\\Users\\santi\\.vscode\\extensions\\uqbar.wollok-lsp-ide-0.5.4\\out\\server\\src\\server.js:2389:42)\n    at c:\\Users\\santi\\.vscode\\extensions\\uqbar.wollok-lsp-ide-0.5.4\\out\\server\\src\\server.js:2389:2988\n    at c:\\Users\\santi\\.vscode\\extensions\\uqbar.wollok-lsp-ide-0.5.4\\out\\server\\src\\server.js:2398:8440","timestamp":"2026-06-06T17:05:16.563Z"}
{"level":"info","message":"⌛ Validating niveles.wlk","timeElapsed":167,"timestamp":"2026-06-06T17:05:16.734Z"}
{"level":"info","message":"⌛ Building environment","timeElapsed":223,"timestamp":"2026-06-06T17:05:16.959Z"}
{"level":"info","message":"⌛ Building environment","timeElapsed":274,"timestamp":"2026-06-06T17:05:17.248Z"}
{"level":"info","message":"⌛ Building environment","timeElapsed":227,"timestamp":"2026-06-06T17:05:17.475Z"}
{"level":"info","message":"⌛ Building environment","timeElapsed":245,"timestamp":"2026-06-06T17:05:17.721Z"}
{"level":"info","message":"⌛ Validating niveles.wlk","timeElapsed":148,"timestamp":"2026-06-06T17:05:17.869Z"}
{"level":"info","message":"⌛ Validating niveles.wlk","timeElapsed":149,"timestamp":"2026-06-06T17:05:18.035Z"}
{"level":"info","message":"⌛ Building environment","timeElapsed":221,"timestamp":"2026-06-06T17:05:18.258Z"}
{"level":"info","message":"⌛ Validating niveles.wlk","timeElapsed":180,"timestamp":"2026-06-06T17:05:18.452Z"}
{"level":"info","message":"⌛ Building environment","timeElapsed":338,"timestamp":"2026-06-06T17:05:18.981Z"}
{"level":"info","message":"⌛ Building environment","timeElapsed":232,"timestamp":"2026-06-06T17:05:19.219Z"}
{"level":"info","message":"⌛ Building environment","timeElapsed":229,"timestamp":"2026-06-06T17:05:19.449Z"}
{"level":"info","message":"⌛ Validating niveles.wlk","timeElapsed":202,"timestamp":"2026-06-06T17:05:19.657Z"}
{"level":"info","message":"⌛ Building environment","timeElapsed":259,"timestamp":"2026-06-06T17:05:19.931Z"}
{"level":"info","message":"⌛ Validating niveles.wlk","timeElapsed":210,"timestamp":"2026-06-06T17:05:20.152Z"}
{"level":"info","message":"⌛ Building environment","timeElapsed":281,"timestamp":"2026-06-06T17:05:20.462Z"}
{"level":"info","message":"⌛ Validating niveles.wlk","timeElapsed":154,"timestamp":"2026-06-06T17:05:20.617Z"}
{"level":"info","message":"⌛ Building environment","timeElapsed":279,"timestamp":"2026-06-06T17:05:20.897Z"}
{"level":"info","message":"⌛ Building environment","timeElapsed":220,"timestamp":"2026-06-06T17:05:21.118Z"}
{"level":"error","message":"✘ Completions for node Send ([53:23, 53:47] - niveles.wlk) failed: Error: [Send]{e82bd1} at niveles.wlk:53 exhausted all cases without a match [Send]{e82bd1} at niveles.wlk:53 exhausted all cases without a match","stack":"Error: [Send]{e82bd1} at niveles.wlk:53 exhausted all cases without a match\n    at c:\\Users\\santi\\.vscode\\extensions\\uqbar.wollok-lsp-ide-0.5.4\\out\\server\\src\\server.js:38:6142\n    at L2 (c:\\Users\\santi\\.vscode\\extensions\\uqbar.wollok-lsp-ide-0.5.4\\out\\server\\src\\server.js:2389:42)\n    at Jh (c:\\Users\\santi\\.vscode\\extensions\\uqbar.wollok-lsp-ide-0.5.4\\out\\server\\src\\server.js:2389:1092)\n    at M5n (c:\\Users\\santi\\.vscode\\extensions\\uqbar.wollok-lsp-ide-0.5.4\\out\\server\\src\\server.js:2389:1248)\n    at c:\\Users\\santi\\.vscode\\extensions\\uqbar.wollok-lsp-ide-0.5.4\\out\\server\\src\\server.js:38:6131\n    at L2 (c:\\Users\\santi\\.vscode\\extensions\\uqbar.wollok-lsp-ide-0.5.4\\out\\server\\src\\server.js:2389:42)\n    at c:\\Users\\santi\\.vscode\\extensions\\uqbar.wollok-lsp-ide-0.5.4\\out\\server\\src\\server.js:2389:2988\n    at c:\\Users\\santi\\.vscode\\extensions\\uqbar.wollok-lsp-ide-0.5.4\\out\\server\\src\\server.js:2398:8440\n    at c:\\Users\\santi\\.vscode\\extensions\\uqbar.wollok-lsp-ide-0.5.4\\out\\server\\src\\server.js:37:74872\n    at Ke (c:\\Users\\santi\\.vscode\\extensions\\uqbar.wollok-lsp-ide-0.5.4\\out\\server\\src\\server.js:7:8527)","timestamp":"2026-06-06T17:05:21.201Z"}
{"level":"error","message":"✘ Completions for node Variable ([53:9, 53:47] - niveles.wlk) failed: Error: nivel [Variable]{edde08} at niveles.wlk:53 exhausted all cases without a match nivel [Variable]{edde08} at niveles.wlk:53 exhausted all cases without a match","stack":"Error: nivel [Variable]{edde08} at niveles.wlk:53 exhausted all cases without a match\n    at c:\\Users\\santi\\.vscode\\extensions\\uqbar.wollok-lsp-ide-0.5.4\\out\\server\\src\\server.js:38:6142\n    at L2 (c:\\Users\\santi\\.vscode\\extensions\\uqbar.wollok-lsp-ide-0.5.4\\out\\server\\src\\server.js:2389:42)\n    at Jh (c:\\Users\\santi\\.vscode\\extensions\\uqbar.wollok-lsp-ide-0.5.4\\out\\server\\src\\server.js:2389:1092)\n    at L2 (c:\\Users\\santi\\.vscode\\extensions\\uqbar.wollok-lsp-ide-0.5.4\\out\\server\\src\\server.js:2389:544)\n    at Jh (c:\\Users\\santi\\.vscode\\extensions\\uqbar.wollok-lsp-ide-0.5.4\\out\\server\\src\\server.js:2389:1092)\n    at M5n (c:\\Users\\santi\\.vscode\\extensions\\uqbar.wollok-lsp-ide-0.5.4\\out\\server\\src\\server.js:2389:1248)\n    at c:\\Users\\santi\\.vscode\\extensions\\uqbar.wollok-lsp-ide-0.5.4\\out\\server\\src\\server.js:38:6131\n    at L2 (c:\\Users\\santi\\.vscode\\extensions\\uqbar.wollok-lsp-ide-0.5.4\\out\\server\\src\\server.js:2389:42)\n    at c:\\Users\\santi\\.vscode\\extensions\\uqbar.wollok-lsp-ide-0.5.4\\out\\server\\src\\server.js:2389:2988\n    at c:\\Users\\santi\\.vscode\\extensions\\uqbar.wollok-lsp-ide-0.5.4\\out\\server\\src\\server.js:2398:8440","timestamp":"2026-06-06T17:05:21.201Z"}
{"level":"info","message":"⌛ Validating niveles.wlk","timeElapsed":143,"timestamp":"2026-06-06T17:05:21.348Z"}
{"level":"info","message":"⌛ Validating niveles.wlk","timeElapsed":155,"timestamp":"2026-06-06T17:05:21.516Z"}
{"level":"info","message":"⌛ Building environment","timeElapsed":273,"timestamp":"2026-06-06T17:05:21.790Z"}
{"level":"error","message":"✘ Completions for node Send ([53:23, 53:46] - niveles.wlk) failed: Error: [Send]{79ddcf} at niveles.wlk:53 exhausted all cases without a match [Send]{79ddcf} at niveles.wlk:53 exhausted all cases without a match","stack":"Error: [Send]{79ddcf} at niveles.wlk:53 exhausted all cases without a match\n    at c:\\Users\\santi\\.vscode\\extensions\\uqbar.wollok-lsp-ide-0.5.4\\out\\server\\src\\server.js:38:6142\n    at L2 (c:\\Users\\santi\\.vscode\\extensions\\uqbar.wollok-lsp-ide-0.5.4\\out\\server\\src\\server.js:2389:42)\n    at Jh (c:\\Users\\santi\\.vscode\\extensions\\uqbar.wollok-lsp-ide-0.5.4\\out\\server\\src\\server.js:2389:1092)\n    at M5n (c:\\Users\\santi\\.vscode\\extensions\\uqbar.wollok-lsp-ide-0.5.4\\out\\server\\src\\server.js:2389:1248)\n    at c:\\Users\\santi\\.vscode\\extensions\\uqbar.wollok-lsp-ide-0.5.4\\out\\server\\src\\server.js:38:6131\n    at L2 (c:\\Users\\santi\\.vscode\\extensions\\uqbar.wollok-lsp-ide-0.5.4\\out\\server\\src\\server.js:2389:42)\n    at c:\\Users\\santi\\.vscode\\extensions\\uqbar.wollok-lsp-ide-0.5.4\\out\\server\\src\\server.js:2389:2988\n    at c:\\Users\\santi\\.vscode\\extensions\\uqbar.wollok-lsp-ide-0.5.4\\out\\server\\src\\server.js:2398:8440\n    at c:\\Users\\santi\\.vscode\\extensions\\uqbar.wollok-lsp-ide-0.5.4\\out\\server\\src\\server.js:37:74872\n    at Ke (c:\\Users\\santi\\.vscode\\extensions\\uqbar.wollok-lsp-ide-0.5.4\\out\\server\\src\\server.js:7:8527)","timestamp":"2026-06-06T17:05:21.825Z"}
{"level":"error","message":"✘ Completions for node Variable ([53:9, 53:46] - niveles.wlk) failed: Error: nivel [Variable]{9ec80e} at niveles.wlk:53 exhausted all cases without a match nivel [Variable]{9ec80e} at niveles.wlk:53 exhausted all cases without a match","stack":"Error: nivel [Variable]{9ec80e} at niveles.wlk:53 exhausted all cases without a match\n    at c:\\Users\\santi\\.vscode\\extensions\\uqbar.wollok-lsp-ide-0.5.4\\out\\server\\src\\server.js:38:6142\n    at L2 (c:\\Users\\santi\\.vscode\\extensions\\uqbar.wollok-lsp-ide-0.5.4\\out\\server\\src\\server.js:2389:42)\n    at Jh (c:\\Users\\santi\\.vscode\\extensions\\uqbar.wollok-lsp-ide-0.5.4\\out\\server\\src\\server.js:2389:1092)\n    at L2 (c:\\Users\\santi\\.vscode\\extensions\\uqbar.wollok-lsp-ide-0.5.4\\out\\server\\src\\server.js:2389:544)\n    at Jh (c:\\Users\\santi\\.vscode\\extensions\\uqbar.wollok-lsp-ide-0.5.4\\out\\server\\src\\server.js:2389:1092)\n    at M5n (c:\\Users\\santi\\.vscode\\extensions\\uqbar.wollok-lsp-ide-0.5.4\\out\\server\\src\\server.js:2389:1248)\n    at c:\\Users\\santi\\.vscode\\extensions\\uqbar.wollok-lsp-ide-0.5.4\\out\\server\\src\\server.js:38:6131\n    at L2 (c:\\Users\\santi\\.vscode\\extensions\\uqbar.wollok-lsp-ide-0.5.4\\out\\server\\src\\server.js:2389:42)\n    at c:\\Users\\santi\\.vscode\\extensions\\uqbar.wollok-lsp-ide-0.5.4\\out\\server\\src\\server.js:2389:2988\n    at c:\\Users\\santi\\.vscode\\extensions\\uqbar.wollok-lsp-ide-0.5.4\\out\\server\\src\\server.js:2398:8440","timestamp":"2026-06-06T17:05:21.825Z"}
{"level":"info","message":"⌛ Building environment","timeElapsed":225,"timestamp":"2026-06-06T17:05:22.056Z"}
{"level":"error","message":"✘ Completions for node Send ([53:23, 53:45] - niveles.wlk) failed: Error: [Send]{d02c20} at niveles.wlk:53 exhausted all cases without a match [Send]{d02c20} at niveles.wlk:53 exhausted all cases without a match","stack":"Error: [Send]{d02c20} at niveles.wlk:53 exhausted all cases without a match\n    at c:\\Users\\santi\\.vscode\\extensions\\uqbar.wollok-lsp-ide-0.5.4\\out\\server\\src\\server.js:38:6142\n    at L2 (c:\\Users\\santi\\.vscode\\extensions\\uqbar.wollok-lsp-ide-0.5.4\\out\\server\\src\\server.js:2389:42)\n    at Jh (c:\\Users\\santi\\.vscode\\extensions\\uqbar.wollok-lsp-ide-0.5.4\\out\\server\\src\\server.js:2389:1092)\n    at M5n (c:\\Users\\santi\\.vscode\\extensions\\uqbar.wollok-lsp-ide-0.5.4\\out\\server\\src\\server.js:2389:1248)\n    at c:\\Users\\santi\\.vscode\\extensions\\uqbar.wollok-lsp-ide-0.5.4\\out\\server\\src\\server.js:38:6131\n    at L2 (c:\\Users\\santi\\.vscode\\extensions\\uqbar.wollok-lsp-ide-0.5.4\\out\\server\\src\\server.js:2389:42)\n    at c:\\Users\\santi\\.vscode\\extensions\\uqbar.wollok-lsp-ide-0.5.4\\out\\server\\src\\server.js:2389:2988\n    at c:\\Users\\santi\\.vscode\\extensions\\uqbar.wollok-lsp-ide-0.5.4\\out\\server\\src\\server.js:2398:8440\n    at c:\\Users\\santi\\.vscode\\extensions\\uqbar.wollok-lsp-ide-0.5.4\\out\\server\\src\\server.js:37:74872\n    at Ke (c:\\Users\\santi\\.vscode\\extensions\\uqbar.wollok-lsp-ide-0.5.4\\out\\server\\src\\server.js:7:8527)","timestamp":"2026-06-06T17:05:22.094Z"}
{"level":"error","message":"✘ Completions for node Variable ([53:9, 53:45] - niveles.wlk) failed: Error: nivel [Variable]{64d3eb} at niveles.wlk:53 exhausted all cases without a match nivel [Variable]{64d3eb} at niveles.wlk:53 exhausted all cases without a match","stack":"Error: nivel [Variable]{64d3eb} at niveles.wlk:53 exhausted all cases without a match\n    at c:\\Users\\santi\\.vscode\\extensions\\uqbar.wollok-lsp-ide-0.5.4\\out\\server\\src\\server.js:38:6142\n    at L2 (c:\\Users\\santi\\.vscode\\extensions\\uqbar.wollok-lsp-ide-0.5.4\\out\\server\\src\\server.js:2389:42)\n    at Jh (c:\\Users\\santi\\.vscode\\extensions\\uqbar.wollok-lsp-ide-0.5.4\\out\\server\\src\\server.js:2389:1092)\n    at L2 (c:\\Users\\santi\\.vscode\\extensions\\uqbar.wollok-lsp-ide-0.5.4\\out\\server\\src\\server.js:2389:544)\n    at Jh (c:\\Users\\santi\\.vscode\\extensions\\uqbar.wollok-lsp-ide-0.5.4\\out\\server\\src\\server.js:2389:1092)\n    at M5n (c:\\Users\\santi\\.vscode\\extensions\\uqbar.wollok-lsp-ide-0.5.4\\out\\server\\src\\server.js:2389:1248)\n    at c:\\Users\\santi\\.vscode\\extensions\\uqbar.wollok-lsp-ide-0.5.4\\out\\server\\src\\server.js:38:6131\n    at L2 (c:\\Users\\santi\\.vscode\\extensions\\uqbar.wollok-lsp-ide-0.5.4\\out\\server\\src\\server.js:2389:42)\n    at c:\\Users\\santi\\.vscode\\extensions\\uqbar.wollok-lsp-ide-0.5.4\\out\\server\\src\\server.js:2389:2988\n    at c:\\Users\\santi\\.vscode\\extensions\\uqbar.wollok-lsp-ide-0.5.4\\out\\server\\src\\server.js:2398:8440","timestamp":"2026-06-06T17:05:22.094Z"}
{"level":"info","message":"⌛ Validating niveles.wlk","timeElapsed":121,"timestamp":"2026-06-06T17:05:22.236Z"}
{"level":"info","message":"⌛ Building environment","timeElapsed":217,"timestamp":"2026-06-06T17:05:22.453Z"}
{"level":"info","message":"⌛ Validating niveles.wlk","timeElapsed":151,"timestamp":"2026-06-06T17:05:22.634Z"}
{"level":"info","message":"⌛ Building environment","timeElapsed":230,"timestamp":"2026-06-06T17:05:22.867Z"}
{"level":"info","message":"⌛ Validating niveles.wlk","timeElapsed":197,"timestamp":"2026-06-06T17:05:23.079Z"}
{"level":"info","message":"⌛ Building environment","timeElapsed":314,"timestamp":"2026-06-06T17:05:23.419Z"}
{"level":"error","message":"✘ Completions for node Send ([53:23, 53:44] - niveles.wlk) failed: Error: [Send]{5f5d43} at niveles.wlk:53 exhausted all cases without a match [Send]{5f5d43} at niveles.wlk:53 exhausted all cases without a match","stack":"Error: [Send]{5f5d43} at niveles.wlk:53 exhausted all cases without a match\n    at c:\\Users\\santi\\.vscode\\extensions\\uqbar.wollok-lsp-ide-0.5.4\\out\\server\\src\\server.js:38:6142\n    at L2 (c:\\Users\\santi\\.vscode\\extensions\\uqbar.wollok-lsp-ide-0.5.4\\out\\server\\src\\server.js:2389:42)\n    at Jh (c:\\Users\\santi\\.vscode\\extensions\\uqbar.wollok-lsp-ide-0.5.4\\out\\server\\src\\server.js:2389:1092)\n    at M5n (c:\\Users\\santi\\.vscode\\extensions\\uqbar.wollok-lsp-ide-0.5.4\\out\\server\\src\\server.js:2389:1248)\n    at c:\\Users\\santi\\.vscode\\extensions\\uqbar.wollok-lsp-ide-0.5.4\\out\\server\\src\\server.js:38:6131\n    at L2 (c:\\Users\\santi\\.vscode\\extensions\\uqbar.wollok-lsp-ide-0.5.4\\out\\server\\src\\server.js:2389:42)\n    at c:\\Users\\santi\\.vscode\\extensions\\uqbar.wollok-lsp-ide-0.5.4\\out\\server\\src\\server.js:2389:2988\n    at c:\\Users\\santi\\.vscode\\extensions\\uqbar.wollok-lsp-ide-0.5.4\\out\\server\\src\\server.js:2398:8440\n    at c:\\Users\\santi\\.vscode\\extensions\\uqbar.wollok-lsp-ide-0.5.4\\out\\server\\src\\server.js:37:74872\n    at Ke (c:\\Users\\santi\\.vscode\\extensions\\uqbar.wollok-lsp-ide-0.5.4\\out\\server\\src\\server.js:7:8527)","timestamp":"2026-06-06T17:05:23.453Z"}
{"level":"error","message":"✘ Completions for node Variable ([53:9, 53:44] - niveles.wlk) failed: Error: nivel [Variable]{67202b} at niveles.wlk:53 exhausted all cases without a match nivel [Variable]{67202b} at niveles.wlk:53 exhausted all cases without a match","stack":"Error: nivel [Variable]{67202b} at niveles.wlk:53 exhausted all cases without a match\n    at c:\\Users\\santi\\.vscode\\extensions\\uqbar.wollok-lsp-ide-0.5.4\\out\\server\\src\\server.js:38:6142\n    at L2 (c:\\Users\\santi\\.vscode\\extensions\\uqbar.wollok-lsp-ide-0.5.4\\out\\server\\src\\server.js:2389:42)\n    at Jh (c:\\Users\\santi\\.vscode\\extensions\\uqbar.wollok-lsp-ide-0.5.4\\out\\server\\src\\server.js:2389:1092)\n    at L2 (c:\\Users\\santi\\.vscode\\extensions\\uqbar.wollok-lsp-ide-0.5.4\\out\\server\\src\\server.js:2389:544)\n    at Jh (c:\\Users\\santi\\.vscode\\extensions\\uqbar.wollok-lsp-ide-0.5.4\\out\\server\\src\\server.js:2389:1092)\n    at M5n (c:\\Users\\santi\\.vscode\\extensions\\uqbar.wollok-lsp-ide-0.5.4\\out\\server\\src\\server.js:2389:1248)\n    at c:\\Users\\santi\\.vscode\\extensions\\uqbar.wollok-lsp-ide-0.5.4\\out\\server\\src\\server.js:38:6131\n    at L2 (c:\\Users\\santi\\.vscode\\extensions\\uqbar.wollok-lsp-ide-0.5.4\\out\\server\\src\\server.js:2389:42)\n    at c:\\Users\\santi\\.vscode\\extensions\\uqbar.wollok-lsp-ide-0.5.4\\out\\server\\src\\server.js:2389:2988\n    at c:\\Users\\santi\\.vscode\\extensions\\uqbar.wollok-lsp-ide-0.5.4\\out\\server\\src\\server.js:2398:8440","timestamp":"2026-06-06T17:05:23.453Z"}
{"level":"info","message":"⌛ Validating niveles.wlk","timeElapsed":125,"timestamp":"2026-06-06T17:05:23.581Z"}
{"level":"info","message":"⌛ Validating niveles.wlk","timeElapsed":200,"timestamp":"2026-06-06T17:05:23.793Z"}
{"level":"info","message":"⌛ Building environment","timeElapsed":221,"timestamp":"2026-06-06T17:05:24.017Z"}
{"level":"info","message":"⌛ Validating niveles.wlk","timeElapsed":219,"timestamp":"2026-06-06T17:05:24.248Z"}
{"level":"info","message":"⌛ Building environment","timeElapsed":312,"timestamp":"2026-06-06T17:05:24.562Z"}
{"level":"info","message":"⌛ Building environment","timeElapsed":286,"timestamp":"2026-06-06T17:05:24.848Z"}
{"level":"info","message":"⌛ Validating niveles.wlk","timeElapsed":155,"timestamp":"2026-06-06T17:05:25.014Z"}
{"level":"info","message":"⌛ Validating niveles.wlk","timeElapsed":166,"timestamp":"2026-06-06T17:05:25.201Z"}
{"level":"info","message":"⌛ Validating niveles.wlk","timeElapsed":189,"timestamp":"2026-06-06T17:05:25.411Z"}
{"level":"info","message":"⌛ Validating niveles.wlk","timeElapsed":229,"timestamp":"2026-06-06T17:05:25.641Z"}
{"level":"info","message":"⌛ Validating niveles.wlk","timeElapsed":179,"timestamp":"2026-06-06T17:05:25.821Z"}
{"level":"info","message":"⌛ Validating niveles.wlk","timeElapsed":265,"timestamp":"2026-06-06T17:05:26.105Z"}
{"level":"info","message":"⌛ Validating niveles.wlk","timeElapsed":193,"timestamp":"2026-06-06T17:05:26.339Z"}
{"level":"info","message":"⌛ Validating niveles.wlk","timeElapsed":178,"timestamp":"2026-06-06T17:05:26.584Z"}
{"level":"info","message":"⌛ Validating niveles.wlk","timeElapsed":134,"timestamp":"2026-06-06T17:05:26.738Z"}
{"level":"info","message":"⌛ Validating niveles.wlk","timeElapsed":135,"timestamp":"2026-06-06T17:05:26.899Z"}
{"level":"info","message":"⌛ Building environment","timeElapsed":214,"timestamp":"2026-06-06T17:05:27.506Z"}
{"level":"info","message":"⌛ Building environment","timeElapsed":241,"timestamp":"2026-06-06T17:05:27.747Z"}
