{"level":"info","message":"⌛ Building environment","timeElapsed":132,"timestamp":"2026-06-03T23:25:53.861Z"}
{"level":"info","message":"⌛ Building environment","timeElapsed":155,"timestamp":"2026-06-03T23:25:55.262Z"}
{"level":"info","message":"⌛ Validating personaje.wlk","timeElapsed":186,"timestamp":"2026-06-03T23:25:55.449Z"}
{"level":"info","message":"⌛ Building environment","timeElapsed":138,"timestamp":"2026-06-03T23:31:15.871Z"}
{"level":"info","message":"⌛ Building environment","timeElapsed":133,"timestamp":"2026-06-03T23:31:16.013Z"}
{"level":"info","message":"⌛ Validating juego.wpgm","timeElapsed":120,"timestamp":"2026-06-03T23:31:16.135Z"}
{"level":"info","message":"⌛ Building environment","timeElapsed":135,"timestamp":"2026-06-03T23:31:18.849Z"}
{"level":"info","message":"⌛ Building environment","timeElapsed":141,"timestamp":"2026-06-03T23:31:20.075Z"}
{"level":"info","message":"⌛ Validating juego.wpgm","timeElapsed":119,"timestamp":"2026-06-03T23:31:20.203Z"}
{"level":"info","message":"⌛ Building environment","timeElapsed":146,"timestamp":"2026-06-03T23:31:21.749Z"}
{"level":"info","message":"⌛ Validating juego.wpgm","timeElapsed":103,"timestamp":"2026-06-03T23:31:21.860Z"}
{"level":"info","message":"⌛ Building environment","timeElapsed":120,"timestamp":"2026-06-03T23:31:24.560Z"}
{"level":"info","message":"⌛ Validating juego.wpgm","timeElapsed":105,"timestamp":"2026-06-03T23:31:24.674Z"}
{"level":"info","message":"⌛ Building environment","timeElapsed":129,"timestamp":"2026-06-03T23:31:26.732Z"}
{"level":"info","message":"⌛ Validating juego.wpgm","timeElapsed":102,"timestamp":"2026-06-03T23:31:26.837Z"}
{"level":"info","message":"⌛ Building environment","timeElapsed":116,"timestamp":"2026-06-03T23:31:26.995Z"}
{"level":"info","message":"⌛ Building environment","timeElapsed":128,"timestamp":"2026-06-03T23:31:29.810Z"}
{"level":"info","message":"⌛ Building environment","timeElapsed":126,"timestamp":"2026-06-03T23:31:29.937Z"}
{"level":"info","message":"⌛ Validating juego.wpgm","timeElapsed":107,"timestamp":"2026-06-03T23:31:30.044Z"}
{"level":"info","message":"⌛ Building environment","timeElapsed":141,"timestamp":"2026-06-03T23:31:30.755Z"}
{"level":"info","message":"⌛ Validating juego.wpgm","timeElapsed":108,"timestamp":"2026-06-03T23:31:30.864Z"}
{"level":"info","message":"⌛ Building environment","timeElapsed":135,"timestamp":"2026-06-03T23:31:31.282Z"}
{"level":"info","message":"⌛ Building environment","timeElapsed":136,"timestamp":"2026-06-03T23:31:32.194Z"}
{"level":"info","message":"⌛ Building environment","timeElapsed":122,"timestamp":"2026-06-03T23:31:32.316Z"}
{"level":"info","message":"🚀 Program executed \u001b[3m\u001b[34mjuego.rpg\u001b[39m\u001b[23m on \u001b[3m\u001b[34mc:\\Users\\zagum\\OneDrive\\Documentos\\Santiago\\Cosas\\Tareas\\Programacion Objetos1\\pruebaJuego\u001b[39m\u001b[23m","ok":true,"timeElapsed":773,"timestamp":"2026-06-03T23:31:36.546Z"}
{"exitCode":"SIGHUP","level":"info","message":"👾 Game executed juego.rpg on c:\\Users\\zagum\\OneDrive\\Documentos\\Santiago\\Cosas\\Tareas\\Programacion Objetos1\\pruebaJuego","timeElapsed":261553,"timestamp":"2026-06-03T23:35:57.328Z"}
{"level":"info","message":"🚀 Program executed \u001b[3m\u001b[34mjuego.rpg\u001b[39m\u001b[23m on \u001b[3m\u001b[34mc:\\Users\\zagum\\OneDrive\\Documentos\\Santiago\\Cosas\\Tareas\\Programacion Objetos1\\pruebaJuego\u001b[39m\u001b[23m","ok":true,"timeElapsed":1055,"timestamp":"2026-06-03T23:36:00.420Z"}
{"level":"info","message":"⌛ Building environment","timeElapsed":152,"timestamp":"2026-06-03T23:37:40.015Z"}
{"level":"info","message":"⌛ Building environment","timeElapsed":168,"timestamp":"2026-06-03T23:37:40.183Z"}
{"level":"info","message":"⌛ Validating personaje.wlk","timeElapsed":124,"timestamp":"2026-06-03T23:37:40.307Z"}
{"level":"info","message":"⌛ Building environment","timeElapsed":120,"timestamp":"2026-06-03T23:37:41.874Z"}
{"level":"error","message":"✘ Failed to rebuild document Failed to parse personaje.wlk: \n-- PARSING FAILED --------------------------------------------------\n\n  188 |       image = \"pj_\" + dirActual + \".png\"\n  189 |     }\n> 190 |   }\n      |   ^\n  191 | }\n  192 | \n\nExpected one of the following: \n\n' ', '@', 'class', 'const', 'describe', 'mixin', 'object', 'only', 'package', 'program', 'test', 'var', '{', EOF, comment, not \"}\r\n\", whitespace\n","stack":"Error: Failed to parse personaje.wlk: \n-- PARSING FAILED --------------------------------------------------\n\n  188 |       image = \"pj_\" + dirActual + \".png\"\n  189 |     }\n> 190 |   }\n      |   ^\n  191 | }\n  192 | \n\nExpected one of the following: \n\n' ', '@', 'class', 'const', 'describe', 'mixin', 'object', 'only', 'package', 'program', 'test', 'var', '{', EOF, comment, not \"}\r\n\", whitespace\n\n    at c:\\Users\\zagum\\.vscode\\extensions\\uqbar.wollok-lsp-ide-0.5.4\\out\\server\\src\\server.js:2353:13026\n    at Array.map (<anonymous>)\n    at U1n (c:\\Users\\zagum\\.vscode\\extensions\\uqbar.wollok-lsp-ide-0.5.4\\out\\server\\src\\server.js:2353:12950)\n    at H2.buildEnvironmentFrom (c:\\Users\\zagum\\.vscode\\extensions\\uqbar.wollok-lsp-ide-0.5.4\\out\\server\\src\\server.js:2398:5254)\n    at H2.updateEnvironmentWith (c:\\Users\\zagum\\.vscode\\extensions\\uqbar.wollok-lsp-ide-0.5.4\\out\\server\\src\\server.js:2398:4989)\n    at GF (c:\\Users\\zagum\\.vscode\\extensions\\uqbar.wollok-lsp-ide-0.5.4\\out\\server\\src\\server.js:2398:7383)\n    at V3.invoke (c:\\Users\\zagum\\.vscode\\extensions\\uqbar.wollok-lsp-ide-0.5.4\\out\\server\\src\\server.js:3:157328)\n    at o.fire (c:\\Users\\zagum\\.vscode\\extensions\\uqbar.wollok-lsp-ide-0.5.4\\out\\server\\src\\server.js:3:158098)\n    at c:\\Users\\zagum\\.vscode\\extensions\\uqbar.wollok-lsp-ide-0.5.4\\out\\server\\src\\server.js:37:57871\n    at nd (c:\\Users\\zagum\\.vscode\\extensions\\uqbar.wollok-lsp-ide-0.5.4\\out\\server\\src\\server.js:8:1561)","timestamp":"2026-06-03T23:37:42.039Z"}
{"level":"info","message":"⌛ Building environment","timeElapsed":136,"timestamp":"2026-06-03T23:37:42.223Z"}
{"level":"info","message":"⌛ Building environment","timeElapsed":120,"timestamp":"2026-06-03T23:37:42.377Z"}
{"exitCode":"SIGHUP","level":"info","message":"👾 Game executed juego.rpg on c:\\Users\\zagum\\OneDrive\\Documentos\\Santiago\\Cosas\\Tareas\\Programacion Objetos1\\pruebaJuego","timeElapsed":105455,"timestamp":"2026-06-03T23:37:44.819Z"}
{"level":"info","message":"🚀 Program executed \u001b[3m\u001b[34mjuego.rpg\u001b[39m\u001b[23m on \u001b[3m\u001b[34mc:\\Users\\zagum\\OneDrive\\Documentos\\Santiago\\Cosas\\Tareas\\Programacion Objetos1\\pruebaJuego\u001b[39m\u001b[23m","ok":true,"timeElapsed":1056,"timestamp":"2026-06-03T23:37:47.605Z"}
{"exitCode":"SIGHUP","level":"info","message":"👾 Game executed juego.rpg on c:\\Users\\zagum\\OneDrive\\Documentos\\Santiago\\Cosas\\Tareas\\Programacion Objetos1\\pruebaJuego","timeElapsed":473664,"timestamp":"2026-06-03T23:45:40.213Z"}
{"level":"info","message":"🚀 Program executed \u001b[3m\u001b[34mjuego.rpg\u001b[39m\u001b[23m on \u001b[3m\u001b[34mc:\\Users\\zagum\\OneDrive\\Documentos\\Santiago\\Cosas\\Tareas\\Programacion Objetos1\\pruebaJuego\u001b[39m\u001b[23m","ok":true,"timeElapsed":1110,"timestamp":"2026-06-03T23:45:43.142Z"}
{"level":"info","message":"⌛ Building environment","timeElapsed":166,"timestamp":"2026-06-03T23:49:55.329Z"}
{"level":"info","message":"⌛ Building environment","timeElapsed":167,"timestamp":"2026-06-03T23:49:55.497Z"}
{"level":"info","message":"⌛ Validating juego.wpgm","timeElapsed":168,"timestamp":"2026-06-03T23:49:55.666Z"}
{"level":"info","message":"⌛ Building environment","timeElapsed":149,"timestamp":"2026-06-03T23:49:55.816Z"}
{"level":"info","message":"⌛ Validating juego.wpgm","timeElapsed":117,"timestamp":"2026-06-03T23:49:55.934Z"}
{"level":"info","message":"⌛ Building environment","timeElapsed":130,"timestamp":"2026-06-03T23:49:56.064Z"}
{"level":"info","message":"⌛ Validating juego.wpgm","timeElapsed":104,"timestamp":"2026-06-03T23:49:56.188Z"}
{"exitCode":"SIGHUP","level":"info","message":"👾 Game executed juego.rpg on c:\\Users\\zagum\\OneDrive\\Documentos\\Santiago\\Cosas\\Tareas\\Programacion Objetos1\\pruebaJuego","timeElapsed":254829,"timestamp":"2026-06-03T23:49:56.861Z"}
{"level":"info","message":"🚀 Program executed \u001b[3m\u001b[34mjuego.rpg\u001b[39m\u001b[23m on \u001b[3m\u001b[34mc:\\Users\\zagum\\OneDrive\\Documentos\\Santiago\\Cosas\\Tareas\\Programacion Objetos1\\pruebaJuego\u001b[39m\u001b[23m","ok":true,"timeElapsed":1193,"timestamp":"2026-06-03T23:49:59.527Z"}
{"level":"info","message":"⌛ Building environment","timeElapsed":190,"timestamp":"2026-06-03T23:50:37.117Z"}
{"level":"info","message":"⌛ Building environment","timeElapsed":161,"timestamp":"2026-06-03T23:50:37.280Z"}
{"level":"info","message":"⌛ Validating juego.wpgm","timeElapsed":106,"timestamp":"2026-06-03T23:50:37.387Z"}
{"level":"info","message":"⌛ Building environment","timeElapsed":154,"timestamp":"2026-06-03T23:50:37.541Z"}
{"level":"info","message":"⌛ Validating juego.wpgm","timeElapsed":179,"timestamp":"2026-06-03T23:50:37.721Z"}
{"level":"info","message":"⌛ Building environment","timeElapsed":158,"timestamp":"2026-06-03T23:50:37.880Z"}
{"level":"info","message":"⌛ Validating juego.wpgm","timeElapsed":103,"timestamp":"2026-06-03T23:50:37.983Z"}
{"exitCode":"SIGHUP","level":"info","message":"👾 Game executed juego.rpg on c:\\Users\\zagum\\OneDrive\\Documentos\\Santiago\\Cosas\\Tareas\\Programacion Objetos1\\pruebaJuego","timeElapsed":40890,"timestamp":"2026-06-03T23:50:39.222Z"}
{"level":"info","message":"🚀 Program executed \u001b[3m\u001b[34mjuego.rpg\u001b[39m\u001b[23m on \u001b[3m\u001b[34mc:\\Users\\zagum\\OneDrive\\Documentos\\Santiago\\Cosas\\Tareas\\Programacion Objetos1\\pruebaJuego\u001b[39m\u001b[23m","ok":true,"timeElapsed":1215,"timestamp":"2026-06-03T23:50:42.297Z"}
{"exitCode":"SIGHUP","level":"info","message":"👾 Game executed juego.rpg on c:\\Users\\zagum\\OneDrive\\Documentos\\Santiago\\Cosas\\Tareas\\Programacion Objetos1\\pruebaJuego","timeElapsed":315565,"timestamp":"2026-06-03T23:55:56.647Z"}
{"level":"info","message":"🚀 Program executed \u001b[3m\u001b[34mjuego.rpg\u001b[39m\u001b[23m on \u001b[3m\u001b[34mc:\\Users\\zagum\\OneDrive\\Documentos\\Santiago\\Cosas\\Tareas\\Programacion Objetos1\\pruebaJuego\u001b[39m\u001b[23m","ok":true,"timeElapsed":1051,"timestamp":"2026-06-03T23:55:59.398Z"}
{"exitCode":"SIGHUP","level":"info","message":"👾 Game executed juego.rpg on c:\\Users\\zagum\\OneDrive\\Documentos\\Santiago\\Cosas\\Tareas\\Programacion Objetos1\\pruebaJuego","timeElapsed":91620,"timestamp":"2026-06-03T23:57:29.966Z"}
{"level":"info","message":"🚀 Program executed \u001b[3m\u001b[34mjuego.rpg\u001b[39m\u001b[23m on \u001b[3m\u001b[34mc:\\Users\\zagum\\OneDrive\\Documentos\\Santiago\\Cosas\\Tareas\\Programacion Objetos1\\pruebaJuego\u001b[39m\u001b[23m","ok":true,"timeElapsed":1089,"timestamp":"2026-06-03T23:57:33.002Z"}
{"level":"info","message":"⌛ Building environment","timeElapsed":172,"timestamp":"2026-06-03T23:59:44.505Z"}
{"level":"info","message":"⌛ Building environment","timeElapsed":161,"timestamp":"2026-06-03T23:59:44.668Z"}
{"level":"info","message":"⌛ Validating juego.wpgm","timeElapsed":177,"timestamp":"2026-06-03T23:59:44.846Z"}
{"level":"info","message":"⌛ Building environment","timeElapsed":190,"timestamp":"2026-06-03T23:59:45.037Z"}
{"level":"info","message":"⌛ Validating juego.wpgm","timeElapsed":138,"timestamp":"2026-06-03T23:59:45.176Z"}
{"level":"info","message":"⌛ Building environment","timeElapsed":132,"timestamp":"2026-06-03T23:59:45.308Z"}
{"level":"info","message":"⌛ Building environment","timeElapsed":123,"timestamp":"2026-06-03T23:59:47.104Z"}
{"level":"info","message":"⌛ Building environment","timeElapsed":148,"timestamp":"2026-06-03T23:59:47.252Z"}
{"level":"info","message":"⌛ Validating juego.wpgm","timeElapsed":142,"timestamp":"2026-06-03T23:59:47.397Z"}
{"level":"info","message":"⌛ Building environment","timeElapsed":142,"timestamp":"2026-06-03T23:59:47.539Z"}
{"level":"info","message":"⌛ Validating juego.wpgm","timeElapsed":112,"timestamp":"2026-06-03T23:59:47.650Z"}
{"level":"info","message":"⌛ Building environment","timeElapsed":114,"timestamp":"2026-06-03T23:59:47.765Z"}
{"level":"info","message":"⌛ Validating juego.wpgm","timeElapsed":106,"timestamp":"2026-06-03T23:59:48.001Z"}
{"exitCode":"SIGHUP","level":"info","message":"👾 Game executed juego.rpg on c:\\Users\\zagum\\OneDrive\\Documentos\\Santiago\\Cosas\\Tareas\\Programacion Objetos1\\pruebaJuego","timeElapsed":137162,"timestamp":"2026-06-03T23:59:49.076Z"}
{"level":"info","message":"🚀 Program executed \u001b[3m\u001b[34mjuego.rpg\u001b[39m\u001b[23m on \u001b[3m\u001b[34mc:\\Users\\zagum\\OneDrive\\Documentos\\Santiago\\Cosas\\Tareas\\Programacion Objetos1\\pruebaJuego\u001b[39m\u001b[23m","ok":true,"timeElapsed":830,"timestamp":"2026-06-03T23:59:51.271Z"}
{"level":"info","message":"⌛ Building environment","timeElapsed":158,"timestamp":"2026-06-04T00:00:49.546Z"}
{"level":"info","message":"⌛ Building environment","timeElapsed":153,"timestamp":"2026-06-04T00:00:49.700Z"}
{"level":"info","message":"⌛ Validating juego.wpgm","timeElapsed":109,"timestamp":"2026-06-04T00:00:49.810Z"}
{"level":"info","message":"⌛ Building environment","timeElapsed":170,"timestamp":"2026-06-04T00:00:49.981Z"}
{"level":"info","message":"⌛ Validating juego.wpgm","timeElapsed":151,"timestamp":"2026-06-04T00:00:50.133Z"}
{"level":"info","message":"⌛ Building environment","timeElapsed":142,"timestamp":"2026-06-04T00:00:50.276Z"}
{"level":"info","message":"⌛ Validating juego.wpgm","timeElapsed":104,"timestamp":"2026-06-04T00:00:50.385Z"}
{"level":"info","message":"⌛ Building environment","timeElapsed":120,"timestamp":"2026-06-04T00:00:52.026Z"}
{"level":"info","message":"⌛ Validating juego.wpgm","timeElapsed":104,"timestamp":"2026-06-04T00:00:52.131Z"}
{"level":"info","message":"⌛ Building environment","timeElapsed":152,"timestamp":"2026-06-04T00:00:52.299Z"}
{"level":"info","message":"⌛ Validating juego.wpgm","timeElapsed":111,"timestamp":"2026-06-04T00:00:52.428Z"}
{"level":"info","message":"⌛ Building environment","timeElapsed":125,"timestamp":"2026-06-04T00:00:52.704Z"}
{"level":"info","message":"⌛ Building environment","timeElapsed":124,"timestamp":"2026-06-04T00:00:52.835Z"}
{"level":"info","message":"⌛ Validating juego.wpgm","timeElapsed":106,"timestamp":"2026-06-04T00:00:52.941Z"}
{"level":"info","message":"⌛ Validating juego.wpgm","timeElapsed":101,"timestamp":"2026-06-04T00:00:53.043Z"}
{"level":"info","message":"⌛ Building environment","timeElapsed":194,"timestamp":"2026-06-04T00:01:01.659Z"}
{"level":"info","message":"⌛ Validating personaje.wlk","timeElapsed":108,"timestamp":"2026-06-04T00:01:01.768Z"}
{"level":"info","message":"⌛ Building environment","timeElapsed":119,"timestamp":"2026-06-04T00:01:09.049Z"}
{"level":"info","message":"⌛ Building environment","timeElapsed":138,"timestamp":"2026-06-04T00:01:10.582Z"}
{"level":"info","message":"⌛ Validating personaje.wlk","timeElapsed":107,"timestamp":"2026-06-04T00:01:10.694Z"}
{"level":"info","message":"⌛ Building environment","timeElapsed":124,"timestamp":"2026-06-04T00:01:10.819Z"}
{"level":"info","message":"⌛ Building environment","timeElapsed":173,"timestamp":"2026-06-04T00:01:10.992Z"}
{"level":"info","message":"⌛ Validating personaje.wlk","timeElapsed":124,"timestamp":"2026-06-04T00:01:11.118Z"}
{"level":"info","message":"⌛ Building environment","timeElapsed":142,"timestamp":"2026-06-04T00:01:11.260Z"}
{"exitCode":"SIGHUP","level":"info","message":"👾 Game executed juego.rpg on c:\\Users\\zagum\\OneDrive\\Documentos\\Santiago\\Cosas\\Tareas\\Programacion Objetos1\\pruebaJuego","timeElapsed":83774,"timestamp":"2026-06-04T00:01:14.214Z"}
{"level":"info","message":"🚀 Program executed \u001b[3m\u001b[34mjuego.rpg\u001b[39m\u001b[23m on \u001b[3m\u001b[34mc:\\Users\\zagum\\OneDrive\\Documentos\\Santiago\\Cosas\\Tareas\\Programacion Objetos1\\pruebaJuego\u001b[39m\u001b[23m","ok":true,"timeElapsed":1329,"timestamp":"2026-06-04T00:01:17.723Z"}
{"level":"info","message":"⌛ Building environment","timeElapsed":177,"timestamp":"2026-06-04T00:01:52.167Z"}
{"level":"info","message":"⌛ Validating personaje.wlk","timeElapsed":103,"timestamp":"2026-06-04T00:01:52.326Z"}
{"exitCode":"SIGHUP","level":"info","message":"👾 Game executed juego.rpg on c:\\Users\\zagum\\OneDrive\\Documentos\\Santiago\\Cosas\\Tareas\\Programacion Objetos1\\pruebaJuego","timeElapsed":106286,"timestamp":"2026-06-04T00:03:02.677Z"}
{"level":"info","message":"🚀 Program executed \u001b[3m\u001b[34mjuego.rpg\u001b[39m\u001b[23m on \u001b[3m\u001b[34mc:\\Users\\zagum\\OneDrive\\Documentos\\Santiago\\Cosas\\Tareas\\Programacion Objetos1\\pruebaJuego\u001b[39m\u001b[23m","ok":true,"timeElapsed":1081,"timestamp":"2026-06-04T00:03:05.593Z"}
{"level":"info","message":"⌛ Building environment","timeElapsed":156,"timestamp":"2026-06-04T00:21:58.603Z"}
{"level":"info","message":"⌛ Validating personaje.wlk","timeElapsed":134,"timestamp":"2026-06-04T00:21:58.738Z"}
{"level":"info","message":"⌛ Building environment","timeElapsed":145,"timestamp":"2026-06-04T00:21:58.911Z"}
{"level":"info","message":"⌛ Building environment","timeElapsed":130,"timestamp":"2026-06-04T00:21:59.075Z"}
{"level":"info","message":"⌛ Validating personaje.wlk","timeElapsed":147,"timestamp":"2026-06-04T00:21:59.222Z"}
{"level":"info","message":"⌛ Building environment","timeElapsed":164,"timestamp":"2026-06-04T00:21:59.408Z"}
{"level":"info","message":"⌛ Validating personaje.wlk","timeElapsed":107,"timestamp":"2026-06-04T00:21:59.516Z"}
{"level":"info","message":"⌛ Validating personaje.wlk","timeElapsed":101,"timestamp":"2026-06-04T00:21:59.623Z"}
{"level":"info","message":"⌛ Building environment","timeElapsed":137,"timestamp":"2026-06-04T00:21:59.761Z"}
{"level":"error","message":"✘ Failed to rebuild document Failed to parse personaje.wlk: \n-- PARSING FAILED --------------------------------------------------\n\n  183 |           game.removeTickEvent(\"movimiento\")\n  184 |           moviendose = false\n> 185 |         }\n      |         ^\n  186 |       })\n  187 |     } else if (!atacando && !moviendose) {\n\nExpected one of the following: \n\n'@', 'class', 'const', 'describe', 'mixin', 'object', 'only', 'package', 'program', 'test', 'var', '{', EOF, comment, not \"}\r\n      \", whitespace\n","stack":"Error: Failed to parse personaje.wlk: \n-- PARSING FAILED --------------------------------------------------\n\n  183 |           game.removeTickEvent(\"movimiento\")\n  184 |           moviendose = false\n> 185 |         }\n      |         ^\n  186 |       })\n  187 |     } else if (!atacando && !moviendose) {\n\nExpected one of the following: \n\n'@', 'class', 'const', 'describe', 'mixin', 'object', 'only', 'package', 'program', 'test', 'var', '{', EOF, comment, not \"}\r\n      \", whitespace\n\n    at c:\\Users\\zagum\\.vscode\\extensions\\uqbar.wollok-lsp-ide-0.5.4\\out\\server\\src\\server.js:2353:13026\n    at Array.map (<anonymous>)\n    at U1n (c:\\Users\\zagum\\.vscode\\extensions\\uqbar.wollok-lsp-ide-0.5.4\\out\\server\\src\\server.js:2353:12950)\n    at H2.buildEnvironmentFrom (c:\\Users\\zagum\\.vscode\\extensions\\uqbar.wollok-lsp-ide-0.5.4\\out\\server\\src\\server.js:2398:5254)\n    at H2.updateEnvironmentWith (c:\\Users\\zagum\\.vscode\\extensions\\uqbar.wollok-lsp-ide-0.5.4\\out\\server\\src\\server.js:2398:4989)\n    at GF (c:\\Users\\zagum\\.vscode\\extensions\\uqbar.wollok-lsp-ide-0.5.4\\out\\server\\src\\server.js:2398:7383)\n    at V3.invoke (c:\\Users\\zagum\\.vscode\\extensions\\uqbar.wollok-lsp-ide-0.5.4\\out\\server\\src\\server.js:3:157328)\n    at o.fire (c:\\Users\\zagum\\.vscode\\extensions\\uqbar.wollok-lsp-ide-0.5.4\\out\\server\\src\\server.js:3:158098)\n    at c:\\Users\\zagum\\.vscode\\extensions\\uqbar.wollok-lsp-ide-0.5.4\\out\\server\\src\\server.js:37:57871\n    at nd (c:\\Users\\zagum\\.vscode\\extensions\\uqbar.wollok-lsp-ide-0.5.4\\out\\server\\src\\server.js:8:1561)","timestamp":"2026-06-04T00:22:00.262Z"}
{"level":"info","message":"⌛ Building environment","timeElapsed":144,"timestamp":"2026-06-04T00:22:00.636Z"}
{"level":"info","message":"⌛ Building environment","timeElapsed":150,"timestamp":"2026-06-04T00:22:00.792Z"}
{"level":"info","message":"⌛ Validating personaje.wlk","timeElapsed":106,"timestamp":"2026-06-04T00:22:00.899Z"}
{"level":"info","message":"⌛ Validating personaje.wlk","timeElapsed":105,"timestamp":"2026-06-04T00:22:01.004Z"}
{"level":"info","message":"⌛ Building environment","timeElapsed":128,"timestamp":"2026-06-04T00:22:01.197Z"}
{"level":"info","message":"⌛ Building environment","timeElapsed":125,"timestamp":"2026-06-04T00:22:01.343Z"}
{"level":"info","message":"⌛ Building environment","timeElapsed":138,"timestamp":"2026-06-04T00:22:01.482Z"}
{"level":"info","message":"⌛ Validating personaje.wlk","timeElapsed":117,"timestamp":"2026-06-04T00:22:01.688Z"}
{"level":"info","message":"⌛ Validating personaje.wlk","timeElapsed":112,"timestamp":"2026-06-04T00:22:01.821Z"}
{"level":"info","message":"⌛ Building environment","timeElapsed":127,"timestamp":"2026-06-04T00:22:03.485Z"}
{"level":"info","message":"⌛ Validating personaje.wlk","timeElapsed":108,"timestamp":"2026-06-04T00:22:03.618Z"}
{"level":"info","message":"⌛ Building environment","timeElapsed":123,"timestamp":"2026-06-04T00:22:05.362Z"}
{"level":"info","message":"⌛ Validating personaje.wlk","timeElapsed":105,"timestamp":"2026-06-04T00:22:05.467Z"}
{"level":"info","message":"⌛ Building environment","timeElapsed":124,"timestamp":"2026-06-04T00:22:06.928Z"}
{"level":"info","message":"⌛ Building environment","timeElapsed":118,"timestamp":"2026-06-04T00:22:07.344Z"}
{"level":"info","message":"⌛ Building environment","timeElapsed":135,"timestamp":"2026-06-04T00:22:10.635Z"}
{"level":"info","message":"⌛ Validating personaje.wlk","timeElapsed":109,"timestamp":"2026-06-04T00:22:10.745Z"}
{"level":"info","message":"⌛ Building environment","timeElapsed":125,"timestamp":"2026-06-04T00:22:10.939Z"}
{"level":"info","message":"⌛ Building environment","timeElapsed":151,"timestamp":"2026-06-04T00:22:14.528Z"}
{"level":"error","message":"✘ Completions for node Send ([168:8, 168:22] - personaje.wlk) failed: Error: [Send]{8b8298} at personaje.wlk:168 exhausted all cases without a match [Send]{8b8298} at personaje.wlk:168 exhausted all cases without a match","stack":"Error: [Send]{8b8298} at personaje.wlk:168 exhausted all cases without a match\n    at c:\\Users\\zagum\\.vscode\\extensions\\uqbar.wollok-lsp-ide-0.5.4\\out\\server\\src\\server.js:38:6142\n    at L2 (c:\\Users\\zagum\\.vscode\\extensions\\uqbar.wollok-lsp-ide-0.5.4\\out\\server\\src\\server.js:2389:42)\n    at c:\\Users\\zagum\\.vscode\\extensions\\uqbar.wollok-lsp-ide-0.5.4\\out\\server\\src\\server.js:2389:2988\n    at c:\\Users\\zagum\\.vscode\\extensions\\uqbar.wollok-lsp-ide-0.5.4\\out\\server\\src\\server.js:2398:8440\n    at c:\\Users\\zagum\\.vscode\\extensions\\uqbar.wollok-lsp-ide-0.5.4\\out\\server\\src\\server.js:37:74872\n    at Ke (c:\\Users\\zagum\\.vscode\\extensions\\uqbar.wollok-lsp-ide-0.5.4\\out\\server\\src\\server.js:7:8527)\n    at Lt (c:\\Users\\zagum\\.vscode\\extensions\\uqbar.wollok-lsp-ide-0.5.4\\out\\server\\src\\server.js:7:6189)\n    at ct (c:\\Users\\zagum\\.vscode\\extensions\\uqbar.wollok-lsp-ide-0.5.4\\out\\server\\src\\server.js:7:6378)\n    at Immediate._onImmediate (c:\\Users\\zagum\\.vscode\\extensions\\uqbar.wollok-lsp-ide-0.5.4\\out\\server\\src\\server.js:7:6142)\n    at process.processImmediate (node:internal/timers:484:21)","timestamp":"2026-06-04T00:22:15.171Z"}
{"level":"info","message":"⌛ Building environment","timeElapsed":118,"timestamp":"2026-06-04T00:22:16.027Z"}
{"level":"info","message":"⌛ Building environment","timeElapsed":180,"timestamp":"2026-06-04T00:22:16.300Z"}
{"level":"info","message":"⌛ Building environment","timeElapsed":114,"timestamp":"2026-06-04T00:22:16.415Z"}
{"level":"info","message":"⌛ Validating personaje.wlk","timeElapsed":101,"timestamp":"2026-06-04T00:22:16.516Z"}
{"level":"info","message":"⌛ Building environment","timeElapsed":125,"timestamp":"2026-06-04T00:22:16.730Z"}
{"level":"info","message":"⌛ Building environment","timeElapsed":137,"timestamp":"2026-06-04T00:22:16.867Z"}
{"level":"info","message":"⌛ Validating personaje.wlk","timeElapsed":108,"timestamp":"2026-06-04T00:22:16.985Z"}
{"level":"error","message":"✘ Failed to rebuild document Failed to parse personaje.wlk: \n-- PARSING FAILED --------------------------------------------------\n\n  189 |       image = \"pj_\" + dirActual + \".png\"\n  190 |     }\n> 191 |   }\n      |   ^\n  192 | }\n  193 | \n\nExpected one of the following: \n\n' ', '@', 'class', 'const', 'describe', 'mixin', 'object', 'only', 'package', 'program', 'test', 'var', '{', EOF, comment, not \"}\r\n\", whitespace\n","stack":"Error: Failed to parse personaje.wlk: \n-- PARSING FAILED --------------------------------------------------\n\n  189 |       image = \"pj_\" + dirActual + \".png\"\n  190 |     }\n> 191 |   }\n      |   ^\n  192 | }\n  193 | \n\nExpected one of the following: \n\n' ', '@', 'class', 'const', 'describe', 'mixin', 'object', 'only', 'package', 'program', 'test', 'var', '{', EOF, comment, not \"}\r\n\", whitespace\n\n    at c:\\Users\\zagum\\.vscode\\extensions\\uqbar.wollok-lsp-ide-0.5.4\\out\\server\\src\\server.js:2353:13026\n    at Array.map (<anonymous>)\n    at U1n (c:\\Users\\zagum\\.vscode\\extensions\\uqbar.wollok-lsp-ide-0.5.4\\out\\server\\src\\server.js:2353:12950)\n    at H2.buildEnvironmentFrom (c:\\Users\\zagum\\.vscode\\extensions\\uqbar.wollok-lsp-ide-0.5.4\\out\\server\\src\\server.js:2398:5254)\n    at H2.updateEnvironmentWith (c:\\Users\\zagum\\.vscode\\extensions\\uqbar.wollok-lsp-ide-0.5.4\\out\\server\\src\\server.js:2398:4989)\n    at GF (c:\\Users\\zagum\\.vscode\\extensions\\uqbar.wollok-lsp-ide-0.5.4\\out\\server\\src\\server.js:2398:7383)\n    at V3.invoke (c:\\Users\\zagum\\.vscode\\extensions\\uqbar.wollok-lsp-ide-0.5.4\\out\\server\\src\\server.js:3:157328)\n    at o.fire (c:\\Users\\zagum\\.vscode\\extensions\\uqbar.wollok-lsp-ide-0.5.4\\out\\server\\src\\server.js:3:158098)\n    at c:\\Users\\zagum\\.vscode\\extensions\\uqbar.wollok-lsp-ide-0.5.4\\out\\server\\src\\server.js:37:57871\n    at nd (c:\\Users\\zagum\\.vscode\\extensions\\uqbar.wollok-lsp-ide-0.5.4\\out\\server\\src\\server.js:8:1561)","timestamp":"2026-06-04T00:22:17.045Z"}
{"level":"info","message":"⌛ Validating personaje.wlk","timeElapsed":112,"timestamp":"2026-06-04T00:22:17.157Z"}
{"level":"info","message":"⌛ Building environment","timeElapsed":119,"timestamp":"2026-06-04T00:22:17.400Z"}
{"level":"info","message":"⌛ Building environment","timeElapsed":124,"timestamp":"2026-06-04T00:22:17.526Z"}
{"level":"info","message":"⌛ Building environment","timeElapsed":127,"timestamp":"2026-06-04T00:22:17.865Z"}
{"level":"info","message":"⌛ Building environment","timeElapsed":116,"timestamp":"2026-06-04T00:22:18.332Z"}
{"level":"info","message":"⌛ Building environment","timeElapsed":142,"timestamp":"2026-06-04T00:22:18.567Z"}
{"level":"error","message":"✘ Failed to rebuild document Failed to parse personaje.wlk: \n-- PARSING FAILED --------------------------------------------------\n\n  189 |       image = \"pj_\" + dirActual + \".png\"\n  190 |     }\n> 191 |   }\n      |   ^\n  192 | }\n  193 | \n\nExpected one of the following: \n\n' ', '@', 'class', 'const', 'describe', 'mixin', 'object', 'only', 'package', 'program', 'test', 'var', '{', EOF, comment, not \"}\r\n\", whitespace\n","stack":"Error: Failed to parse personaje.wlk: \n-- PARSING FAILED --------------------------------------------------\n\n  189 |       image = \"pj_\" + dirActual + \".png\"\n  190 |     }\n> 191 |   }\n      |   ^\n  192 | }\n  193 | \n\nExpected one of the following: \n\n' ', '@', 'class', 'const', 'describe', 'mixin', 'object', 'only', 'package', 'program', 'test', 'var', '{', EOF, comment, not \"}\r\n\", whitespace\n\n    at c:\\Users\\zagum\\.vscode\\extensions\\uqbar.wollok-lsp-ide-0.5.4\\out\\server\\src\\server.js:2353:13026\n    at Array.map (<anonymous>)\n    at U1n (c:\\Users\\zagum\\.vscode\\extensions\\uqbar.wollok-lsp-ide-0.5.4\\out\\server\\src\\server.js:2353:12950)\n    at H2.buildEnvironmentFrom (c:\\Users\\zagum\\.vscode\\extensions\\uqbar.wollok-lsp-ide-0.5.4\\out\\server\\src\\server.js:2398:5254)\n    at H2.updateEnvironmentWith (c:\\Users\\zagum\\.vscode\\extensions\\uqbar.wollok-lsp-ide-0.5.4\\out\\server\\src\\server.js:2398:4989)\n    at GF (c:\\Users\\zagum\\.vscode\\extensions\\uqbar.wollok-lsp-ide-0.5.4\\out\\server\\src\\server.js:2398:7383)\n    at V3.invoke (c:\\Users\\zagum\\.vscode\\extensions\\uqbar.wollok-lsp-ide-0.5.4\\out\\server\\src\\server.js:3:157328)\n    at o.fire (c:\\Users\\zagum\\.vscode\\extensions\\uqbar.wollok-lsp-ide-0.5.4\\out\\server\\src\\server.js:3:158098)\n    at c:\\Users\\zagum\\.vscode\\extensions\\uqbar.wollok-lsp-ide-0.5.4\\out\\server\\src\\server.js:37:57871\n    at nd (c:\\Users\\zagum\\.vscode\\extensions\\uqbar.wollok-lsp-ide-0.5.4\\out\\server\\src\\server.js:8:1561)","timestamp":"2026-06-04T00:22:18.623Z"}
{"level":"error","message":"✘ Failed to rebuild document Failed to parse personaje.wlk: \n-- PARSING FAILED --------------------------------------------------\n\n  183 |           game.removeTickEvent(\"movimiento\")\n  184 |           moviendose = false\n> 185 |         }\n      |         ^\n  186 |       })\n  187 |     } else if (!atacando && !moviendose) {\n\nExpected one of the following: \n\n'@', 'class', 'const', 'describe', 'mixin', 'object', 'only', 'package', 'program', 'test', 'var', '{', EOF, comment, not \"}\r\n      \", whitespace\n","stack":"Error: Failed to parse personaje.wlk: \n-- PARSING FAILED --------------------------------------------------\n\n  183 |           game.removeTickEvent(\"movimiento\")\n  184 |           moviendose = false\n> 185 |         }\n      |         ^\n  186 |       })\n  187 |     } else if (!atacando && !moviendose) {\n\nExpected one of the following: \n\n'@', 'class', 'const', 'describe', 'mixin', 'object', 'only', 'package', 'program', 'test', 'var', '{', EOF, comment, not \"}\r\n      \", whitespace\n\n    at c:\\Users\\zagum\\.vscode\\extensions\\uqbar.wollok-lsp-ide-0.5.4\\out\\server\\src\\server.js:2353:13026\n    at Array.map (<anonymous>)\n    at U1n (c:\\Users\\zagum\\.vscode\\extensions\\uqbar.wollok-lsp-ide-0.5.4\\out\\server\\src\\server.js:2353:12950)\n    at H2.buildEnvironmentFrom (c:\\Users\\zagum\\.vscode\\extensions\\uqbar.wollok-lsp-ide-0.5.4\\out\\server\\src\\server.js:2398:5254)\n    at H2.updateEnvironmentWith (c:\\Users\\zagum\\.vscode\\extensions\\uqbar.wollok-lsp-ide-0.5.4\\out\\server\\src\\server.js:2398:4989)\n    at GF (c:\\Users\\zagum\\.vscode\\extensions\\uqbar.wollok-lsp-ide-0.5.4\\out\\server\\src\\server.js:2398:7383)\n    at V3.invoke (c:\\Users\\zagum\\.vscode\\extensions\\uqbar.wollok-lsp-ide-0.5.4\\out\\server\\src\\server.js:3:157328)\n    at o.fire (c:\\Users\\zagum\\.vscode\\extensions\\uqbar.wollok-lsp-ide-0.5.4\\out\\server\\src\\server.js:3:158098)\n    at c:\\Users\\zagum\\.vscode\\extensions\\uqbar.wollok-lsp-ide-0.5.4\\out\\server\\src\\server.js:37:57871\n    at nd (c:\\Users\\zagum\\.vscode\\extensions\\uqbar.wollok-lsp-ide-0.5.4\\out\\server\\src\\server.js:8:1561)","timestamp":"2026-06-04T00:22:18.775Z"}
{"level":"error","message":"✘ Failed to rebuild document Failed to parse personaje.wlk: \n-- PARSING FAILED --------------------------------------------------\n\n  183 |           game.removeTickEvent(\"movimiento\")\n  184 |           moviendose = false\n> 185 |         }\n      |         ^\n  186 |       })\n  187 |     } else if (!atacando && !moviendose) {\n\nExpected one of the following: \n\n'@', 'class', 'const', 'describe', 'mixin', 'object', 'only', 'package', 'program', 'test', 'var', '{', EOF, comment, not \"}\r\n      \", whitespace\n","stack":"Error: Failed to parse personaje.wlk: \n-- PARSING FAILED --------------------------------------------------\n\n  183 |           game.removeTickEvent(\"movimiento\")\n  184 |           moviendose = false\n> 185 |         }\n      |         ^\n  186 |       })\n  187 |     } else if (!atacando && !moviendose) {\n\nExpected one of the following: \n\n'@', 'class', 'const', 'describe', 'mixin', 'object', 'only', 'package', 'program', 'test', 'var', '{', EOF, comment, not \"}\r\n      \", whitespace\n\n    at c:\\Users\\zagum\\.vscode\\extensions\\uqbar.wollok-lsp-ide-0.5.4\\out\\server\\src\\server.js:2353:13026\n    at Array.map (<anonymous>)\n    at U1n (c:\\Users\\zagum\\.vscode\\extensions\\uqbar.wollok-lsp-ide-0.5.4\\out\\server\\src\\server.js:2353:12950)\n    at H2.buildEnvironmentFrom (c:\\Users\\zagum\\.vscode\\extensions\\uqbar.wollok-lsp-ide-0.5.4\\out\\server\\src\\server.js:2398:5254)\n    at H2.updateEnvironmentWith (c:\\Users\\zagum\\.vscode\\extensions\\uqbar.wollok-lsp-ide-0.5.4\\out\\server\\src\\server.js:2398:4989)\n    at GF (c:\\Users\\zagum\\.vscode\\extensions\\uqbar.wollok-lsp-ide-0.5.4\\out\\server\\src\\server.js:2398:7383)\n    at V3.invoke (c:\\Users\\zagum\\.vscode\\extensions\\uqbar.wollok-lsp-ide-0.5.4\\out\\server\\src\\server.js:3:157328)\n    at o.fire (c:\\Users\\zagum\\.vscode\\extensions\\uqbar.wollok-lsp-ide-0.5.4\\out\\server\\src\\server.js:3:158098)\n    at c:\\Users\\zagum\\.vscode\\extensions\\uqbar.wollok-lsp-ide-0.5.4\\out\\server\\src\\server.js:37:57871\n    at nd (c:\\Users\\zagum\\.vscode\\extensions\\uqbar.wollok-lsp-ide-0.5.4\\out\\server\\src\\server.js:8:1561)","timestamp":"2026-06-04T00:22:18.908Z"}
{"level":"error","message":"✘ Failed to rebuild document Failed to parse personaje.wlk: \n-- PARSING FAILED --------------------------------------------------\n\n  183 |           game.removeTickEvent(\"movimiento\")\n  184 |           moviendose = false\n> 185 |         }\n      |         ^\n  186 |       })\n  187 |     } else if (!atacando && !moviendose) {\n\nExpected one of the following: \n\n'@', 'class', 'const', 'describe', 'mixin', 'object', 'only', 'package', 'program', 'test', 'var', '{', EOF, comment, not \"}\r\n      \", whitespace\n","stack":"Error: Failed to parse personaje.wlk: \n-- PARSING FAILED --------------------------------------------------\n\n  183 |           game.removeTickEvent(\"movimiento\")\n  184 |           moviendose = false\n> 185 |         }\n      |         ^\n  186 |       })\n  187 |     } else if (!atacando && !moviendose) {\n\nExpected one of the following: \n\n'@', 'class', 'const', 'describe', 'mixin', 'object', 'only', 'package', 'program', 'test', 'var', '{', EOF, comment, not \"}\r\n      \", whitespace\n\n    at c:\\Users\\zagum\\.vscode\\extensions\\uqbar.wollok-lsp-ide-0.5.4\\out\\server\\src\\server.js:2353:13026\n    at Array.map (<anonymous>)\n    at U1n (c:\\Users\\zagum\\.vscode\\extensions\\uqbar.wollok-lsp-ide-0.5.4\\out\\server\\src\\server.js:2353:12950)\n    at H2.buildEnvironmentFrom (c:\\Users\\zagum\\.vscode\\extensions\\uqbar.wollok-lsp-ide-0.5.4\\out\\server\\src\\server.js:2398:5254)\n    at H2.updateEnvironmentWith (c:\\Users\\zagum\\.vscode\\extensions\\uqbar.wollok-lsp-ide-0.5.4\\out\\server\\src\\server.js:2398:4989)\n    at GF (c:\\Users\\zagum\\.vscode\\extensions\\uqbar.wollok-lsp-ide-0.5.4\\out\\server\\src\\server.js:2398:7383)\n    at V3.invoke (c:\\Users\\zagum\\.vscode\\extensions\\uqbar.wollok-lsp-ide-0.5.4\\out\\server\\src\\server.js:3:157328)\n    at o.fire (c:\\Users\\zagum\\.vscode\\extensions\\uqbar.wollok-lsp-ide-0.5.4\\out\\server\\src\\server.js:3:158098)\n    at c:\\Users\\zagum\\.vscode\\extensions\\uqbar.wollok-lsp-ide-0.5.4\\out\\server\\src\\server.js:37:57871\n    at nd (c:\\Users\\zagum\\.vscode\\extensions\\uqbar.wollok-lsp-ide-0.5.4\\out\\server\\src\\server.js:8:1561)","timestamp":"2026-06-04T00:22:19.069Z"}
{"level":"error","message":"✘ Failed to rebuild document Failed to parse personaje.wlk: \n-- PARSING FAILED --------------------------------------------------\n\n  183 |           game.removeTickEvent(\"movimiento\")\n  184 |           moviendose = false\n> 185 |         }\n      |         ^\n  186 |       })\n  187 |     } else if (!atacando && !moviendose) {\n\nExpected one of the following: \n\n'@', 'class', 'const', 'describe', 'mixin', 'object', 'only', 'package', 'program', 'test', 'var', '{', EOF, comment, not \"}\r\n      \", whitespace\n","stack":"Error: Failed to parse personaje.wlk: \n-- PARSING FAILED --------------------------------------------------\n\n  183 |           game.removeTickEvent(\"movimiento\")\n  184 |           moviendose = false\n> 185 |         }\n      |         ^\n  186 |       })\n  187 |     } else if (!atacando && !moviendose) {\n\nExpected one of the following: \n\n'@', 'class', 'const', 'describe', 'mixin', 'object', 'only', 'package', 'program', 'test', 'var', '{', EOF, comment, not \"}\r\n      \", whitespace\n\n    at c:\\Users\\zagum\\.vscode\\extensions\\uqbar.wollok-lsp-ide-0.5.4\\out\\server\\src\\server.js:2353:13026\n    at Array.map (<anonymous>)\n    at U1n (c:\\Users\\zagum\\.vscode\\extensions\\uqbar.wollok-lsp-ide-0.5.4\\out\\server\\src\\server.js:2353:12950)\n    at H2.buildEnvironmentFrom (c:\\Users\\zagum\\.vscode\\extensions\\uqbar.wollok-lsp-ide-0.5.4\\out\\server\\src\\server.js:2398:5254)\n    at H2.updateEnvironmentWith (c:\\Users\\zagum\\.vscode\\extensions\\uqbar.wollok-lsp-ide-0.5.4\\out\\server\\src\\server.js:2398:4989)\n    at GF (c:\\Users\\zagum\\.vscode\\extensions\\uqbar.wollok-lsp-ide-0.5.4\\out\\server\\src\\server.js:2398:7383)\n    at V3.invoke (c:\\Users\\zagum\\.vscode\\extensions\\uqbar.wollok-lsp-ide-0.5.4\\out\\server\\src\\server.js:3:157328)\n    at o.fire (c:\\Users\\zagum\\.vscode\\extensions\\uqbar.wollok-lsp-ide-0.5.4\\out\\server\\src\\server.js:3:158098)\n    at c:\\Users\\zagum\\.vscode\\extensions\\uqbar.wollok-lsp-ide-0.5.4\\out\\server\\src\\server.js:37:57871\n    at nd (c:\\Users\\zagum\\.vscode\\extensions\\uqbar.wollok-lsp-ide-0.5.4\\out\\server\\src\\server.js:8:1561)","timestamp":"2026-06-04T00:22:19.194Z"}
{"level":"error","message":"✘ Failed to rebuild document Failed to parse personaje.wlk: \n-- PARSING FAILED --------------------------------------------------\n\n  183 |           game.removeTickEvent(\"movimiento\")\n  184 |           moviendose = false\n> 185 |         }\n      |         ^\n  186 |       })\n  187 |     } else if (!atacando && !moviendose) {\n\nExpected one of the following: \n\n'@', 'class', 'const', 'describe', 'mixin', 'object', 'only', 'package', 'program', 'test', 'var', '{', EOF, comment, not \"}\r\n      \", whitespace\n","stack":"Error: Failed to parse personaje.wlk: \n-- PARSING FAILED --------------------------------------------------\n\n  183 |           game.removeTickEvent(\"movimiento\")\n  184 |           moviendose = false\n> 185 |         }\n      |         ^\n  186 |       })\n  187 |     } else if (!atacando && !moviendose) {\n\nExpected one of the following: \n\n'@', 'class', 'const', 'describe', 'mixin', 'object', 'only', 'package', 'program', 'test', 'var', '{', EOF, comment, not \"}\r\n      \", whitespace\n\n    at c:\\Users\\zagum\\.vscode\\extensions\\uqbar.wollok-lsp-ide-0.5.4\\out\\server\\src\\server.js:2353:13026\n    at Array.map (<anonymous>)\n    at U1n (c:\\Users\\zagum\\.vscode\\extensions\\uqbar.wollok-lsp-ide-0.5.4\\out\\server\\src\\server.js:2353:12950)\n    at H2.buildEnvironmentFrom (c:\\Users\\zagum\\.vscode\\extensions\\uqbar.wollok-lsp-ide-0.5.4\\out\\server\\src\\server.js:2398:5254)\n    at H2.updateEnvironmentWith (c:\\Users\\zagum\\.vscode\\extensions\\uqbar.wollok-lsp-ide-0.5.4\\out\\server\\src\\server.js:2398:4989)\n    at GF (c:\\Users\\zagum\\.vscode\\extensions\\uqbar.wollok-lsp-ide-0.5.4\\out\\server\\src\\server.js:2398:7383)\n    at V3.invoke (c:\\Users\\zagum\\.vscode\\extensions\\uqbar.wollok-lsp-ide-0.5.4\\out\\server\\src\\server.js:3:157328)\n    at o.fire (c:\\Users\\zagum\\.vscode\\extensions\\uqbar.wollok-lsp-ide-0.5.4\\out\\server\\src\\server.js:3:158098)\n    at c:\\Users\\zagum\\.vscode\\extensions\\uqbar.wollok-lsp-ide-0.5.4\\out\\server\\src\\server.js:37:57871\n    at nd (c:\\Users\\zagum\\.vscode\\extensions\\uqbar.wollok-lsp-ide-0.5.4\\out\\server\\src\\server.js:8:1561)","timestamp":"2026-06-04T00:22:19.382Z"}
{"level":"error","message":"✘ Failed to rebuild document Failed to parse personaje.wlk: \n-- PARSING FAILED --------------------------------------------------\n\n  183 |           game.removeTickEvent(\"movimiento\")\n  184 |           moviendose = false\n> 185 |         }\n      |         ^\n  186 |       })\n  187 |     } else if (!atacando && !moviendose) {\n\nExpected one of the following: \n\n'@', 'class', 'const', 'describe', 'mixin', 'object', 'only', 'package', 'program', 'test', 'var', '{', EOF, comment, not \"}\r\n      \", whitespace\n","stack":"Error: Failed to parse personaje.wlk: \n-- PARSING FAILED --------------------------------------------------\n\n  183 |           game.removeTickEvent(\"movimiento\")\n  184 |           moviendose = false\n> 185 |         }\n      |         ^\n  186 |       })\n  187 |     } else if (!atacando && !moviendose) {\n\nExpected one of the following: \n\n'@', 'class', 'const', 'describe', 'mixin', 'object', 'only', 'package', 'program', 'test', 'var', '{', EOF, comment, not \"}\r\n      \", whitespace\n\n    at c:\\Users\\zagum\\.vscode\\extensions\\uqbar.wollok-lsp-ide-0.5.4\\out\\server\\src\\server.js:2353:13026\n    at Array.map (<anonymous>)\n    at U1n (c:\\Users\\zagum\\.vscode\\extensions\\uqbar.wollok-lsp-ide-0.5.4\\out\\server\\src\\server.js:2353:12950)\n    at H2.buildEnvironmentFrom (c:\\Users\\zagum\\.vscode\\extensions\\uqbar.wollok-lsp-ide-0.5.4\\out\\server\\src\\server.js:2398:5254)\n    at H2.updateEnvironmentWith (c:\\Users\\zagum\\.vscode\\extensions\\uqbar.wollok-lsp-ide-0.5.4\\out\\server\\src\\server.js:2398:4989)\n    at GF (c:\\Users\\zagum\\.vscode\\extensions\\uqbar.wollok-lsp-ide-0.5.4\\out\\server\\src\\server.js:2398:7383)\n    at V3.invoke (c:\\Users\\zagum\\.vscode\\extensions\\uqbar.wollok-lsp-ide-0.5.4\\out\\server\\src\\server.js:3:157328)\n    at o.fire (c:\\Users\\zagum\\.vscode\\extensions\\uqbar.wollok-lsp-ide-0.5.4\\out\\server\\src\\server.js:3:158098)\n    at c:\\Users\\zagum\\.vscode\\extensions\\uqbar.wollok-lsp-ide-0.5.4\\out\\server\\src\\server.js:37:57871\n    at nd (c:\\Users\\zagum\\.vscode\\extensions\\uqbar.wollok-lsp-ide-0.5.4\\out\\server\\src\\server.js:8:1561)","timestamp":"2026-06-04T00:22:19.638Z"}
{"level":"error","message":"✘ Failed to rebuild document Failed to parse personaje.wlk: \n-- PARSING FAILED --------------------------------------------------\n\n  183 |           game.removeTickEvent(\"movimiento\")\n  184 |           moviendose = false\n> 185 |         }\n      |         ^\n  186 |       })\n  187 |     } else if (!atacando && !moviendose) {\n\nExpected one of the following: \n\n'@', 'class', 'const', 'describe', 'mixin', 'object', 'only', 'package', 'program', 'test', 'var', '{', EOF, comment, not \"}\r\n      \", whitespace\n","stack":"Error: Failed to parse personaje.wlk: \n-- PARSING FAILED --------------------------------------------------\n\n  183 |           game.removeTickEvent(\"movimiento\")\n  184 |           moviendose = false\n> 185 |         }\n      |         ^\n  186 |       })\n  187 |     } else if (!atacando && !moviendose) {\n\nExpected one of the following: \n\n'@', 'class', 'const', 'describe', 'mixin', 'object', 'only', 'package', 'program', 'test', 'var', '{', EOF, comment, not \"}\r\n      \", whitespace\n\n    at c:\\Users\\zagum\\.vscode\\extensions\\uqbar.wollok-lsp-ide-0.5.4\\out\\server\\src\\server.js:2353:13026\n    at Array.map (<anonymous>)\n    at U1n (c:\\Users\\zagum\\.vscode\\extensions\\uqbar.wollok-lsp-ide-0.5.4\\out\\server\\src\\server.js:2353:12950)\n    at H2.buildEnvironmentFrom (c:\\Users\\zagum\\.vscode\\extensions\\uqbar.wollok-lsp-ide-0.5.4\\out\\server\\src\\server.js:2398:5254)\n    at H2.updateEnvironmentWith (c:\\Users\\zagum\\.vscode\\extensions\\uqbar.wollok-lsp-ide-0.5.4\\out\\server\\src\\server.js:2398:4989)\n    at GF (c:\\Users\\zagum\\.vscode\\extensions\\uqbar.wollok-lsp-ide-0.5.4\\out\\server\\src\\server.js:2398:7383)\n    at V3.invoke (c:\\Users\\zagum\\.vscode\\extensions\\uqbar.wollok-lsp-ide-0.5.4\\out\\server\\src\\server.js:3:157328)\n    at o.fire (c:\\Users\\zagum\\.vscode\\extensions\\uqbar.wollok-lsp-ide-0.5.4\\out\\server\\src\\server.js:3:158098)\n    at c:\\Users\\zagum\\.vscode\\extensions\\uqbar.wollok-lsp-ide-0.5.4\\out\\server\\src\\server.js:37:57871\n    at nd (c:\\Users\\zagum\\.vscode\\extensions\\uqbar.wollok-lsp-ide-0.5.4\\out\\server\\src\\server.js:8:1561)","timestamp":"2026-06-04T00:22:19.802Z"}
{"level":"error","message":"✘ Failed to rebuild document Failed to parse personaje.wlk: \n-- PARSING FAILED --------------------------------------------------\n\n  183 |           game.removeTickEvent(\"movimiento\")\n  184 |           moviendose = false\n> 185 |         }\n      |         ^\n  186 |       })\n  187 |     } else if (!atacando && !moviendose) {\n\nExpected one of the following: \n\n'@', 'class', 'const', 'describe', 'mixin', 'object', 'only', 'package', 'program', 'test', 'var', '{', EOF, comment, not \"}\r\n      \", whitespace\n","stack":"Error: Failed to parse personaje.wlk: \n-- PARSING FAILED --------------------------------------------------\n\n  183 |           game.removeTickEvent(\"movimiento\")\n  184 |           moviendose = false\n> 185 |         }\n      |         ^\n  186 |       })\n  187 |     } else if (!atacando && !moviendose) {\n\nExpected one of the following: \n\n'@', 'class', 'const', 'describe', 'mixin', 'object', 'only', 'package', 'program', 'test', 'var', '{', EOF, comment, not \"}\r\n      \", whitespace\n\n    at c:\\Users\\zagum\\.vscode\\extensions\\uqbar.wollok-lsp-ide-0.5.4\\out\\server\\src\\server.js:2353:13026\n    at Array.map (<anonymous>)\n    at U1n (c:\\Users\\zagum\\.vscode\\extensions\\uqbar.wollok-lsp-ide-0.5.4\\out\\server\\src\\server.js:2353:12950)\n    at H2.buildEnvironmentFrom (c:\\Users\\zagum\\.vscode\\extensions\\uqbar.wollok-lsp-ide-0.5.4\\out\\server\\src\\server.js:2398:5254)\n    at H2.updateEnvironmentWith (c:\\Users\\zagum\\.vscode\\extensions\\uqbar.wollok-lsp-ide-0.5.4\\out\\server\\src\\server.js:2398:4989)\n    at GF (c:\\Users\\zagum\\.vscode\\extensions\\uqbar.wollok-lsp-ide-0.5.4\\out\\server\\src\\server.js:2398:7383)\n    at V3.invoke (c:\\Users\\zagum\\.vscode\\extensions\\uqbar.wollok-lsp-ide-0.5.4\\out\\server\\src\\server.js:3:157328)\n    at o.fire (c:\\Users\\zagum\\.vscode\\extensions\\uqbar.wollok-lsp-ide-0.5.4\\out\\server\\src\\server.js:3:158098)\n    at c:\\Users\\zagum\\.vscode\\extensions\\uqbar.wollok-lsp-ide-0.5.4\\out\\server\\src\\server.js:37:57871\n    at nd (c:\\Users\\zagum\\.vscode\\extensions\\uqbar.wollok-lsp-ide-0.5.4\\out\\server\\src\\server.js:8:1561)","timestamp":"2026-06-04T00:22:19.969Z"}
{"level":"error","message":"✘ Failed to rebuild document Failed to parse personaje.wlk: \n-- PARSING FAILED --------------------------------------------------\n\n  183 |           game.removeTickEvent(\"movimiento\")\n  184 |           moviendose = false\n> 185 |         }\n      |         ^\n  186 |       })\n  187 |     } else if (!atacando && !moviendose) {\n\nExpected one of the following: \n\n'@', 'class', 'const', 'describe', 'mixin', 'object', 'only', 'package', 'program', 'test', 'var', '{', EOF, comment, not \"}\r\n      \", whitespace\n","stack":"Error: Failed to parse personaje.wlk: \n-- PARSING FAILED --------------------------------------------------\n\n  183 |           game.removeTickEvent(\"movimiento\")\n  184 |           moviendose = false\n> 185 |         }\n      |         ^\n  186 |       })\n  187 |     } else if (!atacando && !moviendose) {\n\nExpected one of the following: \n\n'@', 'class', 'const', 'describe', 'mixin', 'object', 'only', 'package', 'program', 'test', 'var', '{', EOF, comment, not \"}\r\n      \", whitespace\n\n    at c:\\Users\\zagum\\.vscode\\extensions\\uqbar.wollok-lsp-ide-0.5.4\\out\\server\\src\\server.js:2353:13026\n    at Array.map (<anonymous>)\n    at U1n (c:\\Users\\zagum\\.vscode\\extensions\\uqbar.wollok-lsp-ide-0.5.4\\out\\server\\src\\server.js:2353:12950)\n    at H2.buildEnvironmentFrom (c:\\Users\\zagum\\.vscode\\extensions\\uqbar.wollok-lsp-ide-0.5.4\\out\\server\\src\\server.js:2398:5254)\n    at H2.updateEnvironmentWith (c:\\Users\\zagum\\.vscode\\extensions\\uqbar.wollok-lsp-ide-0.5.4\\out\\server\\src\\server.js:2398:4989)\n    at GF (c:\\Users\\zagum\\.vscode\\extensions\\uqbar.wollok-lsp-ide-0.5.4\\out\\server\\src\\server.js:2398:7383)\n    at V3.invoke (c:\\Users\\zagum\\.vscode\\extensions\\uqbar.wollok-lsp-ide-0.5.4\\out\\server\\src\\server.js:3:157328)\n    at o.fire (c:\\Users\\zagum\\.vscode\\extensions\\uqbar.wollok-lsp-ide-0.5.4\\out\\server\\src\\server.js:3:158098)\n    at c:\\Users\\zagum\\.vscode\\extensions\\uqbar.wollok-lsp-ide-0.5.4\\out\\server\\src\\server.js:37:57871\n    at nd (c:\\Users\\zagum\\.vscode\\extensions\\uqbar.wollok-lsp-ide-0.5.4\\out\\server\\src\\server.js:8:1561)","timestamp":"2026-06-04T00:22:20.120Z"}
{"level":"error","message":"✘ Failed to rebuild document Failed to parse personaje.wlk: \n-- PARSING FAILED --------------------------------------------------\n\n  188 |       image = \"pj_\" + dirActual + \".png\"\n  189 |     }\n> 190 |   }\n      |   ^\n  191 | }\n  192 | \n\nExpected one of the following: \n\n' ', '@', 'class', 'const', 'describe', 'mixin', 'object', 'only', 'package', 'program', 'test', 'var', '{', EOF, comment, not \"}\r\n\", whitespace\n","stack":"Error: Failed to parse personaje.wlk: \n-- PARSING FAILED --------------------------------------------------\n\n  188 |       image = \"pj_\" + dirActual + \".png\"\n  189 |     }\n> 190 |   }\n      |   ^\n  191 | }\n  192 | \n\nExpected one of the following: \n\n' ', '@', 'class', 'const', 'describe', 'mixin', 'object', 'only', 'package', 'program', 'test', 'var', '{', EOF, comment, not \"}\r\n\", whitespace\n\n    at c:\\Users\\zagum\\.vscode\\extensions\\uqbar.wollok-lsp-ide-0.5.4\\out\\server\\src\\server.js:2353:13026\n    at Array.map (<anonymous>)\n    at U1n (c:\\Users\\zagum\\.vscode\\extensions\\uqbar.wollok-lsp-ide-0.5.4\\out\\server\\src\\server.js:2353:12950)\n    at H2.buildEnvironmentFrom (c:\\Users\\zagum\\.vscode\\extensions\\uqbar.wollok-lsp-ide-0.5.4\\out\\server\\src\\server.js:2398:5254)\n    at H2.updateEnvironmentWith (c:\\Users\\zagum\\.vscode\\extensions\\uqbar.wollok-lsp-ide-0.5.4\\out\\server\\src\\server.js:2398:4989)\n    at GF (c:\\Users\\zagum\\.vscode\\extensions\\uqbar.wollok-lsp-ide-0.5.4\\out\\server\\src\\server.js:2398:7383)\n    at V3.invoke (c:\\Users\\zagum\\.vscode\\extensions\\uqbar.wollok-lsp-ide-0.5.4\\out\\server\\src\\server.js:3:157328)\n    at o.fire (c:\\Users\\zagum\\.vscode\\extensions\\uqbar.wollok-lsp-ide-0.5.4\\out\\server\\src\\server.js:3:158098)\n    at c:\\Users\\zagum\\.vscode\\extensions\\uqbar.wollok-lsp-ide-0.5.4\\out\\server\\src\\server.js:37:57871\n    at nd (c:\\Users\\zagum\\.vscode\\extensions\\uqbar.wollok-lsp-ide-0.5.4\\out\\server\\src\\server.js:8:1561)","timestamp":"2026-06-04T00:22:20.453Z"}
{"level":"error","message":"✘ Failed to rebuild document Failed to parse personaje.wlk: \n-- PARSING FAILED --------------------------------------------------\n\n  183 |           game.removeTickEvent(\"movimiento\")\n  184 |           moviendose = false\n> 185 |         }\n      |         ^\n  186 |       })\n  187 |     } else if (!atacando && !moviendose) {\n\nExpected one of the following: \n\n'@', 'class', 'const', 'describe', 'mixin', 'object', 'only', 'package', 'program', 'test', 'var', '{', EOF, comment, not \"}\r\n      \", whitespace\n","stack":"Error: Failed to parse personaje.wlk: \n-- PARSING FAILED --------------------------------------------------\n\n  183 |           game.removeTickEvent(\"movimiento\")\n  184 |           moviendose = false\n> 185 |         }\n      |         ^\n  186 |       })\n  187 |     } else if (!atacando && !moviendose) {\n\nExpected one of the following: \n\n'@', 'class', 'const', 'describe', 'mixin', 'object', 'only', 'package', 'program', 'test', 'var', '{', EOF, comment, not \"}\r\n      \", whitespace\n\n    at c:\\Users\\zagum\\.vscode\\extensions\\uqbar.wollok-lsp-ide-0.5.4\\out\\server\\src\\server.js:2353:13026\n    at Array.map (<anonymous>)\n    at U1n (c:\\Users\\zagum\\.vscode\\extensions\\uqbar.wollok-lsp-ide-0.5.4\\out\\server\\src\\server.js:2353:12950)\n    at H2.buildEnvironmentFrom (c:\\Users\\zagum\\.vscode\\extensions\\uqbar.wollok-lsp-ide-0.5.4\\out\\server\\src\\server.js:2398:5254)\n    at H2.updateEnvironmentWith (c:\\Users\\zagum\\.vscode\\extensions\\uqbar.wollok-lsp-ide-0.5.4\\out\\server\\src\\server.js:2398:4989)\n    at GF (c:\\Users\\zagum\\.vscode\\extensions\\uqbar.wollok-lsp-ide-0.5.4\\out\\server\\src\\server.js:2398:7383)\n    at V3.invoke (c:\\Users\\zagum\\.vscode\\extensions\\uqbar.wollok-lsp-ide-0.5.4\\out\\server\\src\\server.js:3:157328)\n    at o.fire (c:\\Users\\zagum\\.vscode\\extensions\\uqbar.wollok-lsp-ide-0.5.4\\out\\server\\src\\server.js:3:158098)\n    at c:\\Users\\zagum\\.vscode\\extensions\\uqbar.wollok-lsp-ide-0.5.4\\out\\server\\src\\server.js:37:57871\n    at nd (c:\\Users\\zagum\\.vscode\\extensions\\uqbar.wollok-lsp-ide-0.5.4\\out\\server\\src\\server.js:8:1561)","timestamp":"2026-06-04T00:22:21.256Z"}
{"level":"info","message":"⌛ Building environment","timeElapsed":110,"timestamp":"2026-06-04T00:22:21.478Z"}
{"level":"error","message":"✘ Failed to rebuild document Failed to parse personaje.wlk: \n-- PARSING FAILED --------------------------------------------------\n\n  189 |       image = \"pj_\" + dirActual + \".png\"\n  190 |     }\n> 191 |   }\n      |   ^\n  192 | }\n  193 | \n\nExpected one of the following: \n\n' ', '@', 'class', 'const', 'describe', 'mixin', 'object', 'only', 'package', 'program', 'test', 'var', '{', EOF, comment, not \"}\r\n\", whitespace\n","stack":"Error: Failed to parse personaje.wlk: \n-- PARSING FAILED --------------------------------------------------\n\n  189 |       image = \"pj_\" + dirActual + \".png\"\n  190 |     }\n> 191 |   }\n      |   ^\n  192 | }\n  193 | \n\nExpected one of the following: \n\n' ', '@', 'class', 'const', 'describe', 'mixin', 'object', 'only', 'package', 'program', 'test', 'var', '{', EOF, comment, not \"}\r\n\", whitespace\n\n    at c:\\Users\\zagum\\.vscode\\extensions\\uqbar.wollok-lsp-ide-0.5.4\\out\\server\\src\\server.js:2353:13026\n    at Array.map (<anonymous>)\n    at U1n (c:\\Users\\zagum\\.vscode\\extensions\\uqbar.wollok-lsp-ide-0.5.4\\out\\server\\src\\server.js:2353:12950)\n    at H2.buildEnvironmentFrom (c:\\Users\\zagum\\.vscode\\extensions\\uqbar.wollok-lsp-ide-0.5.4\\out\\server\\src\\server.js:2398:5254)\n    at H2.updateEnvironmentWith (c:\\Users\\zagum\\.vscode\\extensions\\uqbar.wollok-lsp-ide-0.5.4\\out\\server\\src\\server.js:2398:4989)\n    at GF (c:\\Users\\zagum\\.vscode\\extensions\\uqbar.wollok-lsp-ide-0.5.4\\out\\server\\src\\server.js:2398:7383)\n    at V3.invoke (c:\\Users\\zagum\\.vscode\\extensions\\uqbar.wollok-lsp-ide-0.5.4\\out\\server\\src\\server.js:3:157328)\n    at o.fire (c:\\Users\\zagum\\.vscode\\extensions\\uqbar.wollok-lsp-ide-0.5.4\\out\\server\\src\\server.js:3:158098)\n    at c:\\Users\\zagum\\.vscode\\extensions\\uqbar.wollok-lsp-ide-0.5.4\\out\\server\\src\\server.js:37:57871\n    at nd (c:\\Users\\zagum\\.vscode\\extensions\\uqbar.wollok-lsp-ide-0.5.4\\out\\server\\src\\server.js:8:1561)","timestamp":"2026-06-04T00:22:21.681Z"}
{"level":"info","message":"⌛ Building environment","timeElapsed":113,"timestamp":"2026-06-04T00:22:22.076Z"}
{"level":"info","message":"⌛ Building environment","timeElapsed":121,"timestamp":"2026-06-04T00:22:22.331Z"}
{"level":"info","message":"⌛ Building environment","timeElapsed":129,"timestamp":"2026-06-04T00:22:22.627Z"}
{"level":"info","message":"⌛ Building environment","timeElapsed":132,"timestamp":"2026-06-04T00:22:22.908Z"}
{"level":"info","message":"⌛ Validating personaje.wlk","timeElapsed":103,"timestamp":"2026-06-04T00:22:23.051Z"}
{"level":"info","message":"⌛ Building environment","timeElapsed":127,"timestamp":"2026-06-04T00:22:23.245Z"}
{"level":"info","message":"⌛ Validating personaje.wlk","timeElapsed":103,"timestamp":"2026-06-04T00:22:23.348Z"}
{"level":"info","message":"⌛ Building environment","timeElapsed":114,"timestamp":"2026-06-04T00:22:23.864Z"}
{"level":"info","message":"⌛ Validating personaje.wlk","timeElapsed":105,"timestamp":"2026-06-04T00:22:23.970Z"}
{"level":"info","message":"⌛ Building environment","timeElapsed":142,"timestamp":"2026-06-04T00:22:24.206Z"}
{"level":"info","message":"⌛ Validating personaje.wlk","timeElapsed":108,"timestamp":"2026-06-04T00:22:24.318Z"}
{"level":"info","message":"⌛ Building environment","timeElapsed":178,"timestamp":"2026-06-04T00:22:24.497Z"}
{"level":"info","message":"⌛ Building environment","timeElapsed":133,"timestamp":"2026-06-04T00:22:27.255Z"}
{"level":"info","message":"⌛ Validating personaje.wlk","timeElapsed":102,"timestamp":"2026-06-04T00:22:27.389Z"}
{"level":"info","message":"⌛ Building environment","timeElapsed":169,"timestamp":"2026-06-04T00:35:00.994Z"}
{"level":"info","message":"⌛ Building environment","timeElapsed":142,"timestamp":"2026-06-04T00:35:01.164Z"}
{"level":"info","message":"⌛ Validating juego.wpgm","timeElapsed":125,"timestamp":"2026-06-04T00:35:01.293Z"}
{"level":"info","message":"⌛ Building environment","timeElapsed":133,"timestamp":"2026-06-04T00:35:01.426Z"}
{"level":"info","message":"⌛ Building environment","timeElapsed":145,"timestamp":"2026-06-04T00:35:01.666Z"}
{"level":"info","message":"⌛ Building environment","timeElapsed":117,"timestamp":"2026-06-04T00:35:01.790Z"}
{"level":"info","message":"⌛ Validating juego.wpgm","timeElapsed":113,"timestamp":"2026-06-04T00:35:01.903Z"}
{"level":"info","message":"⌛ Building environment","timeElapsed":155,"timestamp":"2026-06-04T00:35:02.059Z"}
{"level":"info","message":"⌛ Validating juego.wpgm","timeElapsed":122,"timestamp":"2026-06-04T00:35:02.181Z"}
{"level":"info","message":"⌛ Building environment","timeElapsed":173,"timestamp":"2026-06-04T00:35:02.354Z"}
{"level":"info","message":"⌛ Validating juego.wpgm","timeElapsed":102,"timestamp":"2026-06-04T00:35:02.464Z"}
{"level":"info","message":"⌛ Building environment","timeElapsed":132,"timestamp":"2026-06-04T00:35:02.597Z"}
{"level":"info","message":"⌛ Building environment","timeElapsed":119,"timestamp":"2026-06-04T00:35:02.822Z"}
{"level":"info","message":"⌛ Validating juego.wpgm","timeElapsed":143,"timestamp":"2026-06-04T00:35:02.968Z"}
{"level":"info","message":"⌛ Building environment","timeElapsed":132,"timestamp":"2026-06-04T00:35:03.101Z"}
{"level":"info","message":"⌛ Building environment","timeElapsed":140,"timestamp":"2026-06-04T00:35:03.242Z"}
{"level":"info","message":"⌛ Building environment","timeElapsed":136,"timestamp":"2026-06-04T00:35:03.475Z"}
{"level":"info","message":"⌛ Building environment","timeElapsed":127,"timestamp":"2026-06-04T00:35:03.608Z"}
{"level":"info","message":"⌛ Building environment","timeElapsed":201,"timestamp":"2026-06-04T00:35:03.812Z"}
{"level":"error","message":"✘ Failed to rebuild document Failed to parse juego.wpgm: \n-- PARSING FAILED --------------------------------------------------\n\n  84 |           game.addVisual(moneda)\n  85 |           moneda.animar()\n> 86 |           }\n     |           ^\n  87 |         x = x + 1\n  88 |       })\n\nExpected one of the following: \n\n'@', 'class', 'const', 'describe', 'mixin', 'object', 'only', 'package', 'program', 'test', 'var', '{', EOF, comment, not \"}\r\n        \", whitespace\n","stack":"Error: Failed to parse juego.wpgm: \n-- PARSING FAILED --------------------------------------------------\n\n  84 |           game.addVisual(moneda)\n  85 |           moneda.animar()\n> 86 |           }\n     |           ^\n  87 |         x = x + 1\n  88 |       })\n\nExpected one of the following: \n\n'@', 'class', 'const', 'describe', 'mixin', 'object', 'only', 'package', 'program', 'test', 'var', '{', EOF, comment, not \"}\r\n        \", whitespace\n\n    at c:\\Users\\zagum\\.vscode\\extensions\\uqbar.wollok-lsp-ide-0.5.4\\out\\server\\src\\server.js:2353:13026\n    at Array.map (<anonymous>)\n    at U1n (c:\\Users\\zagum\\.vscode\\extensions\\uqbar.wollok-lsp-ide-0.5.4\\out\\server\\src\\server.js:2353:12950)\n    at H2.buildEnvironmentFrom (c:\\Users\\zagum\\.vscode\\extensions\\uqbar.wollok-lsp-ide-0.5.4\\out\\server\\src\\server.js:2398:5254)\n    at H2.updateEnvironmentWith (c:\\Users\\zagum\\.vscode\\extensions\\uqbar.wollok-lsp-ide-0.5.4\\out\\server\\src\\server.js:2398:4989)\n    at GF (c:\\Users\\zagum\\.vscode\\extensions\\uqbar.wollok-lsp-ide-0.5.4\\out\\server\\src\\server.js:2398:7383)\n    at V3.invoke (c:\\Users\\zagum\\.vscode\\extensions\\uqbar.wollok-lsp-ide-0.5.4\\out\\server\\src\\server.js:3:157328)\n    at o.fire (c:\\Users\\zagum\\.vscode\\extensions\\uqbar.wollok-lsp-ide-0.5.4\\out\\server\\src\\server.js:3:158098)\n    at c:\\Users\\zagum\\.vscode\\extensions\\uqbar.wollok-lsp-ide-0.5.4\\out\\server\\src\\server.js:37:57871\n    at nd (c:\\Users\\zagum\\.vscode\\extensions\\uqbar.wollok-lsp-ide-0.5.4\\out\\server\\src\\server.js:8:1561)","timestamp":"2026-06-04T00:35:03.933Z"}
{"level":"error","message":"✘ Failed to rebuild document Failed to parse juego.wpgm: \n-- PARSING FAILED --------------------------------------------------\n\n  84 |           game.addVisual(moneda)\n  85 |           moneda.animar()\n> 86 |           }\n     |           ^\n  87 |         x = x + 1\n  88 |       })\n\nExpected one of the following: \n\n'@', 'class', 'const', 'describe', 'mixin', 'object', 'only', 'package', 'program', 'test', 'var', '{', EOF, comment, not \"}\r\n        \", whitespace\n","stack":"Error: Failed to parse juego.wpgm: \n-- PARSING FAILED --------------------------------------------------\n\n  84 |           game.addVisual(moneda)\n  85 |           moneda.animar()\n> 86 |           }\n     |           ^\n  87 |         x = x + 1\n  88 |       })\n\nExpected one of the following: \n\n'@', 'class', 'const', 'describe', 'mixin', 'object', 'only', 'package', 'program', 'test', 'var', '{', EOF, comment, not \"}\r\n        \", whitespace\n\n    at c:\\Users\\zagum\\.vscode\\extensions\\uqbar.wollok-lsp-ide-0.5.4\\out\\server\\src\\server.js:2353:13026\n    at Array.map (<anonymous>)\n    at U1n (c:\\Users\\zagum\\.vscode\\extensions\\uqbar.wollok-lsp-ide-0.5.4\\out\\server\\src\\server.js:2353:12950)\n    at H2.buildEnvironmentFrom (c:\\Users\\zagum\\.vscode\\extensions\\uqbar.wollok-lsp-ide-0.5.4\\out\\server\\src\\server.js:2398:5254)\n    at H2.updateEnvironmentWith (c:\\Users\\zagum\\.vscode\\extensions\\uqbar.wollok-lsp-ide-0.5.4\\out\\server\\src\\server.js:2398:4989)\n    at GF (c:\\Users\\zagum\\.vscode\\extensions\\uqbar.wollok-lsp-ide-0.5.4\\out\\server\\src\\server.js:2398:7383)\n    at V3.invoke (c:\\Users\\zagum\\.vscode\\extensions\\uqbar.wollok-lsp-ide-0.5.4\\out\\server\\src\\server.js:3:157328)\n    at o.fire (c:\\Users\\zagum\\.vscode\\extensions\\uqbar.wollok-lsp-ide-0.5.4\\out\\server\\src\\server.js:3:158098)\n    at c:\\Users\\zagum\\.vscode\\extensions\\uqbar.wollok-lsp-ide-0.5.4\\out\\server\\src\\server.js:37:57871\n    at nd (c:\\Users\\zagum\\.vscode\\extensions\\uqbar.wollok-lsp-ide-0.5.4\\out\\server\\src\\server.js:8:1561)","timestamp":"2026-06-04T00:35:04.153Z"}
{"level":"info","message":"⌛ Validating juego.wpgm","timeElapsed":116,"timestamp":"2026-06-04T00:35:04.365Z"}
{"level":"error","message":"✘ Failed to rebuild document Failed to parse juego.wpgm: \n-- PARSING FAILED --------------------------------------------------\n\n  84 |           game.addVisual(moneda)\n  85 |           moneda.animar()\n> 86 |           }\n     |           ^\n  87 |         x = x + 1\n  88 |       })\n\nExpected one of the following: \n\n'@', 'class', 'const', 'describe', 'mixin', 'object', 'only', 'package', 'program', 'test', 'var', '{', EOF, comment, not \"}\r\n        \", whitespace\n","stack":"Error: Failed to parse juego.wpgm: \n-- PARSING FAILED --------------------------------------------------\n\n  84 |           game.addVisual(moneda)\n  85 |           moneda.animar()\n> 86 |           }\n     |           ^\n  87 |         x = x + 1\n  88 |       })\n\nExpected one of the following: \n\n'@', 'class', 'const', 'describe', 'mixin', 'object', 'only', 'package', 'program', 'test', 'var', '{', EOF, comment, not \"}\r\n        \", whitespace\n\n    at c:\\Users\\zagum\\.vscode\\extensions\\uqbar.wollok-lsp-ide-0.5.4\\out\\server\\src\\server.js:2353:13026\n    at Array.map (<anonymous>)\n    at U1n (c:\\Users\\zagum\\.vscode\\extensions\\uqbar.wollok-lsp-ide-0.5.4\\out\\server\\src\\server.js:2353:12950)\n    at H2.buildEnvironmentFrom (c:\\Users\\zagum\\.vscode\\extensions\\uqbar.wollok-lsp-ide-0.5.4\\out\\server\\src\\server.js:2398:5254)\n    at H2.updateEnvironmentWith (c:\\Users\\zagum\\.vscode\\extensions\\uqbar.wollok-lsp-ide-0.5.4\\out\\server\\src\\server.js:2398:4989)\n    at GF (c:\\Users\\zagum\\.vscode\\extensions\\uqbar.wollok-lsp-ide-0.5.4\\out\\server\\src\\server.js:2398:7383)\n    at V3.invoke (c:\\Users\\zagum\\.vscode\\extensions\\uqbar.wollok-lsp-ide-0.5.4\\out\\server\\src\\server.js:3:157328)\n    at o.fire (c:\\Users\\zagum\\.vscode\\extensions\\uqbar.wollok-lsp-ide-0.5.4\\out\\server\\src\\server.js:3:158098)\n    at c:\\Users\\zagum\\.vscode\\extensions\\uqbar.wollok-lsp-ide-0.5.4\\out\\server\\src\\server.js:37:57871\n    at nd (c:\\Users\\zagum\\.vscode\\extensions\\uqbar.wollok-lsp-ide-0.5.4\\out\\server\\src\\server.js:8:1561)","timestamp":"2026-06-04T00:35:04.528Z"}
{"level":"info","message":"⌛ Building environment","timeElapsed":111,"timestamp":"2026-06-04T00:35:07.273Z"}
{"level":"info","message":"⌛ Building environment","timeElapsed":125,"timestamp":"2026-06-04T00:35:07.664Z"}
{"level":"info","message":"⌛ Validating juego.wpgm","timeElapsed":116,"timestamp":"2026-06-04T00:35:07.780Z"}
{"level":"info","message":"⌛ Building environment","timeElapsed":117,"timestamp":"2026-06-04T00:35:18.581Z"}
{"level":"error","message":"✘ Failed to rebuild document Failed to parse juego.wpgm: \n-- PARSING FAILED --------------------------------------------------\n\n  84 |           game.addVisual(moneda)\n  85 |           moneda.animar()\n> 86 |           }\n     |           ^\n  87 |         x = x + 1\n  88 |       })\n\nExpected one of the following: \n\n'@', 'class', 'const', 'describe', 'mixin', 'object', 'only', 'package', 'program', 'test', 'var', '{', EOF, comment, not \"}\r\n        \", whitespace\n","stack":"Error: Failed to parse juego.wpgm: \n-- PARSING FAILED --------------------------------------------------\n\n  84 |           game.addVisual(moneda)\n  85 |           moneda.animar()\n> 86 |           }\n     |           ^\n  87 |         x = x + 1\n  88 |       })\n\nExpected one of the following: \n\n'@', 'class', 'const', 'describe', 'mixin', 'object', 'only', 'package', 'program', 'test', 'var', '{', EOF, comment, not \"}\r\n        \", whitespace\n\n    at c:\\Users\\zagum\\.vscode\\extensions\\uqbar.wollok-lsp-ide-0.5.4\\out\\server\\src\\server.js:2353:13026\n    at Array.map (<anonymous>)\n    at U1n (c:\\Users\\zagum\\.vscode\\extensions\\uqbar.wollok-lsp-ide-0.5.4\\out\\server\\src\\server.js:2353:12950)\n    at H2.buildEnvironmentFrom (c:\\Users\\zagum\\.vscode\\extensions\\uqbar.wollok-lsp-ide-0.5.4\\out\\server\\src\\server.js:2398:5254)\n    at H2.updateEnvironmentWith (c:\\Users\\zagum\\.vscode\\extensions\\uqbar.wollok-lsp-ide-0.5.4\\out\\server\\src\\server.js:2398:4989)\n    at GF (c:\\Users\\zagum\\.vscode\\extensions\\uqbar.wollok-lsp-ide-0.5.4\\out\\server\\src\\server.js:2398:7383)\n    at V3.invoke (c:\\Users\\zagum\\.vscode\\extensions\\uqbar.wollok-lsp-ide-0.5.4\\out\\server\\src\\server.js:3:157328)\n    at o.fire (c:\\Users\\zagum\\.vscode\\extensions\\uqbar.wollok-lsp-ide-0.5.4\\out\\server\\src\\server.js:3:158098)\n    at c:\\Users\\zagum\\.vscode\\extensions\\uqbar.wollok-lsp-ide-0.5.4\\out\\server\\src\\server.js:37:57871\n    at nd (c:\\Users\\zagum\\.vscode\\extensions\\uqbar.wollok-lsp-ide-0.5.4\\out\\server\\src\\server.js:8:1561)","timestamp":"2026-06-04T00:35:18.794Z"}
{"level":"error","message":"✘ Failed to rebuild document Failed to parse juego.wpgm: \n-- PARSING FAILED --------------------------------------------------\n\n  84 |           game.addVisual(moneda)\n  85 |           moneda.animar()\n> 86 |           }\n     |           ^\n  87 |         x = x + 1\n  88 |       })\n\nExpected one of the following: \n\n'@', 'class', 'const', 'describe', 'mixin', 'object', 'only', 'package', 'program', 'test', 'var', '{', EOF, comment, not \"}\r\n        \", whitespace\n","stack":"Error: Failed to parse juego.wpgm: \n-- PARSING FAILED --------------------------------------------------\n\n  84 |           game.addVisual(moneda)\n  85 |           moneda.animar()\n> 86 |           }\n     |           ^\n  87 |         x = x + 1\n  88 |       })\n\nExpected one of the following: \n\n'@', 'class', 'const', 'describe', 'mixin', 'object', 'only', 'package', 'program', 'test', 'var', '{', EOF, comment, not \"}\r\n        \", whitespace\n\n    at c:\\Users\\zagum\\.vscode\\extensions\\uqbar.wollok-lsp-ide-0.5.4\\out\\server\\src\\server.js:2353:13026\n    at Array.map (<anonymous>)\n    at U1n (c:\\Users\\zagum\\.vscode\\extensions\\uqbar.wollok-lsp-ide-0.5.4\\out\\server\\src\\server.js:2353:12950)\n    at H2.buildEnvironmentFrom (c:\\Users\\zagum\\.vscode\\extensions\\uqbar.wollok-lsp-ide-0.5.4\\out\\server\\src\\server.js:2398:5254)\n    at H2.updateEnvironmentWith (c:\\Users\\zagum\\.vscode\\extensions\\uqbar.wollok-lsp-ide-0.5.4\\out\\server\\src\\server.js:2398:4989)\n    at GF (c:\\Users\\zagum\\.vscode\\extensions\\uqbar.wollok-lsp-ide-0.5.4\\out\\server\\src\\server.js:2398:7383)\n    at V3.invoke (c:\\Users\\zagum\\.vscode\\extensions\\uqbar.wollok-lsp-ide-0.5.4\\out\\server\\src\\server.js:3:157328)\n    at o.fire (c:\\Users\\zagum\\.vscode\\extensions\\uqbar.wollok-lsp-ide-0.5.4\\out\\server\\src\\server.js:3:158098)\n    at c:\\Users\\zagum\\.vscode\\extensions\\uqbar.wollok-lsp-ide-0.5.4\\out\\server\\src\\server.js:37:57871\n    at nd (c:\\Users\\zagum\\.vscode\\extensions\\uqbar.wollok-lsp-ide-0.5.4\\out\\server\\src\\server.js:8:1561)","timestamp":"2026-06-04T00:35:19.070Z"}
{"level":"error","message":"✘ Failed to rebuild document Failed to parse juego.wpgm: \n-- PARSING FAILED --------------------------------------------------\n\n  84 |           game.addVisual(moneda)\n  85 |           moneda.animar()\n> 86 |           }\n     |           ^\n  87 |         x = x + 1\n  88 |       })\n\nExpected one of the following: \n\n'@', 'class', 'const', 'describe', 'mixin', 'object', 'only', 'package', 'program', 'test', 'var', '{', EOF, comment, not \"}\r\n        \", whitespace\n","stack":"Error: Failed to parse juego.wpgm: \n-- PARSING FAILED --------------------------------------------------\n\n  84 |           game.addVisual(moneda)\n  85 |           moneda.animar()\n> 86 |           }\n     |           ^\n  87 |         x = x + 1\n  88 |       })\n\nExpected one of the following: \n\n'@', 'class', 'const', 'describe', 'mixin', 'object', 'only', 'package', 'program', 'test', 'var', '{', EOF, comment, not \"}\r\n        \", whitespace\n\n    at c:\\Users\\zagum\\.vscode\\extensions\\uqbar.wollok-lsp-ide-0.5.4\\out\\server\\src\\server.js:2353:13026\n    at Array.map (<anonymous>)\n    at U1n (c:\\Users\\zagum\\.vscode\\extensions\\uqbar.wollok-lsp-ide-0.5.4\\out\\server\\src\\server.js:2353:12950)\n    at H2.buildEnvironmentFrom (c:\\Users\\zagum\\.vscode\\extensions\\uqbar.wollok-lsp-ide-0.5.4\\out\\server\\src\\server.js:2398:5254)\n    at H2.updateEnvironmentWith (c:\\Users\\zagum\\.vscode\\extensions\\uqbar.wollok-lsp-ide-0.5.4\\out\\server\\src\\server.js:2398:4989)\n    at GF (c:\\Users\\zagum\\.vscode\\extensions\\uqbar.wollok-lsp-ide-0.5.4\\out\\server\\src\\server.js:2398:7383)\n    at V3.invoke (c:\\Users\\zagum\\.vscode\\extensions\\uqbar.wollok-lsp-ide-0.5.4\\out\\server\\src\\server.js:3:157328)\n    at o.fire (c:\\Users\\zagum\\.vscode\\extensions\\uqbar.wollok-lsp-ide-0.5.4\\out\\server\\src\\server.js:3:158098)\n    at c:\\Users\\zagum\\.vscode\\extensions\\uqbar.wollok-lsp-ide-0.5.4\\out\\server\\src\\server.js:37:57871\n    at nd (c:\\Users\\zagum\\.vscode\\extensions\\uqbar.wollok-lsp-ide-0.5.4\\out\\server\\src\\server.js:8:1561)","timestamp":"2026-06-04T00:35:19.381Z"}
{"level":"info","message":"⌛ Building environment","timeElapsed":120,"timestamp":"2026-06-04T00:35:19.767Z"}
{"level":"info","message":"⌛ Validating juego.wpgm","timeElapsed":105,"timestamp":"2026-06-04T00:35:19.879Z"}
{"level":"info","message":"⌛ Building environment","timeElapsed":125,"timestamp":"2026-06-04T00:35:20.078Z"}
{"level":"info","message":"⌛ Building environment","timeElapsed":195,"timestamp":"2026-06-04T00:35:20.718Z"}
{"level":"info","message":"⌛ Building environment","timeElapsed":131,"timestamp":"2026-06-04T00:37:19.247Z"}
{"level":"info","message":"⌛ Building environment","timeElapsed":120,"timestamp":"2026-06-04T00:37:19.367Z"}
{"level":"info","message":"⌛ Validating juego.wpgm","timeElapsed":105,"timestamp":"2026-06-04T00:37:19.474Z"}
{"level":"info","message":"⌛ Building environment","timeElapsed":148,"timestamp":"2026-06-04T00:39:58.477Z"}
{"level":"info","message":"⌛ Validating juego.wpgm","timeElapsed":105,"timestamp":"2026-06-04T00:39:58.602Z"}
{"level":"info","message":"⌛ Building environment","timeElapsed":135,"timestamp":"2026-06-04T00:39:58.737Z"}
{"level":"info","message":"⌛ Validating juego.wpgm","timeElapsed":101,"timestamp":"2026-06-04T00:39:58.859Z"}
{"level":"info","message":"⌛ Building environment","timeElapsed":183,"timestamp":"2026-06-04T00:39:59.439Z"}
{"level":"info","message":"⌛ Validating juego.wpgm","timeElapsed":108,"timestamp":"2026-06-04T00:39:59.548Z"}
{"level":"info","message":"⌛ Building environment","timeElapsed":119,"timestamp":"2026-06-04T00:40:07.115Z"}
{"level":"info","message":"⌛ Building environment","timeElapsed":178,"timestamp":"2026-06-04T00:40:07.295Z"}
{"level":"info","message":"⌛ Validating juego.wpgm","timeElapsed":103,"timestamp":"2026-06-04T00:40:07.398Z"}
{"level":"info","message":"⌛ Building environment","timeElapsed":110,"timestamp":"2026-06-04T00:40:08.954Z"}
{"level":"info","message":"⌛ Building environment","timeElapsed":142,"timestamp":"2026-06-04T00:40:09.098Z"}
{"level":"info","message":"⌛ Building environment","timeElapsed":118,"timestamp":"2026-06-04T00:40:10.384Z"}
{"level":"info","message":"⌛ Building environment","timeElapsed":173,"timestamp":"2026-06-04T00:40:10.655Z"}
{"level":"info","message":"⌛ Validating juego.wpgm","timeElapsed":115,"timestamp":"2026-06-04T00:40:10.800Z"}
{"level":"info","message":"⌛ Building environment","timeElapsed":142,"timestamp":"2026-06-04T00:40:14.279Z"}
{"level":"info","message":"⌛ Validating juego.wpgm","timeElapsed":107,"timestamp":"2026-06-04T00:40:14.387Z"}
{"level":"info","message":"⌛ Building environment","timeElapsed":120,"timestamp":"2026-06-04T00:40:14.508Z"}
{"level":"info","message":"⌛ Building environment","timeElapsed":138,"timestamp":"2026-06-04T00:40:14.787Z"}
{"level":"info","message":"⌛ Validating juego.wpgm","timeElapsed":102,"timestamp":"2026-06-04T00:40:14.898Z"}
{"level":"info","message":"⌛ Building environment","timeElapsed":127,"timestamp":"2026-06-04T00:40:15.029Z"}
{"level":"info","message":"⌛ Building environment","timeElapsed":162,"timestamp":"2026-06-04T00:40:15.435Z"}
{"level":"info","message":"⌛ Validating juego.wpgm","timeElapsed":129,"timestamp":"2026-06-04T00:40:15.565Z"}
{"level":"info","message":"⌛ Building environment","timeElapsed":126,"timestamp":"2026-06-04T00:40:15.691Z"}
{"level":"info","message":"⌛ Building environment","timeElapsed":126,"timestamp":"2026-06-04T00:41:04.807Z"}
{"level":"info","message":"⌛ Building environment","timeElapsed":136,"timestamp":"2026-06-04T00:41:04.943Z"}
{"level":"info","message":"⌛ Validating juego.wpgm","timeElapsed":116,"timestamp":"2026-06-04T00:41:05.059Z"}
{"level":"info","message":"⌛ Validating juego.wpgm","timeElapsed":112,"timestamp":"2026-06-04T00:41:05.173Z"}
{"level":"info","message":"⌛ Building environment","timeElapsed":141,"timestamp":"2026-06-04T00:41:05.508Z"}
{"level":"info","message":"⌛ Building environment","timeElapsed":126,"timestamp":"2026-06-04T00:41:05.635Z"}
{"level":"info","message":"⌛ Building environment","timeElapsed":135,"timestamp":"2026-06-04T00:41:06.166Z"}
{"level":"info","message":"⌛ Building environment","timeElapsed":144,"timestamp":"2026-06-04T00:41:06.310Z"}
{"level":"info","message":"⌛ Validating juego.wpgm","timeElapsed":114,"timestamp":"2026-06-04T00:41:06.424Z"}
{"level":"info","message":"⌛ Validating juego.wpgm","timeElapsed":103,"timestamp":"2026-06-04T00:41:06.529Z"}
{"level":"info","message":"⌛ Building environment","timeElapsed":131,"timestamp":"2026-06-04T00:41:06.837Z"}
{"level":"info","message":"⌛ Building environment","timeElapsed":122,"timestamp":"2026-06-04T00:41:06.961Z"}
{"level":"info","message":"⌛ Building environment","timeElapsed":145,"timestamp":"2026-06-04T00:41:07.460Z"}
{"level":"info","message":"⌛ Building environment","timeElapsed":125,"timestamp":"2026-06-04T00:41:07.585Z"}
{"level":"info","message":"⌛ Validating juego.wpgm","timeElapsed":101,"timestamp":"2026-06-04T00:41:07.693Z"}
{"exitCode":"SIGHUP","level":"info","message":"👾 Game executed juego.rpg on c:\\Users\\zagum\\OneDrive\\Documentos\\Santiago\\Cosas\\Tareas\\Programacion Objetos1\\pruebaJuego","timeElapsed":2286385,"timestamp":"2026-06-04T00:41:10.898Z"}
{"level":"info","message":"🚀 Program executed \u001b[3m\u001b[34mjuego.rpg\u001b[39m\u001b[23m on \u001b[3m\u001b[34mc:\\Users\\zagum\\OneDrive\\Documentos\\Santiago\\Cosas\\Tareas\\Programacion Objetos1\\pruebaJuego\u001b[39m\u001b[23m","ok":true,"timeElapsed":1275,"timestamp":"2026-06-04T00:41:14.660Z"}
{"level":"info","message":"⌛ Building environment","timeElapsed":163,"timestamp":"2026-06-04T00:42:32.243Z"}
{"level":"info","message":"⌛ Building environment","timeElapsed":167,"timestamp":"2026-06-04T00:42:32.411Z"}
{"level":"info","message":"⌛ Validating juego.wpgm","timeElapsed":109,"timestamp":"2026-06-04T00:42:32.520Z"}
{"level":"info","message":"⌛ Building environment","timeElapsed":157,"timestamp":"2026-06-04T00:42:32.677Z"}
{"level":"info","message":"⌛ Building environment","timeElapsed":154,"timestamp":"2026-06-04T00:42:32.929Z"}
{"level":"info","message":"⌛ Building environment","timeElapsed":127,"timestamp":"2026-06-04T00:42:33.063Z"}
{"level":"info","message":"⌛ Validating juego.wpgm","timeElapsed":104,"timestamp":"2026-06-04T00:42:33.167Z"}
{"level":"info","message":"⌛ Building environment","timeElapsed":132,"timestamp":"2026-06-04T00:42:33.299Z"}
{"level":"info","message":"⌛ Building environment","timeElapsed":144,"timestamp":"2026-06-04T00:42:33.443Z"}
{"level":"info","message":"⌛ Validating juego.wpgm","timeElapsed":103,"timestamp":"2026-06-04T00:42:33.575Z"}
{"level":"info","message":"⌛ Building environment","timeElapsed":136,"timestamp":"2026-06-04T00:42:33.816Z"}
{"level":"info","message":"⌛ Validating juego.wpgm","timeElapsed":133,"timestamp":"2026-06-04T00:42:34.136Z"}
{"level":"info","message":"⌛ Building environment","timeElapsed":131,"timestamp":"2026-06-04T00:42:34.268Z"}
{"level":"info","message":"⌛ Building environment","timeElapsed":163,"timestamp":"2026-06-04T00:42:34.434Z"}
{"level":"info","message":"⌛ Validating juego.wpgm","timeElapsed":107,"timestamp":"2026-06-04T00:42:34.541Z"}
{"level":"info","message":"⌛ Building environment","timeElapsed":117,"timestamp":"2026-06-04T00:42:34.659Z"}
{"level":"info","message":"⌛ Validating juego.wpgm","timeElapsed":111,"timestamp":"2026-06-04T00:42:34.903Z"}
{"level":"error","message":"✘ Completions for node Variable ([48:3, 48:12] - juego.wpgm) failed: Error: mur [Variable]{340629} at juego.wpgm:48 exhausted all cases without a match mur [Variable]{340629} at juego.wpgm:48 exhausted all cases without a match","stack":"Error: mur [Variable]{340629} at juego.wpgm:48 exhausted all cases without a match\n    at c:\\Users\\zagum\\.vscode\\extensions\\uqbar.wollok-lsp-ide-0.5.4\\out\\server\\src\\server.js:38:6142\n    at L2 (c:\\Users\\zagum\\.vscode\\extensions\\uqbar.wollok-lsp-ide-0.5.4\\out\\server\\src\\server.js:2389:42)\n    at c:\\Users\\zagum\\.vscode\\extensions\\uqbar.wollok-lsp-ide-0.5.4\\out\\server\\src\\server.js:2389:2988\n    at c:\\Users\\zagum\\.vscode\\extensions\\uqbar.wollok-lsp-ide-0.5.4\\out\\server\\src\\server.js:2398:8440\n    at c:\\Users\\zagum\\.vscode\\extensions\\uqbar.wollok-lsp-ide-0.5.4\\out\\server\\src\\server.js:37:74872\n    at Ke (c:\\Users\\zagum\\.vscode\\extensions\\uqbar.wollok-lsp-ide-0.5.4\\out\\server\\src\\server.js:7:8527)\n    at Lt (c:\\Users\\zagum\\.vscode\\extensions\\uqbar.wollok-lsp-ide-0.5.4\\out\\server\\src\\server.js:7:6189)\n    at ct (c:\\Users\\zagum\\.vscode\\extensions\\uqbar.wollok-lsp-ide-0.5.4\\out\\server\\src\\server.js:7:6378)\n    at Immediate._onImmediate (c:\\Users\\zagum\\.vscode\\extensions\\uqbar.wollok-lsp-ide-0.5.4\\out\\server\\src\\server.js:7:6142)\n    at process.processImmediate (node:internal/timers:484:21)","timestamp":"2026-06-04T00:42:35.067Z"}
{"level":"info","message":"⌛ Building environment","timeElapsed":134,"timestamp":"2026-06-04T00:42:35.202Z"}
{"level":"info","message":"⌛ Validating juego.wpgm","timeElapsed":145,"timestamp":"2026-06-04T00:42:35.348Z"}
{"level":"info","message":"⌛ Building environment","timeElapsed":124,"timestamp":"2026-06-04T00:42:35.575Z"}
{"level":"info","message":"⌛ Building environment","timeElapsed":155,"timestamp":"2026-06-04T00:42:35.829Z"}
{"level":"info","message":"⌛ Building environment","timeElapsed":144,"timestamp":"2026-06-04T00:42:35.975Z"}
{"level":"info","message":"⌛ Building environment","timeElapsed":134,"timestamp":"2026-06-04T00:42:36.208Z"}
{"level":"info","message":"⌛ Building environment","timeElapsed":186,"timestamp":"2026-06-04T00:42:36.496Z"}
{"level":"info","message":"⌛ Validating juego.wpgm","timeElapsed":109,"timestamp":"2026-06-04T00:42:36.606Z"}
{"level":"info","message":"⌛ Building environment","timeElapsed":110,"timestamp":"2026-06-04T00:42:36.716Z"}
{"level":"info","message":"⌛ Building environment","timeElapsed":112,"timestamp":"2026-06-04T00:42:37.508Z"}
{"level":"info","message":"⌛ Building environment","timeElapsed":145,"timestamp":"2026-06-04T00:42:37.654Z"}
{"level":"info","message":"⌛ Validating juego.wpgm","timeElapsed":102,"timestamp":"2026-06-04T00:42:37.766Z"}
{"level":"info","message":"⌛ Building environment","timeElapsed":121,"timestamp":"2026-06-04T00:42:38.477Z"}
{"level":"info","message":"⌛ Building environment","timeElapsed":130,"timestamp":"2026-06-04T00:42:38.845Z"}
{"level":"info","message":"⌛ Building environment","timeElapsed":158,"timestamp":"2026-06-04T00:42:39.012Z"}
{"level":"info","message":"⌛ Building environment","timeElapsed":142,"timestamp":"2026-06-04T00:42:40.544Z"}
{"level":"info","message":"⌛ Validating juego.wpgm","timeElapsed":106,"timestamp":"2026-06-04T00:42:40.664Z"}
{"level":"info","message":"⌛ Building environment","timeElapsed":126,"timestamp":"2026-06-04T00:42:40.791Z"}
{"level":"info","message":"⌛ Building environment","timeElapsed":130,"timestamp":"2026-06-04T00:42:40.921Z"}
{"level":"info","message":"⌛ Building environment","timeElapsed":133,"timestamp":"2026-06-04T00:42:41.154Z"}
{"level":"info","message":"⌛ Validating juego.wpgm","timeElapsed":108,"timestamp":"2026-06-04T00:42:41.263Z"}
{"level":"info","message":"⌛ Building environment","timeElapsed":116,"timestamp":"2026-06-04T00:42:41.379Z"}
{"level":"info","message":"⌛ Validating juego.wpgm","timeElapsed":132,"timestamp":"2026-06-04T00:42:41.512Z"}
{"level":"info","message":"⌛ Building environment","timeElapsed":164,"timestamp":"2026-06-04T00:42:41.680Z"}
{"level":"info","message":"⌛ Building environment","timeElapsed":115,"timestamp":"2026-06-04T00:42:41.889Z"}
{"level":"info","message":"⌛ Building environment","timeElapsed":135,"timestamp":"2026-06-04T00:42:42.301Z"}
{"level":"info","message":"⌛ Validating juego.wpgm","timeElapsed":127,"timestamp":"2026-06-04T00:42:42.429Z"}
{"level":"info","message":"⌛ Building environment","timeElapsed":124,"timestamp":"2026-06-04T00:42:42.601Z"}
{"level":"info","message":"⌛ Building environment","timeElapsed":129,"timestamp":"2026-06-04T00:42:42.738Z"}
{"level":"info","message":"⌛ Validating juego.wpgm","timeElapsed":106,"timestamp":"2026-06-04T00:42:42.854Z"}
{"level":"info","message":"⌛ Building environment","timeElapsed":115,"timestamp":"2026-06-04T00:42:43.064Z"}
{"level":"info","message":"⌛ Building environment","timeElapsed":123,"timestamp":"2026-06-04T00:42:43.187Z"}
{"level":"info","message":"⌛ Building environment","timeElapsed":280,"timestamp":"2026-06-04T00:42:43.474Z"}
{"level":"info","message":"⌛ Building environment","timeElapsed":125,"timestamp":"2026-06-04T00:42:43.599Z"}
{"level":"info","message":"⌛ Building environment","timeElapsed":151,"timestamp":"2026-06-04T00:42:43.843Z"}
{"level":"info","message":"⌛ Building environment","timeElapsed":122,"timestamp":"2026-06-04T00:42:44.056Z"}
{"level":"info","message":"⌛ Building environment","timeElapsed":116,"timestamp":"2026-06-04T00:42:44.266Z"}
{"level":"info","message":"⌛ Validating juego.wpgm","timeElapsed":130,"timestamp":"2026-06-04T00:42:44.669Z"}
{"level":"info","message":"⌛ Building environment","timeElapsed":130,"timestamp":"2026-06-04T00:42:45.807Z"}
{"level":"info","message":"⌛ Validating juego.wpgm","timeElapsed":141,"timestamp":"2026-06-04T00:42:45.949Z"}
{"level":"info","message":"⌛ Building environment","timeElapsed":151,"timestamp":"2026-06-04T00:43:16.444Z"}
{"level":"info","message":"⌛ Building environment","timeElapsed":126,"timestamp":"2026-06-04T00:43:16.571Z"}
{"level":"info","message":"⌛ Validating juego.wpgm","timeElapsed":106,"timestamp":"2026-06-04T00:43:16.677Z"}
{"level":"info","message":"⌛ Validating juego.wpgm","timeElapsed":119,"timestamp":"2026-06-04T00:43:16.797Z"}
{"level":"info","message":"⌛ Building environment","timeElapsed":146,"timestamp":"2026-06-04T00:43:22.760Z"}
{"level":"info","message":"⌛ Validating juego.wpgm","timeElapsed":106,"timestamp":"2026-06-04T00:43:22.868Z"}
{"level":"info","message":"⌛ Building environment","timeElapsed":131,"timestamp":"2026-06-04T00:43:22.999Z"}
{"level":"info","message":"⌛ Building environment","timeElapsed":133,"timestamp":"2026-06-04T00:43:23.141Z"}
{"level":"info","message":"⌛ Building environment","timeElapsed":131,"timestamp":"2026-06-04T00:43:23.710Z"}
{"level":"info","message":"⌛ Validating juego.wpgm","timeElapsed":114,"timestamp":"2026-06-04T00:43:23.865Z"}
{"level":"error","message":"✘ Failed to get type description: Error: Failed to print, found malformed node Failed to print, found malformed node","node":{"id":"43840aab-f6c5-49fc-9278-da4b5609d3cd","metadata":[],"problems":[{"code":"malformedSentence","sourceMap":{"end":{"column":62,"line":48,"offset":1278},"start":{"column":19,"line":48,"offset":1235}}}],"scope":{"containerScope":{"containerScope":{"containerScope":{"contributions":{},"includedScopes":[]},"contributions":{},"includedScopes":[{"contributions":{},"includedScopes":[]},{"contributions":{},"includedScopes":[]},{"contributions":{},"includedScopes":[]},{"contributions":{},"includedScopes":[]},{"contributions":{},"includedScopes":[]},{"contributions":{},"includedScopes":[]}]},"contributions":{},"includedScopes":[]},"contributions":{},"includedScopes":[]},"sentences":[{"args":[{"id":"72d04fe8-cac9-48c6-894a-d73aeba07f32","metadata":[],"scope":{"containerScope":{"containerScope":{"containerScope":{"containerScope":{"containerScope":{"contributions":{},"includedScopes":[]},"contributions":{},"includedScopes":[{"contributions":{},"includedScopes":[]},{"contributions":{},"includedScopes":[]},{"contributions":{},"includedScopes":[]},{"contributions":{},"includedScopes":[]},{"contributions":{},"includedScopes":[]},{"contributions":{},"includedScopes":[]}]},"contributions":{},"includedScopes":[]},"contributions":{},"includedScopes":[]},"contributions":{},"includedScopes":[]},"contributions":{},"includedScopes":[]},"sourceMap":{"end":{"column":16,"line":11,"offset":157},"start":{"column":14,"line":11,"offset":155}},"value":18}],"id":"757ef299-1e8c-4d20-a9ac-465ebfeca0f9","message":"width","metadata":[],"receiver":{"id":"09f15cfa-7dc6-43b1-808c-bfba51314802","metadata":[],"name":"game","scope":{"containerScope":{"containerScope":{"containerScope":{"containerScope":{"containerScope":{"contributions":{},"includedScopes":[]},"contributions":{},"includedScopes":[{"contributions":{},"includedScopes":[]},{"contributions":{},"includedScopes":[]},{"contributions":{},"includedScopes":[]},{"contributions":{},"includedScopes":[]},{"contributions":{},"includedScopes":[]},{"contributions":{},"includedScopes":[]}]},"contributions":{},"includedScopes":[]},"contributions":{},"includedScopes":[]},"contributions":{},"includedScopes":[]},"contributions":{},"includedScopes":[]},"sourceMap":{"end":{"column":7,"line":11,"offset":148},"start":{"column":3,"line":11,"offset":144}}},"scope":{"containerScope":{"containerScope":{"containerScope":{"containerScope":{"contributions":{},"includedScopes":[]},"contributions":{},"includedScopes":[{"contributions":{},"includedScopes":[]},{"contributions":{},"includedScopes":[]},{"contributions":{},"includedScopes":[]},{"contributions":{},"includedScopes":[]},{"contributions":{},"includedScopes":[]},{"contributions":{},"includedScopes":[]}]},"contributions":{},"includedScopes":[]},"contributions":{},"includedScopes":[]},"contributions":{},"includedScopes":[]},"sourceMap":{"end":{"column":17,"line":11,"offset":158},"start":{"column":3,"line":11,"offset":144}}},{"args":[{"id":"d3eff5f6-705a-4397-9c82-bcaa3bd3c948","metadata":[],"scope":{"containerScope":{"containerScope":{"containerScope":{"containerScope":{"containerScope":{"contributions":{},"includedScopes":[]},"contributions":{},"includedScopes":[{"contributions":{},"includedScopes":[]},{"contributions":{},"includedScopes":[]},{"contributions":{},"includedScopes":[]},{"contributions":{},"includedScopes":[]},{"contributions":{},"includedScopes":[]},{"contributions":{},"includedScopes":[]}]},"contributions":{},"includedScopes":[]},"contributions":{},"includedScopes":[]},"contributions":{},"includedScopes":[]},"contributions":{},"includedScopes":[]},"sourceMap":{"end":{"column":17,"line":12,"offset":176},"start":{"column":15,"line":12,"offset":174}},"value":10}],"id":"e9a3c2b7-f8ec-4c44-a59a-d97516bf2191","message":"height","metadata":[],"receiver":{"id":"545125ad-4470-4e40-b344-9e992d333fcd","metadata":[],"name":"game","scope":{"containerScope":{"containerScope":{"containerScope":{"containerScope":{"containerScope":{"contributions":{},"includedScopes":[]},"contributions":{},"includedScopes":[{"contributions":{},"includedScopes":[]},{"contributions":{},"includedScopes":[]},{"contributions":{},"includedScopes":[]},{"contributions":{},"includedScopes":[]},{"contributions":{},"includedScopes":[]},{"contributions":{},"includedScopes":[]}]},"contributions":{},"includedScopes":[]},"contributions":{},"includedScopes":[]},"contributions":{},"includedScopes":[]},"contributions":{},"includedScopes":[]},"sourceMap":{"end":{"column":7,"line":12,"offset":166},"start":{"column":3,"line":12,"offset":162}}},"scope":{"containerScope":{"containerScope":{"containerScope":{"containerScope":{"contributions":{},"includedScopes":[]},"contributions":{},"includedScopes":[{"contributions":{},"includedScopes":[]},{"contributions":{},"includedScopes":[]},{"contributions":{},"includedScopes":[]},{"contributions":{},"includedScopes":[]},{"contributions":{},"includedScopes":[]},{"contributions":{},"includedScopes":[]}]},"contributions":{},"includedScopes":[]},"contributions":{},"includedScopes":[]},"contributions":{},"includedScopes":[]},"sourceMap":{"end":{"column":18,"line":12,"offset":177},"start":{"column":2,"line":12,"offset":162}}},{"args":[{"id":"0c6e23ba-b880-4a3c-9607-2e29e620befb","metadata":[],"scope":{"containerScope":{"containerScope":{"containerScope":{"containerScope":{"containerScope":{"contributions":{},"includedScopes":[]},"contributions":{},"includedScopes":[{"contributions":{},"includedScopes":[]},{"contributions":{},"includedScopes":[]},{"contributions":{},"includedScopes":[]},{"contributions":{},"includedScopes":[]},{"contributions":{},"includedScopes":[]},{"contributions":{},"includedScopes":[]}]},"contributions":{},"includedScopes":[]},"contributions":{},"includedScopes":[]},"contributions":{},"includedScopes":[]},"contributions":{},"includedScopes":[]},"sourceMap":{"end":{"column":19,"line":13,"offset":197},"start":{"column":17,"line":13,"offset":195}},"value":80}],"id":"50be8da6-5791-4c7b-b0d7-e8016c5b0960","message":"cellSize","metadata":[],"receiver":{"id":"71fc1725-aec4-45ec-9eb1-a1cea411e8d1","metadata":[],"name":"game","scope":{"containerScope":{"containerScope":{"containerScope":{"containerScope":{"containerScope":{"contributions":{},"includedScopes":[]},"contributions":{},"includedScopes":[{"contributions":{},"includedScopes":[]},{"contributions":{},"includedScopes":[]},{"contributions":{},"includedScopes":[]},{"contributions":{},"includedScopes":[]},{"contributions":{},"includedScopes":[]},{"contributions":{},"includedScopes":[]}]},"contributions":{},"includedScopes":[]},"contributions":{},"includedScopes":[]},"contributions":{},"includedScopes":[]},"contributions":{},"includedScopes":[]},"sourceMap":{"end":{"column":7,"line":13,"offset":185},"start":{"column":3,"line":13,"offset":181}}},"scope":{"containerScope":{"containerScope":{"containerScope":{"containerScope":{"contributions":{},"includedScopes":[]},"contributions":{},"includedScopes":[{"contributions":{},"includedScopes":[]},{"contributions":{},"includedScopes":[]},{"contributions":{},"includedScopes":[]},{"contributions":{},"includedScopes":[]},{"contributions":{},"includedScopes":[]},{"contributions":{},"includedScopes":[]}]},"contributions":{},"includedScopes":[]},"contributions":{},"includedScopes":[]},"contributions":{},"includedScopes":[]},"sourceMap":{"end":{"column":20,"line":13,"offset":198},"start":{"column":2,"line":13,"offset":181}}},{"args":[{"id":"522ee413-08bc-4e05-a523-abcf6cb82454","metadata":[],"scope":{"containerScope":{"containerScope":{"containerScope":{"containerScope":{"containerScope":{"contributions":{},"includedScopes":[]},"contributions":{},"includedScopes":[{"contributions":{},"includedScopes":[]},{"contributions":{},"includedScopes":[]},{"contributions":{},"includedScopes":[]},{"contributions":{},"includedScopes":[]},{"contributions":{},"includedScopes":[]},{"contributions":{},"includedScopes":[]}]},"contributions":{},"includedScopes":[]},"contributions":{},"includedScopes":[]},"contributions":{},"includedScopes":[]},"contributions":{},"includedScopes":[]},"sourceMap":{"end":{"column":22,"line":14,"offset":221},"start":{"column":14,"line":14,"offset":213}},"value":"Mi RPG"}],"id":"eb29b6cf-9f77-4e83-9f77-c84b13c46617","message":"title","metadata":[],"receiver":{"id":"cc3ecf2a-c55c-4898-bd4e-6789b01e35a5","metadata":[],"name":"game","scope":{"containerScope":{"containerScope":{"containerScope":{"containerScope":{"containerScope":{"contributions":{},"includedScopes":[]},"contributions":{},"includedScopes":[{"contributions":{},"includedScopes":[]},{"contributions":{},"includedScopes":[]},{"contributions":{},"includedScopes":[]},{"contributions":{},"includedScopes":[]},{"contributions":{},"includedScopes":[]},{"contributions":{},"includedScopes":[]}]},"contributions":{},"includedScopes":[]},"contributions":{},"includedScopes":[]},"contributions":{},"includedScopes":[]},"contributions":{},"includedScopes":[]},"sourceMap":{"end":{"column":7,"line":14,"offset":206},"start":{"column":3,"line":14,"offset":202}}},"scope":{"containerScope":{"containerScope":{"containerScope":{"containerScope":{"contributions":{},"includedScopes":[]},"contributions":{},"includedScopes":[{"contributions":{},"includedScopes":[]},{"contributions":{},"includedScopes":[]},{"contributions":{},"includedScopes":[]},{"contributions":{},"includedScopes":[]},{"contributions":{},"includedScopes":[]},{"contributions":{},"includedScopes":[]}]},"contributions":{},"includedScopes":[]},"contributions":{},"includedScopes":[]},"contributions":{},"includedScopes":[]},"sourceMap":{"end":{"column":23,"line":14,"offset":222},"start":{"column":2,"line":14,"offset":202}}},{"args":[{"id":"d79e549f-893a-47ab-8f52-10bda881f1e4","metadata":[],"scope":{"containerScope":{"containerScope":{"containerScope":{"containerScope":{"containerScope":{"contributions":{},"includedScopes":[]},"contributions":{},"includedScopes":[{"contributions":{},"includedScopes":[]},{"contributions":{},"includedScopes":[]},{"contributions":{},"includedScopes":[]},{"contributions":{},"includedScopes":[]},{"contributions":{},"includedScopes":[]},{"contributions":{},"includedScopes":[]}]},"contributions":{},"includedScopes":[]},"contributions":{},"includedScopes":[]},"contributions":{},"includedScopes":[]},"contributions":{},"includedScopes":[]},"sourceMap":{"end":{"column":31,"line":15,"offset":254},"start":{"column":20,"line":15,"offset":243}},"value":"mapa1.png"}],"id":"ce34871f-2a20-4c88-a424-337cc233f6da","message":"boardGround","metadata":[],"receiver":{"id":"10e62295-cd12-426c-9e83-eaff0e907bcf","metadata":[],"name":"game","scope":{"containerScope":{"containerScope":{"containerScope":{"containerScope":{"containerScope":{"contributions":{},"includedScopes":[]},"contributions":{},"includedScopes":[{"contributions":{},"includedScopes":[]},{"contributions":{},"includedScopes":[]},{"contributions":{},"includedScopes":[]},{"contributions":{},"includedScopes":[]},{"contributions":{},"includedScopes":[]},{"contributions":{},"includedScopes":[]}]},"contributions":{},"includedScopes":[]},"contributions":{},"includedScopes":[]},"contributions":{},"includedScopes":[]},"contributions":{},"includedScopes":[]},"sourceMap":{"end":{"column":7,"line":15,"offset":230},"start":{"column":3,"line":15,"offset":226}}},"scope":{"containerScope":{"containerScope":{"containerScope":{"containerScope":{"contributions":{},"includedScopes":[]},"contributions":{},"includedScopes":[{"contributions":{},"includedScopes":[]},{"contributions":{},"includedScopes":[]},{"contributions":{},"includedScopes":[]},{"contributions":{},"includedScopes":[]},{"contributions":{},"includedScopes":[]},{"contributions":{},"includedScopes":[]}]},"contributions":{},"includedScopes":[]},"contributions":{},"includedScopes":[]},"contributions":{},"includedScopes":[]},"sourceMap":{"end":{"column":32,"line":15,"offset":255},"start":{"column":2,"line":15,"offset":226}}},{"id":"bf0ddb12-1956-4b22-a2ca-9cf95c460f3b","isConstant":true,"metadata":[],"name":"fondoMusic","scope":{"containerScope":{"containerScope":{"containerScope":{"containerScope":{"contributions":{},"includedScopes":[]},"contributions":{},"includedScopes":[{"contributions":{},"includedScopes":[]},{"contributions":{},"includedScopes":[]},{"contributions":{},"includedScopes":[]},{"contributions":{},"includedScopes":[]},{"contributions":{},"includedScopes":[]},{"contributions":{},"includedScopes":[]}]},"contributions":{},"includedScopes":[]},"contributions":{},"includedScopes":[]},"contributions":{},"includedScopes":[]},"sourceMap":{"end":{"column":70,"line":17,"offset":328},"start":{"column":3,"line":17,"offset":261}},"value":{"args":[{"args":[{"id":"ddbcb984-efcc-4223-ac81-caa1a402311c","metadata":[],"scope":{"containerScope":{"containerScope":{"containerScope":{"containerScope":{"containerScope":{"containerScope":{"containerScope":{"contributions":{},"includedScopes":[]},"contributions":{},"includedScopes":[{"contributions":{},"includedScopes":[]},{"contributions":{},"includedScopes":[]},{"contributions":{},"includedScopes":[]},{"contributions":{},"includedScopes":[]},{"contributions":{},"includedScopes":[]},{"contributions":{},"includedScopes":[]}]},"contributions":{},"includedScopes":[]},"contributions":{},"includedScopes":[]},"contributions":{},"includedScopes":[]},"contributions":{},"includedScopes":[]},"contributions":{},"includedScopes":[]},"contributions":{},"includedScopes":[]},"sourceMap":{"end":{"column":69,"line":17,"offset":327},"start":{"column":63,"line":17,"offset":321}},"value":".mp3"}],"id":"8d6ec6b7-9e4b-4ddc-be85-b0ef33e85eb9","message":"+","metadata":[],"receiver":{"args":[{"args":[],"id":"4e1d2f58-c5a1-4d79-8f6e-20e84c1939e4","message":"anyOne","metadata":[],"receiver":{"args":[{"id":"69f7055a-94fb-452e-9323-2754b62e188f","metadata":[],"scope":{"containerScope":{"containerScope":{"containerScope":{"containerScope":{"containerScope":{"containerScope":{"containerScope":{"containerScope":{"containerScope":{"containerScope":{"contributions":{},"includedScopes":[]},"contributions":{},"includedScopes":[{"contributions":{},"includedScopes":[]},{"contributions":{},"includedScopes":[]},{"contributions":{},"includedScopes":[]},{"contributions":{},"includedScopes":[]},{"contributions":{},"includedScopes":[]},{"contributions":{},"includedScopes":[]}]},"contributions":{},"includedScopes":[]},"contributions":{},"includedScopes":[]},"contributions":{},"includedScopes":[]},"contributions":{},"includedScopes":[]},"contributions":{},"includedScopes":[]},"contributions":{},"includedScopes":[]},"contributions":{},"includedScopes":[]},"contributions":{},"includedScopes":[]},"contributions":{},"includedScopes":[]},"sourceMap":{"end":{"column":49,"line":17,"offset":307},"start":{"column":47,"line":17,"offset":305}},"value":12}],"id":"f3f6a693-ceaa-48f7-8ed5-36c4c229ba04","message":"..","metadata":[],"receiver":{"id":"e1dc770d-7faa-4fa3-ae32-8349009ee833","metadata":[],"scope":{"containerScope":{"containerScope":{"containerScope":{"containerScope":{"containerScope":{"containerScope":{"containerScope":{"containerScope":{"containerScope":{"containerScope":{"contributions":{},"includedScopes":[]},"contributions":{},"includedScopes":[{"contributions":{},"includedScopes":[]},{"contributions":{},"includedScopes":[]},{"contributions":{},"includedScopes":[]},{"contributions":{},"includedScopes":[]},{"contributions":{},"includedScopes":[]},{"contributions":{},"includedScopes":[]}]},"contributions":{},"includedScopes":[]},"contributions":{},"includedScopes":[]},"contributions":{},"includedScopes":[]},"contributions":{},"includedScopes":[]},"contributions":{},"includedScopes":[]},"contributions":{},"includedScopes":[]},"contributions":{},"includedScopes":[]},"contributions":{},"includedScopes":[]},"contributions":{},"includedScopes":[]},"sourceMap":{"end":{"column":45,"line":17,"offset":303},"start":{"column":44,"line":17,"offset":302}},"value":1},"scope":{"containerScope":{"containerScope":{"containerScope":{"containerScope":{"containerScope":{"containerScope":{"containerScope":{"containerScope":{"containerScope":{"contributions":{},"includedScopes":[]},"contributions":{},"includedScopes":[{"contributions":{},"includedScopes":[]},{"contributions":{},"includedScopes":[]},{"contributions":{},"includedScopes":[]},{"contributions":{},"includedScopes":[]},{"contributions":{},"includedScopes":[]},{"contributions":{},"includedScopes":[]}]},"contributions":{},"includedScopes":[]},"contributions":{},"includedScopes":[]},"contributions":{},"includedScopes":[]},"contributions":{},"includedScopes":[]},"contributions":{},"includedScopes":[]},"contributions":{},"includedScopes":[]},"contributions":{},"includedScopes":[]},"contributions":{},"includedScopes":[]},"sourceMap":{"end":{"column":49,"line":17,"offset":307},"start":{"column":44,"line":17,"offset":302}}},"scope":{"containerScope":{"containerScope":{"containerScope":{"containerScope":{"containerScope":{"containerScope":{"containerScope":{"containerScope":{"contributions":{},"includedScopes":[]},"contributions":{},"includedScopes":[{"contributions":{},"includedScopes":[]},{"contributions":{},"includedScopes":[]},{"contributions":{},"includedScopes":[]},{"contributions":{},"includedScopes":[]},{"contributions":{},"includedScopes":[]},{"contributions":{},"includedScopes":[]}]},"contributions":{},"includedScopes":[]},"contributions":{},"includedScopes":[]},"contributions":{},"includedScopes":[]},"contributions":{},"includedScopes":[]},"contributions":{},"includedScopes":[]},"contributions":{},"includedScopes":[]},"contributions":{},"includedScopes":[]},"sourceMap":{"end":{"column":59,"line":17,"offset":317},"start":{"column":43,"line":17,"offset":301}}}],"id":"edccb1e2-099c-4c42-88e0-e8fb9b8bbbf9","message":"+","metadata":[],"receiver":{"id":"1e3a8099-f168-4d20-8191-bd746db9e819","metadata":[],"scope":{"containerScope":{"containerScope":{"containerScope":{"containerScope":{"containerScope":{"containerScope":{"containerScope":{"containerScope":{"contributions":{},"includedScopes":[]},"contributions":{},"includedScopes":[{"contributions":{},"includedScopes":[]},{"contributions":{},"includedScopes":[]},{"contributions":{},"includedScopes":[]},{"contributions":{},"includedScopes":[]},{"contributions":{},"includedScopes":[]},{"contributions":{},"includedScopes":[]}]},"contributions":{},"includedScopes":[]},"contributions":{},"includedScopes":[]},"contributions":{},"includedScopes":[]},"contributions":{},"includedScopes":[]},"contributions":{},"includedScopes":[]},"contributions":{},"includedScopes":[]},"contributions":{},"includedScopes":[]},"sourceMap":{"end":{"column":40,"line":17,"offset":298},"start":{"column":33,"line":17,"offset":291}},"value":"fondo"},"scope":{"containerScope":{"containerScope":{"containerScope":{"containerScope":{"containerScope":{"containerScope":{"containerScope":{"contributions":{},"includedScopes":[]},"contributions":{},"includedScopes":[{"contributions":{},"includedScopes":[]},{"contributions":{},"includedScopes":[]},{"contributions":{},"includedScopes":[]},{"contributions":{},"includedScopes":[]},{"contributions":{},"includedScopes":[]},{"contributions":{},"includedScopes":[]}]},"contributions":{},"includedScopes":[]},"contributions":{},"includedScopes":[]},"contributions":{},"includedScopes":[]},"contributions":{},"includedScopes":[]},"contributions":{},"includedScopes":[]},"contributions":{},"includedScopes":[]},"sourceMap":{"end":{"column":59,"line":17,"offset":317},"start":{"column":33,"line":17,"offset":291}}},"scope":{"containerScope":{"containerScope":{"containerScope":{"containerScope":{"containerScope":{"containerScope":{"contributions":{},"includedScopes":[]},"contributions":{},"includedScopes":[{"contributions":{},"includedScopes":[]},{"contributions":{},"includedScopes":[]},{"contributions":{},"includedScopes":[]},{"contributions":{},"includedScopes":[]},{"contributions":{},"includedScopes":[]},{"contributions":{},"includedScopes":[]}]},"contributions":{},"includedScopes":[]},"contributions":{},"includedScopes":[]},"contributions":{},"includedScopes":[]},"contributions":{},"includedScopes":[]},"contributions":{},"includedScopes":[]},"sourceMap":{"end":{"column":69,"line":17,"offset":327},"start":{"column":33,"line":17,"offset":291}}}],"id":"1743cbcb-807b-4377-96ff-6708c4248cb7","message":"sound","metadata":[],"receiver":{"id":"d171d197-33d3-44ce-a29d-609ba952b83b","metadata":[],"name":"game","scope":{"containerScope":{"containerScope":{"containerScope":{"containerScope":{"containerScope":{"containerScope":{"contributions":{},"includedScopes":[]},"contributions":{},"includedScopes":[{"contributions":{},"includedScopes":[]},{"contributions":{},"includedScopes":[]},{"contributions":{},"includedScopes":[]},{"contributions":{},"includedScopes":[]},{"contributions":{},"includedScopes":[]},{"contributions":{},"includedScopes":[]}]},"contributions":{},"includedScopes":[]},"contributions":{},"includedScopes":[]},"contributions":{},"includedScopes":[]},"contributions":{},"includedScopes":[]},"contributions":{},"includedScopes":[]},"sourceMap":{"end":{"column":26,"line":17,"offset":284},"start":{"column":22,"line":17,"offset":280}}},"scope":{"containerScope":{"containerScope":{"containerScope":{"containerScope":{"containerScope":{"contributions":{},"includedScopes":[]},"contributions":{},"includedScopes":[{"contributions":{},"includedScopes":[]},{"contributions":{},"includedScopes":[]},{"contributions":{},"includedScopes":[]},{"contributions":{},"includedScopes":[]},{"contributions":{},"includedScopes":[]},{"contributions":{},"includedScopes":[]}]},"contributions":{},"includedScopes":[]},"contributions":{},"includedScopes":[]},"contributions":{},"includedScopes":[]},"contributions":{},"includedScopes":[]},"sourceMap":{"end":{"column":70,"line":17,"offset":328},"start":{"column":22,"line":17,"offset":280}}}},{"args":[{"id":"501b0056-1eb5-402c-85be-8696a1e8b00f","metadata":[],"scope":{"containerScope":{"containerScope":{"containerScope":{"containerScope":{"containerScope":{"contributions":{},"includedScopes":[]},"contributions":{},"includedScopes":[{"contributions":{},"includedScopes":[]},{"contributions":{},"includedScopes":[]},{"contributions":{},"includedScopes":[]},{"contributions":{},"includedScopes":[]},{"contributions":{},"includedScopes":[]},{"contributions":{},"includedScopes":[]}]},"contributions":{},"includedScopes":[]},"contributions":{},"includedScopes":[]},"contributions":{},"includedScopes":[]},"contributions":{},"includedScopes":[]},"sourceMap":{"end":{"column":29,"line":18,"offset":358},"start":{"column":25,"line":18,"offset":354}},"value":true}],"id":"5e49b240-300a-43e8-9b06-573fddd0af99","message":"shouldLoop","metadata":[],"receiver":{"id":"b97245ad-d749-4fff-9e62-048f3a87e624","metadata":[],"name":"fondoMusic","scope":{"containerScope":{"containerScope":{"containerScope":{"containerScope":{"containerScope":{"contributions":{},"includedScopes":[]},"contributions":{},"includedScopes":[{"contributions":{},"includedScopes":[]},{"contributions":{},"includedScopes":[]},{"contributions":{},"includedScopes":[]},{"contributions":{},"includedScopes":[]},{"contributions":{},"includedScopes":[]},{"contributions":{},"includedScopes":[]}]},"contributions":{},"includedScopes":[]},"contributions":{},"includedScopes":[]},"contributions":{},"includedScopes":[]},"contributions":{},"includedScopes":[]},"sourceMap":{"end":{"column":13,"line":18,"offset":342},"start":{"column":3,"line":18,"offset":332}}},"scope":{"containerScope":{"containerScope":{"containerScope":{"containerScope":{"contributions":{},"includedScopes":[]},"contributions":{},"includedScopes":[{"contributions":{},"includedScopes":[]},{"contributions":{},"includedScopes":[]},{"contributions":{},"includedScopes":[]},{"contributions":{},"includedScopes":[]},{"contributions":{},"includedScopes":[]},{"contributions":{},"includedScopes":[]}]},"contributions":{},"includedScopes":[]},"contributions":{},"includedScopes":[]},"contributions":{},"includedScopes":[]},"sourceMap":{"end":{"column":30,"line":18,"offset":359},"start":{"column":3,"line":18,"offset":332}}},{"args":[{"id":"603b636b-c001-4ef1-aa68-2247516507f6","metadata":[],"scope":{"containerScope":{"containerScope":{"containerScope":{"containerScope":{"containerScope":{"contributions":{},"includedScopes":[]},"contributions":{},"includedScopes":[{"contributions":{},"includedScopes":[]},{"contributions":{},"includedScopes":[]},{"contributions":{},"includedScopes":[]},{"contributions":{},"includedScopes":[]},{"contributions":{},"includedScopes":[]},{"contributions":{},"includedScopes":[]}]},"contributions":{},"includedScopes":[]},"contributions":{},"includedScopes":[]},"contributions":{},"includedScopes":[]},"contributions":{},"includedScopes":[]},"sourceMap":{"end":{"column":24,"line":19,"offset":384},"start":{"column":21,"line":19,"offset":381}},"value":0.3}],"id":"8d59d131-afca-4437-9771-6da02d2dbb47","message":"volume","metadata":[],"receiver":{"id":"8b6ad33c-9ed8-4cd4-970e-da1c35dcdeeb","metadata":[],"name":"fondoMusic","scope":{"containerScope":{"containerScope":{"containerScope":{"containerScope":{"containerScope":{"contributions":{},"includedScopes":[]},"contributions":{},"includedScopes":[{"contributions":{},"includedScopes":[]},{"contributions":{},"includedScopes":[]},{"contributions":{},"includedScopes":[]},{"contributions":{},"includedScopes":[]},{"contributions":{},"includedScopes":[]},{"contributions":{},"includedScopes":[]}]},"contributions":{},"includedScopes":[]},"contributions":{},"includedScopes":[]},"contributions":{},"includedScopes":[]},"contributions":{},"includedScopes":[]},"sourceMap":{"end":{"column":13,"line":19,"offset":373},"start":{"column":3,"line":19,"offset":363}}},"scope":{"containerScope":{"containerScope":{"containerScope":{"containerScope":{"contributions":{},"includedScopes":[]},"contributions":{},"includedScopes":[{"contributions":{},"includedScopes":[]},{"contributions":{},"includedScopes":[]},{"contributions":{},"includedScopes":[]},{"contributions":{},"includedScopes":[]},{"contributions":{},"includedScopes":[]},{"contributions":{},"includedScopes":[]}]},"contributions":{},"includedScopes":[]},"contributions":{},"includedScopes":[]},"contributions":{},"includedScopes":[]},"sourceMap":{"end":{"column":25,"line":19,"offset":385},"start":{"column":2,"line":19,"offset":363}}},{"args":[{"id":"05e9fc05-0f5d-43bd-8489-6a06799ad17d","metadata":[],"scope":{"containerScope":{"containerScope":{"containerScope":{"containerScope":{"containerScope":{"contributions":{},"includedScopes":[]},"contributions":{},"includedScopes":[{"contributions":{},"includedScopes":[]},{"contributions":{},"includedScopes":[]},{"contributions":{},"includedScopes":[]},{"contributions":{},"includedScopes":[]},{"contributions":{},"includedScopes":[]},{"contributions":{},"includedScopes":[]}]},"contributions":{},"includedScopes":[]},"contributions":{},"includedScopes":[]},"contributions":{},"includedScopes":[]},"contributions":{},"includedScopes":[]},"sourceMap":{"end":{"column":21,"line":20,"offset":407},"start":{"column":17,"line":20,"offset":403}},"value":1000},{"id":"51103363-dc9d-46ab-86ac-ef2b78581a34","members":[{"body":{"id":"e0aa3e16-247d-440f-8b20-3c28affbbe2a","metadata":[],"scope":{"containerScope":{"containerScope":{"containerScope":{"containerScope":{"containerScope":{"containerScope":{"containerScope":{"contributions":{},"includedScopes":[]},"contributions":{},"includedScopes":[{"contributions":{},"includedScopes":[]},{"contributions":{},"includedScopes":[]},{"contributions":{},"includedScopes":[]},{"contributions":{},"includedScopes":[]},{"contributions":{},"includedScopes":[]},{"contributions":{},"includedScopes":[]}]},"contributions":{},"includedScopes":[]},"contributions":{},"includedScopes":[]},"contributions":{},"includedScopes":[]},"contributions":{},"includedScopes":[{"containerScope":{"containerScope":{"containerScope":{"contributions":{},"includedScopes":[]},"contributions":{},"includedScopes":[]},"contributions":{},"includedScopes":[]},"contributions":{},"includedScopes":[{"containerScope":{"containerScope":{"containerScope":{"contributions":{},"includedScopes":[]},"contributions":{},"includedScopes":[]},"contributions":{},"includedScopes":[]},"contributions":{},"includedScopes":[]}]},{"containerScope":{"containerScope":{"containerScope":{"contributions":{},"includedScopes":[]},"contributions":{},"includedScopes":[]},"contributions":{},"includedScopes":[]},"contributions":{},"includedScopes":[]}]},"contributions":{},"includedScopes":[]},"contributions":{},"includedScopes":[]},"sentences":[{"id":"ea7ab188-dc4b-47ff-942b-97dfe161e67b","metadata":[],"scope":{"containerScope":{"containerScope":{"containerScope":{"containerScope":{"containerScope":{"containerScope":{"containerScope":{"containerScope":{"contributions":{},"includedScopes":[]},"contributions":{},"includedScopes":[{"contributions":{},"includedScopes":[]},{"contributions":{},"includedScopes":[]},{"contributions":{},"includedScopes":[]},{"contributions":{},"includedScopes":[]},{"contributions":{},"includedScopes":[]},{"contributions":{},"includedScopes":[]}]},"contributions":{},"includedScopes":[]},"contributions":{},"includedScopes":[]},"contributions":{},"includedScopes":[]},"contributions":{},"includedScopes":[{"containerScope":{"containerScope":{"containerScope":{"contributions":{},"includedScopes":[]},"contributions":{},"includedScopes":[]},"contributions":{},"includedScopes":[]},"contributions":{},"includedScopes":[{"containerScope":{"containerScope":{"containerScope":{"contributions":{},"includedScopes":[]},"contributions":{},"includedScopes":[]},"contributions":{},"includedScopes":[]},"contributions":{},"includedScopes":[]}]},{"containerScope":{"containerScope":{"containerScope":{"contributions":{},"includedScopes":[]},"contributions":{},"includedScopes":[]},"contributions":{},"includedScopes":[]},"contributions":{},"includedScopes":[]}]},"contributions":{},"includedScopes":[]},"contributions":{},"includedScopes":[]},"contributions":{},"includedScopes":[]},"value":{"args":[],"id":"38bd088d-a428-4424-be01-de50f6226759","message":"play","metadata":[],"receiver":{"id":"df419ed1-15e6-4ef9-a30a-b310b4f23280","metadata":[],"name":"fondoMusic","scope":{"containerScope":{"containerScope":{"containerScope":{"containerScope":{"containerScope":{"containerScope":{"containerScope":{"containerScope":{"containerScope":{"containerScope":{"contributions":{},"includedScopes":[]},"contributions":{},"includedScopes":[{"contributions":{},"includedScopes":[]},{"contributions":{},"includedScopes":[]},{"contributions":{},"includedScopes":[]},{"contributions":{},"includedScopes":[]},{"contributions":{},"includedScopes":[]},{"contributions":{},"includedScopes":[]}]},"contributions":{},"includedScopes":[]},"contributions":{},"includedScopes":[]},"contributions":{},"includedScopes":[]},"contributions":{},"includedScopes":[{"containerScope":{"containerScope":{"containerScope":{"contributions":{},"includedScopes":[]},"contributions":{},"includedScopes":[]},"contributions":{},"includedScopes":[]},"contributions":{},"includedScopes":[{"containerScope":{"containerScope":{"containerScope":{"contributions":{},"includedScopes":[]},"contributions":{},"includedScopes":[]},"contributions":{},"includedScopes":[]},"contributions":{},"includedScopes":[]}]},{"containerScope":{"containerScope":{"containerScope":{"contributions":{},"includedScopes":[]},"contributions":{},"includedScopes":[]},"contributions":{},"includedScopes":[]},"contributions":{},"includedScopes":[]}]},"contributions":{},"includedScopes":[]},"contributions":{},"includedScopes":[]},"contributions":{},"includedScopes":[]},"contributions":{},"includedScopes":[]},"contributions":{},"includedScopes":[]},"sourceMap":{"end":{"column":35,"line":20,"offset":421},"start":{"column":25,"line":20,"offset":411}}},"scope":{"containerScope":{"containerScope":{"containerScope":{"containerScope":{"containerScope":{"containerScope":{"containerScope":{"containerScope":{"containerScope":{"contributions":{},"includedScopes":[]},"contributions":{},"includedScopes":[{"contributions":{},"includedScopes":[]},{"contributions":{},"includedScopes":[]},{"contributions":{},"includedScopes":[]},{"contributions":{},"includedScopes":[]},{"contributions":{},"includedScopes":[]},{"contributions":{},"includedScopes":[]}]},"contributions":{},"includedScopes":[]},"contributions":{},"includedScopes":[]},"contributions":{},"includedScopes":[]},"contributions":{},"includedScopes":[{"containerScope":{"containerScope":{"containerScope":{"contributions":{},"includedScopes":[]},"contributions":{},"includedScopes":[]},"contributions":{},"includedScopes":[]},"contributions":{},"includedScopes":[{"containerScope":{"containerScope":{"containerScope":{"contributions":{},"includedScopes":[]},"contributions":{},"includedScopes":[]},"contributions":{},"includedScopes":[]},"contributions":{},"includedScopes":[]}]},{"containerScope":{"containerScope":{"containerScope":{"contributions":{},"includedScopes":[]},"contributions":{},"includedScopes":[]},"contributions":{},"includedScopes":[]},"contributions":{},"includedScopes":[]}]},"contributions":{},"includedScopes":[]},"contributions":{},"includedScopes":[]},"contributions":{},"includedScopes":[]},"contributions":{},"includedScopes":[]},"sourceMap":{"end":{"column":42,"line":20,"offset":428},"start":{"column":25,"line":20,"offset":411}}}}]},"compiled":false,"id":"ac809ed8-db16-4c05-beb9-4a40119f163f","isOverride":false,"metadata":[],"name":"<apply>","parameters":[],"scope":{"containerScope":{"containerScope":{"containerScope":{"containerScope":{"containerScope":{"containerScope":{"contributions":{},"includedScopes":[]},"contributions":{},"includedScopes":[{"contributions":{},"includedScopes":[]},{"contributions":{},"includedScopes":[]},{"contributions":{},"includedScopes":[]},{"contributions":{},"includedScopes":[]},{"contributions":{},"includedScopes":[]},{"contributions":{},"includedScopes":[]}]},"contributions":{},"includedScopes":[]},"contributions":{},"includedScopes":[]},"contributions":{},"includedScopes":[]},"contributions":{},"includedScopes":[{"containerScope":{"containerScope":{"containerScope":{"contributions":{},"includedScopes":[]},"contributions":{},"includedScopes":[]},"contributions":{},"includedScopes":[]},"contributions":{},"includedScopes":[{"containerScope":{"containerScope":{"containerScope":{"contributions":{},"includedScopes":[]},"contributions":{},"includedScopes":[]},"contributions":{},"includedScopes":[]},"contributions":{},"includedScopes":[]}]},{"containerScope":{"containerScope":{"containerScope":{"contributions":{},"includedScopes":[]},"contributions":{},"includedScopes":[]},"contributions":{},"includedScopes":[]},"contributions":{},"includedScopes":[]}]},"contributions":{},"includedScopes":[]}},{"id":"460b06d7-6fd2-48d4-9c26-a8f4c54027ce","isConstant":true,"isProperty":false,"metadata":[],"name":"<toString>","scope":{"containerScope":{"containerScope":{"containerScope":{"containerScope":{"containerScope":{"containerScope":{"contributions":{},"includedScopes":[]},"contributions":{},"includedScopes":[{"contributions":{},"includedScopes":[]},{"contributions":{},"includedScopes":[]},{"contributions":{},"includedScopes":[]},{"contributions":{},"includedScopes":[]},{"contributions":{},"includedScopes":[]},{"contributions":{},"includedScopes":[]}]},"contributions":{},"includedScopes":[]},"contributions":{},"includedScopes":[]},"contributions":{},"includedScopes":[]},"contributions":{},"includedScopes":[{"containerScope":{"containerScope":{"containerScope":{"contributions":{},"includedScopes":[]},"contributions":{},"includedScopes":[]},"contributions":{},"includedScopes":[]},"contributions":{},"includedScopes":[{"containerScope":{"containerScope":{"containerScope":{"contributions":{},"includedScopes":[]},"contributions":{},"includedScopes":[]},"contributions":{},"includedScopes":[]},"contributions":{},"includedScopes":[]}]},{"containerScope":{"containerScope":{"containerScope":{"contributions":{},"includedScopes":[]},"contributions":{},"includedScopes":[]},"contributions":{},"includedScopes":[]},"contributions":{},"includedScopes":[]}]},"contributions":{},"includedScopes":[]},"value":{"id":"7233f9f2-b0df-4c7f-ba71-6e021cfbc5d6","metadata":[],"scope":{"containerScope":{"containerScope":{"containerScope":{"containerScope":{"containerScope":{"containerScope":{"containerScope":{"contributions":{},"includedScopes":[]},"contributions":{},"includedScopes":[{"contributions":{},"includedScopes":[]},{"contributions":{},"includedScopes":[]},{"contributions":{},"includedScopes":[]},{"contributions":{},"includedScopes":[]},{"contributions":{},"includedScopes":[]},{"contributions":{},"includedScopes":[]}]},"contributions":{},"includedScopes":[]},"contributions":{},"includedScopes":[]},"contributions":{},"includedScopes":[]},"contributions":{},"includedScopes":[{"containerScope":{"containerScope":{"containerScope":{"contributions":{},"includedScopes":[]},"contributions":{},"includedScopes":[]},"contributions":{},"includedScopes":[]},"contributions":{},"includedScopes":[{"containerScope":{"containerScope":{"containerScope":{"contributions":{},"includedScopes":[]},"contributions":{},"includedScopes":[]},"contributions":{},"includedScopes":[]},"contributions":{},"includedScopes":[]}]},{"containerScope":{"containerScope":{"containerScope":{"contributions":{},"includedScopes":[]},"contributions":{},"includedScopes":[]},"contributions":{},"includedScopes":[]},"contributions":{},"includedScopes":[]}]},"contributions":{},"includedScopes":[]},"contributions":{},"includedScopes":[]},"value":"{ fondoMusic.play()}"}}],"metadata":[],"scope":{"containerScope":{"containerScope":{"containerScope":{"containerScope":{"containerScope":{"contributions":{},"includedScopes":[]},"contributions":{},"includedScopes":[{"contributions":{},"includedScopes":[]},{"contributions":{},"includedScopes":[]},{"contributions":{},"includedScopes":[]},{"contributions":{},"includedScopes":[]},{"contributions":{},"includedScopes":[]},{"contributions":{},"includedScopes":[]}]},"contributions":{},"includedScopes":[]},"contributions":{},"includedScopes":[]},"contributions":{},"includedScopes":[]},"contributions":{},"includedScopes":[{"containerScope":{"containerScope":{"containerScope":{"contributions":{},"includedScopes":[]},"contributions":{},"includedScopes":[]},"contributions":{},"includedScopes":[]},"contributions":{},"includedScopes":[{"containerScope":{"containerScope":{"containerScope":{"contributions":{},"includedScopes":[]},"contributions":{},"includedScopes":[]},"contributions":{},"includedScopes":[]},"contributions":{},"includedScopes":[]}]},{"containerScope":{"containerScope":{"containerScope":{"contributions":{},"includedScopes":[]},"contributions":{},"includedScopes":[]},"contributions":{},"includedScopes":[]},"contributions":{},"includedScopes":[]}]},"sourceMap":{"end":{"column":43,"line":20,"offset":429},"start":{"column":23,"line":20,"offset":409}},"supertypes":[{"args":[],"id":"a5fff0f8-da04-4ead-9f02-fc9eb17a035a","metadata":[],"reference":{"id":"a6e49734-d379-4852-b090-ff4a49d02422","metadata":[],"name":"wollok.lang.Closure","scope":{"containerScope":{"containerScope":{"containerScope":{"containerScope":{"containerScope":{"containerScope":{"contributions":{},"includedScopes":[]},"contributions":{},"includedScopes":[{"contributions":{},"includedScopes":[]},{"contributions":{},"includedScopes":[]},{"contributions":{},"includedScopes":[]},{"contributions":{},"includedScopes":[]},{"contributions":{},"includedScopes":[]},{"contributions":{},"includedScopes":[]}]},"contributions":{},"includedScopes":[]},"contributions":{},"includedScopes":[]},"contributions":{},"includedScopes":[]},"contributions":{},"includedScopes":[{"containerScope":{"containerScope":{"containerScope":{"contributions":{},"includedScopes":[]},"contributions":{},"includedScopes":[]},"contributions":{},"includedScopes":[]},"contributions":{},"includedScopes":[{"containerScope":{"containerScope":{"containerScope":{"contributions":{},"includedScopes":[]},"contributions":{},"includedScopes":[]},"contributions":{},"includedScopes":[]},"contributions":{},"includedScopes":[]}]},{"containerScope":{"containerScope":{"containerScope":{"contributions":{},"includedScopes":[]},"contributions":{},"includedScopes":[]},"contributions":{},"includedScopes":[]},"contributions":{},"includedScopes":[]}]},"contributions":{},"includedScopes":[]}},"scope":{"containerScope":{"containerScope":{"containerScope":{"containerScope":{"containerScope":{"containerScope":{"contributions":{},"includedScopes":[]},"contributions":{},"includedScopes":[{"contributions":{},"includedScopes":[]},{"contributions":{},"includedScopes":[]},{"contributions":{},"includedScopes":[]},{"contributions":{},"includedScopes":[]},{"contributions":{},"includedScopes":[]},{"contributions":{},"includedScopes":[]}]},"contributions":{},"includedScopes":[]},"contributions":{},"includedScopes":[]},"contributions":{},"includedScopes":[]},"contributions":{},"includedScopes":[{"containerScope":{"containerScope":{"containerScope":{"contributions":{},"includedScopes":[]},"contributions":{},"includedScopes":[]},"contributions":{},"includedScopes":[]},"contributions":{},"includedScopes":[{"containerScope":{"containerScope":{"containerScope":{"contributions":{},"includedScopes":[]},"contributions":{},"includedScopes":[]},"contributions":{},"includedScopes":[]},"contributions":{},"includedScopes":[]}]},{"containerScope":{"containerScope":{"containerScope":{"contributions":{},"includedScopes":[]},"contributions":{},"includedScopes":[]},"contributions":{},"includedScopes":[]},"contributions":{},"includedScopes":[]}]},"contributions":{},"includedScopes":[]}}]}],"id":"a4fee3ae-e361-4e8d-9368-e41f8413463e","message":"schedule","metadata":[],"receiver":{"id":"be4a5bbc-9e4c-4475-8b23-4fcbec7f9d56","metadata":[],"name":"game","scope":{"containerScope":{"containerScope":{"containerScope":{"containerScope":{"containerScope":{"contributions":{},"includedScopes":[]},"contributions":{},"includedScopes":[{"contributions":{},"includedScopes":[]},{"contributions":{},"includedScopes":[]},{"contributions":{},"includedScopes":[]},{"contributions":{},"includedScopes":[]},{"contributions":{},"includedScopes":[]},{"contributions":{},"includedScopes":[]}]},"contributions":{},"includedScopes":[]},"contributions":{},"includedScopes":[]},"contributions":{},"includedScopes":[]},"contributions":{},"includedScopes":[]},"sourceMap":{"end":{"column":7,"line":20,"offset":393},"start":{"column":3,"line":20,"offset":389}}},"scope":{"containerScope":{"containerScope":{"containerScope":{"containerScope":{"contributions":{},"includedScopes":[]},"contributions":{},"includedScopes":[{"contributions":{},"includedScopes":[]},{"contributions":{},"includedScopes":[]},{"contributions":{},"includedScopes":[]},{"contributions":{},"includedScopes":[]},{"contributions":{},"includedScopes":[]},{"contributions":{},"includedScopes":[]}]},"contributions":{},"includedScopes":[]},"contributions":{},"includedScopes":[]},"contributions":{},"includedScopes":[]},"sourceMap":{"end":{"column":45,"line":20,"offset":431},"start":{"column":2,"line":20,"offset":389}}},{"id":"1ec3fa19-b508-4c94-a38d-9ba274e1905b","isConstant":true,"metadata":[],"name":"antorcha","scope":{"containerScope":{"containerScope":{"containerScope":{"containerScope":{"contributions":{},"includedScopes":[]},"contributions":{},"includedScopes":[{"contributions":{},"includedScopes":[]},{"contributions":{},"includedScopes":[]},{"contributions":{},"includedScopes":[]},{"contributions":{},"includedScopes":[]},{"contributions":{},"includedScopes":[]},{"contributions":{},"includedScopes":[]}]},"contributions":{},"includedScopes":[]},"contributions":{},"includedScopes":[]},"contributions":{},"includedScopes":[]},"sourceMap":{"end":{"column":60,"line":22,"offset":496},"start":{"column":3,"line":22,"offset":439}},"value":{"args":[{"id":"cf464191-5dcb-48d1-a984-d40b9b7a5d77","metadata":[],"name":"position","scope":{"containerScope":{"containerScope":{"containerScope":{"containerScope":{"containerScope":{"containerScope":{"contributions":{},"includedScopes":[]},"contributions":{},"includedScopes":[{"contributions":{},"includedScopes":[]},{"contributions":{},"includedScopes":[]},{"contributions":{},"includedScopes":[]},{"contributions":{},"includedScopes":[]},{"contributions":{},"includedScopes":[]},{"contributions":{},"includedScopes":[]}]},"contributions":{},"includedScopes":[]},"contributions":{},"includedScopes":[]},"contributions":{},"includedScopes":[]},"contributions":{},"includedScopes":[]},"contributions":{},"includedScopes":[]},"sourceMap":{"end":{"column":59,"line":22,"offset":495},"start":{"column":36,"line":22,"offset":472}},"value":{"args":[{"id":"133f42f8-fe25-466f-9978-a7bd31ec5436","metadata":[],"scope":{"containerScope":{"containerScope":{"containerScope":{"containerScope":{"containerScope":{"containerScope":{"containerScope":{"containerScope":{"contributions":{},"includedScopes":[]},"contributions":{},"includedScopes":[{"contributions":{},"includedScopes":[]},{"contributions":{},"includedScopes":[]},{"contributions":{},"includedScopes":[]},{"contributions":{},"includedScopes":[]},{"contributions":{},"includedScopes":[]},{"contributions":{},"includedScopes":[]}]},"contributions":{},"includedScopes":[]},"contributions":{},"includedScopes":[]},"contributions":{},"includedScopes":[]},"contributions":{},"includedScopes":[]},"contributions":{},"includedScopes":[]},"contributions":{},"includedScopes":[]},"contributions":{},"includedScopes":[]},"sourceMap":{"end":{"column":56,"line":22,"offset":492},"start":{"column":55,"line":22,"offset":491}},"value":3},{"id":"b18a8977-8019-493b-a1ef-9a8bfc0feac0","metadata":[],"scope":{"containerScope":{"containerScope":{"containerScope":{"containerScope":{"containerScope":{"containerScope":{"containerScope":{"containerScope":{"contributions":{},"includedScopes":[]},"contributions":{},"includedScopes":[{"contributions":{},"includedScopes":[]},{"contributions":{},"includedScopes":[]},{"contributions":{},"includedScopes":[]},{"contributions":{},"includedScopes":[]},{"contributions":{},"includedScopes":[]},{"contributions":{},"includedScopes":[]}]},"contributions":{},"includedScopes":[]},"contributions":{},"includedScopes":[]},"contributions":{},"includedScopes":[]},"contributions":{},"includedScopes":[]},"contributions":{},"includedScopes":[]},"contributions":{},"includedScopes":[]},"contributions":{},"includedScopes":[]},"sourceMap":{"end":{"column":58,"line":22,"offset":494},"start":{"column":57,"line":22,"offset":493}},"value":9}],"id":"60cd2f57-f25f-4b38-a9eb-1de59aa1e032","message":"at","metadata":[],"receiver":{"id":"8581b952-91df-4b2d-bfd4-88d861795bde","metadata":[],"name":"game","scope":{"containerScope":{"containerScope":{"containerScope":{"containerScope":{"containerScope":{"containerScope":{"containerScope":{"containerScope":{"contributions":{},"includedScopes":[]},"contributions":{},"includedScopes":[{"contributions":{},"includedScopes":[]},{"contributions":{},"includedScopes":[]},{"contributions":{},"includedScopes":[]},{"contributions":{},"includedScopes":[]},{"contributions":{},"includedScopes":[]},{"contributions":{},"includedScopes":[]}]},"contributions":{},"includedScopes":[]},"contributions":{},"includedScopes":[]},"contributions":{},"includedScopes":[]},"contributions":{},"includedScopes":[]},"contributions":{},"includedScopes":[]},"contributions":{},"includedScopes":[]},"contributions":{},"includedScopes":[]},"sourceMap":{"end":{"column":51,"line":22,"offset":487},"start":{"column":47,"line":22,"offset":483}}},"scope":{"containerScope":{"containerScope":{"containerScope":{"containerScope":{"containerScope":{"containerScope":{"containerScope":{"contributions":{},"includedScopes":[]},"contributions":{},"includedScopes":[{"contributions":{},"includedScopes":[]},{"contributions":{},"includedScopes":[]},{"contributions":{},"includedScopes":[]},{"contributions":{},"includedScopes":[]},{"contributions":{},"includedScopes":[]},{"contributions":{},"includedScopes":[]}]},"contributions":{},"includedScopes":[]},"contributions":{},"includedScopes":[]},"contributions":{},"includedScopes":[]},"contributions":{},"includedScopes":[]},"contributions":{},"includedScopes":[]},"contributions":{},"includedScopes":[]},"sourceMap":{"end":{"column":59,"line":22,"offset":495},"start":{"column":47,"line":22,"offset":483}}}}],"id":"725b37c2-2d61-42ab-a2c2-d089ee822c1f","instantiated":{"id":"fd2649eb-86ee-4e10-be96-bd553d1bc1a1","metadata":[],"name":"AntorchaArr","scope":{"containerScope":{"containerScope":{"containerScope":{"containerScope":{"containerScope":{"containerScope":{"contributions":{},"includedScopes":[]},"contributions":{},"includedScopes":[{"contributions":{},"includedScopes":[]},{"contributions":{},"includedScopes":[]},{"contributions":{},"includedScopes":[]},{"contributions":{},"includedScopes":[]},{"contributions":{},"includedScopes":[]},{"contributions":{},"includedScopes":[]}]},"contributions":{},"includedScopes":[]},"contributions":{},"includedScopes":[]},"contributions":{},"includedScopes":[]},"contributions":{},"includedScopes":[]},"contributions":{},"includedScopes":[]},"sourceMap":{"end":{"column":35,"line":22,"offset":471},"start":{"column":24,"line":22,"offset":460}}},"metadata":[],"scope":{"containerScope":{"containerScope":{"containerScope":{"containerScope":{"containerScope":{"contributions":{},"includedScopes":[]},"contributions":{},"includedScopes":[{"contributions":{},"includedScopes":[]},{"contributions":{},"includedScopes":[]},{"contributions":{},"includedScopes":[]},{"contributions":{},"includedScopes":[]},{"contributions":{},"includedScopes":[]},{"contributions":{},"includedScopes":[]}]},"contributions":{},"includedScopes":[]},"contributions":{},"includedScopes":[]},"contributions":{},"includedScopes":[]},"contributions":{},"includedScopes":[]},"sourceMap":{"end":{"column":60,"line":22,"offset":496},"start":{"column":20,"line":22,"offset":456}}}},{"args":[{"id":"10724ef1-7a09-40df-8a22-a69c7f766e3a","metadata":[],"name":"antorcha","scope":{"containerScope":{"containerScope":{"containerScope":{"containerScope":{"containerScope":{"contributions":{},"includedScopes":[]},"contributions":{},"includedScopes":[{"contributions":{},"includedScopes":[]},{"contributions":{},"includedScopes":[]},{"contributions":{},"includedScopes":[]},{"contributions":{},"includedScopes":[]},{"contributions":{},"includedScopes":[]},{"contributions":{},"includedScopes":[]}]},"contributions":{},"includedScopes":[]},"contributions":{},"includedScopes":[]},"contributions":{},"includedScopes":[]},"contributions":{},"includedScopes":[]},"sourceMap":{"end":{"column":26,"line":23,"offset":523},"start":{"column":18,"line":23,"offset":515}}}],"id":"0b7b905c-39c1-421c-a6f1-7270324f7927","message":"addVisual","metadata":[],"receiver":{"id":"70d8755e-e11e-4151-8e1a-95dddc594ae0","metadata":[],"name":"game","scope":{"containerScope":{"containerScope":{"containerScope":{"containerScope":{"containerScope":{"contributions":{},"includedScopes":[]},"contributions":{},"includedScopes":[{"contributions":{},"includedScopes":[]},{"contributions":{},"includedScopes":[]},{"contributions":{},"includedScopes":[]},{"contributions":{},"includedScopes":[]},{"contributions":{},"includedScopes":[]},{"contributions":{},"includedScopes":[]}]},"contributions":{},"includedScopes":[]},"contributions":{},"includedScopes":[]},"contributions":{},"includedScopes":[]},"contributions":{},"includedScopes":[]},"sourceMap":{"end":{"column":7,"line":23,"offset":504},"start":{"column":3,"line":23,"offset":500}}},"scope":{"containerScope":{"containerScope":{"containerScope":{"containerScope":{"contributions":{},"includedScopes":[]},"contributions":{},"includedScopes":[{"contributions":{},"includedScopes":[]},{"contributions":{},"includedScopes":[]},{"contributions":{},"includedScopes":[]},{"contributions":{},"includedScopes":[]},{"contributions":{},"includedScopes":[]},{"contributions":{},"includedScopes":[]}]},"contributions":{},"includedScopes":[]},"contributions":{},"includedScopes":[]},"contributions":{},"includedScopes":[]},"sourceMap":{"end":{"column":27,"line":23,"offset":524},"start":{"column":3,"line":23,"offset":500}}},{"args":[],"id":"027af555-3892-4ca3-b3d6-0c4bb6afcabb","message":"animar","metadata":[],"receiver":{"id":"85d44c58-e3b0-4690-a48a-15561687770a","metadata":[],"name":"antorcha","scope":{"containerScope":{"containerScope":{"containerScope":{"containerScope":{"containerScope":{"contributions":{},"includedScopes":[]},"contributions":{},"includedScopes":[{"contributions":{},"includedScopes":[]},{"contributions":{},"includedScopes":[]},{"contributions":{},"includedScopes":[]},{"contributions":{},"includedScopes":[]},{"contributions":{},"includedScopes":[]},{"contributions":{},"includedScopes":[]}]},"contributions":{},"includedScopes":[]},"contributions":{},"includedScopes":[]},"contributions":{},"includedScopes":[]},"contributions":{},"includedScopes":[]},"sourceMap":{"end":{"column":11,"line":24,"offset":536},"start":{"column":3,"line":24,"offset":528}}},"scope":{"containerScope":{"containerScope":{"containerScope":{"containerScope":{"contributions":{},"includedScopes":[]},"contributions":{},"includedScopes":[{"contributions":{},"includedScopes":[]},{"contributions":{},"includedScopes":[]},{"contributions":{},"includedScopes":[]},{"contributions":{},"includedScopes":[]},{"contributions":{},"includedScopes":[]},{"contributions":{},"includedScopes":[]}]},"contributions":{},"includedScopes":[]},"contributions":{},"includedScopes":[]},"contributions":{},"includedScopes":[]},"sourceMap":{"end":{"column":20,"line":24,"offset":545},"start":{"column":2,"line":24,"offset":528}}},{"id":"f1f82b34-88a5-4087-b982-d371b07b4fae","isConstant":true,"metadata":[],"name":"antorcha2","scope":{"containerScope":{"containerScope":{"containerScope":{"containerScope":{"contributions":{},"includedScopes":[]},"contributions":{},"includedScopes":[{"contributions":{},"includedScopes":[]},{"contributions":{},"includedScopes":[]},{"contributions":{},"includedScopes":[]},{"contributions":{},"includedScopes":[]},{"contributions":{},"includedScopes":[]},{"contributions":{},"includedScopes":[]}]},"contributions":{},"includedScopes":[]},"contributions":{},"includedScopes":[]},"contributions":{},"includedScopes":[]},"sourceMap":{"end":{"column":61,"line":26,"offset":609},"start":{"column":3,"line":26,"offset":551}},"value":{"args":[{"id":"5af03ef6-ffb8-46a1-bdcb-37758b52ed1d","metadata":[],"name":"position","scope":{"containerScope":{"containerScope":{"containerScope":{"containerScope":{"containerScope":{"containerScope":{"contributions":{},"includedScopes":[]},"contributions":{},"includedScopes":[{"contributions":{},"includedScopes":[]},{"contributions":{},"includedScopes":[]},{"contributions":{},"includedScopes":[]},{"contributions":{},"includedScopes":[]},{"contributions":{},"includedScopes":[]},{"contributions":{},"includedScopes":[]}]},"contributions":{},"includedScopes":[]},"contributions":{},"includedScopes":[]},"contributions":{},"includedScopes":[]},"contributions":{},"includedScopes":[]},"contributions":{},"includedScopes":[]},"sourceMap":{"end":{"column":60,"line":26,"offset":608},"start":{"column":37,"line":26,"offset":585}},"value":{"args":[{"id":"79b490b7-920c-4596-9338-b964353ca9ee","metadata":[],"scope":{"containerScope":{"containerScope":{"containerScope":{"containerScope":{"containerScope":{"containerScope":{"containerScope":{"containerScope":{"contributions":{},"includedScopes":[]},"contributions":{},"includedScopes":[{"contributions":{},"includedScopes":[]},{"contributions":{},"includedScopes":[]},{"contributions":{},"includedScopes":[]},{"contributions":{},"includedScopes":[]},{"contributions":{},"includedScopes":[]},{"contributions":{},"includedScopes":[]}]},"contributions":{},"includedScopes":[]},"contributions":{},"includedScopes":[]},"contributions":{},"includedScopes":[]},"contributions":{},"includedScopes":[]},"contributions":{},"includedScopes":[]},"contributions":{},"includedScopes":[]},"contributions":{},"includedScopes":[]},"sourceMap":{"end":{"column":57,"line":26,"offset":605},"start":{"column":56,"line":26,"offset":604}},"value":6},{"id":"fbcd302f-0696-4d7f-ad3e-2713df7c511c","metadata":[],"scope":{"containerScope":{"containerScope":{"containerScope":{"containerScope":{"containerScope":{"containerScope":{"containerScope":{"containerScope":{"contributions":{},"includedScopes":[]},"contributions":{},"includedScopes":[{"contributions":{},"includedScopes":[]},{"contributions":{},"includedScopes":[]},{"contributions":{},"includedScopes":[]},{"contributions":{},"includedScopes":[]},{"contributions":{},"includedScopes":[]},{"contributions":{},"includedScopes":[]}]},"contributions":{},"includedScopes":[]},"contributions":{},"includedScopes":[]},"contributions":{},"includedScopes":[]},"contributions":{},"includedScopes":[]},"contributions":{},"includedScopes":[]},"contributions":{},"includedScopes":[]},"contributions":{},"includedScopes":[]},"sourceMap":{"end":{"column":59,"line":26,"offset":607},"start":{"column":58,"line":26,"offset":606}},"value":9}],"id":"7382e6a3-4a31-4e72-be9b-7056f196b74b","message":"at","metadata":[],"receiver":{"id":"031e5f95-9ed4-4780-b3ca-d255d986ce58","metadata":[],"name":"game","scope":{"containerScope":{"containerScope":{"containerScope":{"containerScope":{"containerScope":{"containerScope":{"containerScope":{"containerScope":{"contributions":{},"includedScopes":[]},"contributions":{},"includedScopes":[{"contributions":{},"includedScopes":[]},{"contributions":{},"includedScopes":[]},{"contributions":{},"includedScopes":[]},{"contributions":{},"includedScopes":[]},{"contributions":{},"includedScopes":[]},{"contributions":{},"includedScopes":[]}]},"contributions":{},"includedScopes":[]},"contributions":{},"includedScopes":[]},"contributions":{},"includedScopes":[]},"contributions":{},"includedScopes":[]},"contributions":{},"includedScopes":[]},"contributions":{},"includedScopes":[]},"contributions":{},"includedScopes":[]},"sourceMap":{"end":{"column":52,"line":26,"offset":600},"start":{"column":48,"line":26,"offset":596}}},"scope":{"containerScope":{"containerScope":{"containerScope":{"containerScope":{"containerScope":{"containerScope":{"containerScope":{"contributions":{},"includedScopes":[]},"contributions":{},"includedScopes":[{"contributions":{},"includedScopes":[]},{"contributions":{},"includedScopes":[]},{"contributions":{},"includedScopes":[]},{"contributions":{},"includedScopes":[]},{"contributions":{},"includedScopes":[]},{"contributions":{},"includedScopes":[]}]},"contributions":{},"includedScopes":[]},"contributions":{},"includedScopes":[]},"contributions":{},"includedScopes":[]},"contributions":{},"includedScopes":[]},"contributions":{},"includedScopes":[]},"contributions":{},"includedScopes":[]},"sourceMap":{"end":{"column":60,"line":26,"offset":608},"start":{"column":48,"line":26,"offset":596}}}}],"id":"cbaeb304-01d3-4d6f-8122-24f39c9589b1","instantiated":{"id":"2b267165-1e7e-4d5a-aa83-9c249fa59ba9","metadata":[],"name":"AntorchaArr","scope":{"containerScope":{"containerScope":{"containerScope":{"containerScope":{"containerScope":{"containerScope":{"contributions":{},"includedScopes":[]},"contributions":{},"includedScopes":[{"contributions":{},"includedScopes":[]},{"contributions":{},"includedScopes":[]},{"contributions":{},"includedScopes":[]},{"contributions":{},"includedScopes":[]},{"contributions":{},"includedScopes":[]},{"contributions":{},"includedScopes":[]}]},"contributions":{},"includedScopes":[]},"contributions":{},"includedScopes":[]},"contributions":{},"includedScopes":[]},"contributions":{},"includedScopes":[]},"contributions":{},"includedScopes":[]},"sourceMap":{"end":{"column":36,"line":26,"offset":584},"start":{"column":25,"line":26,"offset":573}}},"metadata":[],"scope":{"containerScope":{"containerScope":{"containerScope":{"containerScope":{"containerScope":{"contributions":{},"includedScopes":[]},"contributions":{},"includedScopes":[{"contributions":{},"includedScopes":[]},{"contributions":{},"includedScopes":[]},{"contributions":{},"includedScopes":[]},{"contributions":{},"includedScopes":[]},{"contributions":{},"includedScopes":[]},{"contributions":{},"includedScopes":[]}]},"contributions":{},"includedScopes":[]},"contributions":{},"includedScopes":[]},"contributions":{},"includedScopes":[]},"contributions":{},"includedScopes":[]},"sourceMap":{"end":{"column":61,"line":26,"offset":609},"start":{"column":21,"line":26,"offset":569}}}},{"args":[{"id":"c3ee5420-8abf-4efd-b04f-169bcb3436bb","metadata":[],"name":"antorcha2","scope":{"containerScope":{"containerScope":{"containerScope":{"containerScope":{"containerScope":{"contributions":{},"includedScopes":[]},"contributions":{},"includedScopes":[{"contributions":{},"includedScopes":[]},{"contributions":{},"includedScopes":[]},{"contributions":{},"includedScopes":[]},{"contributions":{},"includedScopes":[]},{"contributions":{},"includedScopes":[]},{"contributions":{},"includedScopes":[]}]},"contributions":{},"includedScopes":[]},"contributions":{},"includedScopes":[]},"contributions":{},"includedScopes":[]},"contributions":{},"includedScopes":[]},"sourceMap":{"end":{"column":27,"line":27,"offset":638},"start":{"column":18,"line":27,"offset":629}}}],"id":"a6dac0a2-54e7-4384-8843-3d7caf5a27b0","message":"addVisual","metadata":[],"receiver":{"id":"10fc1cf2-e408-426b-89ea-3163f462dad2","metadata":[],"name":"game","scope":{"containerScope":{"containerScope":{"containerScope":{"containerScope":{"containerScope":{"contributions":{},"includedScopes":[]},"contributions":{},"includedScopes":[{"contributions":{},"includedScopes":[]},{"contributions":{},"includedScopes":[]},{"contributions":{},"includedScopes":[]},{"contributions":{},"includedScopes":[]},{"contributions":{},"includedScopes":[]},{"contributions":{},"includedScopes":[]}]},"contributions":{},"includedScopes":[]},"contributions":{},"includedScopes":[]},"contributions":{},"includedScopes":[]},"contributions":{},"includedScopes":[]},"sourceMap":{"end":{"column":7,"line":27,"offset":618},"start":{"column":3,"line":27,"offset":614}}},"scope":{"containerScope":{"containerScope":{"containerScope":{"containerScope":{"contributions":{},"includedScopes":[]},"contributions":{},"includedScopes":[{"contributions":{},"includedScopes":[]},{"contributions":{},"includedScopes":[]},{"contributions":{},"includedScopes":[]},{"contributions":{},"includedScopes":[]},{"contributions":{},"includedScopes":[]},{"contributions":{},"includedScopes":[]}]},"contributions":{},"includedScopes":[]},"contributions":{},"includedScopes":[]},"contributions":{},"includedScopes":[]},"sourceMap":{"end":{"column":28,"line":27,"offset":639},"start":{"column":2,"line":27,"offset":614}}},{"args":[],"id":"63f548de-2a3d-4cb3-bbca-add68ef36d52","message":"animar","metadata":[],"receiver":{"id":"67c48189-5f47-46bb-b91d-6deaaec2941e","metadata":[],"name":"antorcha2","scope":{"containerScope":{"containerScope":{"containerScope":{"containerScope":{"containerScope":{"contributions":{},"includedScopes":[]},"contributions":{},"includedScopes":[{"contributions":{},"includedScopes":[]},{"contributions":{},"includedScopes":[]},{"contributions":{},"includedScopes":[]},{"contributions":{},"includedScopes":[]},{"contributions":{},"includedScopes":[]},{"contributions":{},"includedScopes":[]}]},"contributions":{},"includedScopes":[]},"contributions":{},"includedScopes":[]},"contributions":{},"includedScopes":[]},"contributions":{},"includedScopes":[]},"sourceMap":{"end":{"column":12,"line":28,"offset":652},"start":{"column":3,"line":28,"offset":643}}},"scope":{"containerScope":{"containerScope":{"containerScope":{"containerScope":{"contributions":{},"includedScopes":[]},"contributions":{},"includedScopes":[{"contributions":{},"includedScopes":[]},{"contributions":{},"includedScopes":[]},{"contributions":{},"includedScopes":[]},{"contributions":{},"includedScopes":[]},{"contributions":{},"includedScopes":[]},{"contributions":{},"includedScopes":[]}]},"contributions":{},"includedScopes":[]},"contributions":{},"includedScopes":[]},"contributions":{},"includedScopes":[]},"sourceMap":{"end":{"column":21,"line":28,"offset":661},"start":{"column":2,"line":28,"offset":643}}},{"id":"a1c9a22b-e24c-4764-b63c-72ae3a874364","isConstant":true,"metadata":[],"name":"antorcha3","scope":{"containerScope":{"containerScope":{"containerScope":{"containerScope":{"contributions":{},"includedScopes":[]},"contributions":{},"includedScopes":[{"contributions":{},"includedScopes":[]},{"contributions":{},"includedScopes":[]},{"contributions":{},"includedScopes":[]},{"contributions":{},"includedScopes":[]},{"contributions":{},"includedScopes":[]},{"contributions":{},"includedScopes":[]}]},"contributions":{},"includedScopes":[]},"contributions":{},"includedScopes":[]},"contributions":{},"includedScopes":[]},"sourceMap":{"end":{"column":61,"line":30,"offset":725},"start":{"column":3,"line":30,"offset":667}},"value":{"args":[{"id":"7847cad9-2870-4629-a96e-462636067fbe","metadata":[],"name":"position","scope":{"containerScope":{"containerScope":{"containerScope":{"containerScope":{"containerScope":{"containerScope":{"contributions":{},"includedScopes":[]},"contributions":{},"includedScopes":[{"contributions":{},"includedScopes":[]},{"contributions":{},"includedScopes":[]},{"contributions":{},"includedScopes":[]},{"contributions":{},"includedScopes":[]},{"contributions":{},"includedScopes":[]},{"contributions":{},"includedScopes":[]}]},"contributions":{},"includedScopes":[]},"contributions":{},"includedScopes":[]},"contributions":{},"includedScopes":[]},"contributions":{},"includedScopes":[]},"contributions":{},"includedScopes":[]},"sourceMap":{"end":{"column":60,"line":30,"offset":724},"start":{"column":37,"line":30,"offset":701}},"value":{"args":[{"id":"8935498b-7f5c-4964-a983-224f3ff40444","metadata":[],"scope":{"containerScope":{"containerScope":{"containerScope":{"containerScope":{"containerScope":{"containerScope":{"containerScope":{"containerScope":{"contributions":{},"includedScopes":[]},"contributions":{},"includedScopes":[{"contributions":{},"includedScopes":[]},{"contributions":{},"includedScopes":[]},{"contributions":{},"includedScopes":[]},{"contributions":{},"includedScopes":[]},{"contributions":{},"includedScopes":[]},{"contributions":{},"includedScopes":[]}]},"contributions":{},"includedScopes":[]},"contributions":{},"includedScopes":[]},"contributions":{},"includedScopes":[]},"contributions":{},"includedScopes":[]},"contributions":{},"includedScopes":[]},"contributions":{},"includedScopes":[]},"contributions":{},"includedScopes":[]},"sourceMap":{"end":{"column":57,"line":30,"offset":721},"start":{"column":56,"line":30,"offset":720}},"value":3},{"id":"06940fb1-5dda-41c9-8bd4-972552cf432a","metadata":[],"scope":{"containerScope":{"containerScope":{"containerScope":{"containerScope":{"containerScope":{"containerScope":{"containerScope":{"containerScope":{"contributions":{},"includedScopes":[]},"contributions":{},"includedScopes":[{"contributions":{},"includedScopes":[]},{"contributions":{},"includedScopes":[]},{"contributions":{},"includedScopes":[]},{"contributions":{},"includedScopes":[]},{"contributions":{},"includedScopes":[]},{"contributions":{},"includedScopes":[]}]},"contributions":{},"includedScopes":[]},"contributions":{},"includedScopes":[]},"contributions":{},"includedScopes":[]},"contributions":{},"includedScopes":[]},"contributions":{},"includedScopes":[]},"contributions":{},"includedScopes":[]},"contributions":{},"includedScopes":[]},"sourceMap":{"end":{"column":59,"line":30,"offset":723},"start":{"column":58,"line":30,"offset":722}},"value":1}],"id":"5d7171f3-a05b-476d-8218-109d671030c1","message":"at","metadata":[],"receiver":{"id":"ee3cb70b-3b90-45ef-9914-b9b426713d11","metadata":[],"name":"game","scope":{"containerScope":{"containerScope":{"containerScope":{"containerScope":{"containerScope":{"containerScope":{"containerScope":{"containerScope":{"contributions":{},"includedScopes":[]},"contributions":{},"includedScopes":[{"contributions":{},"includedScopes":[]},{"contributions":{},"includedScopes":[]},{"contributions":{},"includedScopes":[]},{"contributions":{},"includedScopes":[]},{"contributions":{},"includedScopes":[]},{"contributions":{},"includedScopes":[]}]},"contributions":{},"includedScopes":[]},"contributions":{},"includedScopes":[]},"contributions":{},"includedScopes":[]},"contributions":{},"includedScopes":[]},"contributions":{},"includedScopes":[]},"contributions":{},"includedScopes":[]},"contributions":{},"includedScopes":[]},"sourceMap":{"end":{"column":52,"line":30,"offset":716},"start":{"column":48,"line":30,"offset":712}}},"scope":{"containerScope":{"containerScope":{"containerScope":{"containerScope":{"containerScope":{"containerScope":{"containerScope":{"contributions":{},"includedScopes":[]},"contributions":{},"includedScopes":[{"contributions":{},"includedScopes":[]},{"contributions":{},"includedScopes":[]},{"contributions":{},"includedScopes":[]},{"contributions":{},"includedScopes":[]},{"contributions":{},"includedScopes":[]},{"contributions":{},"includedScopes":[]}]},"contributions":{},"includedScopes":[]},"contributions":{},"includedScopes":[]},"contributions":{},"includedScopes":[]},"contributions":{},"includedScopes":[]},"contributions":{},"includedScopes":[]},"contributions":{},"includedScopes":[]},"sourceMap":{"end":{"column":60,"line":30,"offset":724},"start":{"column":48,"line":30,"offset":712}}}}],"id":"909ad43b-a510-48be-bb58-30392ad2ecbd","instantiated":{"id":"49ff9784-c866-4585-88a0-243f14082a8e","metadata":[],"name":"AntorchaAbj","scope":{"containerScope":{"containerScope":{"containerScope":{"containerScope":{"containerScope":{"containerScope":{"contributions":{},"includedScopes":[]},"contributions":{},"includedScopes":[{"contributions":{},"includedScopes":[]},{"contributions":{},"includedScopes":[]},{"contributions":{},"includedScopes":[]},{"contributions":{},"includedScopes":[]},{"contributions":{},"includedScopes":[]},{"contributions":{},"includedScopes":[]}]},"contributions":{},"includedScopes":[]},"contributions":{},"includedScopes":[]},"contributions":{},"includedScopes":[]},"contributions":{},"includedScopes":[]},"contributions":{},"includedScopes":[]},"sourceMap":{"end":{"column":36,"line":30,"offset":700},"start":{"column":25,"line":30,"offset":689}}},"metadata":[],"scope":{"containerScope":{"containerScope":{"containerScope":{"containerScope":{"containerScope":{"contributions":{},"includedScopes":[]},"contributions":{},"includedScopes":[{"contributions":{},"includedScopes":[]},{"contributions":{},"includedScopes":[]},{"contributions":{},"includedScopes":[]},{"contributions":{},"includedScopes":[]},{"contributions":{},"includedScopes":[]},{"contributions":{},"includedScopes":[]}]},"contributions":{},"includedScopes":[]},"contributions":{},"includedScopes":[]},"contributions":{},"includedScopes":[]},"contributions":{},"includedScopes":[]},"sourceMap":{"end":{"column":61,"line":30,"offset":725},"start":{"column":21,"line":30,"offset":685}}}},{"args":[{"id":"287e9eb7-21c9-4798-a9ad-97a43086cec6","metadata":[],"name":"antorcha3","scope":{"containerScope":{"containerScope":{"containerScope":{"containerScope":{"containerScope":{"contributions":{},"includedScopes":[]},"contributions":{},"includedScopes":[{"contributions":{},"includedScopes":[]},{"contributions":{},"includedScopes":[]},{"contributions":{},"includedScopes":[]},{"contributions":{},"includedScopes":[]},{"contributions":{},"includedScopes":[]},{"contributions":{},"includedScopes":[]}]},"contributions":{},"includedScopes":[]},"contributions":{},"includedScopes":[]},"contributions":{},"includedScopes":[]},"contributions":{},"includedScopes":[]},"sourceMap":{"end":{"column":27,"line":31,"offset":754},"start":{"column":18,"line":31,"offset":745}}}],"id":"e8ce818a-9eff-40e1-9409-a9d13e689b8b","message":"addVisual","metadata":[],"receiver":{"id":"796d5d05-d0ed-4ae6-bcc3-e7dcb5a1bc4c","metadata":[],"name":"game","scope":{"containerScope":{"containerScope":{"containerScope":{"containerScope":{"containerScope":{"contributions":{},"includedScopes":[]},"contributions":{},"includedScopes":[{"contributions":{},"includedScopes":[]},{"contributions":{},"includedScopes":[]},{"contributions":{},"includedScopes":[]},{"contributions":{},"includedScopes":[]},{"contributions":{},"includedScopes":[]},{"contributions":{},"includedScopes":[]}]},"contributions":{},"includedScopes":[]},"contributions":{},"includedScopes":[]},"contributions":{},"includedScopes":[]},"contributions":{},"includedScopes":[]},"sourceMap":{"end":{"column":7,"line":31,"offset":734},"start":{"column":3,"line":31,"offset":730}}},"scope":{"containerScope":{"containerScope":{"containerScope":{"containerScope":{"contributions":{},"includedScopes":[]},"contributions":{},"includedScopes":[{"contributions":{},"includedScopes":[]},{"contributions":{},"includedScopes":[]},{"contributions":{},"includedScopes":[]},{"contributions":{},"includedScopes":[]},{"contributions":{},"includedScopes":[]},{"contributions":{},"includedScopes":[]}]},"contributions":{},"includedScopes":[]},"contributions":{},"includedScopes":[]},"contributions":{},"includedScopes":[]},"sourceMap":{"end":{"column":28,"line":31,"offset":755},"start":{"column":2,"line":31,"offset":730}}},{"args":[],"id":"6908e365-c9d0-4c37-af59-e49d4dd3dcf6","message":"animar","metadata":[],"receiver":{"id":"0d663278-a490-49d4-b245-b2566fa9eedd","metadata":[],"name":"antorcha3","scope":{"containerScope":{"containerScope":{"containerScope":{"containerScope":{"containerScope":{"contributions":{},"includedScopes":[]},"contributions":{},"includedScopes":[{"contributions":{},"includedScopes":[]},{"contributions":{},"includedScopes":[]},{"contributions":{},"includedScopes":[]},{"contributions":{},"includedScopes":[]},{"contributions":{},"includedScopes":[]},{"contributions":{},"includedScopes":[]}]},"contributions":{},"includedScopes":[]},"contributions":{},"includedScopes":[]},"contributions":{},"includedScopes":[]},"contributions":{},"includedScopes":[]},"sourceMap":{"end":{"column":12,"line":32,"offset":768},"start":{"column":3,"line":32,"offset":759}}},"scope":{"containerScope":{"containerScope":{"containerScope":{"containerScope":{"contributions":{},"includedScopes":[]},"contributions":{},"includedScopes":[{"contributions":{},"includedScopes":[]},{"contributions":{},"includedScopes":[]},{"contributions":{},"includedScopes":[]},{"contributions":{},"includedScopes":[]},{"contributions":{},"includedScopes":[]},{"contributions":{},"includedScopes":[]}]},"contributions":{},"includedScopes":[]},"contributions":{},"includedScopes":[]},"contributions":{},"includedScopes":[]},"sourceMap":{"end":{"column":21,"line":32,"offset":777},"start":{"column":2,"line":32,"offset":759}}},{"id":"f6cc268c-307e-4220-a9d0-55b11666d3c7","isConstant":true,"metadata":[],"name":"antorcha4","scope":{"containerScope":{"containerScope":{"containerScope":{"containerScope":{"contributions":{},"includedScopes":[]},"contributions":{},"includedScopes":[{"contributions":{},"includedScopes":[]},{"contributions":{},"includedScopes":[]},{"contributions":{},"includedScopes":[]},{"contributions":{},"includedScopes":[]},{"contributions":{},"includedScopes":[]},{"contributions":{},"includedScopes":[]}]},"contributions":{},"includedScopes":[]},"contributions":{},"includedScopes":[]},"contributions":{},"includedScopes":[]},"sourceMap":{"end":{"column":61,"line":34,"offset":841},"start":{"column":3,"line":34,"offset":783}},"value":{"args":[{"id":"eb16352b-294f-43f3-a084-79d57d711486","metadata":[],"name":"position","scope":{"containerScope":{"containerScope":{"containerScope":{"containerScope":{"containerScope":{"containerScope":{"contributions":{},"includedScopes":[]},"contributions":{},"includedScopes":[{"contributions":{},"includedScopes":[]},{"contributions":{},"includedScopes":[]},{"contributions":{},"includedScopes":[]},{"contributions":{},"includedScopes":[]},{"contributions":{},"includedScopes":[]},{"contributions":{},"includedScopes":[]}]},"contributions":{},"includedScopes":[]},"contributions":{},"includedScopes":[]},"contributions":{},"includedScopes":[]},"contributions":{},"includedScopes":[]},"contributions":{},"includedScopes":[]},"sourceMap":{"end":{"column":60,"line":34,"offset":840},"start":{"column":37,"line":34,"offset":817}},"value":{"args":[{"id":"e3335e81-2420-4b0f-ba18-89efdeffc206","metadata":[],"scope":{"containerScope":{"containerScope":{"containerScope":{"containerScope":{"containerScope":{"containerScope":{"containerScope":{"containerScope":{"contributions":{},"includedScopes":[]},"contributions":{},"includedScopes":[{"contributions":{},"includedScopes":[]},{"contributions":{},"includedScopes":[]},{"contributions":{},"includedScopes":[]},{"contributions":{},"includedScopes":[]},{"contributions":{},"includedScopes":[]},{"contributions":{},"includedScopes":[]}]},"contributions":{},"includedScopes":[]},"contributions":{},"includedScopes":[]},"contributions":{},"includedScopes":[]},"contributions":{},"includedScopes":[]},"contributions":{},"includedScopes":[]},"contributions":{},"includedScopes":[]},"contributions":{},"includedScopes":[]},"sourceMap":{"end":{"column":57,"line":34,"offset":837},"start":{"column":56,"line":34,"offset":836}},"value":6},{"id":"34998b90-4481-48bb-99ee-f9a593fac5e4","metadata":[],"scope":{"containerScope":{"containerScope":{"containerScope":{"containerScope":{"containerScope":{"containerScope":{"containerScope":{"containerScope":{"contributions":{},"includedScopes":[]},"contributions":{},"includedScopes":[{"contributions":{},"includedScopes":[]},{"contributions":{},"includedScopes":[]},{"contributions":{},"includedScopes":[]},{"contributions":{},"includedScopes":[]},{"contributions":{},"includedScopes":[]},{"contributions":{},"includedScopes":[]}]},"contributions":{},"includedScopes":[]},"contributions":{},"includedScopes":[]},"contributions":{},"includedScopes":[]},"contributions":{},"includedScopes":[]},"contributions":{},"includedScopes":[]},"contributions":{},"includedScopes":[]},"contributions":{},"includedScopes":[]},"sourceMap":{"end":{"column":59,"line":34,"offset":839},"start":{"column":58,"line":34,"offset":838}},"value":1}],"id":"fe0a28cf-7e0b-486a-b83d-cdbae6f0d9ed","message":"at","metadata":[],"receiver":{"id":"b29268de-886a-4c1c-bd26-824a20dd5afd","metadata":[],"name":"game","scope":{"containerScope":{"containerScope":{"containerScope":{"containerScope":{"containerScope":{"containerScope":{"containerScope":{"containerScope":{"contributions":{},"includedScopes":[]},"contributions":{},"includedScopes":[{"contributions":{},"includedScopes":[]},{"contributions":{},"includedScopes":[]},{"contributions":{},"includedScopes":[]},{"contributions":{},"includedScopes":[]},{"contributions":{},"includedScopes":[]},{"contributions":{},"includedScopes":[]}]},"contributions":{},"includedScopes":[]},"contributions":{},"includedScopes":[]},"contributions":{},"includedScopes":[]},"contributions":{},"includedScopes":[]},"contributions":{},"includedScopes":[]},"contributions":{},"includedScopes":[]},"contributions":{},"includedScopes":[]},"sourceMap":{"end":{"column":52,"line":34,"offset":832},"start":{"column":48,"line":34,"offset":828}}},"scope":{"containerScope":{"containerScope":{"containerScope":{"containerScope":{"containerScope":{"containerScope":{"containerScope":{"contributions":{},"includedScopes":[]},"contributions":{},"includedScopes":[{"contributions":{},"includedScopes":[]},{"contributions":{},"includedScopes":[]},{"contributions":{},"includedScopes":[]},{"contributions":{},"includedScopes":[]},{"contributions":{},"includedScopes":[]},{"contributions":{},"includedScopes":[]}]},"contributions":{},"includedScopes":[]},"contributions":{},"includedScopes":[]},"contributions":{},"includedScopes":[]},"contributions":{},"includedScopes":[]},"contributions":{},"includedScopes":[]},"contributions":{},"includedScopes":[]},"sourceMap":{"end":{"column":60,"line":34,"offset":840},"start":{"column":48,"line":34,"offset":828}}}}],"id":"19c507f1-83b9-4fcc-a4d3-c6b04bdd66c2","instantiated":{"id":"79ead5bf-a582-4545-bd6e-7a53b3205e1c","metadata":[],"name":"AntorchaAbj","scope":{"containerScope":{"containerScope":{"containerScope":{"containerScope":{"containerScope":{"containerScope":{"contributions":{},"includedScopes":[]},"contributions":{},"includedScopes":[{"contributions":{},"includedScopes":[]},{"contributions":{},"includedScopes":[]},{"contributions":{},"includedScopes":[]},{"contributions":{},"includedScopes":[]},{"contributions":{},"includedScopes":[]},{"contributions":{},"includedScopes":[]}]},"contributions":{},"includedScopes":[]},"contributions":{},"includedScopes":[]},"contributions":{},"includedScopes":[]},"contributions":{},"includedScopes":[]},"contributions":{},"includedScopes":[]},"sourceMap":{"end":{"column":36,"line":34,"offset":816},"start":{"column":25,"line":34,"offset":805}}},"metadata":[],"scope":{"containerScope":{"containerScope":{"containerScope":{"containerScope":{"containerScope":{"contributions":{},"includedScopes":[]},"contributions":{},"includedScopes":[{"contributions":{},"includedScopes":[]},{"contributions":{},"includedScopes":[]},{"contributions":{},"includedScopes":[]},{"contributions":{},"includedScopes":[]},{"contributions":{},"includedScopes":[]},{"contributions":{},"includedScopes":[]}]},"contributions":{},"includedScopes":[]},"contributions":{},"includedScopes":[]},"contributions":{},"includedScopes":[]},"contributions":{},"includedScopes":[]},"sourceMap":{"end":{"column":61,"line":34,"offset":841},"start":{"column":21,"line":34,"offset":801}}}},{"args":[{"id":"3ecb4714-39fb-418d-b250-7878ab94c59b","metadata":[],"name":"antorcha4","scope":{"containerScope":{"containerScope":{"containerScope":{"containerScope":{"containerScope":{"contributions":{},"includedScopes":[]},"contributions":{},"includedScopes":[{"contributions":{},"includedScopes":[]},{"contributions":{},"includedScopes":[]},{"contributions":{},"includedScopes":[]},{"contributions":{},"includedScopes":[]},{"contributions":{},"includedScopes":[]},{"contributions":{},"includedScopes":[]}]},"contributions":{},"includedScopes":[]},"contributions":{},"includedScopes":[]},"contributions":{},"includedScopes":[]},"contributions":{},"includedScopes":[]},"sourceMap":{"end":{"column":27,"line":35,"offset":870},"start":{"column":18,"line":35,"offset":861}}}],"id":"429124dc-52c8-4579-8a39-bdf5eba943be","message":"addVisual","metadata":[],"receiver":{"id":"906dbe20-a4ee-4766-8135-e8bb4d6beb74","metadata":[],"name":"game","scope":{"containerScope":{"containerScope":{"containerScope":{"containerScope":{"containerScope":{"contributions":{},"includedScopes":[]},"contributions":{},"includedScopes":[{"contributions":{},"includedScopes":[]},{"contributions":{},"includedScopes":[]},{"contributions":{},"includedScopes":[]},{"contributions":{},"includedScopes":[]},{"contributions":{},"includedScopes":[]},{"contributions":{},"includedScopes":[]}]},"contributions":{},"includedScopes":[]},"contributions":{},"includedScopes":[]},"contributions":{},"includedScopes":[]},"contributions":{},"includedScopes":[]},"sourceMap":{"end":{"column":7,"line":35,"offset":850},"start":{"column":3,"line":35,"offset":846}}},"scope":{"containerScope":{"containerScope":{"containerScope":{"containerScope":{"contributions":{},"includedScopes":[]},"contributions":{},"includedScopes":[{"contributions":{},"includedScopes":[]},{"contributions":{},"includedScopes":[]},{"contributions":{},"includedScopes":[]},{"contributions":{},"includedScopes":[]},{"contributions":{},"includedScopes":[]},{"contributions":{},"includedScopes":[]}]},"contributions":{},"includedScopes":[]},"contributions":{},"includedScopes":[]},"contributions":{},"includedScopes":[]},"sourceMap":{"end":{"column":28,"line":35,"offset":871},"start":{"column":2,"line":35,"offset":846}}},{"args":[],"id":"0c8b9f81-8ad5-44f5-a02a-c06a83ab23ff","message":"animar","metadata":[],"receiver":{"id":"97b49b7d-ce65-4ff4-a505-64aeffb4d5a0","metadata":[],"name":"antorcha4","scope":{"containerScope":{"containerScope":{"containerScope":{"containerScope":{"containerScope":{"contributions":{},"includedScopes":[]},"contributions":{},"includedScopes":[{"contributions":{},"includedScopes":[]},{"contributions":{},"includedScopes":[]},{"contributions":{},"includedScopes":[]},{"contributions":{},"includedScopes":[]},{"contributions":{},"includedScopes":[]},{"contributions":{},"includedScopes":[]}]},"contributions":{},"includedScopes":[]},"contributions":{},"includedScopes":[]},"contributions":{},"includedScopes":[]},"contributions":{},"includedScopes":[]},"sourceMap":{"end":{"column":12,"line":36,"offset":884},"start":{"column":3,"line":36,"offset":875}}},"scope":{"containerScope":{"containerScope":{"containerScope":{"containerScope":{"contributions":{},"includedScopes":[]},"contributions":{},"includedScopes":[{"contributions":{},"includedScopes":[]},{"contributions":{},"includedScopes":[]},{"contributions":{},"includedScopes":[]},{"contributions":{},"includedScopes":[]},{"contributions":{},"includedScopes":[]},{"contributions":{},"includedScopes":[]}]},"contributions":{},"includedScopes":[]},"contributions":{},"includedScopes":[]},"contributions":{},"includedScopes":[]},"sourceMap":{"end":{"column":21,"line":36,"offset":893},"start":{"column":2,"line":36,"offset":875}}},{"id":"4fdac1dd-d3a8-4f86-91e1-f2aaa7c4e6f0","isConstant":true,"metadata":[],"name":"pincho","scope":{"containerScope":{"containerScope":{"containerScope":{"containerScope":{"contributions":{},"includedScopes":[]},"contributions":{},"includedScopes":[{"contributions":{},"includedScopes":[]},{"contributions":{},"includedScopes":[]},{"contributions":{},"includedScopes":[]},{"contributions":{},"includedScopes":[]},{"contributions":{},"includedScopes":[]},{"contributions":{},"includedScopes":[]}]},"contributions":{},"includedScopes":[]},"contributions":{},"includedScopes":[]},"contributions":{},"includedScopes":[]},"sourceMap":{"end":{"column":54,"line":38,"offset":950},"start":{"column":3,"line":38,"offset":899}},"value":{"args":[{"id":"eb58a822-2677-4dd8-92d4-107103f5d34b","metadata":[],"name":"position","scope":{"containerScope":{"containerScope":{"containerScope":{"containerScope":{"containerScope":{"containerScope":{"contributions":{},"includedScopes":[]},"contributions":{},"includedScopes":[{"contributions":{},"includedScopes":[]},{"contributions":{},"includedScopes":[]},{"contributions":{},"includedScopes":[]},{"contributions":{},"includedScopes":[]},{"contributions":{},"includedScopes":[]},{"contributions":{},"includedScopes":[]}]},"contributions":{},"includedScopes":[]},"contributions":{},"includedScopes":[]},"contributions":{},"includedScopes":[]},"contributions":{},"includedScopes":[]},"contributions":{},"includedScopes":[]},"sourceMap":{"end":{"column":53,"line":38,"offset":949},"start":{"column":30,"line":38,"offset":926}},"value":{"args":[{"id":"6db10d2f-67cf-44ae-88d5-63e36eb81d1f","metadata":[],"scope":{"containerScope":{"containerScope":{"containerScope":{"containerScope":{"containerScope":{"containerScope":{"containerScope":{"containerScope":{"contributions":{},"includedScopes":[]},"contributions":{},"includedScopes":[{"contributions":{},"includedScopes":[]},{"contributions":{},"includedScopes":[]},{"contributions":{},"includedScopes":[]},{"contributions":{},"includedScopes":[]},{"contributions":{},"includedScopes":[]},{"contributions":{},"includedScopes":[]}]},"contributions":{},"includedScopes":[]},"contributions":{},"includedScopes":[]},"contributions":{},"includedScopes":[]},"contributions":{},"includedScopes":[]},"contributions":{},"includedScopes":[]},"contributions":{},"includedScopes":[]},"contributions":{},"includedScopes":[]},"sourceMap":{"end":{"column":50,"line":38,"offset":946},"start":{"column":49,"line":38,"offset":945}},"value":4},{"id":"dd0371ba-2c91-4187-b485-bec83a25aae4","metadata":[],"scope":{"containerScope":{"containerScope":{"containerScope":{"containerScope":{"containerScope":{"containerScope":{"containerScope":{"containerScope":{"contributions":{},"includedScopes":[]},"contributions":{},"includedScopes":[{"contributions":{},"includedScopes":[]},{"contributions":{},"includedScopes":[]},{"contributions":{},"includedScopes":[]},{"contributions":{},"includedScopes":[]},{"contributions":{},"includedScopes":[]},{"contributions":{},"includedScopes":[]}]},"contributions":{},"includedScopes":[]},"contributions":{},"includedScopes":[]},"contributions":{},"includedScopes":[]},"contributions":{},"includedScopes":[]},"contributions":{},"includedScopes":[]},"contributions":{},"includedScopes":[]},"contributions":{},"includedScopes":[]},"sourceMap":{"end":{"column":52,"line":38,"offset":948},"start":{"column":51,"line":38,"offset":947}},"value":3}],"id":"610bdbfc-8333-46bf-a19e-16e4726b1961","message":"at","metadata":[],"receiver":{"id":"bc499769-d8c8-4195-afc5-a40506a3d4a0","metadata":[],"name":"game","scope":{"containerScope":{"containerScope":{"containerScope":{"containerScope":{"containerScope":{"containerScope":{"containerScope":{"containerScope":{"contributions":{},"includedScopes":[]},"contributions":{},"includedScopes":[{"contributions":{},"includedScopes":[]},{"contributions":{},"includedScopes":[]},{"contributions":{},"includedScopes":[]},{"contributions":{},"includedScopes":[]},{"contributions":{},"includedScopes":[]},{"contributions":{},"includedScopes":[]}]},"contributions":{},"includedScopes":[]},"contributions":{},"includedScopes":[]},"contributions":{},"includedScopes":[]},"contributions":{},"includedScopes":[]},"contributions":{},"includedScopes":[]},"contributions":{},"includedScopes":[]},"contributions":{},"includedScopes":[]},"sourceMap":{"end":{"column":45,"line":38,"offset":941},"start":{"column":41,"line":38,"offset":937}}},"scope":{"containerScope":{"containerScope":{"containerScope":{"containerScope":{"containerScope":{"containerScope":{"containerScope":{"contributions":{},"includedScopes":[]},"contributions":{},"includedScopes":[{"contributions":{},"includedScopes":[]},{"contributions":{},"includedScopes":[]},{"contributions":{},"includedScopes":[]},{"contributions":{},"includedScopes":[]},{"contributions":{},"includedScopes":[]},{"contributions":{},"includedScopes":[]}]},"contributions":{},"includedScopes":[]},"contributions":{},"includedScopes":[]},"contributions":{},"includedScopes":[]},"contributions":{},"includedScopes":[]},"contributions":{},"includedScopes":[]},"contributions":{},"includedScopes":[]},"sourceMap":{"end":{"column":53,"line":38,"offset":949},"start":{"column":41,"line":38,"offset":937}}}}],"id":"5c5a975b-5339-4279-aded-d409f0f76d87","instantiated":{"id":"284fc12a-cd3f-439d-803c-3517e2c069fe","metadata":[],"name":"Pinchos","scope":{"containerScope":{"containerScope":{"containerScope":{"containerScope":{"containerScope":{"containerScope":{"contributions":{},"includedScopes":[]},"contributions":{},"includedScopes":[{"contributions":{},"includedScopes":[]},{"contributions":{},"includedScopes":[]},{"contributions":{},"includedScopes":[]},{"contributions":{},"includedScopes":[]},{"contributions":{},"includedScopes":[]},{"contributions":{},"includedScopes":[]}]},"contributions":{},"includedScopes":[]},"contributions":{},"includedScopes":[]},"contributions":{},"includedScopes":[]},"contributions":{},"includedScopes":[]},"contributions":{},"includedScopes":[]},"sourceMap":{"end":{"column":29,"line":38,"offset":925},"start":{"column":22,"line":38,"offset":918}}},"metadata":[],"scope":{"containerScope":{"containerScope":{"containerScope":{"containerScope":{"containerScope":{"contributions":{},"includedScopes":[]},"contributions":{},"includedScopes":[{"contributions":{},"includedScopes":[]},{"contributions":{},"includedScopes":[]},{"contributions":{},"includedScopes":[]},{"contributions":{},"includedScopes":[]},{"contributions":{},"includedScopes":[]},{"contributions":{},"includedScopes":[]}]},"contributions":{},"includedScopes":[]},"contributions":{},"includedScopes":[]},"contributions":{},"includedScopes":[]},"contributions":{},"includedScopes":[]},"sourceMap":{"end":{"column":54,"line":38,"offset":950},"start":{"column":18,"line":38,"offset":914}}}},{"args":[{"id":"46b1c0f1-b836-4627-b758-47b10aef11c8","metadata":[],"name":"pincho","scope":{"containerScope":{"containerScope":{"containerScope":{"containerScope":{"containerScope":{"contributions":{},"includedScopes":[]},"contributions":{},"includedScopes":[{"contributions":{},"includedScopes":[]},{"contributions":{},"includedScopes":[]},{"contributions":{},"includedScopes":[]},{"contributions":{},"includedScopes":[]},{"contributions":{},"includedScopes":[]},{"contributions":{},"includedScopes":[]}]},"contributions":{},"includedScopes":[]},"contributions":{},"includedScopes":[]},"contributions":{},"includedScopes":[]},"contributions":{},"includedScopes":[]},"sourceMap":{"end":{"column":24,"line":39,"offset":975},"start":{"column":18,"line":39,"offset":969}}}],"id":"140d9d93-3358-4060-b21c-d5eaf94f9eeb","message":"addVisual","metadata":[],"receiver":{"id":"edc2d977-4365-49ec-8a1d-1e6ff8bb2b0a","metadata":[],"name":"game","scope":{"containerScope":{"containerScope":{"containerScope":{"containerScope":{"containerScope":{"contributions":{},"includedScopes":[]},"contributions":{},"includedScopes":[{"contributions":{},"includedScopes":[]},{"contributions":{},"includedScopes":[]},{"contributions":{},"includedScopes":[]},{"contributions":{},"includedScopes":[]},{"contributions":{},"includedScopes":[]},{"contributions":{},"includedScopes":[]}]},"contributions":{},"includedScopes":[]},"contributions":{},"includedScopes":[]},"contributions":{},"includedScopes":[]},"contributions":{},"includedScopes":[]},"sourceMap":{"end":{"column":7,"line":39,"offset":958},"start":{"column":3,"line":39,"offset":954}}},"scope":{"containerScope":{"containerScope":{"containerScope":{"containerScope":{"contributions":{},"includedScopes":[]},"contributions":{},"includedScopes":[{"contributions":{},"includedScopes":[]},{"contributions":{},"includedScopes":[]},{"contributions":{},"includedScopes":[]},{"contributions":{},"includedScopes":[]},{"contributions":{},"includedScopes":[]},{"contributions":{},"includedScopes":[]}]},"contributions":{},"includedScopes":[]},"contributions":{},"includedScopes":[]},"contributions":{},"includedScopes":[]},"sourceMap":{"end":{"column":25,"line":39,"offset":976},"start":{"column":3,"line":39,"offset":954}}},{"id":"931e33d8-ec7f-4912-8bbe-30658b2cd9b2","isConstant":true,"metadata":[],"name":"pincho2","scope":{"containerScope":{"containerScope":{"containerScope":{"containerScope":{"contributions":{},"includedScopes":[]},"contributions":{},"includedScopes":[{"contributions":{},"includedScopes":[]},{"contributions":{},"includedScopes":[]},{"contributions":{},"includedScopes":[]},{"contributions":{},"includedScopes":[]},{"contributions":{},"includedScopes":[]},{"contributions":{},"includedScopes":[]}]},"contributions":{},"includedScopes":[]},"contributions":{},"includedScopes":[]},"contributions":{},"includedScopes":[]},"sourceMap":{"end":{"column":55,"line":41,"offset":1034},"start":{"column":3,"line":41,"offset":982}},"value":{"args":[{"id":"3e1dab6e-cbf9-4143-8344-b2745516a4d5","metadata":[],"name":"position","scope":{"containerScope":{"containerScope":{"containerScope":{"containerScope":{"containerScope":{"containerScope":{"contributions":{},"includedScopes":[]},"contributions":{},"includedScopes":[{"contributions":{},"includedScopes":[]},{"contributions":{},"includedScopes":[]},{"contributions":{},"includedScopes":[]},{"contributions":{},"includedScopes":[]},{"contributions":{},"includedScopes":[]},{"contributions":{},"includedScopes":[]}]},"contributions":{},"includedScopes":[]},"contributions":{},"includedScopes":[]},"contributions":{},"includedScopes":[]},"contributions":{},"includedScopes":[]},"contributions":{},"includedScopes":[]},"sourceMap":{"end":{"column":54,"line":41,"offset":1033},"start":{"column":31,"line":41,"offset":1010}},"value":{"args":[{"id":"ca78bd46-8340-4196-a00c-4e3c34143f72","metadata":[],"scope":{"containerScope":{"containerScope":{"containerScope":{"containerScope":{"containerScope":{"containerScope":{"containerScope":{"containerScope":{"contributions":{},"includedScopes":[]},"contributions":{},"includedScopes":[{"contributions":{},"includedScopes":[]},{"contributions":{},"includedScopes":[]},{"contributions":{},"includedScopes":[]},{"contributions":{},"includedScopes":[]},{"contributions":{},"includedScopes":[]},{"contributions":{},"includedScopes":[]}]},"contributions":{},"includedScopes":[]},"contributions":{},"includedScopes":[]},"contributions":{},"includedScopes":[]},"contributions":{},"includedScopes":[]},"contributions":{},"includedScopes":[]},"contributions":{},"includedScopes":[]},"contributions":{},"includedScopes":[]},"sourceMap":{"end":{"column":51,"line":41,"offset":1030},"start":{"column":50,"line":41,"offset":1029}},"value":4},{"id":"7cee9511-9d80-4c5c-b49f-b551fb521ebd","metadata":[],"scope":{"containerScope":{"containerScope":{"containerScope":{"containerScope":{"containerScope":{"containerScope":{"containerScope":{"containerScope":{"contributions":{},"includedScopes":[]},"contributions":{},"includedScopes":[{"contributions":{},"includedScopes":[]},{"contributions":{},"includedScopes":[]},{"contributions":{},"includedScopes":[]},{"contributions":{},"includedScopes":[]},{"contributions":{},"includedScopes":[]},{"contributions":{},"includedScopes":[]}]},"contributions":{},"includedScopes":[]},"contributions":{},"includedScopes":[]},"contributions":{},"includedScopes":[]},"contributions":{},"includedScopes":[]},"contributions":{},"includedScopes":[]},"contributions":{},"includedScopes":[]},"contributions":{},"includedScopes":[]},"sourceMap":{"end":{"column":53,"line":41,"offset":1032},"start":{"column":52,"line":41,"offset":1031}},"value":4}],"id":"ebbd6f84-cabc-4a35-b1fe-17cb390dc3f3","message":"at","metadata":[],"receiver":{"id":"404076b8-2f6b-4cec-a47b-5e7f6f26ca51","metadata":[],"name":"game","scope":{"containerScope":{"containerScope":{"containerScope":{"containerScope":{"containerScope":{"containerScope":{"containerScope":{"containerScope":{"contributions":{},"includedScopes":[]},"contributions":{},"includedScopes":[{"contributions":{},"includedScopes":[]},{"contributions":{},"includedScopes":[]},{"contributions":{},"includedScopes":[]},{"contributions":{},"includedScopes":[]},{"contributions":{},"includedScopes":[]},{"contributions":{},"includedScopes":[]}]},"contributions":{},"includedScopes":[]},"contributions":{},"includedScopes":[]},"contributions":{},"includedScopes":[]},"contributions":{},"includedScopes":[]},"contributions":{},"includedScopes":[]},"contributions":{},"includedScopes":[]},"contributions":{},"includedScopes":[]},"sourceMap":{"end":{"column":46,"line":41,"offset":1025},"start":{"column":42,"line":41,"offset":1021}}},"scope":{"containerScope":{"containerScope":{"containerScope":{"containerScope":{"containerScope":{"containerScope":{"containerScope":{"contributions":{},"includedScopes":[]},"contributions":{},"includedScopes":[{"contributions":{},"includedScopes":[]},{"contributions":{},"includedScopes":[]},{"contributions":{},"includedScopes":[]},{"contributions":{},"includedScopes":[]},{"contributions":{},"includedScopes":[]},{"contributions":{},"includedScopes":[]}]},"contributions":{},"includedScopes":[]},"contributions":{},"includedScopes":[]},"contributions":{},"includedScopes":[]},"contributions":{},"includedScopes":[]},"contributions":{},"includedScopes":[]},"contributions":{},"includedScopes":[]},"sourceMap":{"end":{"column":54,"line":41,"offset":1033},"start":{"column":42,"line":41,"offset":1021}}}}],"id":"f439a8ce-8e68-499a-9c79-6d13fa64de6e","instantiated":{"id":"e58452e0-6716-4d58-a317-8a9d185b178c","metadata":[],"name":"Pinchos","scope":{"containerScope":{"containerScope":{"containerScope":{"containerScope":{"containerScope":{"containerScope":{"contributions":{},"includedScopes":[]},"contributions":{},"includedScopes":[{"contributions":{},"includedScopes":[]},{"contributions":{},"includedScopes":[]},{"contributions":{},"includedScopes":[]},{"contributions":{},"includedScopes":[]},{"contributions":{},"includedScopes":[]},{"contributions":{},"includedScopes":[]}]},"contributions":{},"includedScopes":[]},"contributions":{},"includedScopes":[]},"contributions":{},"includedScopes":[]},"contributions":{},"includedScopes":[]},"contributions":{},"includedScopes":[]},"sourceMap":{"end":{"column":30,"line":41,"offset":1009},"start":{"column":23,"line":41,"offset":1002}}},"metadata":[],"scope":{"containerScope":{"containerScope":{"containerScope":{"containerScope":{"containerScope":{"contributions":{},"includedScopes":[]},"contributions":{},"includedScopes":[{"contributions":{},"includedScopes":[]},{"contributions":{},"includedScopes":[]},{"contributions":{},"includedScopes":[]},{"contributions":{},"includedScopes":[]},{"contributions":{},"includedScopes":[]},{"contributions":{},"includedScopes":[]}]},"contributions":{},"includedScopes":[]},"contributions":{},"includedScopes":[]},"contributions":{},"includedScopes":[]},"contributions":{},"includedScopes":[]},"sourceMap":{"end":{"column":55,"line":41,"offset":1034},"start":{"column":19,"line":41,"offset":998}}}},{"args":[{"id":"880462d6-c677-4830-b2bb-3574c6166e36","metadata":[],"name":"pincho2","scope":{"containerScope":{"containerScope":{"containerScope":{"containerScope":{"containerScope":{"contributions":{},"includedScopes":[]},"contributions":{},"includedScopes":[{"contributions":{},"includedScopes":[]},{"contributions":{},"includedScopes":[]},{"contributions":{},"includedScopes":[]},{"contributions":{},"includedScopes":[]},{"contributions":{},"includedScopes":[]},{"contributions":{},"includedScopes":[]}]},"contributions":{},"includedScopes":[]},"contributions":{},"includedScopes":[]},"contributions":{},"includedScopes":[]},"contributions":{},"includedScopes":[]},"sourceMap":{"end":{"column":25,"line":42,"offset":1060},"start":{"column":18,"line":42,"offset":1053}}}],"id":"73658084-2f94-4b39-87bd-b946ed35a316","message":"addVisual","metadata":[],"receiver":{"id":"3fdc06b4-374a-4ada-a6b8-12612878591f","metadata":[],"name":"game","scope":{"containerScope":{"containerScope":{"containerScope":{"containerScope":{"containerScope":{"contributions":{},"includedScopes":[]},"contributions":{},"includedScopes":[{"contributions":{},"includedScopes":[]},{"contributions":{},"includedScopes":[]},{"contributions":{},"includedScopes":[]},{"contributions":{},"includedScopes":[]},{"contributions":{},"includedScopes":[]},{"contributions":{},"includedScopes":[]}]},"contributions":{},"includedScopes":[]},"contributions":{},"includedScopes":[]},"contributions":{},"includedScopes":[]},"contributions":{},"includedScopes":[]},"sourceMap":{"end":{"column":7,"line":42,"offset":1042},"start":{"column":3,"line":42,"offset":1038}}},"scope":{"containerScope":{"containerScope":{"containerScope":{"containerScope":{"contributions":{},"includedScopes":[]},"contributions":{},"includedScopes":[{"contributions":{},"includedScopes":[]},{"contributions":{},"includedScopes":[]},{"contributions":{},"includedScopes":[]},{"contributions":{},"includedScopes":[]},{"contributions":{},"includedScopes":[]},{"contributions":{},"includedScopes":[]}]},"contributions":{},"includedScopes":[]},"contributions":{},"includedScopes":[]},"contributions":{},"includedScopes":[]},"sourceMap":{"end":{"column":26,"line":42,"offset":1061},"start":{"column":3,"line":42,"offset":1038}}},{"id":"a0b3c270-b1d3-4f8d-bb85-3bc76873c3d5","isConstant":true,"metadata":[],"name":"palanca","scope":{"containerScope":{"containerScope":{"containerScope":{"containerScope":{"contributions":{},"includedScopes":[]},"contributions":{},"includedScopes":[{"contributions":{},"includedScopes":[]},{"contributions":{},"includedScopes":[]},{"contributions":{},"includedScopes":[]},{"contributions":{},"includedScopes":[]},{"contributions":{},"includedScopes":[]},{"contributions":{},"includedScopes":[]}]},"contributions":{},"includedScopes":[]},"contributions":{},"includedScopes":[]},"contributions":{},"includedScopes":[]},"sourceMap":{"end":{"column":89,"line":44,"offset":1153},"start":{"column":3,"line":44,"offset":1067}},"value":{"args":[{"id":"b162645d-df9b-4d0c-b376-67bae1e8926a","metadata":[],"name":"position","scope":{"containerScope":{"containerScope":{"containerScope":{"containerScope":{"containerScope":{"containerScope":{"contributions":{},"includedScopes":[]},"contributions":{},"includedScopes":[{"contributions":{},"includedScopes":[]},{"contributions":{},"includedScopes":[]},{"contributions":{},"includedScopes":[]},{"contributions":{},"includedScopes":[]},{"contributions":{},"includedScopes":[]},{"contributions":{},"includedScopes":[]}]},"contributions":{},"includedScopes":[]},"contributions":{},"includedScopes":[]},"contributions":{},"includedScopes":[]},"contributions":{},"includedScopes":[]},"contributions":{},"includedScopes":[]},"sourceMap":{"end":{"column":54,"line":44,"offset":1118},"start":{"column":31,"line":44,"offset":1095}},"value":{"args":[{"id":"ed2b1e6d-a04b-4757-bde2-2d2db62c592c","metadata":[],"scope":{"containerScope":{"containerScope":{"containerScope":{"containerScope":{"containerScope":{"containerScope":{"containerScope":{"containerScope":{"contributions":{},"includedScopes":[]},"contributions":{},"includedScopes":[{"contributions":{},"includedScopes":[]},{"contributions":{},"includedScopes":[]},{"contributions":{},"includedScopes":[]},{"contributions":{},"includedScopes":[]},{"contributions":{},"includedScopes":[]},{"contributions":{},"includedScopes":[]}]},"contributions":{},"includedScopes":[]},"contributions":{},"includedScopes":[]},"contributions":{},"includedScopes":[]},"contributions":{},"includedScopes":[]},"contributions":{},"includedScopes":[]},"contributions":{},"includedScopes":[]},"contributions":{},"includedScopes":[]},"sourceMap":{"end":{"column":51,"line":44,"offset":1115},"start":{"column":50,"line":44,"offset":1114}},"value":3},{"id":"b1c2ca4e-9c72-43d0-90d5-d8c69ebc3acb","metadata":[],"scope":{"containerScope":{"containerScope":{"containerScope":{"containerScope":{"containerScope":{"containerScope":{"containerScope":{"containerScope":{"contributions":{},"includedScopes":[]},"contributions":{},"includedScopes":[{"contributions":{},"includedScopes":[]},{"contributions":{},"includedScopes":[]},{"contributions":{},"includedScopes":[]},{"contributions":{},"includedScopes":[]},{"contributions":{},"includedScopes":[]},{"contributions":{},"includedScopes":[]}]},"contributions":{},"includedScopes":[]},"contributions":{},"includedScopes":[]},"contributions":{},"includedScopes":[]},"contributions":{},"includedScopes":[]},"contributions":{},"includedScopes":[]},"contributions":{},"includedScopes":[]},"contributions":{},"includedScopes":[]},"sourceMap":{"end":{"column":53,"line":44,"offset":1117},"start":{"column":52,"line":44,"offset":1116}},"value":3}],"id":"062dea3b-7182-4ded-b0fa-30bb17352c3e","message":"at","metadata":[],"receiver":{"id":"856e6d26-00cd-4d92-8b12-e25dd4d17f9a","metadata":[],"name":"game","scope":{"containerScope":{"containerScope":{"containerScope":{"containerScope":{"containerScope":{"containerScope":{"containerScope":{"containerScope":{"contributions":{},"includedScopes":[]},"contributions":{},"includedScopes":[{"contributions":{},"includedScopes":[]},{"contributions":{},"includedScopes":[]},{"contributions":{},"includedScopes":[]},{"contributions":{},"includedScopes":[]},{"contributions":{},"includedScopes":[]},{"contributions":{},"includedScopes":[]}]},"contributions":{},"includedScopes":[]},"contributions":{},"includedScopes":[]},"contributions":{},"includedScopes":[]},"contributions":{},"includedScopes":[]},"contributions":{},"includedScopes":[]},"contributions":{},"includedScopes":[]},"contributions":{},"includedScopes":[]},"sourceMap":{"end":{"column":46,"line":44,"offset":1110},"start":{"column":42,"line":44,"offset":1106}}},"scope":{"containerScope":{"containerScope":{"containerScope":{"containerScope":{"containerScope":{"containerScope":{"containerScope":{"contributions":{},"includedScopes":[]},"contributions":{},"includedScopes":[{"contributions":{},"includedScopes":[]},{"contributions":{},"includedScopes":[]},{"contributions":{},"includedScopes":[]},{"contributions":{},"includedScopes":[]},{"contributions":{},"includedScopes":[]},{"contributions":{},"includedScopes":[]}]},"contributions":{},"includedScopes":[]},"contributions":{},"includedScopes":[]},"contributions":{},"includedScopes":[]},"contributions":{},"includedScopes":[]},"contributions":{},"includedScopes":[]},"contributions":{},"includedScopes":[]},"sourceMap":{"end":{"column":54,"line":44,"offset":1118},"start":{"column":42,"line":44,"offset":1106}}}},{"id":"d1534037-07b1-4135-a294-3cd5d9d3c357","metadata":[],"name":"listaObjetos","scope":{"containerScope":{"containerScope":{"containerScope":{"containerScope":{"containerScope":{"containerScope":{"contributions":{},"includedScopes":[]},"contributions":{},"includedScopes":[{"contributions":{},"includedScopes":[]},{"contributions":{},"includedScopes":[]},{"contributions":{},"includedScopes":[]},{"contributions":{},"includedScopes":[]},{"contributions":{},"includedScopes":[]},{"contributions":{},"includedScopes":[]}]},"contributions":{},"includedScopes":[]},"contributions":{},"includedScopes":[]},"contributions":{},"includedScopes":[]},"contributions":{},"includedScopes":[]},"contributions":{},"includedScopes":[]},"sourceMap":{"end":{"column":88,"line":44,"offset":1152},"start":{"column":56,"line":44,"offset":1120}},"value":{"id":"0c43b6a9-2400-4337-a5a2-6296414dfdc0","metadata":[],"scope":{"containerScope":{"containerScope":{"containerScope":{"containerScope":{"containerScope":{"containerScope":{"containerScope":{"contributions":{},"includedScopes":[]},"contributions":{},"includedScopes":[{"contributions":{},"includedScopes":[]},{"contributions":{},"includedScopes":[]},{"contributions":{},"includedScopes":[]},{"contributions":{},"includedScopes":[]},{"contributions":{},"includedScopes":[]},{"contributions":{},"includedScopes":[]}]},"contributions":{},"includedScopes":[]},"contributions":{},"includedScopes":[]},"contributions":{},"includedScopes":[]},"contributions":{},"includedScopes":[]},"contributions":{},"includedScopes":[]},"contributions":{},"includedScopes":[]},"sourceMap":{"end":{"column":88,"line":44,"offset":1152},"start":{"column":71,"line":44,"offset":1135}},"value":[{"id":"8f40a9cf-74ca-4ad8-aecc-b7d1c53e7c42","metadata":[],"name":"wollok.lang.List","scope":{"containerScope":{"containerScope":{"containerScope":{"containerScope":{"containerScope":{"containerScope":{"containerScope":{"containerScope":{"contributions":{},"includedScopes":[]},"contributions":{},"includedScopes":[{"contributions":{},"includedScopes":[]},{"contributions":{},"includedScopes":[]},{"contributions":{},"includedScopes":[]},{"contributions":{},"includedScopes":[]},{"contributions":{},"includedScopes":[]},{"contributions":{},"includedScopes":[]}]},"contributions":{},"includedScopes":[]},"contributions":{},"includedScopes":[]},"contributions":{},"includedScopes":[]},"contributions":{},"includedScopes":[]},"contributions":{},"includedScopes":[]},"contributions":{},"includedScopes":[]},"contributions":{},"includedScopes":[]}},[{"id":"894c017c-f269-40ab-abf0-11360f3d2cf3","metadata":[],"name":"pincho","scope":{"containerScope":{"containerScope":{"containerScope":{"containerScope":{"containerScope":{"containerScope":{"containerScope":{"containerScope":{"contributions":{},"includedScopes":[]},"contributions":{},"includedScopes":[{"contributions":{},"includedScopes":[]},{"contributions":{},"includedScopes":[]},{"contributions":{},"includedScopes":[]},{"contributions":{},"includedScopes":[]},{"contributions":{},"includedScopes":[]},{"contributions":{},"includedScopes":[]}]},"contributions":{},"includedScopes":[]},"contributions":{},"includedScopes":[]},"contributions":{},"includedScopes":[]},"contributions":{},"includedScopes":[]},"contributions":{},"includedScopes":[]},"contributions":{},"includedScopes":[]},"contributions":{},"includedScopes":[]},"sourceMap":{"end":{"column":78,"line":44,"offset":1142},"start":{"column":72,"line":44,"offset":1136}}},{"id":"69898ba9-d3e1-442f-a3d7-afa96d7e9e63","metadata":[],"name":"pincho2","scope":{"containerScope":{"containerScope":{"containerScope":{"containerScope":{"containerScope":{"containerScope":{"containerScope":{"containerScope":{"contributions":{},"includedScopes":[]},"contributions":{},"includedScopes":[{"contributions":{},"includedScopes":[]},{"contributions":{},"includedScopes":[]},{"contributions":{},"includedScopes":[]},{"contributions":{},"includedScopes":[]},{"contributions":{},"includedScopes":[]},{"contributions":{},"includedScopes":[]}]},"contributions":{},"includedScopes":[]},"contributions":{},"includedScopes":[]},"contributions":{},"includedScopes":[]},"contributions":{},"includedScopes":[]},"contributions":{},"includedScopes":[]},"contributions":{},"includedScopes":[]},"contributions":{},"includedScopes":[]},"sourceMap":{"end":{"column":87,"line":44,"offset":1151},"start":{"column":80,"line":44,"offset":1144}}}]]}}],"id":"3ed8a1a5-0397-4441-baca-26f13643f025","instantiated":{"id":"db044162-4b23-45ea-9d6c-1e64ba25a7ae","metadata":[],"name":"Palanca","scope":{"containerScope":{"containerScope":{"containerScope":{"containerScope":{"containerScope":{"containerScope":{"contributions":{},"includedScopes":[]},"contributions":{},"includedScopes":[{"contributions":{},"includedScopes":[]},{"contributions":{},"includedScopes":[]},{"contributions":{},"includedScopes":[]},{"contributions":{},"includedScopes":[]},{"contributions":{},"includedScopes":[]},{"contributions":{},"includedScopes":[]}]},"contributions":{},"includedScopes":[]},"contributions":{},"includedScopes":[]},"contributions":{},"includedScopes":[]},"contributions":{},"includedScopes":[]},"contributions":{},"includedScopes":[]},"sourceMap":{"end":{"column":30,"line":44,"offset":1094},"start":{"column":23,"line":44,"offset":1087}}},"metadata":[],"scope":{"containerScope":{"containerScope":{"containerScope":{"containerScope":{"containerScope":{"contributions":{},"includedScopes":[]},"contributions":{},"includedScopes":[{"contributions":{},"includedScopes":[]},{"contributions":{},"includedScopes":[]},{"contributions":{},"includedScopes":[]},{"contributions":{},"includedScopes":[]},{"contributions":{},"includedScopes":[]},{"contributions":{},"includedScopes":[]}]},"contributions":{},"includedScopes":[]},"contributions":{},"includedScopes":[]},"contributions":{},"includedScopes":[]},"contributions":{},"includedScopes":[]},"sourceMap":{"end":{"column":89,"line":44,"offset":1153},"start":{"column":19,"line":44,"offset":1083}}}},{"args":[{"id":"10e7f5df-98e1-4ef3-a632-e7f24507bf82","metadata":[],"name":"palanca","scope":{"containerScope":{"containerScope":{"containerScope":{"containerScope":{"containerScope":{"contributions":{},"includedScopes":[]},"contributions":{},"includedScopes":[{"contributions":{},"includedScopes":[]},{"contributions":{},"includedScopes":[]},{"contributions":{},"includedScopes":[]},{"contributions":{},"includedScopes":[]},{"contributions":{},"includedScopes":[]},{"contributions":{},"includedScopes":[]}]},"contributions":{},"includedScopes":[]},"contributions":{},"includedScopes":[]},"contributions":{},"includedScopes":[]},"contributions":{},"includedScopes":[]},"sourceMap":{"end":{"column":25,"line":45,"offset":1179},"start":{"column":18,"line":45,"offset":1172}}}],"id":"17d490a9-38bf-42a5-a96d-73fb3854a273","message":"addVisual","metadata":[],"receiver":{"id":"d0d8b5ba-65b1-4902-8d18-31213b1ef6c7","metadata":[],"name":"game","scope":{"containerScope":{"containerScope":{"containerScope":{"containerScope":{"containerScope":{"contributions":{},"includedScopes":[]},"contributions":{},"includedScopes":[{"contributions":{},"includedScopes":[]},{"contributions":{},"includedScopes":[]},{"contributions":{},"includedScopes":[]},{"contributions":{},"includedScopes":[]},{"contributions":{},"includedScopes":[]},{"contributions":{},"includedScopes":[]}]},"contributions":{},"includedScopes":[]},"contributions":{},"includedScopes":[]},"contributions":{},"includedScopes":[]},"contributions":{},"includedScopes":[]},"sourceMap":{"end":{"column":7,"line":45,"offset":1161},"start":{"column":3,"line":45,"offset":1157}}},"scope":{"containerScope":{"containerScope":{"containerScope":{"containerScope":{"contributions":{},"includedScopes":[]},"contributions":{},"includedScopes":[{"contributions":{},"includedScopes":[]},{"contributions":{},"includedScopes":[]},{"contributions":{},"includedScopes":[]},{"contributions":{},"includedScopes":[]},{"contributions":{},"includedScopes":[]},{"contributions":{},"includedScopes":[]}]},"contributions":{},"includedScopes":[]},"contributions":{},"includedScopes":[]},"contributions":{},"includedScopes":[]},"sourceMap":{"end":{"column":26,"line":45,"offset":1180},"start":{"column":3,"line":45,"offset":1157}}},{"args":[{"id":"77e101b6-00aa-4939-a151-a3f8d793fed0","metadata":[],"name":"palanca","scope":{"containerScope":{"containerScope":{"containerScope":{"containerScope":{"containerScope":{"contributions":{},"includedScopes":[]},"contributions":{},"includedScopes":[{"contributions":{},"includedScopes":[]},{"contributions":{},"includedScopes":[]},{"contributions":{},"includedScopes":[]},{"contributions":{},"includedScopes":[]},{"contributions":{},"includedScopes":[]},{"contributions":{},"includedScopes":[]}]},"contributions":{},"includedScopes":[]},"contributions":{},"includedScopes":[]},"contributions":{},"includedScopes":[]},"contributions":{},"includedScopes":[]},"sourceMap":{"end":{"column":31,"line":46,"offset":1212},"start":{"column":24,"line":46,"offset":1205}}}],"id":"63c31f49-c560-4a6b-9fd9-899fd8ea1fa6","message":"agregar","metadata":[],"receiver":{"id":"1909c704-ec0d-44e7-8179-9fad8ecb664e","metadata":[],"name":"mapaPalancas","scope":{"containerScope":{"containerScope":{"containerScope":{"containerScope":{"containerScope":{"contributions":{},"includedScopes":[]},"contributions":{},"includedScopes":[{"contributions":{},"includedScopes":[]},{"contributions":{},"includedScopes":[]},{"contributions":{},"includedScopes":[]},{"contributions":{},"includedScopes":[]},{"contributions":{},"includedScopes":[]},{"contributions":{},"includedScopes":[]}]},"contributions":{},"includedScopes":[]},"contributions":{},"includedScopes":[]},"contributions":{},"includedScopes":[]},"contributions":{},"includedScopes":[]},"sourceMap":{"end":{"column":15,"line":46,"offset":1196},"start":{"column":3,"line":46,"offset":1184}}},"scope":{"containerScope":{"containerScope":{"containerScope":{"containerScope":{"contributions":{},"includedScopes":[]},"contributions":{},"includedScopes":[{"contributions":{},"includedScopes":[]},{"contributions":{},"includedScopes":[]},{"contributions":{},"includedScopes":[]},{"contributions":{},"includedScopes":[]},{"contributions":{},"includedScopes":[]},{"contributions":{},"includedScopes":[]}]},"contributions":{},"includedScopes":[]},"contributions":{},"includedScopes":[]},"contributions":{},"includedScopes":[]},"sourceMap":{"end":{"column":32,"line":46,"offset":1213},"start":{"column":2,"line":46,"offset":1184}}},{"id":"f012f683-d1ae-4f34-8237-67bbc50954f6","isConstant":true,"metadata":[],"name":"mur","scope":{"containerScope":{"containerScope":{"containerScope":{"containerScope":{"contributions":{},"includedScopes":[]},"contributions":{},"includedScopes":[{"contributions":{},"includedScopes":[]},{"contributions":{},"includedScopes":[]},{"contributions":{},"includedScopes":[]},{"contributions":{},"includedScopes":[]},{"contributions":{},"includedScopes":[]},{"contributions":{},"includedScopes":[]}]},"contributions":{},"includedScopes":[]},"contributions":{},"includedScopes":[]},"contributions":{},"includedScopes":[]},"sourceMap":{"end":{"column":18,"line":48,"offset":1234},"start":{"column":3,"line":48,"offset":1219}},"value":{"id":"20dfa820-b214-41ad-952b-fcf1ee2f8117","metadata":[],"name":"new","scope":{"containerScope":{"containerScope":{"containerScope":{"containerScope":{"containerScope":{"contributions":{},"includedScopes":[]},"contributions":{},"includedScopes":[{"contributions":{},"includedScopes":[]},{"contributions":{},"includedScopes":[]},{"contributions":{},"includedScopes":[]},{"contributions":{},"includedScopes":[]},{"contributions":{},"includedScopes":[]},{"contributions":{},"includedScopes":[]}]},"contributions":{},"includedScopes":[]},"contributions":{},"includedScopes":[]},"contributions":{},"includedScopes":[]},"contributions":{},"includedScopes":[]},"sourceMap":{"end":{"column":18,"line":48,"offset":1234},"start":{"column":15,"line":48,"offset":1231}}}},{"args":[],"id":"be0c56e7-5a31-4944-acf3-a8ab05cef73e","message":"cargar","metadata":[],"receiver":{"id":"56332f28-6ed8-4e16-99d2-9a0ef149bea4","metadata":[],"name":"sapos","scope":{"containerScope":{"containerScope":{"containerScope":{"containerScope":{"containerScope":{"contributions":{},"includedScopes":[]},"contributions":{},"includedScopes":[{"contributions":{},"includedScopes":[]},{"contributions":{},"includedScopes":[]},{"contributions":{},"includedScopes":[]},{"contributions":{},"includedScopes":[]},{"contributions":{},"includedScopes":[]},{"contributions":{},"includedScopes":[]}]},"contributions":{},"includedScopes":[]},"contributions":{},"includedScopes":[]},"contributions":{},"includedScopes":[]},"contributions":{},"includedScopes":[]},"sourceMap":{"end":{"column":8,"line":51,"offset":1291},"start":{"column":3,"line":51,"offset":1286}}},"scope":{"containerScope":{"containerScope":{"containerScope":{"containerScope":{"contributions":{},"includedScopes":[]},"contributions":{},"includedScopes":[{"contributions":{},"includedScopes":[]},{"contributions":{},"includedScopes":[]},{"contributions":{},"includedScopes":[]},{"contributions":{},"includedScopes":[]},{"contributions":{},"includedScopes":[]},{"contributions":{},"includedScopes":[]}]},"contributions":{},"includedScopes":[]},"contributions":{},"includedScopes":[]},"contributions":{},"includedScopes":[]},"sourceMap":{"end":{"column":17,"line":51,"offset":1300},"start":{"column":3,"line":51,"offset":1286}}},{"args":[],"id":"cd02c2e5-8420-48d8-9d1c-cbec565daf61","message":"cargar","metadata":[],"receiver":{"id":"3064e94c-87f4-476d-992c-8ddea44047f5","metadata":[],"name":"objetos","scope":{"containerScope":{"containerScope":{"containerScope":{"containerScope":{"containerScope":{"contributions":{},"includedScopes":[]},"contributions":{},"includedScopes":[{"contributions":{},"includedScopes":[]},{"contributions":{},"includedScopes":[]},{"contributions":{},"includedScopes":[]},{"contributions":{},"includedScopes":[]},{"contributions":{},"includedScopes":[]},{"contributions":{},"includedScopes":[]}]},"contributions":{},"includedScopes":[]},"contributions":{},"includedScopes":[]},"contributions":{},"includedScopes":[]},"contributions":{},"includedScopes":[]},"sourceMap":{"end":{"column":10,"line":52,"offset":1311},"start":{"column":3,"line":52,"offset":1304}}},"scope":{"containerScope":{"containerScope":{"containerScope":{"containerScope":{"contributions":{},"includedScopes":[]},"contributions":{},"includedScopes":[{"contributions":{},"includedScopes":[]},{"contributions":{},"includedScopes":[]},{"contributions":{},"includedScopes":[]},{"contributions":{},"includedScopes":[]},{"contributions":{},"includedScopes":[]},{"contributions":{},"includedScopes":[]}]},"contributions":{},"includedScopes":[]},"contributions":{},"includedScopes":[]},"contributions":{},"includedScopes":[]},"sourceMap":{"end":{"column":19,"line":52,"offset":1320},"start":{"column":2,"line":52,"offset":1304}}},{"args":[],"id":"e948109b-d262-4f7e-bb3d-417478fc8bd4","message":"animar","metadata":[],"receiver":{"id":"3581f4e7-fb38-4367-b1c1-7ddfdb1c8d8a","metadata":[],"name":"spawn","scope":{"containerScope":{"containerScope":{"containerScope":{"containerScope":{"containerScope":{"contributions":{},"includedScopes":[]},"contributions":{},"includedScopes":[{"contributions":{},"includedScopes":[]},{"contributions":{},"includedScopes":[]},{"contributions":{},"includedScopes":[]},{"contributions":{},"includedScopes":[]},{"contributions":{},"includedScopes":[]},{"contributions":{},"includedScopes":[]}]},"contributions":{},"includedScopes":[]},"contributions":{},"includedScopes":[]},"contributions":{},"includedScopes":[]},"contributions":{},"includedScopes":[]},"sourceMap":{"end":{"column":8,"line":53,"offset":1330},"start":{"column":3,"line":53,"offset":1325}}},"scope":{"containerScope":{"containerScope":{"containerScope":{"containerScope":{"contributions":{},"includedScopes":[]},"contributions":{},"includedScopes":[{"contributions":{},"includedScopes":[]},{"contributions":{},"includedScopes":[]},{"contributions":{},"includedScopes":[]},{"contributions":{},"includedScopes":[]},{"contributions":{},"includedScopes":[]},{"contributions":{},"includedScopes":[]}]},"contributions":{},"includedScopes":[]},"contributions":{},"includedScopes":[]},"contributions":{},"includedScopes":[]},"sourceMap":{"end":{"column":17,"line":53,"offset":1339},"start":{"column":3,"line":53,"offset":1325}}},{"args":[],"id":"7317d695-00e2-4fb6-b662-5df77283efd4","message":"cargar","metadata":[],"receiver":{"id":"967c91d9-bef4-479c-a8a4-39ccaf0dc5d9","metadata":[],"name":"contadorMonedas","scope":{"containerScope":{"containerScope":{"containerScope":{"containerScope":{"containerScope":{"contributions":{},"includedScopes":[]},"contributions":{},"includedScopes":[{"contributions":{},"includedScopes":[]},{"contributions":{},"includedScopes":[]},{"contributions":{},"includedScopes":[]},{"contributions":{},"includedScopes":[]},{"contributions":{},"includedScopes":[]},{"contributions":{},"includedScopes":[]}]},"contributions":{},"includedScopes":[]},"contributions":{},"includedScopes":[]},"contributions":{},"includedScopes":[]},"contributions":{},"includedScopes":[]},"sourceMap":{"end":{"column":18,"line":54,"offset":1358},"start":{"column":3,"line":54,"offset":1343}}},"scope":{"containerScope":{"containerScope":{"containerScope":{"containerScope":{"contributions":{},"includedScopes":[]},"contributions":{},"includedScopes":[{"contributions":{},"includedScopes":[]},{"contributions":{},"includedScopes":[]},{"contributions":{},"includedScopes":[]},{"contributions":{},"includedScopes":[]},{"contributions":{},"includedScopes":[]},{"contributions":{},"includedScopes":[]}]},"contributions":{},"includedScopes":[]},"contributions":{},"includedScopes":[]},"contributions":{},"includedScopes":[]},"sourceMap":{"end":{"column":27,"line":54,"offset":1367},"start":{"column":2,"line":54,"offset":1343}}},{"args":[],"id":"32e91b92-9144-44b5-ad8f-92dbcab42084","message":"configurar","metadata":[],"receiver":{"id":"0ead7d0e-84e2-47d1-852f-9063d99f9645","metadata":[],"name":"controles","scope":{"containerScope":{"containerScope":{"containerScope":{"containerScope":{"containerScope":{"contributions":{},"includedScopes":[]},"contributions":{},"includedScopes":[{"contributions":{},"includedScopes":[]},{"contributions":{},"includedScopes":[]},{"contributions":{},"includedScopes":[]},{"contributions":{},"includedScopes":[]},{"contributions":{},"includedScopes":[]},{"contributions":{},"includedScopes":[]}]},"contributions":{},"includedScopes":[]},"contributions":{},"includedScopes":[]},"contributions":{},"includedScopes":[]},"contributions":{},"includedScopes":[]},"sourceMap":{"end":{"column":12,"line":56,"offset":1382},"start":{"column":3,"line":56,"offset":1373}}},"scope":{"containerScope":{"containerScope":{"containerScope":{"containerScope":{"contributions":{},"includedScopes":[]},"contributions":{},"includedScopes":[{"contributions":{},"includedScopes":[]},{"contributions":{},"includedScopes":[]},{"contributions":{},"includedScopes":[]},{"contributions":{},"includedScopes":[]},{"contributions":{},"includedScopes":[]},{"contributions":{},"includedScopes":[]}]},"contributions":{},"includedScopes":[]},"contributions":{},"includedScopes":[]},"contributions":{},"includedScopes":[]},"sourceMap":{"end":{"column":25,"line":56,"offset":1395},"start":{"column":3,"line":56,"offset":1373}}},{"args":[],"id":"58312a65-d6a6-4a78-9a79-f6423115388c","message":"start","metadata":[],"receiver":{"id":"5f4f0cef-28ac-4717-9c02-13598d2cfadd","metadata":[],"name":"game","scope":{"containerScope":{"containerScope":{"containerScope":{"containerScope":{"containerScope":{"contributions":{},"includedScopes":[]},"contributions":{},"includedScopes":[{"contributions":{},"includedScopes":[]},{"contributions":{},"includedScopes":[]},{"contributions":{},"includedScopes":[]},{"contributions":{},"includedScopes":[]},{"contributions":{},"includedScopes":[]},{"contributions":{},"includedScopes":[]}]},"contributions":{},"includedScopes":[]},"contributions":{},"includedScopes":[]},"contributions":{},"includedScopes":[]},"contributions":{},"includedScopes":[]},"sourceMap":{"end":{"column":7,"line":59,"offset":1407},"start":{"column":3,"line":59,"offset":1403}}},"scope":{"containerScope":{"containerScope":{"containerScope":{"containerScope":{"contributions":{},"includedScopes":[]},"contributions":{},"includedScopes":[{"contributions":{},"includedScopes":[]},{"contributions":{},"includedScopes":[]},{"contributions":{},"includedScopes":[]},{"contributions":{},"includedScopes":[]},{"contributions":{},"includedScopes":[]},{"contributions":{},"includedScopes":[]}]},"contributions":{},"includedScopes":[]},"contributions":{},"includedScopes":[]},"contributions":{},"includedScopes":[]},"sourceMap":{"end":{"column":15,"line":59,"offset":1415},"start":{"column":3,"line":59,"offset":1403}}}],"sourceMap":{"end":{"column":2,"line":60,"offset":1418},"start":{"column":13,"line":10,"offset":139}}},"stack":"Error: Failed to print, found malformed node\n    at c:\\Users\\zagum\\.vscode\\extensions\\uqbar.wollok-lsp-ide-0.5.4\\out\\server\\src\\server.js:68:3585\n    at c:\\Users\\zagum\\.vscode\\extensions\\uqbar.wollok-lsp-ide-0.5.4\\out\\server\\src\\server.js:68:4960\n    at c:\\Users\\zagum\\.vscode\\extensions\\uqbar.wollok-lsp-ide-0.5.4\\out\\server\\src\\server.js:38:6131\n    at c:\\Users\\zagum\\.vscode\\extensions\\uqbar.wollok-lsp-ide-0.5.4\\out\\server\\src\\server.js:68:3664\n    at Kbn (c:\\Users\\zagum\\.vscode\\extensions\\uqbar.wollok-lsp-ide-0.5.4\\out\\server\\src\\server.js:68:3396)\n    at c:\\Users\\zagum\\.vscode\\extensions\\uqbar.wollok-lsp-ide-0.5.4\\out\\server\\src\\server.js:2398:847\n    at c:\\Users\\zagum\\.vscode\\extensions\\uqbar.wollok-lsp-ide-0.5.4\\out\\server\\src\\server.js:2398:8440\n    at c:\\Users\\zagum\\.vscode\\extensions\\uqbar.wollok-lsp-ide-0.5.4\\out\\server\\src\\server.js:37:74770\n    at Ke (c:\\Users\\zagum\\.vscode\\extensions\\uqbar.wollok-lsp-ide-0.5.4\\out\\server\\src\\server.js:7:8527)\n    at Lt (c:\\Users\\zagum\\.vscode\\extensions\\uqbar.wollok-lsp-ide-0.5.4\\out\\server\\src\\server.js:7:6189)","timestamp":"2026-06-04T00:43:24.964Z"}
{"level":"info","message":"⌛ Building environment","timeElapsed":127,"timestamp":"2026-06-04T00:43:26.112Z"}
{"level":"info","message":"⌛ Validating juego.wpgm","timeElapsed":113,"timestamp":"2026-06-04T00:43:26.231Z"}
{"level":"info","message":"⌛ Building environment","timeElapsed":141,"timestamp":"2026-06-04T00:43:26.372Z"}
{"level":"info","message":"⌛ Building environment","timeElapsed":129,"timestamp":"2026-06-04T00:43:26.502Z"}
{"level":"info","message":"⌛ Validating juego.wpgm","timeElapsed":128,"timestamp":"2026-06-04T00:43:26.629Z"}
{"level":"info","message":"⌛ Building environment","timeElapsed":117,"timestamp":"2026-06-04T00:43:26.748Z"}
{"level":"info","message":"⌛ Building environment","timeElapsed":128,"timestamp":"2026-06-04T00:43:26.961Z"}
{"level":"info","message":"⌛ Building environment","timeElapsed":117,"timestamp":"2026-06-04T00:43:27.170Z"}
{"level":"info","message":"⌛ Validating juego.wpgm","timeElapsed":112,"timestamp":"2026-06-04T00:43:27.283Z"}
{"level":"info","message":"⌛ Building environment","timeElapsed":122,"timestamp":"2026-06-04T00:43:27.406Z"}
{"level":"info","message":"⌛ Building environment","timeElapsed":123,"timestamp":"2026-06-04T00:43:27.624Z"}
{"level":"info","message":"⌛ Building environment","timeElapsed":116,"timestamp":"2026-06-04T00:43:27.741Z"}
{"level":"info","message":"⌛ Building environment","timeElapsed":119,"timestamp":"2026-06-04T00:43:27.955Z"}
{"level":"info","message":"⌛ Building environment","timeElapsed":215,"timestamp":"2026-06-04T00:43:28.269Z"}
{"level":"info","message":"⌛ Building environment","timeElapsed":168,"timestamp":"2026-06-04T00:43:28.534Z"}
{"level":"info","message":"⌛ Building environment","timeElapsed":119,"timestamp":"2026-06-04T00:43:28.750Z"}
{"level":"info","message":"⌛ Building environment","timeElapsed":134,"timestamp":"2026-06-04T00:43:28.885Z"}
{"level":"info","message":"⌛ Validating juego.wpgm","timeElapsed":108,"timestamp":"2026-06-04T00:43:28.993Z"}
{"level":"info","message":"⌛ Building environment","timeElapsed":124,"timestamp":"2026-06-04T00:43:29.421Z"}
{"level":"info","message":"⌛ Building environment","timeElapsed":149,"timestamp":"2026-06-04T00:43:29.953Z"}
{"level":"info","message":"⌛ Validating juego.wpgm","timeElapsed":106,"timestamp":"2026-06-04T00:43:30.061Z"}
{"level":"info","message":"⌛ Building environment","timeElapsed":110,"timestamp":"2026-06-04T00:43:43.219Z"}
{"level":"info","message":"⌛ Validating objetos.wlk","timeElapsed":112,"timestamp":"2026-06-04T00:43:43.331Z"}
{"level":"info","message":"⌛ Validating objetos.wlk","timeElapsed":120,"timestamp":"2026-06-04T00:43:43.553Z"}
{"level":"info","message":"⌛ Building environment","timeElapsed":120,"timestamp":"2026-06-04T00:44:09.196Z"}
{"level":"info","message":"⌛ Building environment","timeElapsed":121,"timestamp":"2026-06-04T00:44:09.428Z"}
{"level":"info","message":"⌛ Validating juego.wpgm","timeElapsed":105,"timestamp":"2026-06-04T00:44:09.534Z"}
{"level":"info","message":"⌛ Building environment","timeElapsed":127,"timestamp":"2026-06-04T00:44:10.119Z"}
{"level":"info","message":"⌛ Building environment","timeElapsed":141,"timestamp":"2026-06-04T00:44:10.396Z"}
{"level":"info","message":"⌛ Building environment","timeElapsed":116,"timestamp":"2026-06-04T00:44:10.743Z"}
{"level":"info","message":"⌛ Building environment","timeElapsed":108,"timestamp":"2026-06-04T00:44:11.657Z"}
{"level":"info","message":"⌛ Building environment","timeElapsed":122,"timestamp":"2026-06-04T00:44:12.436Z"}
{"level":"info","message":"⌛ Validating juego.wpgm","timeElapsed":101,"timestamp":"2026-06-04T00:44:12.538Z"}
{"level":"info","message":"⌛ Building environment","timeElapsed":118,"timestamp":"2026-06-04T00:44:12.678Z"}
{"level":"info","message":"⌛ Building environment","timeElapsed":123,"timestamp":"2026-06-04T00:44:15.286Z"}
{"level":"info","message":"⌛ Building environment","timeElapsed":145,"timestamp":"2026-06-04T00:45:30.929Z"}
{"level":"info","message":"⌛ Validating juego.wpgm","timeElapsed":101,"timestamp":"2026-06-04T00:45:31.031Z"}
{"level":"info","message":"⌛ Building environment","timeElapsed":119,"timestamp":"2026-06-04T00:45:31.150Z"}
{"level":"info","message":"⌛ Building environment","timeElapsed":126,"timestamp":"2026-06-04T00:45:33.095Z"}
{"level":"info","message":"⌛ Building environment","timeElapsed":126,"timestamp":"2026-06-04T00:45:33.331Z"}
{"level":"info","message":"⌛ Building environment","timeElapsed":129,"timestamp":"2026-06-04T00:45:33.460Z"}
{"level":"info","message":"⌛ Validating juego.wpgm","timeElapsed":109,"timestamp":"2026-06-04T00:45:33.569Z"}
{"level":"info","message":"⌛ Building environment","timeElapsed":144,"timestamp":"2026-06-04T00:45:33.823Z"}
{"level":"info","message":"⌛ Building environment","timeElapsed":166,"timestamp":"2026-06-04T00:45:34.002Z"}
{"level":"info","message":"⌛ Building environment","timeElapsed":129,"timestamp":"2026-06-04T00:45:34.214Z"}
{"level":"info","message":"⌛ Building environment","timeElapsed":123,"timestamp":"2026-06-04T00:45:34.787Z"}
{"level":"info","message":"⌛ Building environment","timeElapsed":142,"timestamp":"2026-06-04T00:45:36.039Z"}
{"level":"info","message":"⌛ Validating juego.wpgm","timeElapsed":106,"timestamp":"2026-06-04T00:45:36.161Z"}
{"level":"info","message":"⌛ Building environment","timeElapsed":122,"timestamp":"2026-06-04T00:45:36.982Z"}
{"level":"info","message":"⌛ Building environment","timeElapsed":191,"timestamp":"2026-06-04T00:45:38.661Z"}
{"level":"info","message":"⌛ Validating juego.wpgm","timeElapsed":104,"timestamp":"2026-06-04T00:45:38.766Z"}
{"exitCode":"SIGHUP","level":"info","message":"👾 Game executed juego.rpg on c:\\Users\\zagum\\OneDrive\\Documentos\\Santiago\\Cosas\\Tareas\\Programacion Objetos1\\pruebaJuego","timeElapsed":269488,"timestamp":"2026-06-04T00:45:42.877Z"}
{"error":["wollok.lang.MessageNotUnderstoodException: a Murcielago does not understand iniciarMovimiento()","  at juego.rpg [juego.wpgm:50]"],"level":"info","message":"🚀 Program executed \u001b[3m\u001b[34mjuego.rpg\u001b[39m\u001b[23m on \u001b[3m\u001b[34mc:\\Users\\zagum\\OneDrive\\Documentos\\Santiago\\Cosas\\Tareas\\Programacion Objetos1\\pruebaJuego\u001b[39m\u001b[23m","ok":false,"timeElapsed":618,"timestamp":"2026-06-04T00:45:45.050Z"}
{"level":"info","message":"⌛ Building environment","timeElapsed":130,"timestamp":"2026-06-04T00:46:07.898Z"}
{"level":"info","message":"⌛ Building environment","timeElapsed":132,"timestamp":"2026-06-04T00:46:08.479Z"}
{"level":"info","message":"⌛ Validating juego.wpgm","timeElapsed":114,"timestamp":"2026-06-04T00:46:08.595Z"}
{"level":"info","message":"⌛ Building environment","timeElapsed":133,"timestamp":"2026-06-04T00:46:08.745Z"}
{"level":"info","message":"⌛ Building environment","timeElapsed":115,"timestamp":"2026-06-04T00:46:08.860Z"}
{"level":"info","message":"⌛ Validating juego.wpgm","timeElapsed":106,"timestamp":"2026-06-04T00:46:08.966Z"}
{"level":"info","message":"🚀 Program executed \u001b[3m\u001b[34mjuego.rpg\u001b[39m\u001b[23m on \u001b[3m\u001b[34mc:\\Users\\zagum\\OneDrive\\Documentos\\Santiago\\Cosas\\Tareas\\Programacion Objetos1\\pruebaJuego\u001b[39m\u001b[23m","ok":true,"timeElapsed":872,"timestamp":"2026-06-04T00:46:13.818Z"}
{"level":"info","message":"⌛ Building environment","timeElapsed":186,"timestamp":"2026-06-04T00:46:52.178Z"}
{"level":"info","message":"⌛ Validating enemigos.wlk","timeElapsed":122,"timestamp":"2026-06-04T00:46:52.327Z"}
{"exitCode":"SIGHUP","level":"info","message":"👾 Game executed juego.rpg on c:\\Users\\zagum\\OneDrive\\Documentos\\Santiago\\Cosas\\Tareas\\Programacion Objetos1\\pruebaJuego","timeElapsed":44395,"timestamp":"2026-06-04T00:46:57.340Z"}
{"level":"info","message":"🚀 Program executed \u001b[3m\u001b[34mjuego.rpg\u001b[39m\u001b[23m on \u001b[3m\u001b[34mc:\\Users\\zagum\\OneDrive\\Documentos\\Santiago\\Cosas\\Tareas\\Programacion Objetos1\\pruebaJuego\u001b[39m\u001b[23m","ok":true,"timeElapsed":1065,"timestamp":"2026-06-04T00:46:59.886Z"}
{"level":"info","message":"⌛ Building environment","timeElapsed":116,"timestamp":"2026-06-04T00:47:11.915Z"}
{"level":"info","message":"⌛ Validating enemigos.wlk","timeElapsed":160,"timestamp":"2026-06-04T00:47:12.108Z"}
{"level":"info","message":"⌛ Building environment","timeElapsed":130,"timestamp":"2026-06-04T00:47:26.385Z"}
{"level":"info","message":"⌛ Validating enemigos.wlk","timeElapsed":107,"timestamp":"2026-06-04T00:47:26.518Z"}
{"level":"info","message":"⌛ Building environment","timeElapsed":132,"timestamp":"2026-06-04T00:47:38.048Z"}
{"level":"info","message":"⌛ Validating enemigos.wlk","timeElapsed":103,"timestamp":"2026-06-04T00:47:38.195Z"}
{"level":"info","message":"⌛ Building environment","timeElapsed":158,"timestamp":"2026-06-04T00:49:43.666Z"}
{"level":"info","message":"⌛ Building environment","timeElapsed":169,"timestamp":"2026-06-04T00:49:43.837Z"}
{"level":"info","message":"⌛ Validating juego.wpgm","timeElapsed":121,"timestamp":"2026-06-04T00:49:43.958Z"}
{"level":"info","message":"⌛ Validating juego.wpgm","timeElapsed":140,"timestamp":"2026-06-04T00:49:44.099Z"}
{"level":"info","message":"⌛ Building environment","timeElapsed":138,"timestamp":"2026-06-04T00:49:45.218Z"}
{"level":"info","message":"⌛ Building environment","timeElapsed":144,"timestamp":"2026-06-04T00:49:45.362Z"}
{"level":"info","message":"⌛ Validating juego.wpgm","timeElapsed":166,"timestamp":"2026-06-04T00:49:45.528Z"}
{"level":"info","message":"⌛ Validating juego.wpgm","timeElapsed":137,"timestamp":"2026-06-04T00:49:45.665Z"}
{"level":"info","message":"⌛ Building environment","timeElapsed":142,"timestamp":"2026-06-04T00:49:46.889Z"}
{"level":"info","message":"⌛ Building environment","timeElapsed":126,"timestamp":"2026-06-04T00:49:47.015Z"}
{"level":"info","message":"⌛ Building environment","timeElapsed":116,"timestamp":"2026-06-04T00:49:48.432Z"}
{"level":"info","message":"⌛ Building environment","timeElapsed":153,"timestamp":"2026-06-04T00:49:48.585Z"}
{"level":"info","message":"⌛ Validating juego.wpgm","timeElapsed":103,"timestamp":"2026-06-04T00:49:48.784Z"}
{"level":"info","message":"⌛ Building environment","timeElapsed":142,"timestamp":"2026-06-04T00:49:49.472Z"}
{"level":"info","message":"⌛ Building environment","timeElapsed":122,"timestamp":"2026-06-04T00:49:49.601Z"}
{"level":"info","message":"⌛ Validating juego.wpgm","timeElapsed":111,"timestamp":"2026-06-04T00:49:49.713Z"}
{"level":"info","message":"⌛ Building environment","timeElapsed":128,"timestamp":"2026-06-04T00:49:50.475Z"}
{"level":"info","message":"⌛ Building environment","timeElapsed":128,"timestamp":"2026-06-04T00:49:50.603Z"}
{"level":"info","message":"⌛ Building environment","timeElapsed":120,"timestamp":"2026-06-04T00:49:52.389Z"}
{"level":"info","message":"⌛ Building environment","timeElapsed":145,"timestamp":"2026-06-04T00:49:52.535Z"}
{"level":"info","message":"⌛ Validating juego.wpgm","timeElapsed":114,"timestamp":"2026-06-04T00:49:52.649Z"}
{"level":"info","message":"⌛ Building environment","timeElapsed":118,"timestamp":"2026-06-04T00:49:58.551Z"}
{"level":"info","message":"⌛ Building environment","timeElapsed":236,"timestamp":"2026-06-04T00:49:58.796Z"}
{"level":"info","message":"⌛ Validating juego.wpgm","timeElapsed":116,"timestamp":"2026-06-04T00:49:58.912Z"}
{"level":"info","message":"⌛ Building environment","timeElapsed":129,"timestamp":"2026-06-04T00:49:59.263Z"}
{"level":"info","message":"⌛ Building environment","timeElapsed":121,"timestamp":"2026-06-04T00:49:59.384Z"}
{"level":"info","message":"⌛ Validating juego.wpgm","timeElapsed":122,"timestamp":"2026-06-04T00:49:59.506Z"}
{"level":"info","message":"⌛ Validating juego.wpgm","timeElapsed":104,"timestamp":"2026-06-04T00:49:59.611Z"}
{"level":"info","message":"⌛ Building environment","timeElapsed":116,"timestamp":"2026-06-04T00:49:59.993Z"}
{"level":"info","message":"⌛ Building environment","timeElapsed":138,"timestamp":"2026-06-04T00:50:00.131Z"}
{"level":"info","message":"⌛ Validating juego.wpgm","timeElapsed":121,"timestamp":"2026-06-04T00:50:00.354Z"}
{"level":"info","message":"⌛ Building environment","timeElapsed":165,"timestamp":"2026-06-04T00:50:00.716Z"}
{"level":"info","message":"⌛ Building environment","timeElapsed":128,"timestamp":"2026-06-04T00:50:00.845Z"}
{"level":"info","message":"⌛ Validating juego.wpgm","timeElapsed":103,"timestamp":"2026-06-04T00:50:00.948Z"}
{"level":"info","message":"⌛ Building environment","timeElapsed":108,"timestamp":"2026-06-04T00:50:01.289Z"}
{"level":"info","message":"⌛ Building environment","timeElapsed":129,"timestamp":"2026-06-04T00:50:01.519Z"}
{"level":"info","message":"⌛ Validating juego.wpgm","timeElapsed":106,"timestamp":"2026-06-04T00:50:01.641Z"}
{"level":"info","message":"⌛ Building environment","timeElapsed":137,"timestamp":"2026-06-04T00:50:01.998Z"}
{"level":"info","message":"⌛ Building environment","timeElapsed":120,"timestamp":"2026-06-04T00:50:02.124Z"}
{"level":"info","message":"⌛ Validating juego.wpgm","timeElapsed":104,"timestamp":"2026-06-04T00:50:02.229Z"}
{"level":"info","message":"⌛ Building environment","timeElapsed":119,"timestamp":"2026-06-04T00:50:02.969Z"}
{"level":"info","message":"⌛ Building environment","timeElapsed":136,"timestamp":"2026-06-04T00:50:03.105Z"}
{"level":"info","message":"⌛ Validating juego.wpgm","timeElapsed":103,"timestamp":"2026-06-04T00:50:03.310Z"}
{"level":"info","message":"⌛ Building environment","timeElapsed":121,"timestamp":"2026-06-04T00:50:03.713Z"}
{"level":"info","message":"⌛ Building environment","timeElapsed":123,"timestamp":"2026-06-04T00:50:03.836Z"}
{"level":"info","message":"⌛ Building environment","timeElapsed":188,"timestamp":"2026-06-04T00:50:04.238Z"}
{"level":"info","message":"⌛ Building environment","timeElapsed":132,"timestamp":"2026-06-04T00:50:04.380Z"}
{"level":"info","message":"⌛ Validating juego.wpgm","timeElapsed":135,"timestamp":"2026-06-04T00:50:04.613Z"}
{"level":"info","message":"⌛ Building environment","timeElapsed":121,"timestamp":"2026-06-04T00:50:04.738Z"}
{"level":"info","message":"⌛ Building environment","timeElapsed":136,"timestamp":"2026-06-04T00:50:04.884Z"}
{"exitCode":"SIGHUP","level":"info","message":"👾 Game executed juego.rpg on c:\\Users\\zagum\\OneDrive\\Documentos\\Santiago\\Cosas\\Tareas\\Programacion Objetos1\\pruebaJuego","timeElapsed":189338,"timestamp":"2026-06-04T00:50:08.184Z"}
