{"level":"info","message":"🚀 Program executed \u001b[3m\u001b[34mjuego.rpg\u001b[39m\u001b[23m on \u001b[3m\u001b[34mc:\\Users\\santi\\OneDrive\\Desktop\\Proyectos Uni\\Programacion de obejtos I\\Game\\pruebaJuego\u001b[39m\u001b[23m","ok":true,"timeElapsed":769,"timestamp":"2026-06-04T17:19:14.266Z"}
{"exitCode":"SIGHUP","level":"info","message":"👾 Game executed juego.rpg on c:\\Users\\santi\\OneDrive\\Desktop\\Proyectos Uni\\Programacion de obejtos I\\Game\\pruebaJuego","timeElapsed":267188,"timestamp":"2026-06-04T17:23:40.685Z"}
{"level":"info","message":"🚀 Program executed \u001b[3m\u001b[34mjuego.rpg\u001b[39m\u001b[23m on \u001b[3m\u001b[34mc:\\Users\\santi\\OneDrive\\Desktop\\Proyectos Uni\\Programacion de obejtos I\\Game\\pruebaJuego\u001b[39m\u001b[23m","ok":true,"timeElapsed":713,"timestamp":"2026-06-04T17:23:43.287Z"}
{"exitCode":"SIGHUP","level":"info","message":"👾 Game executed juego.rpg on c:\\Users\\santi\\OneDrive\\Desktop\\Proyectos Uni\\Programacion de obejtos I\\Game\\pruebaJuego","timeElapsed":60679,"timestamp":"2026-06-04T17:24:43.253Z"}
{"level":"info","message":"🚀 Program executed \u001b[3m\u001b[34mjuego.rpg\u001b[39m\u001b[23m on \u001b[3m\u001b[34mc:\\Users\\santi\\OneDrive\\Desktop\\Proyectos Uni\\Programacion de obejtos I\\Game\\pruebaJuego\u001b[39m\u001b[23m","ok":true,"timeElapsed":1043,"timestamp":"2026-06-04T17:24:45.678Z"}
{"exitCode":"SIGHUP","level":"info","message":"👾 Game executed juego.rpg on c:\\Users\\santi\\OneDrive\\Desktop\\Proyectos Uni\\Programacion de obejtos I\\Game\\pruebaJuego","timeElapsed":293548,"timestamp":"2026-06-04T17:29:38.182Z"}
{"level":"info","message":"🚀 Program executed \u001b[3m\u001b[34mjuego.rpg\u001b[39m\u001b[23m on \u001b[3m\u001b[34mc:\\Users\\santi\\OneDrive\\Desktop\\Proyectos Uni\\Programacion de obejtos I\\Game\\pruebaJuego\u001b[39m\u001b[23m","ok":true,"timeElapsed":840,"timestamp":"2026-06-04T17:29:40.414Z"}
{"exitCode":"SIGHUP","level":"info","message":"👾 Game executed juego.rpg on c:\\Users\\santi\\OneDrive\\Desktop\\Proyectos Uni\\Programacion de obejtos I\\Game\\pruebaJuego","timeElapsed":12182544,"timestamp":"2026-06-04T20:52:41.935Z"}
{"level":"info","message":"🚀 Program executed \u001b[3m\u001b[34mjuego.rpg\u001b[39m\u001b[23m on \u001b[3m\u001b[34mc:\\Users\\santi\\OneDrive\\Desktop\\Proyectos Uni\\Programacion de obejtos I\\Game\\pruebaJuego\u001b[39m\u001b[23m","ok":true,"timeElapsed":927,"timestamp":"2026-06-04T20:52:45.276Z"}
{"exitCode":"SIGHUP","level":"info","message":"👾 Game executed juego.rpg on c:\\Users\\santi\\OneDrive\\Desktop\\Proyectos Uni\\Programacion de obejtos I\\Game\\pruebaJuego","timeElapsed":585099,"timestamp":"2026-06-04T21:02:29.448Z"}
{"error":["wollok.lang.EvaluationError: RangeError: get: index should be between 0 and 19","  at niveles.gestorNiveles.construirMapa(mapa) [niveles.wlk:50]\r","  at niveles.gestorNiveles.cargarNivelActual() [niveles.wlk:40]\r","  at juego.rpg [juego.wpgm:29]"],"level":"info","message":"🚀 Program executed \u001b[3m\u001b[34mjuego.rpg\u001b[39m\u001b[23m on \u001b[3m\u001b[34mc:\\Users\\santi\\OneDrive\\Desktop\\Proyectos Uni\\Programacion de obejtos I\\Game\\pruebaJuego\u001b[39m\u001b[23m","ok":false,"timeElapsed":514,"timestamp":"2026-06-04T21:02:31.181Z"}
{"error":["wollok.lang.EvaluationError: RangeError: get: index should be between 0 and 19","  at niveles.gestorNiveles.construirMapa(mapa) [niveles.wlk:50]\r","  at niveles.gestorNiveles.cargarNivelActual() [niveles.wlk:40]\r","  at juego.rpg [juego.wpgm:29]"],"level":"info","message":"🚀 Program executed \u001b[3m\u001b[34mjuego.rpg\u001b[39m\u001b[23m on \u001b[3m\u001b[34mc:\\Users\\santi\\OneDrive\\Desktop\\Proyectos Uni\\Programacion de obejtos I\\Game\\pruebaJuego\u001b[39m\u001b[23m","ok":false,"timeElapsed":567,"timestamp":"2026-06-04T21:03:38.220Z"}
{"error":["wollok.lang.EvaluationError: RangeError: get: index should be between 0 and 19","  at niveles.gestorNiveles.construirMapa(mapa) [niveles.wlk:50]\r","  at niveles.gestorNiveles.cargarNivelActual() [niveles.wlk:40]\r","  at juego.rpg [juego.wpgm:29]"],"level":"info","message":"🚀 Program executed \u001b[3m\u001b[34mjuego.rpg\u001b[39m\u001b[23m on \u001b[3m\u001b[34mc:\\Users\\santi\\OneDrive\\Desktop\\Proyectos Uni\\Programacion de obejtos I\\Game\\pruebaJuego\u001b[39m\u001b[23m","ok":false,"timeElapsed":593,"timestamp":"2026-06-04T21:05:52.014Z"}
{"level":"info","message":"🚀 Program executed \u001b[3m\u001b[34mjuego.rpg\u001b[39m\u001b[23m on \u001b[3m\u001b[34mc:\\Users\\santi\\OneDrive\\Desktop\\Proyectos Uni\\Programacion de obejtos I\\Game\\pruebaJuego\u001b[39m\u001b[23m","ok":true,"timeElapsed":656,"timestamp":"2026-06-04T21:06:40.738Z"}
{"exitCode":"SIGHUP","level":"info","message":"👾 Game executed juego.rpg on c:\\Users\\santi\\OneDrive\\Desktop\\Proyectos Uni\\Programacion de obejtos I\\Game\\pruebaJuego","timeElapsed":77115,"timestamp":"2026-06-04T21:07:57.198Z"}
{"level":"info","message":"🚀 Program executed \u001b[3m\u001b[34mjuego.rpg\u001b[39m\u001b[23m on \u001b[3m\u001b[34mc:\\Users\\santi\\OneDrive\\Desktop\\Proyectos Uni\\Programacion de obejtos I\\Game\\pruebaJuego\u001b[39m\u001b[23m","ok":true,"timeElapsed":647,"timestamp":"2026-06-04T21:07:58.910Z"}
{"exitCode":"SIGHUP","level":"info","message":"👾 Game executed juego.rpg on c:\\Users\\santi\\OneDrive\\Desktop\\Proyectos Uni\\Programacion de obejtos I\\Game\\pruebaJuego","timeElapsed":499641,"timestamp":"2026-06-04T21:16:17.909Z"}
{"level":"info","message":"🚀 Program executed \u001b[3m\u001b[34mjuego.rpg\u001b[39m\u001b[23m on \u001b[3m\u001b[34mc:\\Users\\santi\\OneDrive\\Desktop\\Proyectos Uni\\Programacion de obejtos I\\Game\\pruebaJuego\u001b[39m\u001b[23m","ok":true,"timeElapsed":659,"timestamp":"2026-06-04T21:16:19.860Z"}
{"exitCode":"SIGHUP","level":"info","message":"👾 Game executed juego.rpg on c:\\Users\\santi\\OneDrive\\Desktop\\Proyectos Uni\\Programacion de obejtos I\\Game\\pruebaJuego","timeElapsed":31811,"timestamp":"2026-06-04T21:16:51.011Z"}
{"level":"info","message":"🚀 Program executed \u001b[3m\u001b[34mjuego.rpg\u001b[39m\u001b[23m on \u001b[3m\u001b[34mc:\\Users\\santi\\OneDrive\\Desktop\\Proyectos Uni\\Programacion de obejtos I\\Game\\pruebaJuego\u001b[39m\u001b[23m","ok":true,"timeElapsed":719,"timestamp":"2026-06-04T21:16:52.878Z"}
{"exitCode":"SIGHUP","level":"info","message":"👾 Game executed juego.rpg on c:\\Users\\santi\\OneDrive\\Desktop\\Proyectos Uni\\Programacion de obejtos I\\Game\\pruebaJuego","timeElapsed":890551,"timestamp":"2026-06-04T21:31:42.712Z"}
{"level":"info","message":"🚀 Program executed \u001b[3m\u001b[34mjuego.rpg\u001b[39m\u001b[23m on \u001b[3m\u001b[34mc:\\Users\\santi\\OneDrive\\Desktop\\Proyectos Uni\\Programacion de obejtos I\\Game\\pruebaJuego\u001b[39m\u001b[23m","ok":true,"timeElapsed":713,"timestamp":"2026-06-04T21:31:44.949Z"}
{"exitCode":"SIGHUP","level":"info","message":"👾 Game executed juego.rpg on c:\\Users\\santi\\OneDrive\\Desktop\\Proyectos Uni\\Programacion de obejtos I\\Game\\pruebaJuego","timeElapsed":237996,"timestamp":"2026-06-04T21:35:42.231Z"}
{"level":"info","message":"🚀 Program executed \u001b[3m\u001b[34mjuego.rpg\u001b[39m\u001b[23m on \u001b[3m\u001b[34mc:\\Users\\santi\\OneDrive\\Desktop\\Proyectos Uni\\Programacion de obejtos I\\Game\\pruebaJuego\u001b[39m\u001b[23m","ok":true,"timeElapsed":845,"timestamp":"2026-06-04T21:35:44.342Z"}
{"exitCode":"SIGHUP","level":"info","message":"👾 Game executed juego.rpg on c:\\Users\\santi\\OneDrive\\Desktop\\Proyectos Uni\\Programacion de obejtos I\\Game\\pruebaJuego","timeElapsed":51492,"timestamp":"2026-06-04T21:36:34.987Z"}
{"level":"info","message":"🚀 Program executed \u001b[3m\u001b[34mjuego.rpg\u001b[39m\u001b[23m on \u001b[3m\u001b[34mc:\\Users\\santi\\OneDrive\\Desktop\\Proyectos Uni\\Programacion de obejtos I\\Game\\pruebaJuego\u001b[39m\u001b[23m","ok":true,"timeElapsed":792,"timestamp":"2026-06-04T21:36:36.936Z"}
{"exitCode":"SIGHUP","level":"info","message":"👾 Game executed juego.rpg on c:\\Users\\santi\\OneDrive\\Desktop\\Proyectos Uni\\Programacion de obejtos I\\Game\\pruebaJuego","timeElapsed":93277,"timestamp":"2026-06-04T21:38:09.419Z"}
{"level":"info","message":"🚀 Program executed \u001b[3m\u001b[34mjuego.rpg\u001b[39m\u001b[23m on \u001b[3m\u001b[34mc:\\Users\\santi\\OneDrive\\Desktop\\Proyectos Uni\\Programacion de obejtos I\\Game\\pruebaJuego\u001b[39m\u001b[23m","ok":true,"timeElapsed":838,"timestamp":"2026-06-04T21:38:11.992Z"}
{"exitCode":"SIGHUP","level":"info","message":"👾 Game executed juego.rpg on c:\\Users\\santi\\OneDrive\\Desktop\\Proyectos Uni\\Programacion de obejtos I\\Game\\pruebaJuego","timeElapsed":13660,"timestamp":"2026-06-04T21:38:24.813Z"}
{"level":"info","message":"🚀 Program executed \u001b[3m\u001b[34mjuego.rpg\u001b[39m\u001b[23m on \u001b[3m\u001b[34mc:\\Users\\santi\\OneDrive\\Desktop\\Proyectos Uni\\Programacion de obejtos I\\Game\\pruebaJuego\u001b[39m\u001b[23m","ok":true,"timeElapsed":842,"timestamp":"2026-06-04T21:38:26.776Z"}
{"exitCode":"SIGHUP","level":"info","message":"👾 Game executed juego.rpg on c:\\Users\\santi\\OneDrive\\Desktop\\Proyectos Uni\\Programacion de obejtos I\\Game\\pruebaJuego","timeElapsed":76690,"timestamp":"2026-06-04T21:39:42.623Z"}
{"level":"info","message":"🚀 Program executed \u001b[3m\u001b[34mjuego.rpg\u001b[39m\u001b[23m on \u001b[3m\u001b[34mc:\\Users\\santi\\OneDrive\\Desktop\\Proyectos Uni\\Programacion de obejtos I\\Game\\pruebaJuego\u001b[39m\u001b[23m","ok":true,"timeElapsed":731,"timestamp":"2026-06-04T21:39:44.618Z"}
{"exitCode":"SIGHUP","level":"info","message":"👾 Game executed juego.rpg on c:\\Users\\santi\\OneDrive\\Desktop\\Proyectos Uni\\Programacion de obejtos I\\Game\\pruebaJuego","timeElapsed":100777,"timestamp":"2026-06-04T21:41:24.664Z"}
{"level":"info","message":"🚀 Program executed \u001b[3m\u001b[34mjuego.rpg\u001b[39m\u001b[23m on \u001b[3m\u001b[34mc:\\Users\\santi\\OneDrive\\Desktop\\Proyectos Uni\\Programacion de obejtos I\\Game\\pruebaJuego\u001b[39m\u001b[23m","ok":true,"timeElapsed":722,"timestamp":"2026-06-04T21:41:26.414Z"}
{"exitCode":"SIGHUP","level":"info","message":"👾 Game executed juego.rpg on c:\\Users\\santi\\OneDrive\\Desktop\\Proyectos Uni\\Programacion de obejtos I\\Game\\pruebaJuego","timeElapsed":212276,"timestamp":"2026-06-04T21:44:57.967Z"}
{"level":"info","message":"🚀 Program executed \u001b[3m\u001b[34mjuego.rpg\u001b[39m\u001b[23m on \u001b[3m\u001b[34mc:\\Users\\santi\\OneDrive\\Desktop\\Proyectos Uni\\Programacion de obejtos I\\Game\\pruebaJuego\u001b[39m\u001b[23m","ok":true,"timeElapsed":740,"timestamp":"2026-06-04T21:44:59.995Z"}
{"exitCode":"SIGHUP","level":"info","message":"👾 Game executed juego.rpg on c:\\Users\\santi\\OneDrive\\Desktop\\Proyectos Uni\\Programacion de obejtos I\\Game\\pruebaJuego","timeElapsed":156423,"timestamp":"2026-06-04T21:47:35.676Z"}
{"level":"info","message":"🚀 Program executed \u001b[3m\u001b[34mjuego.rpg\u001b[39m\u001b[23m on \u001b[3m\u001b[34mc:\\Users\\santi\\OneDrive\\Desktop\\Proyectos Uni\\Programacion de obejtos I\\Game\\pruebaJuego\u001b[39m\u001b[23m","ok":true,"timeElapsed":749,"timestamp":"2026-06-04T21:47:37.823Z"}
{"exitCode":"SIGHUP","level":"info","message":"👾 Game executed juego.rpg on c:\\Users\\santi\\OneDrive\\Desktop\\Proyectos Uni\\Programacion de obejtos I\\Game\\pruebaJuego","timeElapsed":104640,"timestamp":"2026-06-04T21:49:21.714Z"}
{"level":"info","message":"🚀 Program executed \u001b[3m\u001b[34mjuego.rpg\u001b[39m\u001b[23m on \u001b[3m\u001b[34mc:\\Users\\santi\\OneDrive\\Desktop\\Proyectos Uni\\Programacion de obejtos I\\Game\\pruebaJuego\u001b[39m\u001b[23m","ok":true,"timeElapsed":700,"timestamp":"2026-06-04T21:49:23.502Z"}
{"exitCode":"SIGHUP","level":"info","message":"👾 Game executed juego.rpg on c:\\Users\\santi\\OneDrive\\Desktop\\Proyectos Uni\\Programacion de obejtos I\\Game\\pruebaJuego","timeElapsed":115986,"timestamp":"2026-06-04T21:51:18.788Z"}
{"level":"info","message":"🚀 Program executed \u001b[3m\u001b[34mjuego.rpg\u001b[39m\u001b[23m on \u001b[3m\u001b[34mc:\\Users\\santi\\OneDrive\\Desktop\\Proyectos Uni\\Programacion de obejtos I\\Game\\pruebaJuego\u001b[39m\u001b[23m","ok":true,"timeElapsed":797,"timestamp":"2026-06-04T21:51:20.750Z"}
{"exitCode":"SIGHUP","level":"info","message":"👾 Game executed juego.rpg on c:\\Users\\santi\\OneDrive\\Desktop\\Proyectos Uni\\Programacion de obejtos I\\Game\\pruebaJuego","timeElapsed":1371636,"timestamp":"2026-06-04T22:14:11.589Z"}
{"level":"info","message":"🚀 Program executed \u001b[3m\u001b[34mjuego.rpg\u001b[39m\u001b[23m on \u001b[3m\u001b[34mc:\\Users\\santi\\OneDrive\\Desktop\\Proyectos Uni\\Programacion de obejtos I\\Game\\pruebaJuego\u001b[39m\u001b[23m","ok":true,"timeElapsed":838,"timestamp":"2026-06-04T22:14:14.126Z"}
{"exitCode":"SIGHUP","level":"info","message":"👾 Game executed juego.rpg on c:\\Users\\santi\\OneDrive\\Desktop\\Proyectos Uni\\Programacion de obejtos I\\Game\\pruebaJuego","timeElapsed":129299,"timestamp":"2026-06-04T22:16:22.586Z"}
{"level":"info","message":"🚀 Program executed \u001b[3m\u001b[34mjuego.rpg\u001b[39m\u001b[23m on \u001b[3m\u001b[34mc:\\Users\\santi\\OneDrive\\Desktop\\Proyectos Uni\\Programacion de obejtos I\\Game\\pruebaJuego\u001b[39m\u001b[23m","ok":true,"timeElapsed":849,"timestamp":"2026-06-04T22:16:24.602Z"}
{"exitCode":"SIGHUP","level":"info","message":"👾 Game executed juego.rpg on c:\\Users\\santi\\OneDrive\\Desktop\\Proyectos Uni\\Programacion de obejtos I\\Game\\pruebaJuego","timeElapsed":224444,"timestamp":"2026-06-04T22:20:08.198Z"}
{"level":"info","message":"🚀 Program executed \u001b[3m\u001b[34mjuego.rpg\u001b[39m\u001b[23m on \u001b[3m\u001b[34mc:\\Users\\santi\\OneDrive\\Desktop\\Proyectos Uni\\Programacion de obejtos I\\Game\\pruebaJuego\u001b[39m\u001b[23m","ok":true,"timeElapsed":920,"timestamp":"2026-06-04T22:20:10.612Z"}
{"exitCode":"SIGHUP","level":"info","message":"👾 Game executed juego.rpg on c:\\Users\\santi\\OneDrive\\Desktop\\Proyectos Uni\\Programacion de obejtos I\\Game\\pruebaJuego","timeElapsed":425502,"timestamp":"2026-06-04T22:27:15.196Z"}
{"level":"info","message":"🚀 Program executed \u001b[3m\u001b[34mjuego.rpg\u001b[39m\u001b[23m on \u001b[3m\u001b[34mc:\\Users\\santi\\OneDrive\\Desktop\\Proyectos Uni\\Programacion de obejtos I\\Game\\pruebaJuego\u001b[39m\u001b[23m","ok":true,"timeElapsed":764,"timestamp":"2026-06-04T22:27:17.444Z"}
{"exitCode":"SIGHUP","level":"info","message":"👾 Game executed juego.rpg on c:\\Users\\santi\\OneDrive\\Desktop\\Proyectos Uni\\Programacion de obejtos I\\Game\\pruebaJuego","timeElapsed":20761467,"timestamp":"2026-06-05T04:13:18.321Z"}
{"level":"info","message":"⌛ Building environment","timeElapsed":300,"timestamp":"2026-06-05T21:42:57.358Z"}
{"level":"info","message":"⌛ Building environment","timeElapsed":133,"timestamp":"2026-06-05T21:42:57.495Z"}
{"level":"info","message":"⌛ Validating juego.wpgm","timeElapsed":462,"timestamp":"2026-06-05T21:42:58.440Z"}
{"level":"info","message":"⌛ Building environment","timeElapsed":159,"timestamp":"2026-06-05T21:42:58.601Z"}
{"level":"info","message":"⌛ Building environment","timeElapsed":209,"timestamp":"2026-06-05T21:42:58.823Z"}
{"level":"info","message":"⌛ Building environment","timeElapsed":753,"timestamp":"2026-06-05T21:42:59.576Z"}
{"level":"info","message":"⌛ Building environment","timeElapsed":360,"timestamp":"2026-06-05T21:43:00.381Z"}
{"level":"info","message":"⌛ Building environment","timeElapsed":477,"timestamp":"2026-06-05T21:43:00.860Z"}
{"level":"info","message":"⌛ Validating juego.wpgm","timeElapsed":254,"timestamp":"2026-06-05T21:43:01.123Z"}
{"level":"info","message":"⌛ Building environment","timeElapsed":198,"timestamp":"2026-06-05T21:43:01.322Z"}
{"level":"info","message":"⌛ Validating teclado.wlk","timeElapsed":251,"timestamp":"2026-06-05T21:43:01.585Z"}
{"level":"info","message":"⌛ Building environment","timeElapsed":180,"timestamp":"2026-06-05T21:43:01.766Z"}
{"level":"info","message":"⌛ Validating personaje.wlk","timeElapsed":179,"timestamp":"2026-06-05T21:43:01.946Z"}
{"level":"info","message":"⌛ Building environment","timeElapsed":417,"timestamp":"2026-06-05T21:43:02.365Z"}
{"level":"info","message":"⌛ Building environment","timeElapsed":343,"timestamp":"2026-06-05T21:43:02.721Z"}
{"level":"info","message":"⌛ Validating objetos.wlk","timeElapsed":122,"timestamp":"2026-06-05T21:43:02.844Z"}
{"level":"info","message":"⌛ Validating niveles.wlk","timeElapsed":135,"timestamp":"2026-06-05T21:43:02.980Z"}
{"level":"info","message":"⌛ Validating enemigos.wlk","timeElapsed":139,"timestamp":"2026-06-05T21:43:03.121Z"}
{"level":"info","message":"⌛ Validating gestorAnimacion.wlk","timeElapsed":129,"timestamp":"2026-06-05T21:43:03.250Z"}
{"level":"info","message":"⌛ Validating juego.wpgm","timeElapsed":135,"timestamp":"2026-06-05T21:43:03.385Z"}
{"level":"info","message":"⌛ Validating teclado.wlk","timeElapsed":221,"timestamp":"2026-06-05T21:43:03.607Z"}
{"level":"info","message":"⌛ Validating personaje.wlk","timeElapsed":125,"timestamp":"2026-06-05T21:43:03.733Z"}
{"level":"info","message":"⌛ Validating objetos.wlk","timeElapsed":149,"timestamp":"2026-06-05T21:43:03.882Z"}
{"level":"info","message":"⌛ Validating niveles.wlk","timeElapsed":142,"timestamp":"2026-06-05T21:43:04.024Z"}
{"level":"info","message":"⌛ Validating enemigos.wlk","timeElapsed":144,"timestamp":"2026-06-05T21:43:04.169Z"}
{"level":"info","message":"⌛ Validating gestorAnimacion.wlk","timeElapsed":110,"timestamp":"2026-06-05T21:43:04.280Z"}
{"level":"info","message":"⌛ Validating juego.wpgm","timeElapsed":149,"timestamp":"2026-06-05T21:43:04.429Z"}
{"level":"info","message":"⌛ Validating teclado.wlk","timeElapsed":126,"timestamp":"2026-06-05T21:43:04.557Z"}
{"level":"info","message":"⌛ Validating objetos.wlk","timeElapsed":130,"timestamp":"2026-06-05T21:43:04.775Z"}
{"level":"info","message":"⌛ Validating niveles.wlk","timeElapsed":109,"timestamp":"2026-06-05T21:43:04.884Z"}
{"level":"info","message":"⌛ Validating enemigos.wlk","timeElapsed":119,"timestamp":"2026-06-05T21:43:05.003Z"}
{"level":"info","message":"⌛ Validating gestorAnimacion.wlk","timeElapsed":103,"timestamp":"2026-06-05T21:43:05.107Z"}
{"errors":{"errors":[null,["/*const palanca = new Palanca(position = game.at(3,3), listaObjetos = [0, 1])\r","game.addVisual(palanca)\r"]]},"level":"error","message":"✘ Failed to get type description: Error: {\n  \"errors\": [\n    null,\n    [\n      \"/*const palanca = new Palanca(position = game.at(3,3), listaObjetos = [0, 1])\\r\",\n      \"game.addVisual(palanca)\\r\"\n    ]\n  ]\n} {\n  \"errors\": [\n    null,\n    [\n      \"/*const palanca = new Palanca(position = game.at(3,3), listaObjetos = [0, 1])\\r\",\n      \"game.addVisual(palanca)\\r\"\n    ]\n  ]\n}","stack":"Error: {\n  \"errors\": [\n    null,\n    [\n      \"/*const palanca = new Palanca(position = game.at(3,3), listaObjetos = [0, 1])\\r\",\n      \"game.addVisual(palanca)\\r\"\n    ]\n  ]\n}\n    at lS (c:\\Users\\santi\\.vscode\\extensions\\uqbar.wollok-lsp-ide-0.5.4\\out\\server\\src\\server.js:64:34609)\n    at Q1 (c:\\Users\\santi\\.vscode\\extensions\\uqbar.wollok-lsp-ide-0.5.4\\out\\server\\src\\server.js:64:34682)\n    at c:\\Users\\santi\\.vscode\\extensions\\uqbar.wollok-lsp-ide-0.5.4\\out\\server\\src\\server.js:64:37949\n    at o.y1 (c:\\Users\\santi\\.vscode\\extensions\\uqbar.wollok-lsp-ide-0.5.4\\out\\server\\src\\server.js:57:59114)\n    at c:\\Users\\santi\\.vscode\\extensions\\uqbar.wollok-lsp-ide-0.5.4\\out\\server\\src\\server.js:64:37918\n    at c:\\Users\\santi\\.vscode\\extensions\\uqbar.wollok-lsp-ide-0.5.4\\out\\server\\src\\server.js:57:57154\n    at Cfn (c:\\Users\\santi\\.vscode\\extensions\\uqbar.wollok-lsp-ide-0.5.4\\out\\server\\src\\server.js:68:11324)\n    at c:\\Users\\santi\\.vscode\\extensions\\uqbar.wollok-lsp-ide-0.5.4\\out\\server\\src\\server.js:68:3629\n    at d4 (c:\\Users\\santi\\.vscode\\extensions\\uqbar.wollok-lsp-ide-0.5.4\\out\\server\\src\\server.js:68:9866)\n    at c:\\Users\\santi\\.vscode\\extensions\\uqbar.wollok-lsp-ide-0.5.4\\out\\server\\src\\server.js:68:9628","timestamp":"2026-06-05T21:43:22.777Z"}
{"errors":{"errors":[null,["/*const palanca = new Palanca(position = game.at(3,3), listaObjetos = [0, 1])\r","game.addVisual(palanca)\r"]]},"level":"error","message":"✘ Failed to get type description: Error: {\n  \"errors\": [\n    null,\n    [\n      \"/*const palanca = new Palanca(position = game.at(3,3), listaObjetos = [0, 1])\\r\",\n      \"game.addVisual(palanca)\\r\"\n    ]\n  ]\n} {\n  \"errors\": [\n    null,\n    [\n      \"/*const palanca = new Palanca(position = game.at(3,3), listaObjetos = [0, 1])\\r\",\n      \"game.addVisual(palanca)\\r\"\n    ]\n  ]\n}","stack":"Error: {\n  \"errors\": [\n    null,\n    [\n      \"/*const palanca = new Palanca(position = game.at(3,3), listaObjetos = [0, 1])\\r\",\n      \"game.addVisual(palanca)\\r\"\n    ]\n  ]\n}\n    at lS (c:\\Users\\santi\\.vscode\\extensions\\uqbar.wollok-lsp-ide-0.5.4\\out\\server\\src\\server.js:64:34609)\n    at Q1 (c:\\Users\\santi\\.vscode\\extensions\\uqbar.wollok-lsp-ide-0.5.4\\out\\server\\src\\server.js:64:34682)\n    at c:\\Users\\santi\\.vscode\\extensions\\uqbar.wollok-lsp-ide-0.5.4\\out\\server\\src\\server.js:64:37949\n    at o.y1 (c:\\Users\\santi\\.vscode\\extensions\\uqbar.wollok-lsp-ide-0.5.4\\out\\server\\src\\server.js:57:59114)\n    at c:\\Users\\santi\\.vscode\\extensions\\uqbar.wollok-lsp-ide-0.5.4\\out\\server\\src\\server.js:64:37918\n    at c:\\Users\\santi\\.vscode\\extensions\\uqbar.wollok-lsp-ide-0.5.4\\out\\server\\src\\server.js:57:57154\n    at Cfn (c:\\Users\\santi\\.vscode\\extensions\\uqbar.wollok-lsp-ide-0.5.4\\out\\server\\src\\server.js:68:11324)\n    at c:\\Users\\santi\\.vscode\\extensions\\uqbar.wollok-lsp-ide-0.5.4\\out\\server\\src\\server.js:68:3629\n    at d4 (c:\\Users\\santi\\.vscode\\extensions\\uqbar.wollok-lsp-ide-0.5.4\\out\\server\\src\\server.js:68:9866)\n    at c:\\Users\\santi\\.vscode\\extensions\\uqbar.wollok-lsp-ide-0.5.4\\out\\server\\src\\server.js:68:9628","timestamp":"2026-06-05T21:43:23.790Z"}
{"level":"info","message":"⌛ Building environment","timeElapsed":361,"timestamp":"2026-06-05T21:43:24.898Z"}
{"level":"info","message":"⌛ Validating juego.wpgm","timeElapsed":162,"timestamp":"2026-06-05T21:43:25.067Z"}
{"level":"info","message":"⌛ Validating gestorAnimacion.wlk","timeElapsed":124,"timestamp":"2026-06-05T21:43:25.629Z"}
{"level":"info","message":"⌛ Building environment","timeElapsed":295,"timestamp":"2026-06-05T21:43:25.925Z"}
{"level":"info","message":"⌛ Validating juego.wpgm","timeElapsed":222,"timestamp":"2026-06-05T21:43:26.149Z"}
{"level":"info","message":"⌛ Validating teclado.wlk","timeElapsed":129,"timestamp":"2026-06-05T21:43:26.280Z"}
{"level":"info","message":"🚀 Program executed \u001b[3m\u001b[34mjuego.rpg\u001b[39m\u001b[23m on \u001b[3m\u001b[34mc:\\Users\\santi\\OneDrive\\Desktop\\Proyectos Uni\\Programacion de obejtos I\\Game\\pruebaJuego\u001b[39m\u001b[23m","ok":true,"timeElapsed":717,"timestamp":"2026-06-05T21:43:28.399Z"}
{"level":"info","message":"⌛ Building environment","timeElapsed":129,"timestamp":"2026-06-05T21:46:05.474Z"}
{"level":"info","message":"⌛ Validating enemigos.wlk","timeElapsed":167,"timestamp":"2026-06-05T21:46:05.644Z"}
{"level":"info","message":"⌛ Building environment","timeElapsed":113,"timestamp":"2026-06-05T21:46:05.758Z"}
{"level":"info","message":"⌛ Validating enemigos.wlk","timeElapsed":117,"timestamp":"2026-06-05T21:46:05.890Z"}
{"level":"info","message":"⌛ Building environment","timeElapsed":135,"timestamp":"2026-06-05T21:46:06.026Z"}
{"level":"info","message":"⌛ Validating enemigos.wlk","timeElapsed":130,"timestamp":"2026-06-05T21:46:06.159Z"}
{"level":"info","message":"⌛ Building environment","timeElapsed":103,"timestamp":"2026-06-05T21:46:06.437Z"}
{"level":"info","message":"⌛ Validating enemigos.wlk","timeElapsed":128,"timestamp":"2026-06-05T21:46:06.601Z"}
{"level":"info","message":"⌛ Building environment","timeElapsed":101,"timestamp":"2026-06-05T21:46:06.702Z"}
{"level":"info","message":"⌛ Validating enemigos.wlk","timeElapsed":104,"timestamp":"2026-06-05T21:46:07.465Z"}
{"level":"info","message":"⌛ Building environment","timeElapsed":130,"timestamp":"2026-06-05T21:46:08.275Z"}
{"level":"info","message":"⌛ Validating enemigos.wlk","timeElapsed":142,"timestamp":"2026-06-05T21:46:08.424Z"}
{"level":"info","message":"⌛ Validating enemigos.wlk","timeElapsed":104,"timestamp":"2026-06-05T21:46:08.529Z"}
{"level":"info","message":"⌛ Building environment","timeElapsed":106,"timestamp":"2026-06-05T21:46:21.731Z"}
{"level":"info","message":"⌛ Validating enemigos.wlk","timeElapsed":105,"timestamp":"2026-06-05T21:46:21.839Z"}
{"level":"info","message":"⌛ Building environment","timeElapsed":118,"timestamp":"2026-06-05T21:46:22.111Z"}
{"level":"info","message":"⌛ Validating enemigos.wlk","timeElapsed":102,"timestamp":"2026-06-05T21:46:26.076Z"}
{"level":"info","message":"⌛ Building environment","timeElapsed":133,"timestamp":"2026-06-05T21:46:43.036Z"}
{"level":"info","message":"⌛ Validating enemigos.wlk","timeElapsed":137,"timestamp":"2026-06-05T21:46:43.175Z"}
{"level":"info","message":"⌛ Building environment","timeElapsed":109,"timestamp":"2026-06-05T21:46:43.285Z"}
{"level":"info","message":"⌛ Validating enemigos.wlk","timeElapsed":129,"timestamp":"2026-06-05T21:46:43.416Z"}
{"level":"info","message":"⌛ Building environment","timeElapsed":101,"timestamp":"2026-06-05T21:46:43.899Z"}
{"level":"info","message":"⌛ Building environment","timeElapsed":107,"timestamp":"2026-06-05T21:46:46.405Z"}
{"level":"info","message":"⌛ Validating enemigos.wlk","timeElapsed":143,"timestamp":"2026-06-05T21:46:46.551Z"}
{"level":"info","message":"⌛ Building environment","timeElapsed":116,"timestamp":"2026-06-05T21:46:46.667Z"}
{"level":"info","message":"⌛ Validating enemigos.wlk","timeElapsed":128,"timestamp":"2026-06-05T21:46:46.804Z"}
{"level":"info","message":"⌛ Building environment","timeElapsed":104,"timestamp":"2026-06-05T21:46:49.816Z"}
{"level":"info","message":"⌛ Building environment","timeElapsed":140,"timestamp":"2026-06-05T21:46:50.447Z"}
{"level":"info","message":"⌛ Validating enemigos.wlk","timeElapsed":118,"timestamp":"2026-06-05T21:46:50.568Z"}
{"level":"info","message":"⌛ Building environment","timeElapsed":115,"timestamp":"2026-06-05T21:46:50.684Z"}
{"level":"info","message":"⌛ Validating enemigos.wlk","timeElapsed":102,"timestamp":"2026-06-05T21:46:50.787Z"}
{"level":"info","message":"⌛ Building environment","timeElapsed":105,"timestamp":"2026-06-05T21:46:54.539Z"}
{"level":"info","message":"⌛ Validating enemigos.wlk","timeElapsed":103,"timestamp":"2026-06-05T21:46:54.651Z"}
{"level":"info","message":"⌛ Validating enemigos.wlk","timeElapsed":103,"timestamp":"2026-06-05T21:46:56.604Z"}
{"level":"info","message":"⌛ Building environment","timeElapsed":130,"timestamp":"2026-06-05T21:47:02.228Z"}
{"level":"info","message":"⌛ Validating enemigos.wlk","timeElapsed":123,"timestamp":"2026-06-05T21:47:02.355Z"}
{"level":"info","message":"⌛ Building environment","timeElapsed":128,"timestamp":"2026-06-05T21:47:02.702Z"}
{"level":"info","message":"⌛ Validating enemigos.wlk","timeElapsed":104,"timestamp":"2026-06-05T21:47:05.375Z"}
{"level":"info","message":"⌛ Building environment","timeElapsed":133,"timestamp":"2026-06-05T21:47:54.540Z"}
{"level":"info","message":"⌛ Validating enemigos.wlk","timeElapsed":143,"timestamp":"2026-06-05T21:47:54.686Z"}
{"level":"info","message":"⌛ Building environment","timeElapsed":102,"timestamp":"2026-06-05T21:47:55.137Z"}
{"level":"info","message":"⌛ Validating enemigos.wlk","timeElapsed":129,"timestamp":"2026-06-05T21:47:55.269Z"}
{"level":"info","message":"⌛ Building environment","timeElapsed":111,"timestamp":"2026-06-05T21:48:34.220Z"}
{"level":"info","message":"⌛ Validating enemigos.wlk","timeElapsed":130,"timestamp":"2026-06-05T21:48:34.352Z"}
{"level":"info","message":"⌛ Building environment","timeElapsed":105,"timestamp":"2026-06-05T21:48:34.559Z"}
{"level":"info","message":"⌛ Validating enemigos.wlk","timeElapsed":134,"timestamp":"2026-06-05T21:48:34.722Z"}
{"level":"info","message":"⌛ Building environment","timeElapsed":154,"timestamp":"2026-06-05T21:48:46.093Z"}
{"level":"info","message":"⌛ Validating niveles.wlk","timeElapsed":160,"timestamp":"2026-06-05T21:48:46.284Z"}
{"level":"info","message":"⌛ Building environment","timeElapsed":131,"timestamp":"2026-06-05T21:49:00.124Z"}
{"level":"info","message":"⌛ Validating niveles.wlk","timeElapsed":136,"timestamp":"2026-06-05T21:49:00.263Z"}
{"level":"info","message":"⌛ Building environment","timeElapsed":105,"timestamp":"2026-06-05T21:49:01.437Z"}
{"level":"info","message":"⌛ Validating niveles.wlk","timeElapsed":106,"timestamp":"2026-06-05T21:49:01.547Z"}
{"level":"info","message":"⌛ Building environment","timeElapsed":111,"timestamp":"2026-06-05T21:49:01.707Z"}
{"level":"info","message":"⌛ Building environment","timeElapsed":107,"timestamp":"2026-06-05T21:49:02.552Z"}
{"level":"info","message":"⌛ Validating niveles.wlk","timeElapsed":104,"timestamp":"2026-06-05T21:49:02.658Z"}
{"level":"info","message":"⌛ Building environment","timeElapsed":159,"timestamp":"2026-06-05T21:49:04.643Z"}
{"level":"info","message":"⌛ Validating niveles.wlk","timeElapsed":129,"timestamp":"2026-06-05T21:49:04.774Z"}
{"level":"info","message":"⌛ Building environment","timeElapsed":109,"timestamp":"2026-06-05T21:49:06.831Z"}
{"level":"info","message":"⌛ Validating niveles.wlk","timeElapsed":101,"timestamp":"2026-06-05T21:49:06.934Z"}
{"level":"info","message":"⌛ Building environment","timeElapsed":104,"timestamp":"2026-06-05T21:49:07.062Z"}
{"level":"error","message":"✘ Completions for node If ([79:17, 85:18] - niveles.wlk) failed: Error: [If]{aae9a6} at niveles.wlk:79 exhausted all cases without a match [If]{aae9a6} at niveles.wlk:79 exhausted all cases without a match","stack":"Error: [If]{aae9a6} at niveles.wlk:79 exhausted all cases without a match\n    at c:\\Users\\santi\\.vscode\\extensions\\uqbar.wollok-lsp-ide-0.5.4\\out\\server\\src\\server.js:38:6142\n    at L2 (c:\\Users\\santi\\.vscode\\extensions\\uqbar.wollok-lsp-ide-0.5.4\\out\\server\\src\\server.js:2389:42)\n    at Jh (c:\\Users\\santi\\.vscode\\extensions\\uqbar.wollok-lsp-ide-0.5.4\\out\\server\\src\\server.js:2389:1092)\n    at v5n (c:\\Users\\santi\\.vscode\\extensions\\uqbar.wollok-lsp-ide-0.5.4\\out\\server\\src\\server.js:2389:818)\n    at c:\\Users\\santi\\.vscode\\extensions\\uqbar.wollok-lsp-ide-0.5.4\\out\\server\\src\\server.js:38:6131\n    at L2 (c:\\Users\\santi\\.vscode\\extensions\\uqbar.wollok-lsp-ide-0.5.4\\out\\server\\src\\server.js:2389:42)\n    at Jh (c:\\Users\\santi\\.vscode\\extensions\\uqbar.wollok-lsp-ide-0.5.4\\out\\server\\src\\server.js:2389:1092)\n    at M5n (c:\\Users\\santi\\.vscode\\extensions\\uqbar.wollok-lsp-ide-0.5.4\\out\\server\\src\\server.js:2389:1248)\n    at c:\\Users\\santi\\.vscode\\extensions\\uqbar.wollok-lsp-ide-0.5.4\\out\\server\\src\\server.js:38:6131\n    at L2 (c:\\Users\\santi\\.vscode\\extensions\\uqbar.wollok-lsp-ide-0.5.4\\out\\server\\src\\server.js:2389:42)","timestamp":"2026-06-05T21:49:07.090Z"}
{"level":"info","message":"⌛ Validating niveles.wlk","timeElapsed":105,"timestamp":"2026-06-05T21:49:07.200Z"}
{"level":"info","message":"⌛ Building environment","timeElapsed":102,"timestamp":"2026-06-05T21:49:07.303Z"}
{"level":"info","message":"⌛ Validating niveles.wlk","timeElapsed":108,"timestamp":"2026-06-05T21:49:07.518Z"}
{"level":"info","message":"⌛ Building environment","timeElapsed":130,"timestamp":"2026-06-05T21:49:08.136Z"}
{"level":"info","message":"⌛ Building environment","timeElapsed":116,"timestamp":"2026-06-05T21:49:08.366Z"}
{"level":"info","message":"⌛ Validating niveles.wlk","timeElapsed":111,"timestamp":"2026-06-05T21:49:08.479Z"}
{"level":"info","message":"⌛ Building environment","timeElapsed":123,"timestamp":"2026-06-05T21:49:09.015Z"}
{"level":"info","message":"⌛ Validating niveles.wlk","timeElapsed":110,"timestamp":"2026-06-05T21:49:09.155Z"}
{"level":"info","message":"⌛ Building environment","timeElapsed":112,"timestamp":"2026-06-05T21:49:09.295Z"}
{"level":"info","message":"⌛ Validating niveles.wlk","timeElapsed":134,"timestamp":"2026-06-05T21:49:09.437Z"}
{"level":"info","message":"⌛ Validating niveles.wlk","timeElapsed":137,"timestamp":"2026-06-05T21:49:09.881Z"}
{"level":"info","message":"⌛ Validating niveles.wlk","timeElapsed":114,"timestamp":"2026-06-05T21:49:10.521Z"}
{"level":"info","message":"⌛ Building environment","timeElapsed":101,"timestamp":"2026-06-05T21:49:10.623Z"}
{"level":"info","message":"⌛ Building environment","timeElapsed":158,"timestamp":"2026-06-05T21:49:10.782Z"}
{"level":"info","message":"⌛ Validating niveles.wlk","timeElapsed":106,"timestamp":"2026-06-05T21:49:10.887Z"}
{"level":"error","message":"✘ Completions for node If ([79:17, 85:18] - niveles.wlk) failed: Error: [If]{356dbf} at niveles.wlk:79 exhausted all cases without a match [If]{356dbf} at niveles.wlk:79 exhausted all cases without a match","stack":"Error: [If]{356dbf} at niveles.wlk:79 exhausted all cases without a match\n    at c:\\Users\\santi\\.vscode\\extensions\\uqbar.wollok-lsp-ide-0.5.4\\out\\server\\src\\server.js:38:6142\n    at L2 (c:\\Users\\santi\\.vscode\\extensions\\uqbar.wollok-lsp-ide-0.5.4\\out\\server\\src\\server.js:2389:42)\n    at Jh (c:\\Users\\santi\\.vscode\\extensions\\uqbar.wollok-lsp-ide-0.5.4\\out\\server\\src\\server.js:2389:1092)\n    at v5n (c:\\Users\\santi\\.vscode\\extensions\\uqbar.wollok-lsp-ide-0.5.4\\out\\server\\src\\server.js:2389:818)\n    at c:\\Users\\santi\\.vscode\\extensions\\uqbar.wollok-lsp-ide-0.5.4\\out\\server\\src\\server.js:38:6131\n    at L2 (c:\\Users\\santi\\.vscode\\extensions\\uqbar.wollok-lsp-ide-0.5.4\\out\\server\\src\\server.js:2389:42)\n    at Jh (c:\\Users\\santi\\.vscode\\extensions\\uqbar.wollok-lsp-ide-0.5.4\\out\\server\\src\\server.js:2389:1092)\n    at M5n (c:\\Users\\santi\\.vscode\\extensions\\uqbar.wollok-lsp-ide-0.5.4\\out\\server\\src\\server.js:2389:1248)\n    at c:\\Users\\santi\\.vscode\\extensions\\uqbar.wollok-lsp-ide-0.5.4\\out\\server\\src\\server.js:38:6131\n    at L2 (c:\\Users\\santi\\.vscode\\extensions\\uqbar.wollok-lsp-ide-0.5.4\\out\\server\\src\\server.js:2389:42)","timestamp":"2026-06-05T21:49:10.973Z"}
{"level":"info","message":"⌛ Building environment","timeElapsed":104,"timestamp":"2026-06-05T21:49:11.433Z"}
{"level":"info","message":"⌛ Building environment","timeElapsed":110,"timestamp":"2026-06-05T21:49:11.664Z"}
{"level":"info","message":"⌛ Building environment","timeElapsed":121,"timestamp":"2026-06-05T21:49:12.129Z"}
{"level":"info","message":"⌛ Validating niveles.wlk","timeElapsed":106,"timestamp":"2026-06-05T21:49:12.243Z"}
{"level":"error","message":"✘ Completions for node If ([79:17, 85:18] - niveles.wlk) failed: Error: [If]{78476b} at niveles.wlk:79 exhausted all cases without a match [If]{78476b} at niveles.wlk:79 exhausted all cases without a match","stack":"Error: [If]{78476b} at niveles.wlk:79 exhausted all cases without a match\n    at c:\\Users\\santi\\.vscode\\extensions\\uqbar.wollok-lsp-ide-0.5.4\\out\\server\\src\\server.js:38:6142\n    at L2 (c:\\Users\\santi\\.vscode\\extensions\\uqbar.wollok-lsp-ide-0.5.4\\out\\server\\src\\server.js:2389:42)\n    at Jh (c:\\Users\\santi\\.vscode\\extensions\\uqbar.wollok-lsp-ide-0.5.4\\out\\server\\src\\server.js:2389:1092)\n    at v5n (c:\\Users\\santi\\.vscode\\extensions\\uqbar.wollok-lsp-ide-0.5.4\\out\\server\\src\\server.js:2389:818)\n    at c:\\Users\\santi\\.vscode\\extensions\\uqbar.wollok-lsp-ide-0.5.4\\out\\server\\src\\server.js:38:6131\n    at L2 (c:\\Users\\santi\\.vscode\\extensions\\uqbar.wollok-lsp-ide-0.5.4\\out\\server\\src\\server.js:2389:42)\n    at Jh (c:\\Users\\santi\\.vscode\\extensions\\uqbar.wollok-lsp-ide-0.5.4\\out\\server\\src\\server.js:2389:1092)\n    at M5n (c:\\Users\\santi\\.vscode\\extensions\\uqbar.wollok-lsp-ide-0.5.4\\out\\server\\src\\server.js:2389:1248)\n    at c:\\Users\\santi\\.vscode\\extensions\\uqbar.wollok-lsp-ide-0.5.4\\out\\server\\src\\server.js:38:6131\n    at L2 (c:\\Users\\santi\\.vscode\\extensions\\uqbar.wollok-lsp-ide-0.5.4\\out\\server\\src\\server.js:2389:42)","timestamp":"2026-06-05T21:49:12.489Z"}
{"level":"info","message":"⌛ Validating niveles.wlk","timeElapsed":101,"timestamp":"2026-06-05T21:49:12.593Z"}
{"level":"error","message":"✘ Completions for node If ([79:17, 85:18] - niveles.wlk) failed: Error: [If]{44317d} at niveles.wlk:79 exhausted all cases without a match [If]{44317d} at niveles.wlk:79 exhausted all cases without a match","stack":"Error: [If]{44317d} at niveles.wlk:79 exhausted all cases without a match\n    at c:\\Users\\santi\\.vscode\\extensions\\uqbar.wollok-lsp-ide-0.5.4\\out\\server\\src\\server.js:38:6142\n    at L2 (c:\\Users\\santi\\.vscode\\extensions\\uqbar.wollok-lsp-ide-0.5.4\\out\\server\\src\\server.js:2389:42)\n    at Jh (c:\\Users\\santi\\.vscode\\extensions\\uqbar.wollok-lsp-ide-0.5.4\\out\\server\\src\\server.js:2389:1092)\n    at v5n (c:\\Users\\santi\\.vscode\\extensions\\uqbar.wollok-lsp-ide-0.5.4\\out\\server\\src\\server.js:2389:818)\n    at c:\\Users\\santi\\.vscode\\extensions\\uqbar.wollok-lsp-ide-0.5.4\\out\\server\\src\\server.js:38:6131\n    at L2 (c:\\Users\\santi\\.vscode\\extensions\\uqbar.wollok-lsp-ide-0.5.4\\out\\server\\src\\server.js:2389:42)\n    at Jh (c:\\Users\\santi\\.vscode\\extensions\\uqbar.wollok-lsp-ide-0.5.4\\out\\server\\src\\server.js:2389:1092)\n    at M5n (c:\\Users\\santi\\.vscode\\extensions\\uqbar.wollok-lsp-ide-0.5.4\\out\\server\\src\\server.js:2389:1248)\n    at c:\\Users\\santi\\.vscode\\extensions\\uqbar.wollok-lsp-ide-0.5.4\\out\\server\\src\\server.js:38:6131\n    at L2 (c:\\Users\\santi\\.vscode\\extensions\\uqbar.wollok-lsp-ide-0.5.4\\out\\server\\src\\server.js:2389:42)","timestamp":"2026-06-05T21:49:13.124Z"}
{"level":"error","message":"✘ Completions for node If ([79:17, 85:18] - niveles.wlk) failed: Error: [If]{f82e3d} at niveles.wlk:79 exhausted all cases without a match [If]{f82e3d} at niveles.wlk:79 exhausted all cases without a match","stack":"Error: [If]{f82e3d} at niveles.wlk:79 exhausted all cases without a match\n    at c:\\Users\\santi\\.vscode\\extensions\\uqbar.wollok-lsp-ide-0.5.4\\out\\server\\src\\server.js:38:6142\n    at L2 (c:\\Users\\santi\\.vscode\\extensions\\uqbar.wollok-lsp-ide-0.5.4\\out\\server\\src\\server.js:2389:42)\n    at Jh (c:\\Users\\santi\\.vscode\\extensions\\uqbar.wollok-lsp-ide-0.5.4\\out\\server\\src\\server.js:2389:1092)\n    at v5n (c:\\Users\\santi\\.vscode\\extensions\\uqbar.wollok-lsp-ide-0.5.4\\out\\server\\src\\server.js:2389:818)\n    at c:\\Users\\santi\\.vscode\\extensions\\uqbar.wollok-lsp-ide-0.5.4\\out\\server\\src\\server.js:38:6131\n    at L2 (c:\\Users\\santi\\.vscode\\extensions\\uqbar.wollok-lsp-ide-0.5.4\\out\\server\\src\\server.js:2389:42)\n    at Jh (c:\\Users\\santi\\.vscode\\extensions\\uqbar.wollok-lsp-ide-0.5.4\\out\\server\\src\\server.js:2389:1092)\n    at M5n (c:\\Users\\santi\\.vscode\\extensions\\uqbar.wollok-lsp-ide-0.5.4\\out\\server\\src\\server.js:2389:1248)\n    at c:\\Users\\santi\\.vscode\\extensions\\uqbar.wollok-lsp-ide-0.5.4\\out\\server\\src\\server.js:38:6131\n    at L2 (c:\\Users\\santi\\.vscode\\extensions\\uqbar.wollok-lsp-ide-0.5.4\\out\\server\\src\\server.js:2389:42)","timestamp":"2026-06-05T21:49:15.454Z"}
{"level":"info","message":"⌛ Validating niveles.wlk","timeElapsed":106,"timestamp":"2026-06-05T21:49:15.563Z"}
{"level":"error","message":"✘ Completions for node If ([79:17, 85:18] - niveles.wlk) failed: Error: [If]{097f30} at niveles.wlk:79 exhausted all cases without a match [If]{097f30} at niveles.wlk:79 exhausted all cases without a match","stack":"Error: [If]{097f30} at niveles.wlk:79 exhausted all cases without a match\n    at c:\\Users\\santi\\.vscode\\extensions\\uqbar.wollok-lsp-ide-0.5.4\\out\\server\\src\\server.js:38:6142\n    at L2 (c:\\Users\\santi\\.vscode\\extensions\\uqbar.wollok-lsp-ide-0.5.4\\out\\server\\src\\server.js:2389:42)\n    at Jh (c:\\Users\\santi\\.vscode\\extensions\\uqbar.wollok-lsp-ide-0.5.4\\out\\server\\src\\server.js:2389:1092)\n    at v5n (c:\\Users\\santi\\.vscode\\extensions\\uqbar.wollok-lsp-ide-0.5.4\\out\\server\\src\\server.js:2389:818)\n    at c:\\Users\\santi\\.vscode\\extensions\\uqbar.wollok-lsp-ide-0.5.4\\out\\server\\src\\server.js:38:6131\n    at L2 (c:\\Users\\santi\\.vscode\\extensions\\uqbar.wollok-lsp-ide-0.5.4\\out\\server\\src\\server.js:2389:42)\n    at Jh (c:\\Users\\santi\\.vscode\\extensions\\uqbar.wollok-lsp-ide-0.5.4\\out\\server\\src\\server.js:2389:1092)\n    at M5n (c:\\Users\\santi\\.vscode\\extensions\\uqbar.wollok-lsp-ide-0.5.4\\out\\server\\src\\server.js:2389:1248)\n    at c:\\Users\\santi\\.vscode\\extensions\\uqbar.wollok-lsp-ide-0.5.4\\out\\server\\src\\server.js:38:6131\n    at L2 (c:\\Users\\santi\\.vscode\\extensions\\uqbar.wollok-lsp-ide-0.5.4\\out\\server\\src\\server.js:2389:42)","timestamp":"2026-06-05T21:49:15.765Z"}
{"level":"info","message":"⌛ Validating niveles.wlk","timeElapsed":101,"timestamp":"2026-06-05T21:49:15.869Z"}
{"level":"error","message":"✘ Completions for node If ([79:17, 85:18] - niveles.wlk) failed: Error: [If]{2319d4} at niveles.wlk:79 exhausted all cases without a match [If]{2319d4} at niveles.wlk:79 exhausted all cases without a match","stack":"Error: [If]{2319d4} at niveles.wlk:79 exhausted all cases without a match\n    at c:\\Users\\santi\\.vscode\\extensions\\uqbar.wollok-lsp-ide-0.5.4\\out\\server\\src\\server.js:38:6142\n    at L2 (c:\\Users\\santi\\.vscode\\extensions\\uqbar.wollok-lsp-ide-0.5.4\\out\\server\\src\\server.js:2389:42)\n    at Jh (c:\\Users\\santi\\.vscode\\extensions\\uqbar.wollok-lsp-ide-0.5.4\\out\\server\\src\\server.js:2389:1092)\n    at v5n (c:\\Users\\santi\\.vscode\\extensions\\uqbar.wollok-lsp-ide-0.5.4\\out\\server\\src\\server.js:2389:818)\n    at c:\\Users\\santi\\.vscode\\extensions\\uqbar.wollok-lsp-ide-0.5.4\\out\\server\\src\\server.js:38:6131\n    at L2 (c:\\Users\\santi\\.vscode\\extensions\\uqbar.wollok-lsp-ide-0.5.4\\out\\server\\src\\server.js:2389:42)\n    at Jh (c:\\Users\\santi\\.vscode\\extensions\\uqbar.wollok-lsp-ide-0.5.4\\out\\server\\src\\server.js:2389:1092)\n    at M5n (c:\\Users\\santi\\.vscode\\extensions\\uqbar.wollok-lsp-ide-0.5.4\\out\\server\\src\\server.js:2389:1248)\n    at c:\\Users\\santi\\.vscode\\extensions\\uqbar.wollok-lsp-ide-0.5.4\\out\\server\\src\\server.js:38:6131\n    at L2 (c:\\Users\\santi\\.vscode\\extensions\\uqbar.wollok-lsp-ide-0.5.4\\out\\server\\src\\server.js:2389:42)","timestamp":"2026-06-05T21:49:16.007Z"}
{"level":"info","message":"⌛ Validating niveles.wlk","timeElapsed":102,"timestamp":"2026-06-05T21:49:16.112Z"}
{"level":"info","message":"⌛ Building environment","timeElapsed":111,"timestamp":"2026-06-05T21:49:16.367Z"}
{"level":"error","message":"✘ Completions for node If ([79:17, 85:18] - niveles.wlk) failed: Error: [If]{2109e4} at niveles.wlk:79 exhausted all cases without a match [If]{2109e4} at niveles.wlk:79 exhausted all cases without a match","stack":"Error: [If]{2109e4} at niveles.wlk:79 exhausted all cases without a match\n    at c:\\Users\\santi\\.vscode\\extensions\\uqbar.wollok-lsp-ide-0.5.4\\out\\server\\src\\server.js:38:6142\n    at L2 (c:\\Users\\santi\\.vscode\\extensions\\uqbar.wollok-lsp-ide-0.5.4\\out\\server\\src\\server.js:2389:42)\n    at Jh (c:\\Users\\santi\\.vscode\\extensions\\uqbar.wollok-lsp-ide-0.5.4\\out\\server\\src\\server.js:2389:1092)\n    at v5n (c:\\Users\\santi\\.vscode\\extensions\\uqbar.wollok-lsp-ide-0.5.4\\out\\server\\src\\server.js:2389:818)\n    at c:\\Users\\santi\\.vscode\\extensions\\uqbar.wollok-lsp-ide-0.5.4\\out\\server\\src\\server.js:38:6131\n    at L2 (c:\\Users\\santi\\.vscode\\extensions\\uqbar.wollok-lsp-ide-0.5.4\\out\\server\\src\\server.js:2389:42)\n    at Jh (c:\\Users\\santi\\.vscode\\extensions\\uqbar.wollok-lsp-ide-0.5.4\\out\\server\\src\\server.js:2389:1092)\n    at M5n (c:\\Users\\santi\\.vscode\\extensions\\uqbar.wollok-lsp-ide-0.5.4\\out\\server\\src\\server.js:2389:1248)\n    at c:\\Users\\santi\\.vscode\\extensions\\uqbar.wollok-lsp-ide-0.5.4\\out\\server\\src\\server.js:38:6131\n    at L2 (c:\\Users\\santi\\.vscode\\extensions\\uqbar.wollok-lsp-ide-0.5.4\\out\\server\\src\\server.js:2389:42)","timestamp":"2026-06-05T21:49:16.397Z"}
{"level":"error","message":"✘ Completions for node If ([79:17, 85:18] - niveles.wlk) failed: Error: [If]{5d4689} at niveles.wlk:79 exhausted all cases without a match [If]{5d4689} at niveles.wlk:79 exhausted all cases without a match","stack":"Error: [If]{5d4689} at niveles.wlk:79 exhausted all cases without a match\n    at c:\\Users\\santi\\.vscode\\extensions\\uqbar.wollok-lsp-ide-0.5.4\\out\\server\\src\\server.js:38:6142\n    at L2 (c:\\Users\\santi\\.vscode\\extensions\\uqbar.wollok-lsp-ide-0.5.4\\out\\server\\src\\server.js:2389:42)\n    at Jh (c:\\Users\\santi\\.vscode\\extensions\\uqbar.wollok-lsp-ide-0.5.4\\out\\server\\src\\server.js:2389:1092)\n    at v5n (c:\\Users\\santi\\.vscode\\extensions\\uqbar.wollok-lsp-ide-0.5.4\\out\\server\\src\\server.js:2389:818)\n    at c:\\Users\\santi\\.vscode\\extensions\\uqbar.wollok-lsp-ide-0.5.4\\out\\server\\src\\server.js:38:6131\n    at L2 (c:\\Users\\santi\\.vscode\\extensions\\uqbar.wollok-lsp-ide-0.5.4\\out\\server\\src\\server.js:2389:42)\n    at Jh (c:\\Users\\santi\\.vscode\\extensions\\uqbar.wollok-lsp-ide-0.5.4\\out\\server\\src\\server.js:2389:1092)\n    at M5n (c:\\Users\\santi\\.vscode\\extensions\\uqbar.wollok-lsp-ide-0.5.4\\out\\server\\src\\server.js:2389:1248)\n    at c:\\Users\\santi\\.vscode\\extensions\\uqbar.wollok-lsp-ide-0.5.4\\out\\server\\src\\server.js:38:6131\n    at L2 (c:\\Users\\santi\\.vscode\\extensions\\uqbar.wollok-lsp-ide-0.5.4\\out\\server\\src\\server.js:2389:42)","timestamp":"2026-06-05T21:49:16.744Z"}
{"level":"info","message":"⌛ Building environment","timeElapsed":111,"timestamp":"2026-06-05T21:49:16.963Z"}
{"level":"error","message":"✘ Completions for node If ([79:17, 85:18] - niveles.wlk) failed: Error: [If]{6aa79e} at niveles.wlk:79 exhausted all cases without a match [If]{6aa79e} at niveles.wlk:79 exhausted all cases without a match","stack":"Error: [If]{6aa79e} at niveles.wlk:79 exhausted all cases without a match\n    at c:\\Users\\santi\\.vscode\\extensions\\uqbar.wollok-lsp-ide-0.5.4\\out\\server\\src\\server.js:38:6142\n    at L2 (c:\\Users\\santi\\.vscode\\extensions\\uqbar.wollok-lsp-ide-0.5.4\\out\\server\\src\\server.js:2389:42)\n    at Jh (c:\\Users\\santi\\.vscode\\extensions\\uqbar.wollok-lsp-ide-0.5.4\\out\\server\\src\\server.js:2389:1092)\n    at v5n (c:\\Users\\santi\\.vscode\\extensions\\uqbar.wollok-lsp-ide-0.5.4\\out\\server\\src\\server.js:2389:818)\n    at c:\\Users\\santi\\.vscode\\extensions\\uqbar.wollok-lsp-ide-0.5.4\\out\\server\\src\\server.js:38:6131\n    at L2 (c:\\Users\\santi\\.vscode\\extensions\\uqbar.wollok-lsp-ide-0.5.4\\out\\server\\src\\server.js:2389:42)\n    at Jh (c:\\Users\\santi\\.vscode\\extensions\\uqbar.wollok-lsp-ide-0.5.4\\out\\server\\src\\server.js:2389:1092)\n    at M5n (c:\\Users\\santi\\.vscode\\extensions\\uqbar.wollok-lsp-ide-0.5.4\\out\\server\\src\\server.js:2389:1248)\n    at c:\\Users\\santi\\.vscode\\extensions\\uqbar.wollok-lsp-ide-0.5.4\\out\\server\\src\\server.js:38:6131\n    at L2 (c:\\Users\\santi\\.vscode\\extensions\\uqbar.wollok-lsp-ide-0.5.4\\out\\server\\src\\server.js:2389:42)","timestamp":"2026-06-05T21:49:16.992Z"}
{"level":"info","message":"⌛ Building environment","timeElapsed":118,"timestamp":"2026-06-05T21:49:17.122Z"}
{"level":"info","message":"⌛ Building environment","timeElapsed":108,"timestamp":"2026-06-05T21:49:17.323Z"}
{"level":"error","message":"✘ Completions for node If ([79:17, 85:18] - niveles.wlk) failed: Error: [If]{e28757} at niveles.wlk:79 exhausted all cases without a match [If]{e28757} at niveles.wlk:79 exhausted all cases without a match","stack":"Error: [If]{e28757} at niveles.wlk:79 exhausted all cases without a match\n    at c:\\Users\\santi\\.vscode\\extensions\\uqbar.wollok-lsp-ide-0.5.4\\out\\server\\src\\server.js:38:6142\n    at L2 (c:\\Users\\santi\\.vscode\\extensions\\uqbar.wollok-lsp-ide-0.5.4\\out\\server\\src\\server.js:2389:42)\n    at Jh (c:\\Users\\santi\\.vscode\\extensions\\uqbar.wollok-lsp-ide-0.5.4\\out\\server\\src\\server.js:2389:1092)\n    at v5n (c:\\Users\\santi\\.vscode\\extensions\\uqbar.wollok-lsp-ide-0.5.4\\out\\server\\src\\server.js:2389:818)\n    at c:\\Users\\santi\\.vscode\\extensions\\uqbar.wollok-lsp-ide-0.5.4\\out\\server\\src\\server.js:38:6131\n    at L2 (c:\\Users\\santi\\.vscode\\extensions\\uqbar.wollok-lsp-ide-0.5.4\\out\\server\\src\\server.js:2389:42)\n    at Jh (c:\\Users\\santi\\.vscode\\extensions\\uqbar.wollok-lsp-ide-0.5.4\\out\\server\\src\\server.js:2389:1092)\n    at M5n (c:\\Users\\santi\\.vscode\\extensions\\uqbar.wollok-lsp-ide-0.5.4\\out\\server\\src\\server.js:2389:1248)\n    at c:\\Users\\santi\\.vscode\\extensions\\uqbar.wollok-lsp-ide-0.5.4\\out\\server\\src\\server.js:38:6131\n    at L2 (c:\\Users\\santi\\.vscode\\extensions\\uqbar.wollok-lsp-ide-0.5.4\\out\\server\\src\\server.js:2389:42)","timestamp":"2026-06-05T21:49:17.354Z"}
{"level":"error","message":"✘ Completions for node If ([79:17, 85:18] - niveles.wlk) failed: Error: [If]{e10559} at niveles.wlk:79 exhausted all cases without a match [If]{e10559} at niveles.wlk:79 exhausted all cases without a match","stack":"Error: [If]{e10559} at niveles.wlk:79 exhausted all cases without a match\n    at c:\\Users\\santi\\.vscode\\extensions\\uqbar.wollok-lsp-ide-0.5.4\\out\\server\\src\\server.js:38:6142\n    at L2 (c:\\Users\\santi\\.vscode\\extensions\\uqbar.wollok-lsp-ide-0.5.4\\out\\server\\src\\server.js:2389:42)\n    at Jh (c:\\Users\\santi\\.vscode\\extensions\\uqbar.wollok-lsp-ide-0.5.4\\out\\server\\src\\server.js:2389:1092)\n    at v5n (c:\\Users\\santi\\.vscode\\extensions\\uqbar.wollok-lsp-ide-0.5.4\\out\\server\\src\\server.js:2389:818)\n    at c:\\Users\\santi\\.vscode\\extensions\\uqbar.wollok-lsp-ide-0.5.4\\out\\server\\src\\server.js:38:6131\n    at L2 (c:\\Users\\santi\\.vscode\\extensions\\uqbar.wollok-lsp-ide-0.5.4\\out\\server\\src\\server.js:2389:42)\n    at Jh (c:\\Users\\santi\\.vscode\\extensions\\uqbar.wollok-lsp-ide-0.5.4\\out\\server\\src\\server.js:2389:1092)\n    at M5n (c:\\Users\\santi\\.vscode\\extensions\\uqbar.wollok-lsp-ide-0.5.4\\out\\server\\src\\server.js:2389:1248)\n    at c:\\Users\\santi\\.vscode\\extensions\\uqbar.wollok-lsp-ide-0.5.4\\out\\server\\src\\server.js:38:6131\n    at L2 (c:\\Users\\santi\\.vscode\\extensions\\uqbar.wollok-lsp-ide-0.5.4\\out\\server\\src\\server.js:2389:42)","timestamp":"2026-06-05T21:49:17.778Z"}
{"level":"info","message":"⌛ Validating niveles.wlk","timeElapsed":102,"timestamp":"2026-06-05T21:49:17.883Z"}
{"level":"info","message":"⌛ Building environment","timeElapsed":221,"timestamp":"2026-06-05T21:49:18.403Z"}
{"level":"info","message":"⌛ Building environment","timeElapsed":124,"timestamp":"2026-06-05T21:49:18.528Z"}
{"level":"info","message":"⌛ Building environment","timeElapsed":137,"timestamp":"2026-06-05T21:49:48.115Z"}
{"level":"info","message":"⌛ Validating gestorAnimacion.wlk","timeElapsed":184,"timestamp":"2026-06-05T21:49:48.353Z"}
{"level":"info","message":"⌛ Building environment","timeElapsed":103,"timestamp":"2026-06-05T21:50:08.340Z"}
{"level":"info","message":"⌛ Validating gestorAnimacion.wlk","timeElapsed":134,"timestamp":"2026-06-05T21:50:08.476Z"}
{"level":"info","message":"⌛ Validating gestorAnimacion.wlk","timeElapsed":128,"timestamp":"2026-06-05T21:50:09.204Z"}
{"level":"info","message":"⌛ Validating gestorAnimacion.wlk","timeElapsed":102,"timestamp":"2026-06-05T21:50:10.309Z"}
{"level":"info","message":"⌛ Validating gestorAnimacion.wlk","timeElapsed":144,"timestamp":"2026-06-05T21:50:20.061Z"}
{"level":"info","message":"⌛ Building environment","timeElapsed":102,"timestamp":"2026-06-05T21:50:20.164Z"}
{"level":"info","message":"⌛ Validating gestorAnimacion.wlk","timeElapsed":117,"timestamp":"2026-06-05T21:50:20.283Z"}
{"level":"info","message":"⌛ Validating gestorAnimacion.wlk","timeElapsed":113,"timestamp":"2026-06-05T21:50:24.135Z"}
{"level":"info","message":"⌛ Building environment","timeElapsed":118,"timestamp":"2026-06-05T21:50:24.477Z"}
{"level":"info","message":"⌛ Validating gestorAnimacion.wlk","timeElapsed":121,"timestamp":"2026-06-05T21:50:24.600Z"}
{"level":"info","message":"⌛ Validating gestorAnimacion.wlk","timeElapsed":111,"timestamp":"2026-06-05T21:50:24.795Z"}
{"level":"info","message":"⌛ Building environment","timeElapsed":113,"timestamp":"2026-06-05T21:50:25.140Z"}
{"level":"info","message":"⌛ Validating gestorAnimacion.wlk","timeElapsed":111,"timestamp":"2026-06-05T21:50:25.253Z"}
{"level":"info","message":"⌛ Building environment","timeElapsed":104,"timestamp":"2026-06-05T21:50:39.114Z"}
{"level":"info","message":"⌛ Validating gestorAnimacion.wlk","timeElapsed":119,"timestamp":"2026-06-05T21:50:39.235Z"}
{"level":"info","message":"⌛ Validating gestorAnimacion.wlk","timeElapsed":113,"timestamp":"2026-06-05T21:50:41.585Z"}
{"exitCode":"SIGHUP","level":"info","message":"👾 Game executed juego.rpg on c:\\Users\\santi\\OneDrive\\Desktop\\Proyectos Uni\\Programacion de obejtos I\\Game\\pruebaJuego","timeElapsed":449166,"timestamp":"2026-06-05T21:50:56.847Z"}
{"level":"info","message":"🚀 Program executed \u001b[3m\u001b[34mjuego.rpg\u001b[39m\u001b[23m on \u001b[3m\u001b[34mc:\\Users\\santi\\OneDrive\\Desktop\\Proyectos Uni\\Programacion de obejtos I\\Game\\pruebaJuego\u001b[39m\u001b[23m","ok":true,"timeElapsed":862,"timestamp":"2026-06-05T21:50:59.645Z"}
{"errors":{"errors":[null,["/*const palanca = new Palanca(position = game.at(3,3), listaObjetos = [0, 1])\r","game.addVisual(palanca)\r"]]},"level":"error","message":"✘ Failed to get type description: Error: {\n  \"errors\": [\n    null,\n    [\n      \"/*const palanca = new Palanca(position = game.at(3,3), listaObjetos = [0, 1])\\r\",\n      \"game.addVisual(palanca)\\r\"\n    ]\n  ]\n} {\n  \"errors\": [\n    null,\n    [\n      \"/*const palanca = new Palanca(position = game.at(3,3), listaObjetos = [0, 1])\\r\",\n      \"game.addVisual(palanca)\\r\"\n    ]\n  ]\n}","stack":"Error: {\n  \"errors\": [\n    null,\n    [\n      \"/*const palanca = new Palanca(position = game.at(3,3), listaObjetos = [0, 1])\\r\",\n      \"game.addVisual(palanca)\\r\"\n    ]\n  ]\n}\n    at lS (c:\\Users\\santi\\.vscode\\extensions\\uqbar.wollok-lsp-ide-0.5.4\\out\\server\\src\\server.js:64:34609)\n    at Q1 (c:\\Users\\santi\\.vscode\\extensions\\uqbar.wollok-lsp-ide-0.5.4\\out\\server\\src\\server.js:64:34682)\n    at c:\\Users\\santi\\.vscode\\extensions\\uqbar.wollok-lsp-ide-0.5.4\\out\\server\\src\\server.js:64:37949\n    at o.y1 (c:\\Users\\santi\\.vscode\\extensions\\uqbar.wollok-lsp-ide-0.5.4\\out\\server\\src\\server.js:57:59114)\n    at c:\\Users\\santi\\.vscode\\extensions\\uqbar.wollok-lsp-ide-0.5.4\\out\\server\\src\\server.js:64:37918\n    at c:\\Users\\santi\\.vscode\\extensions\\uqbar.wollok-lsp-ide-0.5.4\\out\\server\\src\\server.js:57:57154\n    at Cfn (c:\\Users\\santi\\.vscode\\extensions\\uqbar.wollok-lsp-ide-0.5.4\\out\\server\\src\\server.js:68:11324)\n    at c:\\Users\\santi\\.vscode\\extensions\\uqbar.wollok-lsp-ide-0.5.4\\out\\server\\src\\server.js:68:3629\n    at d4 (c:\\Users\\santi\\.vscode\\extensions\\uqbar.wollok-lsp-ide-0.5.4\\out\\server\\src\\server.js:68:9866)\n    at c:\\Users\\santi\\.vscode\\extensions\\uqbar.wollok-lsp-ide-0.5.4\\out\\server\\src\\server.js:68:9628","timestamp":"2026-06-05T21:51:16.255Z"}
{"level":"info","message":"⌛ Building environment","timeElapsed":127,"timestamp":"2026-06-05T21:51:28.859Z"}
{"level":"info","message":"⌛ Building environment","timeElapsed":143,"timestamp":"2026-06-05T21:51:29.003Z"}
{"level":"info","message":"⌛ Validating niveles.wlk","timeElapsed":112,"timestamp":"2026-06-05T21:51:29.121Z"}
{"level":"info","message":"⌛ Validating niveles.wlk","timeElapsed":105,"timestamp":"2026-06-05T21:51:29.226Z"}
{"level":"info","message":"⌛ Validating niveles.wlk","timeElapsed":103,"timestamp":"2026-06-05T21:51:31.972Z"}
{"level":"info","message":"⌛ Building environment","timeElapsed":108,"timestamp":"2026-06-05T21:51:32.221Z"}
{"level":"info","message":"⌛ Validating niveles.wlk","timeElapsed":126,"timestamp":"2026-06-05T21:51:32.351Z"}
{"level":"info","message":"⌛ Validating niveles.wlk","timeElapsed":131,"timestamp":"2026-06-05T21:51:32.585Z"}
{"level":"info","message":"⌛ Building environment","timeElapsed":125,"timestamp":"2026-06-05T21:51:38.905Z"}
{"level":"info","message":"⌛ Validating niveles.wlk","timeElapsed":105,"timestamp":"2026-06-05T21:51:39.018Z"}
{"level":"error","message":"✘ Failed to get type description: Error: Failed to print, found malformed node Failed to print, found malformed node","node":{"id":"715ba8b4-e662-40b5-84da-c884de60bc21","members":[{"body":{"id":"97737078-19af-43f9-aaf4-537e4f746283","metadata":[],"problems":[],"scope":{"containerScope":{"containerScope":{"containerScope":{"containerScope":{"contributions":{},"includedScopes":[]},"contributions":{},"includedScopes":[{"contributions":{},"includedScopes":[]},{"contributions":{},"includedScopes":[]},{"contributions":{},"includedScopes":[]},{"contributions":{},"includedScopes":[]},{"contributions":{},"includedScopes":[]}]},"contributions":{},"includedScopes":[{"containerScope":{"containerScope":{"contributions":{},"includedScopes":[]},"contributions":{},"includedScopes":[{"contributions":{},"includedScopes":[]},{"contributions":{},"includedScopes":[]},{"contributions":{},"includedScopes":[]},{"contributions":{},"includedScopes":[]},{"contributions":{},"includedScopes":[]}]},"contributions":{},"includedScopes":[{"containerScope":{"containerScope":{"containerScope":{"contributions":{},"includedScopes":[]},"contributions":{},"includedScopes":[]},"contributions":{},"includedScopes":[]},"contributions":{},"includedScopes":[]}]},{"containerScope":{"containerScope":{"containerScope":{"contributions":{},"includedScopes":[]},"contributions":{},"includedScopes":[]},"contributions":{},"includedScopes":[]},"contributions":{},"includedScopes":[]}]},"contributions":{},"includedScopes":[]},"contributions":{},"includedScopes":[]},"sentences":[{"id":"1a18afeb-4f83-4031-8b0c-de8e37db54e1","metadata":[],"scope":{"containerScope":{"containerScope":{"containerScope":{"containerScope":{"containerScope":{"contributions":{},"includedScopes":[]},"contributions":{},"includedScopes":[{"contributions":{},"includedScopes":[]},{"contributions":{},"includedScopes":[]},{"contributions":{},"includedScopes":[]},{"contributions":{},"includedScopes":[]},{"contributions":{},"includedScopes":[]}]},"contributions":{},"includedScopes":[{"containerScope":{"containerScope":{"contributions":{},"includedScopes":[]},"contributions":{},"includedScopes":[{"contributions":{},"includedScopes":[]},{"contributions":{},"includedScopes":[]},{"contributions":{},"includedScopes":[]},{"contributions":{},"includedScopes":[]},{"contributions":{},"includedScopes":[]}]},"contributions":{},"includedScopes":[{"containerScope":{"containerScope":{"containerScope":{"contributions":{},"includedScopes":[]},"contributions":{},"includedScopes":[]},"contributions":{},"includedScopes":[]},"contributions":{},"includedScopes":[]}]},{"containerScope":{"containerScope":{"containerScope":{"contributions":{},"includedScopes":[]},"contributions":{},"includedScopes":[]},"contributions":{},"includedScopes":[]},"contributions":{},"includedScopes":[]}]},"contributions":{},"includedScopes":[]},"contributions":{},"includedScopes":[]},"contributions":{},"includedScopes":[]},"value":{"id":"04f5a290-7dc5-4d4e-8d71-c89991e03ca2","metadata":[],"scope":{"containerScope":{"containerScope":{"containerScope":{"containerScope":{"containerScope":{"containerScope":{"contributions":{},"includedScopes":[]},"contributions":{},"includedScopes":[{"contributions":{},"includedScopes":[]},{"contributions":{},"includedScopes":[]},{"contributions":{},"includedScopes":[]},{"contributions":{},"includedScopes":[]},{"contributions":{},"includedScopes":[]}]},"contributions":{},"includedScopes":[{"containerScope":{"containerScope":{"contributions":{},"includedScopes":[]},"contributions":{},"includedScopes":[{"contributions":{},"includedScopes":[]},{"contributions":{},"includedScopes":[]},{"contributions":{},"includedScopes":[]},{"contributions":{},"includedScopes":[]},{"contributions":{},"includedScopes":[]}]},"contributions":{},"includedScopes":[{"containerScope":{"containerScope":{"containerScope":{"contributions":{},"includedScopes":[]},"contributions":{},"includedScopes":[]},"contributions":{},"includedScopes":[]},"contributions":{},"includedScopes":[]}]},{"containerScope":{"containerScope":{"containerScope":{"contributions":{},"includedScopes":[]},"contributions":{},"includedScopes":[]},"contributions":{},"includedScopes":[]},"contributions":{},"includedScopes":[]}]},"contributions":{},"includedScopes":[]},"contributions":{},"includedScopes":[]},"contributions":{},"includedScopes":[]},"contributions":{},"includedScopes":[]},"sourceMap":{"end":{"column":49,"line":113,"offset":3377},"start":{"column":36,"line":113,"offset":3364}},"value":"nivel_2.png"}}],"sourceMap":{"end":{"column":49,"line":113,"offset":3377},"start":{"column":36,"line":113,"offset":3364}}},"compiled":false,"id":"a7a04655-7f99-49aa-b5ed-4e2dd1c9b302","isOverride":true,"metadata":[],"name":"background","parameters":[],"problems":[],"scope":{"containerScope":{"containerScope":{"containerScope":{"contributions":{},"includedScopes":[]},"contributions":{},"includedScopes":[{"contributions":{},"includedScopes":[]},{"contributions":{},"includedScopes":[]},{"contributions":{},"includedScopes":[]},{"contributions":{},"includedScopes":[]},{"contributions":{},"includedScopes":[]}]},"contributions":{},"includedScopes":[{"containerScope":{"containerScope":{"contributions":{},"includedScopes":[]},"contributions":{},"includedScopes":[{"contributions":{},"includedScopes":[]},{"contributions":{},"includedScopes":[]},{"contributions":{},"includedScopes":[]},{"contributions":{},"includedScopes":[]},{"contributions":{},"includedScopes":[]}]},"contributions":{},"includedScopes":[{"containerScope":{"containerScope":{"containerScope":{"contributions":{},"includedScopes":[]},"contributions":{},"includedScopes":[]},"contributions":{},"includedScopes":[]},"contributions":{},"includedScopes":[]}]},{"containerScope":{"containerScope":{"containerScope":{"contributions":{},"includedScopes":[]},"contributions":{},"includedScopes":[]},"contributions":{},"includedScopes":[]},"contributions":{},"includedScopes":[]}]},"contributions":{},"includedScopes":[]},"sourceMap":{"end":{"column":49,"line":113,"offset":3377},"start":{"column":5,"line":113,"offset":3333}}},{"body":{"id":"7509ed6e-1f74-40a8-b379-a91ff15d913f","metadata":[],"problems":[{"code":"malformedSentence","sourceMap":{"end":{"column":35,"line":115,"offset":3415},"start":{"column":34,"line":115,"offset":3414}}}],"scope":{"containerScope":{"containerScope":{"containerScope":{"containerScope":{"contributions":{},"includedScopes":[]},"contributions":{},"includedScopes":[{"contributions":{},"includedScopes":[]},{"contributions":{},"includedScopes":[]},{"contributions":{},"includedScopes":[]},{"contributions":{},"includedScopes":[]},{"contributions":{},"includedScopes":[]}]},"contributions":{},"includedScopes":[{"containerScope":{"containerScope":{"contributions":{},"includedScopes":[]},"contributions":{},"includedScopes":[{"contributions":{},"includedScopes":[]},{"contributions":{},"includedScopes":[]},{"contributions":{},"includedScopes":[]},{"contributions":{},"includedScopes":[]},{"contributions":{},"includedScopes":[]}]},"contributions":{},"includedScopes":[{"containerScope":{"containerScope":{"containerScope":{"contributions":{},"includedScopes":[]},"contributions":{},"includedScopes":[]},"contributions":{},"includedScopes":[]},"contributions":{},"includedScopes":[]}]},{"containerScope":{"containerScope":{"containerScope":{"contributions":{},"includedScopes":[]},"contributions":{},"includedScopes":[]},"contributions":{},"includedScopes":[]},"contributions":{},"includedScopes":[]}]},"contributions":{},"includedScopes":[]},"contributions":{},"includedScopes":[]},"sentences":[],"sourceMap":{"end":{"column":35,"line":115,"offset":3415},"start":{"column":34,"line":115,"offset":3414}}},"compiled":false,"id":"1217f3aa-9bdd-4943-b60c-75bcd73b8d08","isOverride":true,"metadata":[],"name":"mapaData","parameters":[],"problems":[],"scope":{"containerScope":{"containerScope":{"containerScope":{"contributions":{},"includedScopes":[]},"contributions":{},"includedScopes":[{"contributions":{},"includedScopes":[]},{"contributions":{},"includedScopes":[]},{"contributions":{},"includedScopes":[]},{"contributions":{},"includedScopes":[]},{"contributions":{},"includedScopes":[]}]},"contributions":{},"includedScopes":[{"containerScope":{"containerScope":{"contributions":{},"includedScopes":[]},"contributions":{},"includedScopes":[{"contributions":{},"includedScopes":[]},{"contributions":{},"includedScopes":[]},{"contributions":{},"includedScopes":[]},{"contributions":{},"includedScopes":[]},{"contributions":{},"includedScopes":[]}]},"contributions":{},"includedScopes":[{"containerScope":{"containerScope":{"containerScope":{"contributions":{},"includedScopes":[]},"contributions":{},"includedScopes":[]},"contributions":{},"includedScopes":[]},"contributions":{},"includedScopes":[]}]},{"containerScope":{"containerScope":{"containerScope":{"contributions":{},"includedScopes":[]},"contributions":{},"includedScopes":[]},"contributions":{},"includedScopes":[]},"contributions":{},"includedScopes":[]}]},"contributions":{},"includedScopes":[]},"sourceMap":{"end":{"column":35,"line":115,"offset":3415},"start":{"column":5,"line":115,"offset":3385}}}],"metadata":[],"name":"nivel_1","problems":[{"code":"malformedMember","sourceMap":{"end":{"column":70,"line":116,"offset":3486},"start":{"column":9,"line":116,"offset":3425}}},{"code":"malformedMember","sourceMap":{"end":{"column":70,"line":117,"offset":3557},"start":{"column":9,"line":117,"offset":3496}}},{"code":"malformedMember","sourceMap":{"end":{"column":70,"line":118,"offset":3628},"start":{"column":9,"line":118,"offset":3567}}},{"code":"malformedMember","sourceMap":{"end":{"column":70,"line":119,"offset":3699},"start":{"column":9,"line":119,"offset":3638}}},{"code":"malformedMember","sourceMap":{"end":{"column":69,"line":120,"offset":3769},"start":{"column":9,"line":120,"offset":3709}}},{"code":"malformedMember","sourceMap":{"end":{"column":70,"line":121,"offset":3840},"start":{"column":9,"line":121,"offset":3779}}},{"code":"malformedMember","sourceMap":{"end":{"column":70,"line":122,"offset":3911},"start":{"column":9,"line":122,"offset":3850}}},{"code":"malformedMember","sourceMap":{"end":{"column":70,"line":123,"offset":3982},"start":{"column":9,"line":123,"offset":3921}}},{"code":"malformedMember","sourceMap":{"end":{"column":70,"line":124,"offset":4053},"start":{"column":9,"line":124,"offset":3992}}},{"code":"malformedMember","sourceMap":{"end":{"column":69,"line":125,"offset":4123},"start":{"column":9,"line":125,"offset":4063}}},{"code":"malformedMember","sourceMap":{"end":{"column":6,"line":126,"offset":4130},"start":{"column":5,"line":126,"offset":4129}}}],"scope":{"containerScope":{"containerScope":{"contributions":{},"includedScopes":[]},"contributions":{},"includedScopes":[{"contributions":{},"includedScopes":[]},{"contributions":{},"includedScopes":[]},{"contributions":{},"includedScopes":[]},{"contributions":{},"includedScopes":[]},{"contributions":{},"includedScopes":[]}]},"contributions":{},"includedScopes":[{"containerScope":{"containerScope":{"contributions":{},"includedScopes":[]},"contributions":{},"includedScopes":[{"contributions":{},"includedScopes":[]},{"contributions":{},"includedScopes":[]},{"contributions":{},"includedScopes":[]},{"contributions":{},"includedScopes":[]},{"contributions":{},"includedScopes":[]}]},"contributions":{},"includedScopes":[{"containerScope":{"containerScope":{"containerScope":{"contributions":{},"includedScopes":[]},"contributions":{},"includedScopes":[]},"contributions":{},"includedScopes":[]},"contributions":{},"includedScopes":[]}]},{"containerScope":{"containerScope":{"containerScope":{"contributions":{},"includedScopes":[]},"contributions":{},"includedScopes":[]},"contributions":{},"includedScopes":[]},"contributions":{},"includedScopes":[]}]},"sourceMap":{"end":{"column":2,"line":127,"offset":4133},"start":{"column":1,"line":111,"offset":3294}},"supertypes":[{"args":[],"id":"f4ae4453-fc4b-4f1e-90c2-cf3a569aa31d","metadata":[],"reference":{"id":"eefcce02-7a00-4761-9fa2-8f6107566e86","metadata":[],"name":"Nivel","scope":{"containerScope":{"containerScope":{"containerScope":{"contributions":{},"includedScopes":[]},"contributions":{},"includedScopes":[{"contributions":{},"includedScopes":[]},{"contributions":{},"includedScopes":[]},{"contributions":{},"includedScopes":[]},{"contributions":{},"includedScopes":[]},{"contributions":{},"includedScopes":[]}]},"contributions":{},"includedScopes":[{"containerScope":{"containerScope":{"contributions":{},"includedScopes":[]},"contributions":{},"includedScopes":[{"contributions":{},"includedScopes":[]},{"contributions":{},"includedScopes":[]},{"contributions":{},"includedScopes":[]},{"contributions":{},"includedScopes":[]},{"contributions":{},"includedScopes":[]}]},"contributions":{},"includedScopes":[{"containerScope":{"containerScope":{"containerScope":{"contributions":{},"includedScopes":[]},"contributions":{},"includedScopes":[]},"contributions":{},"includedScopes":[]},"contributions":{},"includedScopes":[]}]},{"containerScope":{"containerScope":{"containerScope":{"contributions":{},"includedScopes":[]},"contributions":{},"includedScopes":[]},"contributions":{},"includedScopes":[]},"contributions":{},"includedScopes":[]}]},"contributions":{},"includedScopes":[]},"sourceMap":{"end":{"column":30,"line":111,"offset":3323},"start":{"column":25,"line":111,"offset":3318}}},"scope":{"containerScope":{"containerScope":{"containerScope":{"contributions":{},"includedScopes":[]},"contributions":{},"includedScopes":[{"contributions":{},"includedScopes":[]},{"contributions":{},"includedScopes":[]},{"contributions":{},"includedScopes":[]},{"contributions":{},"includedScopes":[]},{"contributions":{},"includedScopes":[]}]},"contributions":{},"includedScopes":[{"containerScope":{"containerScope":{"contributions":{},"includedScopes":[]},"contributions":{},"includedScopes":[{"contributions":{},"includedScopes":[]},{"contributions":{},"includedScopes":[]},{"contributions":{},"includedScopes":[]},{"contributions":{},"includedScopes":[]},{"contributions":{},"includedScopes":[]}]},"contributions":{},"includedScopes":[{"containerScope":{"containerScope":{"containerScope":{"contributions":{},"includedScopes":[]},"contributions":{},"includedScopes":[]},"contributions":{},"includedScopes":[]},"contributions":{},"includedScopes":[]}]},{"containerScope":{"containerScope":{"containerScope":{"contributions":{},"includedScopes":[]},"contributions":{},"includedScopes":[]},"contributions":{},"includedScopes":[]},"contributions":{},"includedScopes":[]}]},"contributions":{},"includedScopes":[]},"sourceMap":{"end":{"column":30,"line":111,"offset":3323},"start":{"column":25,"line":111,"offset":3318}}}]},"stack":"Error: Failed to print, found malformed node\n    at c:\\Users\\santi\\.vscode\\extensions\\uqbar.wollok-lsp-ide-0.5.4\\out\\server\\src\\server.js:68:3585\n    at Kbn (c:\\Users\\santi\\.vscode\\extensions\\uqbar.wollok-lsp-ide-0.5.4\\out\\server\\src\\server.js:68:3396)\n    at c:\\Users\\santi\\.vscode\\extensions\\uqbar.wollok-lsp-ide-0.5.4\\out\\server\\src\\server.js:2398:847\n    at c:\\Users\\santi\\.vscode\\extensions\\uqbar.wollok-lsp-ide-0.5.4\\out\\server\\src\\server.js:2398:8440\n    at c:\\Users\\santi\\.vscode\\extensions\\uqbar.wollok-lsp-ide-0.5.4\\out\\server\\src\\server.js:37:74770\n    at Ke (c:\\Users\\santi\\.vscode\\extensions\\uqbar.wollok-lsp-ide-0.5.4\\out\\server\\src\\server.js:7:8527)\n    at Lt (c:\\Users\\santi\\.vscode\\extensions\\uqbar.wollok-lsp-ide-0.5.4\\out\\server\\src\\server.js:7:6189)\n    at ct (c:\\Users\\santi\\.vscode\\extensions\\uqbar.wollok-lsp-ide-0.5.4\\out\\server\\src\\server.js:7:6378)\n    at Immediate._onImmediate (c:\\Users\\santi\\.vscode\\extensions\\uqbar.wollok-lsp-ide-0.5.4\\out\\server\\src\\server.js:7:6142)\n    at process.processImmediate (node:internal/timers:504:21)","timestamp":"2026-06-05T21:51:41.085Z"}
{"level":"info","message":"⌛ Validating niveles.wlk","timeElapsed":110,"timestamp":"2026-06-05T21:51:41.410Z"}
{"level":"info","message":"⌛ Building environment","timeElapsed":101,"timestamp":"2026-06-05T21:51:42.707Z"}
{"level":"info","message":"⌛ Building environment","timeElapsed":175,"timestamp":"2026-06-05T21:51:44.300Z"}
{"level":"info","message":"⌛ Validating niveles.wlk","timeElapsed":113,"timestamp":"2026-06-05T21:51:44.421Z"}
{"level":"info","message":"⌛ Validating niveles.wlk","timeElapsed":101,"timestamp":"2026-06-05T21:51:45.280Z"}
{"level":"info","message":"⌛ Building environment","timeElapsed":157,"timestamp":"2026-06-05T21:51:46.588Z"}
{"level":"info","message":"⌛ Validating niveles.wlk","timeElapsed":168,"timestamp":"2026-06-05T21:51:46.758Z"}
{"level":"error","message":"✘ Failed to get type description: Error: Failed to print, found malformed node Failed to print, found malformed node","node":{"id":"0faed04e-7b15-41bf-a65d-530f51e5d1e1","members":[{"body":{"id":"47b5ba66-7072-411a-a275-ab7342d78bdf","metadata":[],"problems":[],"scope":{"containerScope":{"containerScope":{"containerScope":{"containerScope":{"contributions":{},"includedScopes":[]},"contributions":{},"includedScopes":[{"contributions":{},"includedScopes":[]},{"contributions":{},"includedScopes":[]},{"contributions":{},"includedScopes":[]},{"contributions":{},"includedScopes":[]},{"contributions":{},"includedScopes":[]}]},"contributions":{},"includedScopes":[{"containerScope":{"containerScope":{"contributions":{},"includedScopes":[]},"contributions":{},"includedScopes":[{"contributions":{},"includedScopes":[]},{"contributions":{},"includedScopes":[]},{"contributions":{},"includedScopes":[]},{"contributions":{},"includedScopes":[]},{"contributions":{},"includedScopes":[]}]},"contributions":{},"includedScopes":[{"containerScope":{"containerScope":{"containerScope":{"contributions":{},"includedScopes":[]},"contributions":{},"includedScopes":[]},"contributions":{},"includedScopes":[]},"contributions":{},"includedScopes":[]}]},{"containerScope":{"containerScope":{"containerScope":{"contributions":{},"includedScopes":[]},"contributions":{},"includedScopes":[]},"contributions":{},"includedScopes":[]},"contributions":{},"includedScopes":[]}]},"contributions":{},"includedScopes":[]},"contributions":{},"includedScopes":[]},"sentences":[{"id":"06ccc02b-185f-42da-9d94-24e02b54dc60","metadata":[],"scope":{"containerScope":{"containerScope":{"containerScope":{"containerScope":{"containerScope":{"contributions":{},"includedScopes":[]},"contributions":{},"includedScopes":[{"contributions":{},"includedScopes":[]},{"contributions":{},"includedScopes":[]},{"contributions":{},"includedScopes":[]},{"contributions":{},"includedScopes":[]},{"contributions":{},"includedScopes":[]}]},"contributions":{},"includedScopes":[{"containerScope":{"containerScope":{"contributions":{},"includedScopes":[]},"contributions":{},"includedScopes":[{"contributions":{},"includedScopes":[]},{"contributions":{},"includedScopes":[]},{"contributions":{},"includedScopes":[]},{"contributions":{},"includedScopes":[]},{"contributions":{},"includedScopes":[]}]},"contributions":{},"includedScopes":[{"containerScope":{"containerScope":{"containerScope":{"contributions":{},"includedScopes":[]},"contributions":{},"includedScopes":[]},"contributions":{},"includedScopes":[]},"contributions":{},"includedScopes":[]}]},{"containerScope":{"containerScope":{"containerScope":{"contributions":{},"includedScopes":[]},"contributions":{},"includedScopes":[]},"contributions":{},"includedScopes":[]},"contributions":{},"includedScopes":[]}]},"contributions":{},"includedScopes":[]},"contributions":{},"includedScopes":[]},"contributions":{},"includedScopes":[]},"value":{"id":"c20540d7-1062-4274-8512-46288b8c7fba","metadata":[],"scope":{"containerScope":{"containerScope":{"containerScope":{"containerScope":{"containerScope":{"containerScope":{"contributions":{},"includedScopes":[]},"contributions":{},"includedScopes":[{"contributions":{},"includedScopes":[]},{"contributions":{},"includedScopes":[]},{"contributions":{},"includedScopes":[]},{"contributions":{},"includedScopes":[]},{"contributions":{},"includedScopes":[]}]},"contributions":{},"includedScopes":[{"containerScope":{"containerScope":{"contributions":{},"includedScopes":[]},"contributions":{},"includedScopes":[{"contributions":{},"includedScopes":[]},{"contributions":{},"includedScopes":[]},{"contributions":{},"includedScopes":[]},{"contributions":{},"includedScopes":[]},{"contributions":{},"includedScopes":[]}]},"contributions":{},"includedScopes":[{"containerScope":{"containerScope":{"containerScope":{"contributions":{},"includedScopes":[]},"contributions":{},"includedScopes":[]},"contributions":{},"includedScopes":[]},"contributions":{},"includedScopes":[]}]},{"containerScope":{"containerScope":{"containerScope":{"contributions":{},"includedScopes":[]},"contributions":{},"includedScopes":[]},"contributions":{},"includedScopes":[]},"contributions":{},"includedScopes":[]}]},"contributions":{},"includedScopes":[]},"contributions":{},"includedScopes":[]},"contributions":{},"includedScopes":[]},"contributions":{},"includedScopes":[]},"sourceMap":{"end":{"column":49,"line":113,"offset":3377},"start":{"column":36,"line":113,"offset":3364}},"value":"nivel_2.png"}}],"sourceMap":{"end":{"column":49,"line":113,"offset":3377},"start":{"column":36,"line":113,"offset":3364}}},"compiled":false,"id":"b01da4ac-c4f0-4bac-9fc3-3e7a5f87fc4b","isOverride":true,"metadata":[],"name":"background","parameters":[],"problems":[],"scope":{"containerScope":{"containerScope":{"containerScope":{"contributions":{},"includedScopes":[]},"contributions":{},"includedScopes":[{"contributions":{},"includedScopes":[]},{"contributions":{},"includedScopes":[]},{"contributions":{},"includedScopes":[]},{"contributions":{},"includedScopes":[]},{"contributions":{},"includedScopes":[]}]},"contributions":{},"includedScopes":[{"containerScope":{"containerScope":{"contributions":{},"includedScopes":[]},"contributions":{},"includedScopes":[{"contributions":{},"includedScopes":[]},{"contributions":{},"includedScopes":[]},{"contributions":{},"includedScopes":[]},{"contributions":{},"includedScopes":[]},{"contributions":{},"includedScopes":[]}]},"contributions":{},"includedScopes":[{"containerScope":{"containerScope":{"containerScope":{"contributions":{},"includedScopes":[]},"contributions":{},"includedScopes":[]},"contributions":{},"includedScopes":[]},"contributions":{},"includedScopes":[]}]},{"containerScope":{"containerScope":{"containerScope":{"contributions":{},"includedScopes":[]},"contributions":{},"includedScopes":[]},"contributions":{},"includedScopes":[]},"contributions":{},"includedScopes":[]}]},"contributions":{},"includedScopes":[]},"sourceMap":{"end":{"column":49,"line":113,"offset":3377},"start":{"column":5,"line":113,"offset":3333}}},{"body":{"id":"91741ad1-3ff2-4f42-ac33-4f142e888498","metadata":[],"problems":[{"code":"malformedSentence","sourceMap":{"end":{"column":35,"line":115,"offset":3415},"start":{"column":34,"line":115,"offset":3414}}}],"scope":{"containerScope":{"containerScope":{"containerScope":{"containerScope":{"contributions":{},"includedScopes":[]},"contributions":{},"includedScopes":[{"contributions":{},"includedScopes":[]},{"contributions":{},"includedScopes":[]},{"contributions":{},"includedScopes":[]},{"contributions":{},"includedScopes":[]},{"contributions":{},"includedScopes":[]}]},"contributions":{},"includedScopes":[{"containerScope":{"containerScope":{"contributions":{},"includedScopes":[]},"contributions":{},"includedScopes":[{"contributions":{},"includedScopes":[]},{"contributions":{},"includedScopes":[]},{"contributions":{},"includedScopes":[]},{"contributions":{},"includedScopes":[]},{"contributions":{},"includedScopes":[]}]},"contributions":{},"includedScopes":[{"containerScope":{"containerScope":{"containerScope":{"contributions":{},"includedScopes":[]},"contributions":{},"includedScopes":[]},"contributions":{},"includedScopes":[]},"contributions":{},"includedScopes":[]}]},{"containerScope":{"containerScope":{"containerScope":{"contributions":{},"includedScopes":[]},"contributions":{},"includedScopes":[]},"contributions":{},"includedScopes":[]},"contributions":{},"includedScopes":[]}]},"contributions":{},"includedScopes":[]},"contributions":{},"includedScopes":[]},"sentences":[],"sourceMap":{"end":{"column":35,"line":115,"offset":3415},"start":{"column":34,"line":115,"offset":3414}}},"compiled":false,"id":"5176f733-2a67-4f27-bc54-9efb7b5d86c0","isOverride":true,"metadata":[],"name":"mapaData","parameters":[],"problems":[],"scope":{"containerScope":{"containerScope":{"containerScope":{"contributions":{},"includedScopes":[]},"contributions":{},"includedScopes":[{"contributions":{},"includedScopes":[]},{"contributions":{},"includedScopes":[]},{"contributions":{},"includedScopes":[]},{"contributions":{},"includedScopes":[]},{"contributions":{},"includedScopes":[]}]},"contributions":{},"includedScopes":[{"containerScope":{"containerScope":{"contributions":{},"includedScopes":[]},"contributions":{},"includedScopes":[{"contributions":{},"includedScopes":[]},{"contributions":{},"includedScopes":[]},{"contributions":{},"includedScopes":[]},{"contributions":{},"includedScopes":[]},{"contributions":{},"includedScopes":[]}]},"contributions":{},"includedScopes":[{"containerScope":{"containerScope":{"containerScope":{"contributions":{},"includedScopes":[]},"contributions":{},"includedScopes":[]},"contributions":{},"includedScopes":[]},"contributions":{},"includedScopes":[]}]},{"containerScope":{"containerScope":{"containerScope":{"contributions":{},"includedScopes":[]},"contributions":{},"includedScopes":[]},"contributions":{},"includedScopes":[]},"contributions":{},"includedScopes":[]}]},"contributions":{},"includedScopes":[]},"sourceMap":{"end":{"column":35,"line":115,"offset":3415},"start":{"column":5,"line":115,"offset":3385}}}],"metadata":[],"name":"nivel_1","problems":[{"code":"malformedMember","sourceMap":{"end":{"column":70,"line":116,"offset":3486},"start":{"column":9,"line":116,"offset":3425}}},{"code":"malformedMember","sourceMap":{"end":{"column":70,"line":117,"offset":3557},"start":{"column":9,"line":117,"offset":3496}}},{"code":"malformedMember","sourceMap":{"end":{"column":70,"line":118,"offset":3628},"start":{"column":9,"line":118,"offset":3567}}},{"code":"malformedMember","sourceMap":{"end":{"column":70,"line":119,"offset":3699},"start":{"column":9,"line":119,"offset":3638}}},{"code":"malformedMember","sourceMap":{"end":{"column":70,"line":120,"offset":3770},"start":{"column":9,"line":120,"offset":3709}}},{"code":"malformedMember","sourceMap":{"end":{"column":70,"line":121,"offset":3841},"start":{"column":9,"line":121,"offset":3780}}},{"code":"malformedMember","sourceMap":{"end":{"column":70,"line":122,"offset":3912},"start":{"column":9,"line":122,"offset":3851}}},{"code":"malformedMember","sourceMap":{"end":{"column":69,"line":123,"offset":3982},"start":{"column":9,"line":123,"offset":3922}}},{"code":"malformedMember","sourceMap":{"end":{"column":70,"line":124,"offset":4053},"start":{"column":9,"line":124,"offset":3992}}},{"code":"malformedMember","sourceMap":{"end":{"column":69,"line":125,"offset":4123},"start":{"column":9,"line":125,"offset":4063}}},{"code":"malformedMember","sourceMap":{"end":{"column":6,"line":126,"offset":4130},"start":{"column":5,"line":126,"offset":4129}}}],"scope":{"containerScope":{"containerScope":{"contributions":{},"includedScopes":[]},"contributions":{},"includedScopes":[{"contributions":{},"includedScopes":[]},{"contributions":{},"includedScopes":[]},{"contributions":{},"includedScopes":[]},{"contributions":{},"includedScopes":[]},{"contributions":{},"includedScopes":[]}]},"contributions":{},"includedScopes":[{"containerScope":{"containerScope":{"contributions":{},"includedScopes":[]},"contributions":{},"includedScopes":[{"contributions":{},"includedScopes":[]},{"contributions":{},"includedScopes":[]},{"contributions":{},"includedScopes":[]},{"contributions":{},"includedScopes":[]},{"contributions":{},"includedScopes":[]}]},"contributions":{},"includedScopes":[{"containerScope":{"containerScope":{"containerScope":{"contributions":{},"includedScopes":[]},"contributions":{},"includedScopes":[]},"contributions":{},"includedScopes":[]},"contributions":{},"includedScopes":[]}]},{"containerScope":{"containerScope":{"containerScope":{"contributions":{},"includedScopes":[]},"contributions":{},"includedScopes":[]},"contributions":{},"includedScopes":[]},"contributions":{},"includedScopes":[]}]},"sourceMap":{"end":{"column":2,"line":127,"offset":4133},"start":{"column":1,"line":111,"offset":3294}},"supertypes":[{"args":[],"id":"f40ec4ec-83c2-484c-b80b-9f6191272883","metadata":[],"reference":{"id":"737eb1f3-9f06-4869-bdfb-e7fafb0815be","metadata":[],"name":"Nivel","scope":{"containerScope":{"containerScope":{"containerScope":{"contributions":{},"includedScopes":[]},"contributions":{},"includedScopes":[{"contributions":{},"includedScopes":[]},{"contributions":{},"includedScopes":[]},{"contributions":{},"includedScopes":[]},{"contributions":{},"includedScopes":[]},{"contributions":{},"includedScopes":[]}]},"contributions":{},"includedScopes":[{"containerScope":{"containerScope":{"contributions":{},"includedScopes":[]},"contributions":{},"includedScopes":[{"contributions":{},"includedScopes":[]},{"contributions":{},"includedScopes":[]},{"contributions":{},"includedScopes":[]},{"contributions":{},"includedScopes":[]},{"contributions":{},"includedScopes":[]}]},"contributions":{},"includedScopes":[{"containerScope":{"containerScope":{"containerScope":{"contributions":{},"includedScopes":[]},"contributions":{},"includedScopes":[]},"contributions":{},"includedScopes":[]},"contributions":{},"includedScopes":[]}]},{"containerScope":{"containerScope":{"containerScope":{"contributions":{},"includedScopes":[]},"contributions":{},"includedScopes":[]},"contributions":{},"includedScopes":[]},"contributions":{},"includedScopes":[]}]},"contributions":{},"includedScopes":[]},"sourceMap":{"end":{"column":30,"line":111,"offset":3323},"start":{"column":25,"line":111,"offset":3318}}},"scope":{"containerScope":{"containerScope":{"containerScope":{"contributions":{},"includedScopes":[]},"contributions":{},"includedScopes":[{"contributions":{},"includedScopes":[]},{"contributions":{},"includedScopes":[]},{"contributions":{},"includedScopes":[]},{"contributions":{},"includedScopes":[]},{"contributions":{},"includedScopes":[]}]},"contributions":{},"includedScopes":[{"containerScope":{"containerScope":{"contributions":{},"includedScopes":[]},"contributions":{},"includedScopes":[{"contributions":{},"includedScopes":[]},{"contributions":{},"includedScopes":[]},{"contributions":{},"includedScopes":[]},{"contributions":{},"includedScopes":[]},{"contributions":{},"includedScopes":[]}]},"contributions":{},"includedScopes":[{"containerScope":{"containerScope":{"containerScope":{"contributions":{},"includedScopes":[]},"contributions":{},"includedScopes":[]},"contributions":{},"includedScopes":[]},"contributions":{},"includedScopes":[]}]},{"containerScope":{"containerScope":{"containerScope":{"contributions":{},"includedScopes":[]},"contributions":{},"includedScopes":[]},"contributions":{},"includedScopes":[]},"contributions":{},"includedScopes":[]}]},"contributions":{},"includedScopes":[]},"sourceMap":{"end":{"column":30,"line":111,"offset":3323},"start":{"column":25,"line":111,"offset":3318}}}]},"stack":"Error: Failed to print, found malformed node\n    at c:\\Users\\santi\\.vscode\\extensions\\uqbar.wollok-lsp-ide-0.5.4\\out\\server\\src\\server.js:68:3585\n    at Kbn (c:\\Users\\santi\\.vscode\\extensions\\uqbar.wollok-lsp-ide-0.5.4\\out\\server\\src\\server.js:68:3396)\n    at c:\\Users\\santi\\.vscode\\extensions\\uqbar.wollok-lsp-ide-0.5.4\\out\\server\\src\\server.js:2398:847\n    at c:\\Users\\santi\\.vscode\\extensions\\uqbar.wollok-lsp-ide-0.5.4\\out\\server\\src\\server.js:2398:8440\n    at c:\\Users\\santi\\.vscode\\extensions\\uqbar.wollok-lsp-ide-0.5.4\\out\\server\\src\\server.js:37:74770\n    at Ke (c:\\Users\\santi\\.vscode\\extensions\\uqbar.wollok-lsp-ide-0.5.4\\out\\server\\src\\server.js:7:8527)\n    at Lt (c:\\Users\\santi\\.vscode\\extensions\\uqbar.wollok-lsp-ide-0.5.4\\out\\server\\src\\server.js:7:6189)\n    at ct (c:\\Users\\santi\\.vscode\\extensions\\uqbar.wollok-lsp-ide-0.5.4\\out\\server\\src\\server.js:7:6378)\n    at Immediate._onImmediate (c:\\Users\\santi\\.vscode\\extensions\\uqbar.wollok-lsp-ide-0.5.4\\out\\server\\src\\server.js:7:6142)\n    at process.processImmediate (node:internal/timers:504:21)","timestamp":"2026-06-05T21:51:46.783Z"}
{"level":"info","message":"⌛ Building environment","timeElapsed":107,"timestamp":"2026-06-05T21:51:46.893Z"}
{"level":"info","message":"⌛ Validating niveles.wlk","timeElapsed":121,"timestamp":"2026-06-05T21:51:47.016Z"}
{"level":"info","message":"⌛ Building environment","timeElapsed":108,"timestamp":"2026-06-05T21:51:48.602Z"}
{"level":"info","message":"⌛ Building environment","timeElapsed":129,"timestamp":"2026-06-05T21:51:50.336Z"}
{"level":"info","message":"⌛ Validating niveles.wlk","timeElapsed":111,"timestamp":"2026-06-05T21:51:50.457Z"}
{"level":"info","message":"⌛ Building environment","timeElapsed":105,"timestamp":"2026-06-05T21:51:51.537Z"}
{"level":"info","message":"⌛ Validating niveles.wlk","timeElapsed":108,"timestamp":"2026-06-05T21:51:51.649Z"}
{"level":"info","message":"⌛ Building environment","timeElapsed":106,"timestamp":"2026-06-05T21:51:51.882Z"}
{"level":"info","message":"⌛ Validating niveles.wlk","timeElapsed":164,"timestamp":"2026-06-05T21:51:52.055Z"}
{"level":"info","message":"⌛ Building environment","timeElapsed":102,"timestamp":"2026-06-05T21:51:52.934Z"}
{"level":"info","message":"⌛ Building environment","timeElapsed":134,"timestamp":"2026-06-05T21:51:54.112Z"}
{"level":"info","message":"⌛ Validating niveles.wlk","timeElapsed":111,"timestamp":"2026-06-05T21:51:55.225Z"}
{"level":"info","message":"⌛ Validating niveles.wlk","timeElapsed":117,"timestamp":"2026-06-05T21:51:57.196Z"}
{"level":"error","message":"✘ Failed to get type description: Error: Failed to print, found malformed node Failed to print, found malformed node","node":{"id":"5126dc57-1cd7-401b-b0a5-f40e93588f7b","members":[{"body":{"id":"8850850c-3cd5-47ff-aef4-23f48ce40927","metadata":[],"problems":[],"scope":{"containerScope":{"containerScope":{"containerScope":{"containerScope":{"contributions":{},"includedScopes":[]},"contributions":{},"includedScopes":[{"contributions":{},"includedScopes":[]},{"contributions":{},"includedScopes":[]},{"contributions":{},"includedScopes":[]},{"contributions":{},"includedScopes":[]},{"contributions":{},"includedScopes":[]}]},"contributions":{},"includedScopes":[{"containerScope":{"containerScope":{"contributions":{},"includedScopes":[]},"contributions":{},"includedScopes":[{"contributions":{},"includedScopes":[]},{"contributions":{},"includedScopes":[]},{"contributions":{},"includedScopes":[]},{"contributions":{},"includedScopes":[]},{"contributions":{},"includedScopes":[]}]},"contributions":{},"includedScopes":[{"containerScope":{"containerScope":{"containerScope":{"contributions":{},"includedScopes":[]},"contributions":{},"includedScopes":[]},"contributions":{},"includedScopes":[]},"contributions":{},"includedScopes":[]}]},{"containerScope":{"containerScope":{"containerScope":{"contributions":{},"includedScopes":[]},"contributions":{},"includedScopes":[]},"contributions":{},"includedScopes":[]},"contributions":{},"includedScopes":[]}]},"contributions":{},"includedScopes":[]},"contributions":{},"includedScopes":[]},"sentences":[{"id":"8dc72509-03b9-4d5e-8b84-1a1e40914147","metadata":[],"scope":{"containerScope":{"containerScope":{"containerScope":{"containerScope":{"containerScope":{"contributions":{},"includedScopes":[]},"contributions":{},"includedScopes":[{"contributions":{},"includedScopes":[]},{"contributions":{},"includedScopes":[]},{"contributions":{},"includedScopes":[]},{"contributions":{},"includedScopes":[]},{"contributions":{},"includedScopes":[]}]},"contributions":{},"includedScopes":[{"containerScope":{"containerScope":{"contributions":{},"includedScopes":[]},"contributions":{},"includedScopes":[{"contributions":{},"includedScopes":[]},{"contributions":{},"includedScopes":[]},{"contributions":{},"includedScopes":[]},{"contributions":{},"includedScopes":[]},{"contributions":{},"includedScopes":[]}]},"contributions":{},"includedScopes":[{"containerScope":{"containerScope":{"containerScope":{"contributions":{},"includedScopes":[]},"contributions":{},"includedScopes":[]},"contributions":{},"includedScopes":[]},"contributions":{},"includedScopes":[]}]},{"containerScope":{"containerScope":{"containerScope":{"contributions":{},"includedScopes":[]},"contributions":{},"includedScopes":[]},"contributions":{},"includedScopes":[]},"contributions":{},"includedScopes":[]}]},"contributions":{},"includedScopes":[]},"contributions":{},"includedScopes":[]},"contributions":{},"includedScopes":[]},"value":{"id":"690ee5a5-9f1c-4ac3-8656-b781c0235428","metadata":[],"scope":{"containerScope":{"containerScope":{"containerScope":{"containerScope":{"containerScope":{"containerScope":{"contributions":{},"includedScopes":[]},"contributions":{},"includedScopes":[{"contributions":{},"includedScopes":[]},{"contributions":{},"includedScopes":[]},{"contributions":{},"includedScopes":[]},{"contributions":{},"includedScopes":[]},{"contributions":{},"includedScopes":[]}]},"contributions":{},"includedScopes":[{"containerScope":{"containerScope":{"contributions":{},"includedScopes":[]},"contributions":{},"includedScopes":[{"contributions":{},"includedScopes":[]},{"contributions":{},"includedScopes":[]},{"contributions":{},"includedScopes":[]},{"contributions":{},"includedScopes":[]},{"contributions":{},"includedScopes":[]}]},"contributions":{},"includedScopes":[{"containerScope":{"containerScope":{"containerScope":{"contributions":{},"includedScopes":[]},"contributions":{},"includedScopes":[]},"contributions":{},"includedScopes":[]},"contributions":{},"includedScopes":[]}]},{"containerScope":{"containerScope":{"containerScope":{"contributions":{},"includedScopes":[]},"contributions":{},"includedScopes":[]},"contributions":{},"includedScopes":[]},"contributions":{},"includedScopes":[]}]},"contributions":{},"includedScopes":[]},"contributions":{},"includedScopes":[]},"contributions":{},"includedScopes":[]},"contributions":{},"includedScopes":[]},"sourceMap":{"end":{"column":49,"line":113,"offset":3377},"start":{"column":36,"line":113,"offset":3364}},"value":"nivel_2.png"}}],"sourceMap":{"end":{"column":49,"line":113,"offset":3377},"start":{"column":36,"line":113,"offset":3364}}},"compiled":false,"id":"151fc044-e11d-43ce-b893-f0514cbbed11","isOverride":true,"metadata":[],"name":"background","parameters":[],"problems":[],"scope":{"containerScope":{"containerScope":{"containerScope":{"contributions":{},"includedScopes":[]},"contributions":{},"includedScopes":[{"contributions":{},"includedScopes":[]},{"contributions":{},"includedScopes":[]},{"contributions":{},"includedScopes":[]},{"contributions":{},"includedScopes":[]},{"contributions":{},"includedScopes":[]}]},"contributions":{},"includedScopes":[{"containerScope":{"containerScope":{"contributions":{},"includedScopes":[]},"contributions":{},"includedScopes":[{"contributions":{},"includedScopes":[]},{"contributions":{},"includedScopes":[]},{"contributions":{},"includedScopes":[]},{"contributions":{},"includedScopes":[]},{"contributions":{},"includedScopes":[]}]},"contributions":{},"includedScopes":[{"containerScope":{"containerScope":{"containerScope":{"contributions":{},"includedScopes":[]},"contributions":{},"includedScopes":[]},"contributions":{},"includedScopes":[]},"contributions":{},"includedScopes":[]}]},{"containerScope":{"containerScope":{"containerScope":{"contributions":{},"includedScopes":[]},"contributions":{},"includedScopes":[]},"contributions":{},"includedScopes":[]},"contributions":{},"includedScopes":[]}]},"contributions":{},"includedScopes":[]},"sourceMap":{"end":{"column":49,"line":113,"offset":3377},"start":{"column":5,"line":113,"offset":3333}}},{"body":{"id":"d577d412-a8c8-4bdd-a42a-1247c6d6d283","metadata":[],"problems":[{"code":"malformedSentence","sourceMap":{"end":{"column":35,"line":115,"offset":3415},"start":{"column":34,"line":115,"offset":3414}}}],"scope":{"containerScope":{"containerScope":{"containerScope":{"containerScope":{"contributions":{},"includedScopes":[]},"contributions":{},"includedScopes":[{"contributions":{},"includedScopes":[]},{"contributions":{},"includedScopes":[]},{"contributions":{},"includedScopes":[]},{"contributions":{},"includedScopes":[]},{"contributions":{},"includedScopes":[]}]},"contributions":{},"includedScopes":[{"containerScope":{"containerScope":{"contributions":{},"includedScopes":[]},"contributions":{},"includedScopes":[{"contributions":{},"includedScopes":[]},{"contributions":{},"includedScopes":[]},{"contributions":{},"includedScopes":[]},{"contributions":{},"includedScopes":[]},{"contributions":{},"includedScopes":[]}]},"contributions":{},"includedScopes":[{"containerScope":{"containerScope":{"containerScope":{"contributions":{},"includedScopes":[]},"contributions":{},"includedScopes":[]},"contributions":{},"includedScopes":[]},"contributions":{},"includedScopes":[]}]},{"containerScope":{"containerScope":{"containerScope":{"contributions":{},"includedScopes":[]},"contributions":{},"includedScopes":[]},"contributions":{},"includedScopes":[]},"contributions":{},"includedScopes":[]}]},"contributions":{},"includedScopes":[]},"contributions":{},"includedScopes":[]},"sentences":[],"sourceMap":{"end":{"column":35,"line":115,"offset":3415},"start":{"column":34,"line":115,"offset":3414}}},"compiled":false,"id":"e3495247-a67f-4b2e-a5a3-2ad8c28e2514","isOverride":true,"metadata":[],"name":"mapaData","parameters":[],"problems":[],"scope":{"containerScope":{"containerScope":{"containerScope":{"contributions":{},"includedScopes":[]},"contributions":{},"includedScopes":[{"contributions":{},"includedScopes":[]},{"contributions":{},"includedScopes":[]},{"contributions":{},"includedScopes":[]},{"contributions":{},"includedScopes":[]},{"contributions":{},"includedScopes":[]}]},"contributions":{},"includedScopes":[{"containerScope":{"containerScope":{"contributions":{},"includedScopes":[]},"contributions":{},"includedScopes":[{"contributions":{},"includedScopes":[]},{"contributions":{},"includedScopes":[]},{"contributions":{},"includedScopes":[]},{"contributions":{},"includedScopes":[]},{"contributions":{},"includedScopes":[]}]},"contributions":{},"includedScopes":[{"containerScope":{"containerScope":{"containerScope":{"contributions":{},"includedScopes":[]},"contributions":{},"includedScopes":[]},"contributions":{},"includedScopes":[]},"contributions":{},"includedScopes":[]}]},{"containerScope":{"containerScope":{"containerScope":{"contributions":{},"includedScopes":[]},"contributions":{},"includedScopes":[]},"contributions":{},"includedScopes":[]},"contributions":{},"includedScopes":[]}]},"contributions":{},"includedScopes":[]},"sourceMap":{"end":{"column":35,"line":115,"offset":3415},"start":{"column":5,"line":115,"offset":3385}}}],"metadata":[],"name":"nivel_1","problems":[{"code":"malformedMember","sourceMap":{"end":{"column":70,"line":116,"offset":3486},"start":{"column":9,"line":116,"offset":3425}}},{"code":"malformedMember","sourceMap":{"end":{"column":70,"line":117,"offset":3557},"start":{"column":9,"line":117,"offset":3496}}},{"code":"malformedMember","sourceMap":{"end":{"column":70,"line":118,"offset":3628},"start":{"column":9,"line":118,"offset":3567}}},{"code":"malformedMember","sourceMap":{"end":{"column":70,"line":119,"offset":3699},"start":{"column":9,"line":119,"offset":3638}}},{"code":"malformedMember","sourceMap":{"end":{"column":70,"line":120,"offset":3770},"start":{"column":9,"line":120,"offset":3709}}},{"code":"malformedMember","sourceMap":{"end":{"column":70,"line":121,"offset":3841},"start":{"column":9,"line":121,"offset":3780}}},{"code":"malformedMember","sourceMap":{"end":{"column":70,"line":122,"offset":3912},"start":{"column":9,"line":122,"offset":3851}}},{"code":"malformedMember","sourceMap":{"end":{"column":69,"line":123,"offset":3982},"start":{"column":9,"line":123,"offset":3922}}},{"code":"malformedMember","sourceMap":{"end":{"column":70,"line":124,"offset":4053},"start":{"column":9,"line":124,"offset":3992}}},{"code":"malformedMember","sourceMap":{"end":{"column":69,"line":125,"offset":4123},"start":{"column":9,"line":125,"offset":4063}}},{"code":"malformedMember","sourceMap":{"end":{"column":6,"line":126,"offset":4130},"start":{"column":5,"line":126,"offset":4129}}}],"scope":{"containerScope":{"containerScope":{"contributions":{},"includedScopes":[]},"contributions":{},"includedScopes":[{"contributions":{},"includedScopes":[]},{"contributions":{},"includedScopes":[]},{"contributions":{},"includedScopes":[]},{"contributions":{},"includedScopes":[]},{"contributions":{},"includedScopes":[]}]},"contributions":{},"includedScopes":[{"containerScope":{"containerScope":{"contributions":{},"includedScopes":[]},"contributions":{},"includedScopes":[{"contributions":{},"includedScopes":[]},{"contributions":{},"includedScopes":[]},{"contributions":{},"includedScopes":[]},{"contributions":{},"includedScopes":[]},{"contributions":{},"includedScopes":[]}]},"contributions":{},"includedScopes":[{"containerScope":{"containerScope":{"containerScope":{"contributions":{},"includedScopes":[]},"contributions":{},"includedScopes":[]},"contributions":{},"includedScopes":[]},"contributions":{},"includedScopes":[]}]},{"containerScope":{"containerScope":{"containerScope":{"contributions":{},"includedScopes":[]},"contributions":{},"includedScopes":[]},"contributions":{},"includedScopes":[]},"contributions":{},"includedScopes":[]}]},"sourceMap":{"end":{"column":2,"line":127,"offset":4133},"start":{"column":1,"line":111,"offset":3294}},"supertypes":[{"args":[],"id":"c8b28b26-f92a-4981-95df-6ff43eafb7ad","metadata":[],"reference":{"id":"153eea5d-0d58-4e0a-8d54-292adc4073ef","metadata":[],"name":"Nivel","scope":{"containerScope":{"containerScope":{"containerScope":{"contributions":{},"includedScopes":[]},"contributions":{},"includedScopes":[{"contributions":{},"includedScopes":[]},{"contributions":{},"includedScopes":[]},{"contributions":{},"includedScopes":[]},{"contributions":{},"includedScopes":[]},{"contributions":{},"includedScopes":[]}]},"contributions":{},"includedScopes":[{"containerScope":{"containerScope":{"contributions":{},"includedScopes":[]},"contributions":{},"includedScopes":[{"contributions":{},"includedScopes":[]},{"contributions":{},"includedScopes":[]},{"contributions":{},"includedScopes":[]},{"contributions":{},"includedScopes":[]},{"contributions":{},"includedScopes":[]}]},"contributions":{},"includedScopes":[{"containerScope":{"containerScope":{"containerScope":{"contributions":{},"includedScopes":[]},"contributions":{},"includedScopes":[]},"contributions":{},"includedScopes":[]},"contributions":{},"includedScopes":[]}]},{"containerScope":{"containerScope":{"containerScope":{"contributions":{},"includedScopes":[]},"contributions":{},"includedScopes":[]},"contributions":{},"includedScopes":[]},"contributions":{},"includedScopes":[]}]},"contributions":{},"includedScopes":[]},"sourceMap":{"end":{"column":30,"line":111,"offset":3323},"start":{"column":25,"line":111,"offset":3318}}},"scope":{"containerScope":{"containerScope":{"containerScope":{"contributions":{},"includedScopes":[]},"contributions":{},"includedScopes":[{"contributions":{},"includedScopes":[]},{"contributions":{},"includedScopes":[]},{"contributions":{},"includedScopes":[]},{"contributions":{},"includedScopes":[]},{"contributions":{},"includedScopes":[]}]},"contributions":{},"includedScopes":[{"containerScope":{"containerScope":{"contributions":{},"includedScopes":[]},"contributions":{},"includedScopes":[{"contributions":{},"includedScopes":[]},{"contributions":{},"includedScopes":[]},{"contributions":{},"includedScopes":[]},{"contributions":{},"includedScopes":[]},{"contributions":{},"includedScopes":[]}]},"contributions":{},"includedScopes":[{"containerScope":{"containerScope":{"containerScope":{"contributions":{},"includedScopes":[]},"contributions":{},"includedScopes":[]},"contributions":{},"includedScopes":[]},"contributions":{},"includedScopes":[]}]},{"containerScope":{"containerScope":{"containerScope":{"contributions":{},"includedScopes":[]},"contributions":{},"includedScopes":[]},"contributions":{},"includedScopes":[]},"contributions":{},"includedScopes":[]}]},"contributions":{},"includedScopes":[]},"sourceMap":{"end":{"column":30,"line":111,"offset":3323},"start":{"column":25,"line":111,"offset":3318}}}]},"stack":"Error: Failed to print, found malformed node\n    at c:\\Users\\santi\\.vscode\\extensions\\uqbar.wollok-lsp-ide-0.5.4\\out\\server\\src\\server.js:68:3585\n    at Kbn (c:\\Users\\santi\\.vscode\\extensions\\uqbar.wollok-lsp-ide-0.5.4\\out\\server\\src\\server.js:68:3396)\n    at c:\\Users\\santi\\.vscode\\extensions\\uqbar.wollok-lsp-ide-0.5.4\\out\\server\\src\\server.js:2398:847\n    at c:\\Users\\santi\\.vscode\\extensions\\uqbar.wollok-lsp-ide-0.5.4\\out\\server\\src\\server.js:2398:8440\n    at c:\\Users\\santi\\.vscode\\extensions\\uqbar.wollok-lsp-ide-0.5.4\\out\\server\\src\\server.js:37:74770\n    at Ke (c:\\Users\\santi\\.vscode\\extensions\\uqbar.wollok-lsp-ide-0.5.4\\out\\server\\src\\server.js:7:8527)\n    at Lt (c:\\Users\\santi\\.vscode\\extensions\\uqbar.wollok-lsp-ide-0.5.4\\out\\server\\src\\server.js:7:6189)\n    at ct (c:\\Users\\santi\\.vscode\\extensions\\uqbar.wollok-lsp-ide-0.5.4\\out\\server\\src\\server.js:7:6378)\n    at Immediate._onImmediate (c:\\Users\\santi\\.vscode\\extensions\\uqbar.wollok-lsp-ide-0.5.4\\out\\server\\src\\server.js:7:6142)\n    at process.processImmediate (node:internal/timers:504:21)","timestamp":"2026-06-05T21:51:57.241Z"}
{"level":"info","message":"⌛ Validating niveles.wlk","timeElapsed":108,"timestamp":"2026-06-05T21:51:57.551Z"}
{"level":"info","message":"⌛ Validating niveles.wlk","timeElapsed":102,"timestamp":"2026-06-05T21:51:59.110Z"}
{"level":"info","message":"⌛ Building environment","timeElapsed":250,"timestamp":"2026-06-05T21:51:59.362Z"}
{"level":"info","message":"⌛ Building environment","timeElapsed":112,"timestamp":"2026-06-05T21:52:01.242Z"}
{"exitCode":"SIGHUP","level":"info","message":"👾 Game executed juego.rpg on c:\\Users\\santi\\OneDrive\\Desktop\\Proyectos Uni\\Programacion de obejtos I\\Game\\pruebaJuego","timeElapsed":72451,"timestamp":"2026-06-05T21:52:11.233Z"}
{"level":"info","message":"🚀 Program executed \u001b[3m\u001b[34mjuego.rpg\u001b[39m\u001b[23m on \u001b[3m\u001b[34mc:\\Users\\santi\\OneDrive\\Desktop\\Proyectos Uni\\Programacion de obejtos I\\Game\\pruebaJuego\u001b[39m\u001b[23m","ok":true,"timeElapsed":791,"timestamp":"2026-06-05T21:52:13.176Z"}
{"level":"info","message":"⌛ Building environment","timeElapsed":136,"timestamp":"2026-06-05T21:52:16.497Z"}
{"level":"info","message":"⌛ Validating personaje.wlk","timeElapsed":106,"timestamp":"2026-06-05T21:52:16.610Z"}
{"level":"info","message":"⌛ Building environment","timeElapsed":104,"timestamp":"2026-06-05T21:57:17.044Z"}
{"level":"info","message":"⌛ Validating gestorAnimacion.wlk","timeElapsed":158,"timestamp":"2026-06-05T21:57:17.205Z"}
{"level":"info","message":"⌛ Building environment","timeElapsed":105,"timestamp":"2026-06-05T21:57:17.310Z"}
{"level":"info","message":"⌛ Validating gestorAnimacion.wlk","timeElapsed":135,"timestamp":"2026-06-05T21:57:17.449Z"}
{"level":"info","message":"⌛ Validating gestorAnimacion.wlk","timeElapsed":136,"timestamp":"2026-06-05T21:57:17.674Z"}
{"level":"info","message":"⌛ Validating gestorAnimacion.wlk","timeElapsed":121,"timestamp":"2026-06-05T21:57:17.898Z"}
{"level":"info","message":"⌛ Validating gestorAnimacion.wlk","timeElapsed":108,"timestamp":"2026-06-05T21:57:18.123Z"}
{"level":"info","message":"⌛ Validating gestorAnimacion.wlk","timeElapsed":104,"timestamp":"2026-06-05T21:57:19.918Z"}
{"level":"info","message":"⌛ Validating gestorAnimacion.wlk","timeElapsed":105,"timestamp":"2026-06-05T21:57:20.211Z"}
{"level":"info","message":"⌛ Validating gestorAnimacion.wlk","timeElapsed":115,"timestamp":"2026-06-05T21:57:20.405Z"}
{"level":"info","message":"⌛ Validating gestorAnimacion.wlk","timeElapsed":114,"timestamp":"2026-06-05T21:57:20.690Z"}
{"level":"info","message":"⌛ Validating gestorAnimacion.wlk","timeElapsed":101,"timestamp":"2026-06-05T21:57:20.792Z"}
{"level":"info","message":"⌛ Validating gestorAnimacion.wlk","timeElapsed":140,"timestamp":"2026-06-05T21:57:21.090Z"}
{"level":"info","message":"⌛ Building environment","timeElapsed":108,"timestamp":"2026-06-05T21:57:22.346Z"}
{"level":"error","message":"✘ Completions for node Variable ([12:9, 12:16] - gestorAnimacion.wlk) failed: Error: d [Variable]{45282b} at gestorAnimacion.wlk:12 exhausted all cases without a match d [Variable]{45282b} at gestorAnimacion.wlk:12 exhausted all cases without a match","stack":"Error: d [Variable]{45282b} at gestorAnimacion.wlk:12 exhausted all cases without a match\n    at c:\\Users\\santi\\.vscode\\extensions\\uqbar.wollok-lsp-ide-0.5.4\\out\\server\\src\\server.js:38:6142\n    at L2 (c:\\Users\\santi\\.vscode\\extensions\\uqbar.wollok-lsp-ide-0.5.4\\out\\server\\src\\server.js:2389:42)\n    at c:\\Users\\santi\\.vscode\\extensions\\uqbar.wollok-lsp-ide-0.5.4\\out\\server\\src\\server.js:2389:2988\n    at c:\\Users\\santi\\.vscode\\extensions\\uqbar.wollok-lsp-ide-0.5.4\\out\\server\\src\\server.js:2398:8440\n    at c:\\Users\\santi\\.vscode\\extensions\\uqbar.wollok-lsp-ide-0.5.4\\out\\server\\src\\server.js:37:74872\n    at Ke (c:\\Users\\santi\\.vscode\\extensions\\uqbar.wollok-lsp-ide-0.5.4\\out\\server\\src\\server.js:7:8527)\n    at Lt (c:\\Users\\santi\\.vscode\\extensions\\uqbar.wollok-lsp-ide-0.5.4\\out\\server\\src\\server.js:7:6189)\n    at ct (c:\\Users\\santi\\.vscode\\extensions\\uqbar.wollok-lsp-ide-0.5.4\\out\\server\\src\\server.js:7:6378)\n    at Immediate._onImmediate (c:\\Users\\santi\\.vscode\\extensions\\uqbar.wollok-lsp-ide-0.5.4\\out\\server\\src\\server.js:7:6142)\n    at process.processImmediate (node:internal/timers:504:21)","timestamp":"2026-06-05T21:57:22.371Z"}
{"level":"info","message":"⌛ Validating gestorAnimacion.wlk","timeElapsed":112,"timestamp":"2026-06-05T21:57:22.560Z"}
{"level":"info","message":"⌛ Validating gestorAnimacion.wlk","timeElapsed":102,"timestamp":"2026-06-05T21:57:22.662Z"}
{"level":"error","message":"✘ Completions for node Variable ([12:9, 12:19] - gestorAnimacion.wlk) failed: Error: dest [Variable]{1a2514} at gestorAnimacion.wlk:12 exhausted all cases without a match dest [Variable]{1a2514} at gestorAnimacion.wlk:12 exhausted all cases without a match","stack":"Error: dest [Variable]{1a2514} at gestorAnimacion.wlk:12 exhausted all cases without a match\n    at c:\\Users\\santi\\.vscode\\extensions\\uqbar.wollok-lsp-ide-0.5.4\\out\\server\\src\\server.js:38:6142\n    at L2 (c:\\Users\\santi\\.vscode\\extensions\\uqbar.wollok-lsp-ide-0.5.4\\out\\server\\src\\server.js:2389:42)\n    at c:\\Users\\santi\\.vscode\\extensions\\uqbar.wollok-lsp-ide-0.5.4\\out\\server\\src\\server.js:2389:2988\n    at c:\\Users\\santi\\.vscode\\extensions\\uqbar.wollok-lsp-ide-0.5.4\\out\\server\\src\\server.js:2398:8440\n    at c:\\Users\\santi\\.vscode\\extensions\\uqbar.wollok-lsp-ide-0.5.4\\out\\server\\src\\server.js:37:74872\n    at Ke (c:\\Users\\santi\\.vscode\\extensions\\uqbar.wollok-lsp-ide-0.5.4\\out\\server\\src\\server.js:7:8527)\n    at Lt (c:\\Users\\santi\\.vscode\\extensions\\uqbar.wollok-lsp-ide-0.5.4\\out\\server\\src\\server.js:7:6189)\n    at ct (c:\\Users\\santi\\.vscode\\extensions\\uqbar.wollok-lsp-ide-0.5.4\\out\\server\\src\\server.js:7:6378)\n    at Immediate._onImmediate (c:\\Users\\santi\\.vscode\\extensions\\uqbar.wollok-lsp-ide-0.5.4\\out\\server\\src\\server.js:7:6142)\n    at process.processImmediate (node:internal/timers:504:21)","timestamp":"2026-06-05T21:57:22.851Z"}
{"level":"info","message":"⌛ Validating gestorAnimacion.wlk","timeElapsed":107,"timestamp":"2026-06-05T21:57:23.133Z"}
{"level":"error","message":"✘ Completions for node Variable ([12:9, 12:21] - gestorAnimacion.wlk) failed: Error: destin [Variable]{0e9a8e} at gestorAnimacion.wlk:12 exhausted all cases without a match destin [Variable]{0e9a8e} at gestorAnimacion.wlk:12 exhausted all cases without a match","stack":"Error: destin [Variable]{0e9a8e} at gestorAnimacion.wlk:12 exhausted all cases without a match\n    at c:\\Users\\santi\\.vscode\\extensions\\uqbar.wollok-lsp-ide-0.5.4\\out\\server\\src\\server.js:38:6142\n    at L2 (c:\\Users\\santi\\.vscode\\extensions\\uqbar.wollok-lsp-ide-0.5.4\\out\\server\\src\\server.js:2389:42)\n    at c:\\Users\\santi\\.vscode\\extensions\\uqbar.wollok-lsp-ide-0.5.4\\out\\server\\src\\server.js:2389:2988\n    at c:\\Users\\santi\\.vscode\\extensions\\uqbar.wollok-lsp-ide-0.5.4\\out\\server\\src\\server.js:2398:8440\n    at c:\\Users\\santi\\.vscode\\extensions\\uqbar.wollok-lsp-ide-0.5.4\\out\\server\\src\\server.js:37:74872\n    at Ke (c:\\Users\\santi\\.vscode\\extensions\\uqbar.wollok-lsp-ide-0.5.4\\out\\server\\src\\server.js:7:8527)\n    at Lt (c:\\Users\\santi\\.vscode\\extensions\\uqbar.wollok-lsp-ide-0.5.4\\out\\server\\src\\server.js:7:6189)\n    at ct (c:\\Users\\santi\\.vscode\\extensions\\uqbar.wollok-lsp-ide-0.5.4\\out\\server\\src\\server.js:7:6378)\n    at Immediate._onImmediate (c:\\Users\\santi\\.vscode\\extensions\\uqbar.wollok-lsp-ide-0.5.4\\out\\server\\src\\server.js:7:6142)\n    at process.processImmediate (node:internal/timers:504:21)","timestamp":"2026-06-05T21:57:23.226Z"}
{"level":"info","message":"⌛ Building environment","timeElapsed":114,"timestamp":"2026-06-05T21:57:23.743Z"}
{"level":"error","message":"✘ Completions for node Variable ([12:9, 12:23] - gestorAnimacion.wlk) failed: Error: destinoF [Variable]{19ec29} at gestorAnimacion.wlk:12 exhausted all cases without a match destinoF [Variable]{19ec29} at gestorAnimacion.wlk:12 exhausted all cases without a match","stack":"Error: destinoF [Variable]{19ec29} at gestorAnimacion.wlk:12 exhausted all cases without a match\n    at c:\\Users\\santi\\.vscode\\extensions\\uqbar.wollok-lsp-ide-0.5.4\\out\\server\\src\\server.js:38:6142\n    at L2 (c:\\Users\\santi\\.vscode\\extensions\\uqbar.wollok-lsp-ide-0.5.4\\out\\server\\src\\server.js:2389:42)\n    at c:\\Users\\santi\\.vscode\\extensions\\uqbar.wollok-lsp-ide-0.5.4\\out\\server\\src\\server.js:2389:2988\n    at c:\\Users\\santi\\.vscode\\extensions\\uqbar.wollok-lsp-ide-0.5.4\\out\\server\\src\\server.js:2398:8440\n    at c:\\Users\\santi\\.vscode\\extensions\\uqbar.wollok-lsp-ide-0.5.4\\out\\server\\src\\server.js:37:74872\n    at Ke (c:\\Users\\santi\\.vscode\\extensions\\uqbar.wollok-lsp-ide-0.5.4\\out\\server\\src\\server.js:7:8527)\n    at Lt (c:\\Users\\santi\\.vscode\\extensions\\uqbar.wollok-lsp-ide-0.5.4\\out\\server\\src\\server.js:7:6189)\n    at ct (c:\\Users\\santi\\.vscode\\extensions\\uqbar.wollok-lsp-ide-0.5.4\\out\\server\\src\\server.js:7:6378)\n    at Immediate._onImmediate (c:\\Users\\santi\\.vscode\\extensions\\uqbar.wollok-lsp-ide-0.5.4\\out\\server\\src\\server.js:7:6142)\n    at process.processImmediate (node:internal/timers:504:21)","timestamp":"2026-06-05T21:57:23.774Z"}
{"level":"info","message":"⌛ Validating gestorAnimacion.wlk","timeElapsed":107,"timestamp":"2026-06-05T21:57:23.988Z"}
{"level":"info","message":"⌛ Building environment","timeElapsed":190,"timestamp":"2026-06-05T21:57:24.179Z"}
{"level":"info","message":"⌛ Building environment","timeElapsed":104,"timestamp":"2026-06-05T21:57:24.284Z"}
{"level":"error","message":"✘ Completions for node Variable ([12:9, 12:25] - gestorAnimacion.wlk) failed: Error: destinoFin [Variable]{f3d261} at gestorAnimacion.wlk:12 exhausted all cases without a match destinoFin [Variable]{f3d261} at gestorAnimacion.wlk:12 exhausted all cases without a match","stack":"Error: destinoFin [Variable]{f3d261} at gestorAnimacion.wlk:12 exhausted all cases without a match\n    at c:\\Users\\santi\\.vscode\\extensions\\uqbar.wollok-lsp-ide-0.5.4\\out\\server\\src\\server.js:38:6142\n    at L2 (c:\\Users\\santi\\.vscode\\extensions\\uqbar.wollok-lsp-ide-0.5.4\\out\\server\\src\\server.js:2389:42)\n    at c:\\Users\\santi\\.vscode\\extensions\\uqbar.wollok-lsp-ide-0.5.4\\out\\server\\src\\server.js:2389:2988\n    at c:\\Users\\santi\\.vscode\\extensions\\uqbar.wollok-lsp-ide-0.5.4\\out\\server\\src\\server.js:2398:8440\n    at c:\\Users\\santi\\.vscode\\extensions\\uqbar.wollok-lsp-ide-0.5.4\\out\\server\\src\\server.js:37:74872\n    at Ke (c:\\Users\\santi\\.vscode\\extensions\\uqbar.wollok-lsp-ide-0.5.4\\out\\server\\src\\server.js:7:8527)\n    at Lt (c:\\Users\\santi\\.vscode\\extensions\\uqbar.wollok-lsp-ide-0.5.4\\out\\server\\src\\server.js:7:6189)\n    at ct (c:\\Users\\santi\\.vscode\\extensions\\uqbar.wollok-lsp-ide-0.5.4\\out\\server\\src\\server.js:7:6378)\n    at Immediate._onImmediate (c:\\Users\\santi\\.vscode\\extensions\\uqbar.wollok-lsp-ide-0.5.4\\out\\server\\src\\server.js:7:6142)\n    at process.processImmediate (node:internal/timers:504:21)","timestamp":"2026-06-05T21:57:24.325Z"}
{"level":"info","message":"⌛ Building environment","timeElapsed":108,"timestamp":"2026-06-05T21:57:24.443Z"}
{"level":"info","message":"⌛ Validating gestorAnimacion.wlk","timeElapsed":156,"timestamp":"2026-06-05T21:57:24.680Z"}
{"level":"info","message":"⌛ Validating gestorAnimacion.wlk","timeElapsed":101,"timestamp":"2026-06-05T21:57:24.972Z"}
{"level":"info","message":"⌛ Validating gestorAnimacion.wlk","timeElapsed":108,"timestamp":"2026-06-05T21:57:25.430Z"}
{"level":"info","message":"⌛ Validating gestorAnimacion.wlk","timeElapsed":104,"timestamp":"2026-06-05T21:57:27.827Z"}
{"level":"info","message":"⌛ Building environment","timeElapsed":104,"timestamp":"2026-06-05T21:57:33.911Z"}
{"level":"error","message":"✘ Completions for node Variable ([12:9, 12:31] - gestorAnimacion.wlk) failed: Error: destinoFinal [Variable]{c559fe} at gestorAnimacion.wlk:12 exhausted all cases without a match destinoFinal [Variable]{c559fe} at gestorAnimacion.wlk:12 exhausted all cases without a match","stack":"Error: destinoFinal [Variable]{c559fe} at gestorAnimacion.wlk:12 exhausted all cases without a match\n    at c:\\Users\\santi\\.vscode\\extensions\\uqbar.wollok-lsp-ide-0.5.4\\out\\server\\src\\server.js:38:6142\n    at L2 (c:\\Users\\santi\\.vscode\\extensions\\uqbar.wollok-lsp-ide-0.5.4\\out\\server\\src\\server.js:2389:42)\n    at Jh (c:\\Users\\santi\\.vscode\\extensions\\uqbar.wollok-lsp-ide-0.5.4\\out\\server\\src\\server.js:2389:1092)\n    at M5n (c:\\Users\\santi\\.vscode\\extensions\\uqbar.wollok-lsp-ide-0.5.4\\out\\server\\src\\server.js:2389:1248)\n    at c:\\Users\\santi\\.vscode\\extensions\\uqbar.wollok-lsp-ide-0.5.4\\out\\server\\src\\server.js:38:6131\n    at L2 (c:\\Users\\santi\\.vscode\\extensions\\uqbar.wollok-lsp-ide-0.5.4\\out\\server\\src\\server.js:2389:42)\n    at c:\\Users\\santi\\.vscode\\extensions\\uqbar.wollok-lsp-ide-0.5.4\\out\\server\\src\\server.js:2389:2988\n    at c:\\Users\\santi\\.vscode\\extensions\\uqbar.wollok-lsp-ide-0.5.4\\out\\server\\src\\server.js:2398:8440\n    at c:\\Users\\santi\\.vscode\\extensions\\uqbar.wollok-lsp-ide-0.5.4\\out\\server\\src\\server.js:37:74872\n    at Ke (c:\\Users\\santi\\.vscode\\extensions\\uqbar.wollok-lsp-ide-0.5.4\\out\\server\\src\\server.js:7:8527)","timestamp":"2026-06-05T21:57:35.489Z"}
{"level":"info","message":"⌛ Validating gestorAnimacion.wlk","timeElapsed":103,"timestamp":"2026-06-05T21:57:35.596Z"}
{"level":"info","message":"⌛ Building environment","timeElapsed":171,"timestamp":"2026-06-05T21:57:36.188Z"}
{"level":"info","message":"⌛ Validating gestorAnimacion.wlk","timeElapsed":115,"timestamp":"2026-06-05T21:57:36.386Z"}
{"level":"info","message":"⌛ Validating gestorAnimacion.wlk","timeElapsed":102,"timestamp":"2026-06-05T21:57:36.488Z"}
{"level":"info","message":"⌛ Validating gestorAnimacion.wlk","timeElapsed":102,"timestamp":"2026-06-05T21:57:38.166Z"}
{"level":"info","message":"⌛ Validating gestorAnimacion.wlk","timeElapsed":112,"timestamp":"2026-06-05T21:57:38.363Z"}
{"level":"info","message":"⌛ Building environment","timeElapsed":101,"timestamp":"2026-06-05T21:57:38.464Z"}
{"level":"info","message":"⌛ Validating gestorAnimacion.wlk","timeElapsed":109,"timestamp":"2026-06-05T21:57:38.864Z"}
{"level":"info","message":"⌛ Building environment","timeElapsed":121,"timestamp":"2026-06-05T21:57:39.076Z"}
{"level":"info","message":"⌛ Validating gestorAnimacion.wlk","timeElapsed":137,"timestamp":"2026-06-05T21:57:39.385Z"}
{"level":"info","message":"⌛ Validating gestorAnimacion.wlk","timeElapsed":112,"timestamp":"2026-06-05T21:57:39.588Z"}
{"level":"info","message":"⌛ Validating gestorAnimacion.wlk","timeElapsed":102,"timestamp":"2026-06-05T21:57:40.078Z"}
{"level":"info","message":"⌛ Validating gestorAnimacion.wlk","timeElapsed":116,"timestamp":"2026-06-05T21:57:40.375Z"}
{"level":"info","message":"⌛ Validating gestorAnimacion.wlk","timeElapsed":103,"timestamp":"2026-06-05T21:57:40.630Z"}
{"level":"info","message":"⌛ Validating gestorAnimacion.wlk","timeElapsed":128,"timestamp":"2026-06-05T21:57:40.758Z"}
{"level":"info","message":"⌛ Building environment","timeElapsed":155,"timestamp":"2026-06-05T21:57:41.071Z"}
{"level":"error","message":"✘ Completions for node Variable ([12:9, 12:56] - gestorAnimacion.wlk) failed: Error: destinoFinal [Variable]{82a6e4} at gestorAnimacion.wlk:12 exhausted all cases without a match destinoFinal [Variable]{82a6e4} at gestorAnimacion.wlk:12 exhausted all cases without a match","stack":"Error: destinoFinal [Variable]{82a6e4} at gestorAnimacion.wlk:12 exhausted all cases without a match\n    at c:\\Users\\santi\\.vscode\\extensions\\uqbar.wollok-lsp-ide-0.5.4\\out\\server\\src\\server.js:38:6142\n    at L2 (c:\\Users\\santi\\.vscode\\extensions\\uqbar.wollok-lsp-ide-0.5.4\\out\\server\\src\\server.js:2389:42)\n    at Jh (c:\\Users\\santi\\.vscode\\extensions\\uqbar.wollok-lsp-ide-0.5.4\\out\\server\\src\\server.js:2389:1092)\n    at M5n (c:\\Users\\santi\\.vscode\\extensions\\uqbar.wollok-lsp-ide-0.5.4\\out\\server\\src\\server.js:2389:1248)\n    at c:\\Users\\santi\\.vscode\\extensions\\uqbar.wollok-lsp-ide-0.5.4\\out\\server\\src\\server.js:38:6131\n    at L2 (c:\\Users\\santi\\.vscode\\extensions\\uqbar.wollok-lsp-ide-0.5.4\\out\\server\\src\\server.js:2389:42)\n    at c:\\Users\\santi\\.vscode\\extensions\\uqbar.wollok-lsp-ide-0.5.4\\out\\server\\src\\server.js:2389:2988\n    at c:\\Users\\santi\\.vscode\\extensions\\uqbar.wollok-lsp-ide-0.5.4\\out\\server\\src\\server.js:2398:8440\n    at c:\\Users\\santi\\.vscode\\extensions\\uqbar.wollok-lsp-ide-0.5.4\\out\\server\\src\\server.js:37:74872\n    at Ke (c:\\Users\\santi\\.vscode\\extensions\\uqbar.wollok-lsp-ide-0.5.4\\out\\server\\src\\server.js:7:8527)","timestamp":"2026-06-05T21:57:41.095Z"}
{"level":"info","message":"⌛ Validating gestorAnimacion.wlk","timeElapsed":104,"timestamp":"2026-06-05T21:57:42.913Z"}
{"level":"info","message":"⌛ Building environment","timeElapsed":127,"timestamp":"2026-06-05T21:58:15.888Z"}
{"level":"info","message":"⌛ Validating gestorAnimacion.wlk","timeElapsed":146,"timestamp":"2026-06-05T21:58:16.038Z"}
{"level":"info","message":"⌛ Validating gestorAnimacion.wlk","timeElapsed":130,"timestamp":"2026-06-05T21:58:16.377Z"}
{"level":"info","message":"⌛ Validating gestorAnimacion.wlk","timeElapsed":106,"timestamp":"2026-06-05T21:58:16.589Z"}
{"level":"info","message":"⌛ Building environment","timeElapsed":115,"timestamp":"2026-06-05T21:58:16.706Z"}
{"level":"info","message":"⌛ Validating gestorAnimacion.wlk","timeElapsed":110,"timestamp":"2026-06-05T21:58:16.823Z"}
{"level":"info","message":"⌛ Validating gestorAnimacion.wlk","timeElapsed":104,"timestamp":"2026-06-05T21:58:17.009Z"}
{"level":"info","message":"⌛ Building environment","timeElapsed":118,"timestamp":"2026-06-05T21:58:17.128Z"}
{"level":"info","message":"⌛ Validating gestorAnimacion.wlk","timeElapsed":108,"timestamp":"2026-06-05T21:58:17.243Z"}
{"level":"info","message":"⌛ Validating gestorAnimacion.wlk","timeElapsed":101,"timestamp":"2026-06-05T21:58:17.497Z"}
{"level":"info","message":"⌛ Validating gestorAnimacion.wlk","timeElapsed":104,"timestamp":"2026-06-05T21:58:30.165Z"}
{"exitCode":"SIGHUP","level":"info","message":"👾 Game executed juego.rpg on c:\\Users\\santi\\OneDrive\\Desktop\\Proyectos Uni\\Programacion de obejtos I\\Game\\pruebaJuego","timeElapsed":394695,"timestamp":"2026-06-05T21:58:47.079Z"}
{"level":"info","message":"🚀 Program executed \u001b[3m\u001b[34mjuego.rpg\u001b[39m\u001b[23m on \u001b[3m\u001b[34mc:\\Users\\santi\\OneDrive\\Desktop\\Proyectos Uni\\Programacion de obejtos I\\Game\\pruebaJuego\u001b[39m\u001b[23m","ok":true,"timeElapsed":825,"timestamp":"2026-06-05T21:58:49.127Z"}
{"level":"info","message":"⌛ Building environment","timeElapsed":120,"timestamp":"2026-06-05T22:04:43.416Z"}
{"level":"info","message":"⌛ Validating enemigos.wlk","timeElapsed":139,"timestamp":"2026-06-05T22:04:43.557Z"}
{"level":"info","message":"⌛ Building environment","timeElapsed":105,"timestamp":"2026-06-05T22:04:43.662Z"}
{"level":"info","message":"⌛ Validating enemigos.wlk","timeElapsed":135,"timestamp":"2026-06-05T22:04:43.800Z"}
{"level":"info","message":"⌛ Building environment","timeElapsed":105,"timestamp":"2026-06-05T22:04:43.906Z"}
{"level":"info","message":"⌛ Validating enemigos.wlk","timeElapsed":103,"timestamp":"2026-06-05T22:04:45.531Z"}
{"level":"info","message":"⌛ Building environment","timeElapsed":109,"timestamp":"2026-06-05T22:04:45.770Z"}
{"level":"info","message":"⌛ Building environment","timeElapsed":105,"timestamp":"2026-06-05T22:04:46.000Z"}
{"level":"info","message":"⌛ Validating enemigos.wlk","timeElapsed":113,"timestamp":"2026-06-05T22:04:46.117Z"}
{"exitCode":"SIGHUP","level":"info","message":"👾 Game executed juego.rpg on c:\\Users\\santi\\OneDrive\\Desktop\\Proyectos Uni\\Programacion de obejtos I\\Game\\pruebaJuego","timeElapsed":368385,"timestamp":"2026-06-05T22:04:56.687Z"}
{"level":"info","message":"🚀 Program executed \u001b[3m\u001b[34mjuego.rpg\u001b[39m\u001b[23m on \u001b[3m\u001b[34mc:\\Users\\santi\\OneDrive\\Desktop\\Proyectos Uni\\Programacion de obejtos I\\Game\\pruebaJuego\u001b[39m\u001b[23m","ok":true,"timeElapsed":763,"timestamp":"2026-06-05T22:04:58.863Z"}
{"level":"info","message":"⌛ Building environment","timeElapsed":123,"timestamp":"2026-06-05T22:05:49.206Z"}
{"level":"info","message":"⌛ Validating enemigos.wlk","timeElapsed":106,"timestamp":"2026-06-05T22:05:49.314Z"}
{"level":"info","message":"⌛ Building environment","timeElapsed":110,"timestamp":"2026-06-05T22:05:49.696Z"}
{"level":"info","message":"⌛ Building environment","timeElapsed":146,"timestamp":"2026-06-05T22:05:49.844Z"}
{"level":"info","message":"⌛ Building environment","timeElapsed":123,"timestamp":"2026-06-05T22:05:50.066Z"}
{"level":"info","message":"⌛ Validating enemigos.wlk","timeElapsed":112,"timestamp":"2026-06-05T22:05:50.178Z"}
{"level":"info","message":"⌛ Validating enemigos.wlk","timeElapsed":114,"timestamp":"2026-06-05T22:05:50.375Z"}
{"level":"info","message":"⌛ Validating enemigos.wlk","timeElapsed":114,"timestamp":"2026-06-05T22:05:50.572Z"}
{"level":"info","message":"⌛ Validating enemigos.wlk","timeElapsed":108,"timestamp":"2026-06-05T22:05:50.776Z"}
{"level":"info","message":"⌛ Validating enemigos.wlk","timeElapsed":104,"timestamp":"2026-06-05T22:05:51.535Z"}
{"level":"info","message":"⌛ Validating enemigos.wlk","timeElapsed":102,"timestamp":"2026-06-05T22:05:51.647Z"}
{"level":"info","message":"⌛ Building environment","timeElapsed":210,"timestamp":"2026-06-05T22:05:55.503Z"}
{"level":"info","message":"⌛ Validating enemigos.wlk","timeElapsed":103,"timestamp":"2026-06-05T22:05:56.706Z"}
{"level":"info","message":"⌛ Building environment","timeElapsed":102,"timestamp":"2026-06-05T22:06:22.503Z"}
{"level":"info","message":"⌛ Validating enemigos.wlk","timeElapsed":127,"timestamp":"2026-06-05T22:06:22.633Z"}
{"level":"info","message":"⌛ Building environment","timeElapsed":102,"timestamp":"2026-06-05T22:06:22.768Z"}
{"level":"info","message":"⌛ Validating enemigos.wlk","timeElapsed":105,"timestamp":"2026-06-05T22:06:22.880Z"}
{"level":"info","message":"⌛ Building environment","timeElapsed":105,"timestamp":"2026-06-05T22:06:23.023Z"}
{"level":"info","message":"⌛ Validating enemigos.wlk","timeElapsed":117,"timestamp":"2026-06-05T22:06:23.143Z"}
{"level":"error","message":"✘ Failed to rebuild document Failed to parse enemigos.wlk: \n-- PARSING FAILED --------------------------------------------------\n\nGot the end of the input\n\nExpected one of the following: \n\n'!=', '!==', '%', '&&', '*', '**', '+', '-', '->', '.', '..', '..<', '/', ';', '<', '<<', '<<<', '<=', '<=>', '<>', '==', '===', '>', '>..', '>=', '>>', '>>>', '?:', '@', 'and', 'const', 'method', 'or', 'override', 'var', '{', '||', '}', any character/byte, comment, whitespace\n","stack":"Error: Failed to parse enemigos.wlk: \n-- PARSING FAILED --------------------------------------------------\n\nGot the end of the input\n\nExpected one of the following: \n\n'!=', '!==', '%', '&&', '*', '**', '+', '-', '->', '.', '..', '..<', '/', ';', '<', '<<', '<<<', '<=', '<=>', '<>', '==', '===', '>', '>..', '>=', '>>', '>>>', '?:', '@', 'and', 'const', 'method', 'or', 'override', 'var', '{', '||', '}', any character/byte, comment, whitespace\n\n    at c:\\Users\\santi\\.vscode\\extensions\\uqbar.wollok-lsp-ide-0.5.4\\out\\server\\src\\server.js:2353:13026\n    at Array.map (<anonymous>)\n    at U1n (c:\\Users\\santi\\.vscode\\extensions\\uqbar.wollok-lsp-ide-0.5.4\\out\\server\\src\\server.js:2353:12950)\n    at H2.buildEnvironmentFrom (c:\\Users\\santi\\.vscode\\extensions\\uqbar.wollok-lsp-ide-0.5.4\\out\\server\\src\\server.js:2398:5254)\n    at H2.updateEnvironmentWith (c:\\Users\\santi\\.vscode\\extensions\\uqbar.wollok-lsp-ide-0.5.4\\out\\server\\src\\server.js:2398:4989)\n    at GF (c:\\Users\\santi\\.vscode\\extensions\\uqbar.wollok-lsp-ide-0.5.4\\out\\server\\src\\server.js:2398:7383)\n    at V3.invoke (c:\\Users\\santi\\.vscode\\extensions\\uqbar.wollok-lsp-ide-0.5.4\\out\\server\\src\\server.js:3:157328)\n    at o.fire (c:\\Users\\santi\\.vscode\\extensions\\uqbar.wollok-lsp-ide-0.5.4\\out\\server\\src\\server.js:3:158098)\n    at c:\\Users\\santi\\.vscode\\extensions\\uqbar.wollok-lsp-ide-0.5.4\\out\\server\\src\\server.js:37:57871\n    at nd (c:\\Users\\santi\\.vscode\\extensions\\uqbar.wollok-lsp-ide-0.5.4\\out\\server\\src\\server.js:8:1561)","timestamp":"2026-06-05T22:06:24.888Z"}
{"level":"error","message":"✘ Failed to rebuild document Failed to parse enemigos.wlk: \n-- PARSING FAILED --------------------------------------------------\n\nGot the end of the input\n\nExpected one of the following: \n\n'!=', '!==', '%', '&&', '*', '**', '+', '-', '->', '.', '..', '..<', '/', ';', '<', '<<', '<<<', '<=', '<=>', '<>', '==', '===', '>', '>..', '>=', '>>', '>>>', '?:', '@', 'and', 'const', 'method', 'or', 'override', 'var', '{', '||', '}', any character/byte, comment, whitespace\n","stack":"Error: Failed to parse enemigos.wlk: \n-- PARSING FAILED --------------------------------------------------\n\nGot the end of the input\n\nExpected one of the following: \n\n'!=', '!==', '%', '&&', '*', '**', '+', '-', '->', '.', '..', '..<', '/', ';', '<', '<<', '<<<', '<=', '<=>', '<>', '==', '===', '>', '>..', '>=', '>>', '>>>', '?:', '@', 'and', 'const', 'method', 'or', 'override', 'var', '{', '||', '}', any character/byte, comment, whitespace\n\n    at c:\\Users\\santi\\.vscode\\extensions\\uqbar.wollok-lsp-ide-0.5.4\\out\\server\\src\\server.js:2353:13026\n    at Array.map (<anonymous>)\n    at U1n (c:\\Users\\santi\\.vscode\\extensions\\uqbar.wollok-lsp-ide-0.5.4\\out\\server\\src\\server.js:2353:12950)\n    at H2.buildEnvironmentFrom (c:\\Users\\santi\\.vscode\\extensions\\uqbar.wollok-lsp-ide-0.5.4\\out\\server\\src\\server.js:2398:5254)\n    at H2.updateEnvironmentWith (c:\\Users\\santi\\.vscode\\extensions\\uqbar.wollok-lsp-ide-0.5.4\\out\\server\\src\\server.js:2398:4989)\n    at GF (c:\\Users\\santi\\.vscode\\extensions\\uqbar.wollok-lsp-ide-0.5.4\\out\\server\\src\\server.js:2398:7383)\n    at V3.invoke (c:\\Users\\santi\\.vscode\\extensions\\uqbar.wollok-lsp-ide-0.5.4\\out\\server\\src\\server.js:3:157328)\n    at o.fire (c:\\Users\\santi\\.vscode\\extensions\\uqbar.wollok-lsp-ide-0.5.4\\out\\server\\src\\server.js:3:158098)\n    at c:\\Users\\santi\\.vscode\\extensions\\uqbar.wollok-lsp-ide-0.5.4\\out\\server\\src\\server.js:37:57871\n    at nd (c:\\Users\\santi\\.vscode\\extensions\\uqbar.wollok-lsp-ide-0.5.4\\out\\server\\src\\server.js:8:1561)","timestamp":"2026-06-05T22:06:25.208Z"}
{"errors":{"errors":[null,["/*const palanca = new Palanca(position = game.at(3,3), listaObjetos = [0, 1])\r","game.addVisual(palanca)\r"]]},"level":"error","message":"✘ Failed to get type description: Error: {\n  \"errors\": [\n    null,\n    [\n      \"/*const palanca = new Palanca(position = game.at(3,3), listaObjetos = [0, 1])\\r\",\n      \"game.addVisual(palanca)\\r\"\n    ]\n  ]\n} {\n  \"errors\": [\n    null,\n    [\n      \"/*const palanca = new Palanca(position = game.at(3,3), listaObjetos = [0, 1])\\r\",\n      \"game.addVisual(palanca)\\r\"\n    ]\n  ]\n}","stack":"Error: {\n  \"errors\": [\n    null,\n    [\n      \"/*const palanca = new Palanca(position = game.at(3,3), listaObjetos = [0, 1])\\r\",\n      \"game.addVisual(palanca)\\r\"\n    ]\n  ]\n}\n    at lS (c:\\Users\\santi\\.vscode\\extensions\\uqbar.wollok-lsp-ide-0.5.4\\out\\server\\src\\server.js:64:34609)\n    at Q1 (c:\\Users\\santi\\.vscode\\extensions\\uqbar.wollok-lsp-ide-0.5.4\\out\\server\\src\\server.js:64:34682)\n    at c:\\Users\\santi\\.vscode\\extensions\\uqbar.wollok-lsp-ide-0.5.4\\out\\server\\src\\server.js:64:37949\n    at o.y1 (c:\\Users\\santi\\.vscode\\extensions\\uqbar.wollok-lsp-ide-0.5.4\\out\\server\\src\\server.js:57:59114)\n    at c:\\Users\\santi\\.vscode\\extensions\\uqbar.wollok-lsp-ide-0.5.4\\out\\server\\src\\server.js:64:37918\n    at c:\\Users\\santi\\.vscode\\extensions\\uqbar.wollok-lsp-ide-0.5.4\\out\\server\\src\\server.js:57:57154\n    at Cfn (c:\\Users\\santi\\.vscode\\extensions\\uqbar.wollok-lsp-ide-0.5.4\\out\\server\\src\\server.js:68:11324)\n    at c:\\Users\\santi\\.vscode\\extensions\\uqbar.wollok-lsp-ide-0.5.4\\out\\server\\src\\server.js:68:3629\n    at d4 (c:\\Users\\santi\\.vscode\\extensions\\uqbar.wollok-lsp-ide-0.5.4\\out\\server\\src\\server.js:68:9866)\n    at c:\\Users\\santi\\.vscode\\extensions\\uqbar.wollok-lsp-ide-0.5.4\\out\\server\\src\\server.js:68:9628","timestamp":"2026-06-05T22:06:36.561Z"}
{"exitCode":"SIGHUP","level":"info","message":"👾 Game executed juego.rpg on c:\\Users\\santi\\OneDrive\\Desktop\\Proyectos Uni\\Programacion de obejtos I\\Game\\pruebaJuego","timeElapsed":100072,"timestamp":"2026-06-05T22:06:38.171Z"}
{"level":"info","message":"🚀 Program executed \u001b[3m\u001b[34mjuego.rpg\u001b[39m\u001b[23m on \u001b[3m\u001b[34mc:\\Users\\santi\\OneDrive\\Desktop\\Proyectos Uni\\Programacion de obejtos I\\Game\\pruebaJuego\u001b[39m\u001b[23m","ok":true,"timeElapsed":733,"timestamp":"2026-06-05T22:06:40.014Z"}
{"level":"info","message":"⌛ Building environment","timeElapsed":103,"timestamp":"2026-06-05T22:07:29.321Z"}
{"level":"info","message":"⌛ Validating niveles.wlk","timeElapsed":111,"timestamp":"2026-06-05T22:07:29.435Z"}
{"level":"info","message":"⌛ Building environment","timeElapsed":120,"timestamp":"2026-06-05T22:07:29.556Z"}
{"level":"info","message":"⌛ Validating niveles.wlk","timeElapsed":113,"timestamp":"2026-06-05T22:07:29.709Z"}
{"level":"info","message":"⌛ Building environment","timeElapsed":104,"timestamp":"2026-06-05T22:07:32.173Z"}
{"level":"info","message":"⌛ Validating niveles.wlk","timeElapsed":111,"timestamp":"2026-06-05T22:07:32.287Z"}
{"level":"info","message":"⌛ Building environment","timeElapsed":110,"timestamp":"2026-06-05T22:07:32.399Z"}
{"level":"info","message":"⌛ Validating niveles.wlk","timeElapsed":110,"timestamp":"2026-06-05T22:07:32.563Z"}
{"level":"info","message":"⌛ Validating niveles.wlk","timeElapsed":110,"timestamp":"2026-06-05T22:07:35.068Z"}
{"level":"info","message":"⌛ Validating niveles.wlk","timeElapsed":101,"timestamp":"2026-06-05T22:07:37.317Z"}
{"level":"info","message":"⌛ Validating niveles.wlk","timeElapsed":104,"timestamp":"2026-06-05T22:07:37.519Z"}
{"level":"info","message":"⌛ Building environment","timeElapsed":125,"timestamp":"2026-06-05T22:07:39.618Z"}
{"level":"info","message":"⌛ Building environment","timeElapsed":103,"timestamp":"2026-06-05T22:07:39.823Z"}
{"level":"info","message":"⌛ Validating niveles.wlk","timeElapsed":105,"timestamp":"2026-06-05T22:07:39.958Z"}
{"exitCode":"SIGHUP","level":"info","message":"👾 Game executed juego.rpg on c:\\Users\\santi\\OneDrive\\Desktop\\Proyectos Uni\\Programacion de obejtos I\\Game\\pruebaJuego","timeElapsed":63744,"timestamp":"2026-06-05T22:07:43.025Z"}
{"level":"info","message":"🚀 Program executed \u001b[3m\u001b[34mjuego.rpg\u001b[39m\u001b[23m on \u001b[3m\u001b[34mc:\\Users\\santi\\OneDrive\\Desktop\\Proyectos Uni\\Programacion de obejtos I\\Game\\pruebaJuego\u001b[39m\u001b[23m","ok":true,"timeElapsed":710,"timestamp":"2026-06-05T22:07:44.808Z"}
{"level":"info","message":"⌛ Building environment","timeElapsed":152,"timestamp":"2026-06-05T22:13:46.148Z"}
{"level":"info","message":"⌛ Validating enemigos.wlk","timeElapsed":145,"timestamp":"2026-06-05T22:13:46.297Z"}
{"level":"info","message":"⌛ Building environment","timeElapsed":110,"timestamp":"2026-06-05T22:13:46.408Z"}
{"level":"info","message":"⌛ Validating enemigos.wlk","timeElapsed":179,"timestamp":"2026-06-05T22:13:46.591Z"}
{"level":"info","message":"⌛ Building environment","timeElapsed":114,"timestamp":"2026-06-05T22:14:17.297Z"}
{"level":"info","message":"⌛ Validating enemigos.wlk","timeElapsed":104,"timestamp":"2026-06-05T22:14:17.432Z"}
{"level":"info","message":"⌛ Building environment","timeElapsed":129,"timestamp":"2026-06-05T22:14:17.663Z"}
{"level":"info","message":"⌛ Validating enemigos.wlk","timeElapsed":132,"timestamp":"2026-06-05T22:14:17.847Z"}
{"level":"info","message":"⌛ Building environment","timeElapsed":101,"timestamp":"2026-06-05T22:14:21.985Z"}
{"level":"info","message":"⌛ Validating enemigos.wlk","timeElapsed":133,"timestamp":"2026-06-05T22:14:24.871Z"}
{"level":"info","message":"⌛ Building environment","timeElapsed":106,"timestamp":"2026-06-05T22:14:25.019Z"}
{"level":"info","message":"⌛ Building environment","timeElapsed":111,"timestamp":"2026-06-05T22:14:25.508Z"}
{"level":"info","message":"⌛ Validating enemigos.wlk","timeElapsed":117,"timestamp":"2026-06-05T22:14:25.638Z"}
{"level":"info","message":"⌛ Validating enemigos.wlk","timeElapsed":102,"timestamp":"2026-06-05T22:14:25.937Z"}
{"level":"info","message":"⌛ Building environment","timeElapsed":105,"timestamp":"2026-06-05T22:14:29.144Z"}
{"level":"info","message":"⌛ Validating enemigos.wlk","timeElapsed":102,"timestamp":"2026-06-05T22:14:29.248Z"}
{"level":"info","message":"⌛ Validating enemigos.wlk","timeElapsed":113,"timestamp":"2026-06-05T22:14:41.651Z"}
{"level":"info","message":"⌛ Building environment","timeElapsed":105,"timestamp":"2026-06-05T22:14:45.382Z"}
{"level":"info","message":"⌛ Validating enemigos.wlk","timeElapsed":119,"timestamp":"2026-06-05T22:14:45.503Z"}
{"level":"info","message":"⌛ Validating enemigos.wlk","timeElapsed":102,"timestamp":"2026-06-05T22:15:35.266Z"}
{"level":"info","message":"⌛ Building environment","timeElapsed":103,"timestamp":"2026-06-05T22:15:35.508Z"}
{"level":"info","message":"⌛ Validating enemigos.wlk","timeElapsed":117,"timestamp":"2026-06-05T22:15:35.630Z"}
{"errors":{"errors":[null,["/* TRUCO DE RENDIMIENTO:\r","El sapo 0 se mueve a los 0 ms.\r","El sapo 1 se mueve a los 50 ms.\r","El sapo 2 se mueve a los 100 ms...\r","Al escalonarlos, los Ticks de animación nunca arrancan juntos.\r"]]},"level":"error","message":"✘ Failed to get type description: Error: {\n  \"errors\": [\n    null,\n    [\n      \"/* TRUCO DE RENDIMIENTO:\\r\",\n      \"El sapo 0 se mueve a los 0 ms.\\r\",\n      \"El sapo 1 se mueve a los 50 ms.\\r\",\n      \"El sapo 2 se mueve a los 100 ms...\\r\",\n      \"Al escalonarlos, los Ticks de animación nunca arrancan juntos.\\r\"\n    ]\n  ]\n} {\n  \"errors\": [\n    null,\n    [\n      \"/* TRUCO DE RENDIMIENTO:\\r\",\n      \"El sapo 0 se mueve a los 0 ms.\\r\",\n      \"El sapo 1 se mueve a los 50 ms.\\r\",\n      \"El sapo 2 se mueve a los 100 ms...\\r\",\n      \"Al escalonarlos, los Ticks de animación nunca arrancan juntos.\\r\"\n    ]\n  ]\n}","stack":"Error: {\n  \"errors\": [\n    null,\n    [\n      \"/* TRUCO DE RENDIMIENTO:\\r\",\n      \"El sapo 0 se mueve a los 0 ms.\\r\",\n      \"El sapo 1 se mueve a los 50 ms.\\r\",\n      \"El sapo 2 se mueve a los 100 ms...\\r\",\n      \"Al escalonarlos, los Ticks de animación nunca arrancan juntos.\\r\"\n    ]\n  ]\n}\n    at lS (c:\\Users\\santi\\.vscode\\extensions\\uqbar.wollok-lsp-ide-0.5.4\\out\\server\\src\\server.js:64:34609)\n    at Q1 (c:\\Users\\santi\\.vscode\\extensions\\uqbar.wollok-lsp-ide-0.5.4\\out\\server\\src\\server.js:64:34682)\n    at c:\\Users\\santi\\.vscode\\extensions\\uqbar.wollok-lsp-ide-0.5.4\\out\\server\\src\\server.js:64:37949\n    at o.y1 (c:\\Users\\santi\\.vscode\\extensions\\uqbar.wollok-lsp-ide-0.5.4\\out\\server\\src\\server.js:57:59114)\n    at c:\\Users\\santi\\.vscode\\extensions\\uqbar.wollok-lsp-ide-0.5.4\\out\\server\\src\\server.js:64:37918\n    at c:\\Users\\santi\\.vscode\\extensions\\uqbar.wollok-lsp-ide-0.5.4\\out\\server\\src\\server.js:57:57154\n    at Cfn (c:\\Users\\santi\\.vscode\\extensions\\uqbar.wollok-lsp-ide-0.5.4\\out\\server\\src\\server.js:68:11324)\n    at c:\\Users\\santi\\.vscode\\extensions\\uqbar.wollok-lsp-ide-0.5.4\\out\\server\\src\\server.js:68:3629\n    at d4 (c:\\Users\\santi\\.vscode\\extensions\\uqbar.wollok-lsp-ide-0.5.4\\out\\server\\src\\server.js:68:9866)\n    at c:\\Users\\santi\\.vscode\\extensions\\uqbar.wollok-lsp-ide-0.5.4\\out\\server\\src\\server.js:68:9628","timestamp":"2026-06-05T22:15:36.596Z"}
{"level":"info","message":"⌛ Validating enemigos.wlk","timeElapsed":107,"timestamp":"2026-06-05T22:15:38.198Z"}
{"level":"info","message":"⌛ Building environment","timeElapsed":101,"timestamp":"2026-06-05T22:15:38.429Z"}
{"level":"info","message":"⌛ Validating enemigos.wlk","timeElapsed":107,"timestamp":"2026-06-05T22:15:38.541Z"}
{"level":"info","message":"⌛ Building environment","timeElapsed":129,"timestamp":"2026-06-05T22:15:38.929Z"}
{"level":"info","message":"⌛ Validating enemigos.wlk","timeElapsed":130,"timestamp":"2026-06-05T22:15:39.061Z"}
{"level":"info","message":"⌛ Validating enemigos.wlk","timeElapsed":102,"timestamp":"2026-06-05T22:15:39.264Z"}
{"level":"info","message":"⌛ Validating enemigos.wlk","timeElapsed":127,"timestamp":"2026-06-05T22:15:39.546Z"}
{"level":"info","message":"⌛ Building environment","timeElapsed":126,"timestamp":"2026-06-05T22:15:44.357Z"}
{"level":"info","message":"⌛ Validating enemigos.wlk","timeElapsed":107,"timestamp":"2026-06-05T22:15:44.466Z"}
{"level":"info","message":"⌛ Building environment","timeElapsed":113,"timestamp":"2026-06-05T22:15:46.619Z"}
{"level":"info","message":"⌛ Validating enemigos.wlk","timeElapsed":124,"timestamp":"2026-06-05T22:15:46.745Z"}
{"exitCode":"SIGHUP","level":"info","message":"👾 Game executed juego.rpg on c:\\Users\\santi\\OneDrive\\Desktop\\Proyectos Uni\\Programacion de obejtos I\\Game\\pruebaJuego","timeElapsed":493738,"timestamp":"2026-06-05T22:15:57.835Z"}
{"errors":{"errors":[null,["/*const palanca = new Palanca(position = game.at(3,3), listaObjetos = [0, 1])\r","game.addVisual(palanca)\r"]]},"level":"error","message":"✘ Failed to get type description: Error: {\n  \"errors\": [\n    null,\n    [\n      \"/*const palanca = new Palanca(position = game.at(3,3), listaObjetos = [0, 1])\\r\",\n      \"game.addVisual(palanca)\\r\"\n    ]\n  ]\n} {\n  \"errors\": [\n    null,\n    [\n      \"/*const palanca = new Palanca(position = game.at(3,3), listaObjetos = [0, 1])\\r\",\n      \"game.addVisual(palanca)\\r\"\n    ]\n  ]\n}","stack":"Error: {\n  \"errors\": [\n    null,\n    [\n      \"/*const palanca = new Palanca(position = game.at(3,3), listaObjetos = [0, 1])\\r\",\n      \"game.addVisual(palanca)\\r\"\n    ]\n  ]\n}\n    at lS (c:\\Users\\santi\\.vscode\\extensions\\uqbar.wollok-lsp-ide-0.5.4\\out\\server\\src\\server.js:64:34609)\n    at Q1 (c:\\Users\\santi\\.vscode\\extensions\\uqbar.wollok-lsp-ide-0.5.4\\out\\server\\src\\server.js:64:34682)\n    at c:\\Users\\santi\\.vscode\\extensions\\uqbar.wollok-lsp-ide-0.5.4\\out\\server\\src\\server.js:64:37949\n    at o.y1 (c:\\Users\\santi\\.vscode\\extensions\\uqbar.wollok-lsp-ide-0.5.4\\out\\server\\src\\server.js:57:59114)\n    at c:\\Users\\santi\\.vscode\\extensions\\uqbar.wollok-lsp-ide-0.5.4\\out\\server\\src\\server.js:64:37918\n    at c:\\Users\\santi\\.vscode\\extensions\\uqbar.wollok-lsp-ide-0.5.4\\out\\server\\src\\server.js:57:57154\n    at Cfn (c:\\Users\\santi\\.vscode\\extensions\\uqbar.wollok-lsp-ide-0.5.4\\out\\server\\src\\server.js:68:11324)\n    at c:\\Users\\santi\\.vscode\\extensions\\uqbar.wollok-lsp-ide-0.5.4\\out\\server\\src\\server.js:68:3629\n    at d4 (c:\\Users\\santi\\.vscode\\extensions\\uqbar.wollok-lsp-ide-0.5.4\\out\\server\\src\\server.js:68:9866)\n    at c:\\Users\\santi\\.vscode\\extensions\\uqbar.wollok-lsp-ide-0.5.4\\out\\server\\src\\server.js:68:9628","timestamp":"2026-06-05T22:15:58.692Z"}
{"level":"info","message":"🚀 Program executed \u001b[3m\u001b[34mjuego.rpg\u001b[39m\u001b[23m on \u001b[3m\u001b[34mc:\\Users\\santi\\OneDrive\\Desktop\\Proyectos Uni\\Programacion de obejtos I\\Game\\pruebaJuego\u001b[39m\u001b[23m","ok":true,"timeElapsed":807,"timestamp":"2026-06-05T22:15:59.780Z"}
{"level":"info","message":"⌛ Building environment","timeElapsed":123,"timestamp":"2026-06-05T22:16:00.668Z"}
{"level":"info","message":"⌛ Building environment","timeElapsed":106,"timestamp":"2026-06-05T22:17:00.179Z"}
{"level":"info","message":"⌛ Validating enemigos.wlk","timeElapsed":108,"timestamp":"2026-06-05T22:17:00.307Z"}
{"errors":{"errors":[null,["/*const palanca = new Palanca(position = game.at(3,3), listaObjetos = [0, 1])\r","game.addVisual(palanca)\r"]]},"level":"error","message":"✘ Failed to get type description: Error: {\n  \"errors\": [\n    null,\n    [\n      \"/*const palanca = new Palanca(position = game.at(3,3), listaObjetos = [0, 1])\\r\",\n      \"game.addVisual(palanca)\\r\"\n    ]\n  ]\n} {\n  \"errors\": [\n    null,\n    [\n      \"/*const palanca = new Palanca(position = game.at(3,3), listaObjetos = [0, 1])\\r\",\n      \"game.addVisual(palanca)\\r\"\n    ]\n  ]\n}","stack":"Error: {\n  \"errors\": [\n    null,\n    [\n      \"/*const palanca = new Palanca(position = game.at(3,3), listaObjetos = [0, 1])\\r\",\n      \"game.addVisual(palanca)\\r\"\n    ]\n  ]\n}\n    at lS (c:\\Users\\santi\\.vscode\\extensions\\uqbar.wollok-lsp-ide-0.5.4\\out\\server\\src\\server.js:64:34609)\n    at Q1 (c:\\Users\\santi\\.vscode\\extensions\\uqbar.wollok-lsp-ide-0.5.4\\out\\server\\src\\server.js:64:34682)\n    at c:\\Users\\santi\\.vscode\\extensions\\uqbar.wollok-lsp-ide-0.5.4\\out\\server\\src\\server.js:64:37949\n    at o.y1 (c:\\Users\\santi\\.vscode\\extensions\\uqbar.wollok-lsp-ide-0.5.4\\out\\server\\src\\server.js:57:59114)\n    at c:\\Users\\santi\\.vscode\\extensions\\uqbar.wollok-lsp-ide-0.5.4\\out\\server\\src\\server.js:64:37918\n    at c:\\Users\\santi\\.vscode\\extensions\\uqbar.wollok-lsp-ide-0.5.4\\out\\server\\src\\server.js:57:57154\n    at Cfn (c:\\Users\\santi\\.vscode\\extensions\\uqbar.wollok-lsp-ide-0.5.4\\out\\server\\src\\server.js:68:11324)\n    at c:\\Users\\santi\\.vscode\\extensions\\uqbar.wollok-lsp-ide-0.5.4\\out\\server\\src\\server.js:68:3629\n    at d4 (c:\\Users\\santi\\.vscode\\extensions\\uqbar.wollok-lsp-ide-0.5.4\\out\\server\\src\\server.js:68:9866)\n    at c:\\Users\\santi\\.vscode\\extensions\\uqbar.wollok-lsp-ide-0.5.4\\out\\server\\src\\server.js:68:9628","timestamp":"2026-06-05T22:17:05.740Z"}
{"exitCode":"SIGHUP","level":"info","message":"👾 Game executed juego.rpg on c:\\Users\\santi\\OneDrive\\Desktop\\Proyectos Uni\\Programacion de obejtos I\\Game\\pruebaJuego","timeElapsed":67251,"timestamp":"2026-06-05T22:17:06.223Z"}
